clip,frame,t_ms,W_px,Hmouth_px,openH_px,teeth_px,tongue_px,cornerLift_px,roll_deg,eyeDist_px,frameDiff,restW_px,w,h,o,lift,MouthOpen,MouthForm,shape
talk,0,0.0,33.75,13.5,0.0,0.0,0.0,1.92,-0.1,47.34,0.0,34.56,0.976,0.391,0.0,0.056,0,0,rest
talk,1,41.7,34.0,13.5,0.0,0.0,0.0,1.95,0.3,47.39,0.74,34.56,0.984,0.391,0.0,0.056,0,0,rest
talk,2,83.3,34.25,13.5,0.0,0.0,0.0,1.92,1.1,47.77,1.0,34.56,0.991,0.391,0.0,0.056,0,0,rest
talk,3,125.0,32.25,21.5,6.75,86.4,0.1,1.73,0.8,48.48,31.34,34.56,0.933,0.622,0.195,0.05,0.5,0,AA_half
talk,4,166.7,32.25,21.5,7.0,87.2,0.1,1.73,0.8,48.48,1.02,34.56,0.933,0.622,0.203,0.05,0.5,0,AA_half
talk,5,208.3,32.25,21.25,7.0,86.8,0.1,1.72,1.3,47.77,2.02,34.56,0.933,0.615,0.203,0.05,0.5,0,AA_half
talk,6,250.0,27.5,27.75,14.75,15.2,53.5,1.23,-0.4,48.67,37.15,34.56,0.796,0.803,0.427,0.036,1,-1,OH
talk,7,291.7,27.5,27.75,14.75,15.1,54.4,1.23,-0.6,49.6,1.12,34.56,0.796,0.803,0.427,0.036,1,-1,OH
talk,8,333.3,27.5,27.75,14.75,15.8,54.4,1.23,0.2,49.9,1.05,34.56,0.796,0.803,0.427,0.036,1,-1,OH
talk,9,375.0,35.25,17.75,3.25,20.2,0.0,1.94,-0.7,48.98,30.73,34.56,1.02,0.514,0.094,0.056,0.5,0,AA_half
talk,10,416.7,35.25,17.5,3.5,17.6,1.2,3.08,-0.8,48.95,4.58,34.56,1.02,0.506,0.101,0.089,0.5,0,AA_half
talk,11,458.3,35.25,17.5,3.0,18.3,0.0,2.12,-0.9,49.19,2.14,34.56,1.02,0.506,0.087,0.061,0,0,rest
talk,12,500.0,32.5,14.5,0.0,0.0,0.0,1.09,0.1,51.49,18.81,34.56,0.94,0.42,0.0,0.032,0,0,rest
talk,13,541.7,32.75,14.5,0.0,0.0,0.0,1.12,-0.5,49.4,1.84,34.56,0.948,0.42,0.0,0.032,0,0,rest
talk,14,583.3,32.75,15.0,0.0,0.0,0.0,1.12,-0.5,49.4,1.27,34.56,0.948,0.434,0.0,0.032,0,0,rest
talk,15,625.0,30.0,27.0,14.25,11.3,63.4,0.59,-0.7,49.07,31.09,34.56,0.868,0.781,0.412,0.017,1,-1,OH
talk,16,666.7,30.25,26.75,12.75,11.7,63.2,1.47,-1.3,48.98,1.76,34.56,0.875,0.774,0.369,0.043,1,0,AA
talk,17,708.3,30.5,26.5,14.25,10.9,61.5,0.77,-0.3,48.38,2.67,34.56,0.882,0.767,0.412,0.022,1,0,AA
talk,18,750.0,34.75,13.75,0.0,0.0,0.0,1.33,1.3,47.12,34.55,34.56,1.005,0.398,0.0,0.038,0,0,rest
talk,19,791.7,34.25,13.75,0.0,0.0,0.0,0.8,1.3,47.12,1.35,34.56,0.991,0.398,0.0,0.023,0,0,rest
talk,20,833.3,34.5,13.75,0.0,0.0,0.0,0.92,1.3,47.12,0.62,34.56,0.998,0.398,0.0,0.027,0,0,rest
talk,21,875.0,30.25,22.5,10.0,8.4,44.2,1.03,1.3,47.12,25.26,34.56,0.875,0.651,0.289,0.03,1,0,AA
talk,22,916.7,29.75,22.5,10.0,10.2,45.9,0.86,1.3,47.12,3.32,34.56,0.861,0.651,0.289,0.025,1,-1,OH
talk,23,958.3,28.75,22.25,6.0,10.9,48.1,-1.31,1.3,47.12,4.35,34.56,0.832,0.644,0.174,-0.038,0.5,-1,OH_half
talk,24,1000.0,30.0,27.25,15.0,11.5,63.6,0.23,1.3,47.12,23.1,34.56,0.868,0.788,0.434,0.007,1,-1,OH
talk,25,1041.7,30.25,27.5,15.5,11.2,67.2,0.47,1.3,47.11,3.54,34.56,0.875,0.796,0.448,0.014,1,0,AA
talk,26,1083.3,30.5,27.25,13.5,11.0,65.4,1.5,1.3,47.11,2.55,34.56,0.882,0.788,0.391,0.043,1,0,AA
talk,27,1125.0,35.5,15.0,0.0,0.0,5.4,1.56,1.3,47.11,34.14,34.56,1.027,0.434,0.0,0.045,0,0,rest
talk,28,1166.7,35.5,14.75,0.0,0.0,4.8,1.75,1.3,47.13,2.08,34.56,1.027,0.427,0.0,0.051,0,0,rest
talk,29,1208.3,35.5,15.0,0.0,0.0,6.4,1.33,1.3,47.13,1.6,34.56,1.027,0.434,0.0,0.038,0,0,rest
talk,30,1250.0,26.0,22.5,6.75,1.5,4.5,-0.66,-4.6,46.68,23.54,34.56,0.752,0.651,0.195,-0.019,0.5,-1,OH_half
talk,31,1291.7,25.75,22.5,6.25,1.2,4.8,-0.58,-4.6,47.3,1.45,34.56,0.745,0.651,0.181,-0.017,0.5,-1,OH_half
talk,32,1333.3,25.75,22.5,6.25,1.2,4.8,-0.58,-4.6,47.3,0.11,34.56,0.745,0.651,0.181,-0.017,0.5,-1,OH_half
talk,33,1375.0,32.5,19.5,2.75,8.5,21.1,0.66,-4.6,47.3,23.33,34.56,0.94,0.564,0.08,0.019,0,0,rest
talk,34,1416.7,32.25,20.0,2.5,6.0,16.1,0.39,-4.6,47.3,3.41,34.56,0.933,0.579,0.072,0.011,0,0,rest
talk,35,1458.3,32.0,19.75,1.0,7.2,24.2,0.19,-4.6,47.3,4.34,34.56,0.926,0.571,0.029,0.005,0,0,rest
talk,36,1500.0,27.0,27.0,8.75,7.2,34.1,-2.55,-4.6,47.36,31.79,34.56,0.781,0.781,0.253,-0.074,0.5,-1,OH_half
talk,37,1541.7,27.25,27.0,9.0,7.1,33.5,-2.55,-4.6,47.36,4.51,34.56,0.788,0.781,0.26,-0.074,1,-1,OH
talk,38,1583.3,27.5,27.0,9.25,7.1,37.5,-2.73,-4.5,48.21,1.52,34.56,0.796,0.781,0.268,-0.079,1,-1,OH
talk,39,1625.0,33.5,16.25,0.0,0.0,3.1,2.56,-4.5,48.21,32.82,34.56,0.969,0.47,0.0,0.074,0,0,rest
talk,40,1666.7,34.0,15.75,0.0,0.0,2.4,2.89,-4.5,48.21,2.86,34.56,0.984,0.456,0.0,0.084,0,0,rest
talk,41,1708.3,33.5,16.25,0.0,0.0,3.8,2.75,-3.8,48.78,2.1,34.56,0.969,0.47,0.0,0.08,0,0,rest
talk,42,1750.0,24.25,23.5,6.75,0.2,14.0,-0.77,,,26.03,34.56,0.702,0.68,0.195,-0.022,0.5,-1,OH_half
talk,43,1791.7,24.25,23.5,6.5,1.3,13.7,-0.72,,,1.15,34.56,0.702,0.68,0.188,-0.021,0.5,-1,OH_half
talk,44,1833.3,24.25,23.5,6.5,1.3,13.7,-0.72,,,0.04,34.56,0.702,0.68,0.188,-0.021,0.5,-1,OH_half
talk,45,1875.0,25.25,26.25,8.25,2.1,31.1,-2.19,,,20.9,34.56,0.731,0.759,0.239,-0.063,0.5,-1,OH_half
talk,46,1916.7,25.25,26.5,8.0,2.3,30.0,-1.34,,,1.36,34.56,0.731,0.767,0.231,-0.039,0.5,-1,OH_half
talk,47,1958.3,25.5,26.25,8.0,2.6,27.5,-2.0,,,1.4,34.56,0.738,0.759,0.231,-0.058,0.5,-1,OH_half
talk,48,2000.0,34.0,16.25,1.25,7.6,0.0,2.03,,,26.41,34.56,0.984,0.47,0.036,0.059,0,0,rest
talk,49,2041.7,34.0,16.5,1.25,7.6,0.0,2.08,,,3.49,34.56,0.984,0.477,0.036,0.06,0,0,rest
talk,50,2083.3,34.0,17.0,1.25,6.6,0.0,2.08,,,3.22,34.56,0.984,0.492,0.036,0.06,0,0,rest
talk,51,2125.0,31.75,14.25,0.0,0.0,0.0,1.39,,,11.81,34.56,0.919,0.412,0.0,0.04,0,0,rest
talk,52,2166.7,31.5,14.25,0.0,0.0,0.0,1.36,,,1.31,34.56,0.911,0.412,0.0,0.039,0,0,rest
talk,53,2208.3,31.25,14.25,0.0,0.0,0.0,1.61,,,1.47,34.56,0.904,0.412,0.0,0.047,0,0,rest
talk,54,2250.0,30.5,14.25,0.0,0.0,0.0,1.67,,,15.22,34.56,0.882,0.412,0.0,0.048,0,0,rest
talk,55,2291.7,30.5,14.0,0.0,0.0,0.0,1.38,,,0.47,34.56,0.882,0.405,0.0,0.04,0,0,rest
talk,56,2333.3,30.5,14.0,0.0,0.0,0.0,1.38,,,0.09,34.56,0.882,0.405,0.0,0.04,0,0,rest
talk,57,2375.0,24.25,26.0,12.0,2.3,55.9,2.19,,,23.02,34.56,0.702,0.752,0.347,0.063,1,-1,OH
talk,58,2416.7,24.25,26.0,12.75,2.9,54.1,1.05,,,2.05,34.56,0.702,0.752,0.369,0.03,1,-1,OH
talk,59,2458.3,24.25,25.75,11.25,2.8,48.7,1.84,,,1.65,34.56,0.702,0.745,0.325,0.053,1,-1,OH
talk,60,2500.0,26.5,27.25,14.0,4.1,64.9,0.81,,,14.38,34.56,0.767,0.788,0.405,0.023,1,-1,OH
talk,61,2541.7,26.5,27.25,13.75,4.2,65.9,0.92,,,1.28,34.56,0.767,0.788,0.398,0.027,1,-1,OH
talk,62,2583.3,27.25,27.0,13.75,4.2,66.9,1.08,,,0.55,34.56,0.788,0.781,0.398,0.031,1,-1,OH
talk,63,2625.0,30.25,21.25,7.75,11.6,3.1,2.5,,,19.63,34.56,0.875,0.615,0.224,0.072,0.5,0,AA_half
talk,64,2666.7,30.25,21.25,7.75,13.3,3.8,2.55,,,2.39,34.56,0.875,0.615,0.224,0.074,0.5,0,AA_half
talk,65,2708.3,30.5,21.25,7.75,11.4,3.2,2.62,,,2.28,34.56,0.882,0.615,0.224,0.076,0.5,0,AA_half
talk,66,2750.0,27.25,25.25,11.5,9.3,53.1,1.61,,,17.29,34.56,0.788,0.731,0.333,0.047,1,-1,OH
talk,67,2791.7,27.0,25.25,11.5,9.1,52.5,1.64,,,0.62,34.56,0.781,0.731,0.333,0.047,1,-1,OH
talk,68,2833.3,27.0,25.25,11.5,9.1,52.5,1.64,,,0.08,34.56,0.781,0.731,0.333,0.047,1,-1,OH
talk,69,2875.0,33.25,17.25,0.0,0.2,1.2,5.03,,,17.92,34.56,0.962,0.499,0.0,0.146,0,0,rest
talk,70,2916.7,33.0,17.25,1.0,6.6,0.0,0.27,,,6.51,34.56,0.955,0.499,0.029,0.008,0,0,rest
talk,71,2958.3,32.25,16.75,0.75,7.5,0.0,1.59,,,3.34,34.56,0.933,0.485,0.022,0.046,0,0,rest
talk,72,3000.0,21.5,23.5,8.75,0.0,8.9,-0.16,,,17.77,34.56,0.622,0.68,0.253,-0.005,0.5,-1,OH_half
talk,73,3041.7,21.25,23.5,8.5,0.0,9.4,0.03,,,1.44,34.56,0.615,0.68,0.246,0.001,0.5,-1,OH_half
talk,74,3083.3,21.5,23.75,8.25,0.0,4.4,0.38,,,2.11,34.56,0.622,0.687,0.239,0.011,0.5,-1,OH_half
talk,75,3125.0,28.5,25.75,11.0,25.2,30.8,1.84,,,14.69,34.56,0.825,0.745,0.318,0.053,1,-1,OH
talk,76,3166.7,29.0,25.5,11.0,26.8,30.8,2.0,,,1.71,34.56,0.839,0.738,0.318,0.058,1,-1,OH
talk,77,3208.3,29.75,25.25,11.0,29.0,33.1,2.09,,,2.52,34.56,0.861,0.731,0.318,0.06,1,-1,OH
talk,78,3250.0,33.75,17.25,3.75,48.3,0.0,3.09,,,19.06,34.56,0.976,0.499,0.108,0.089,0.5,0,AA_half
talk,79,3291.7,33.5,17.0,3.75,47.4,0.0,3.08,,,3.08,34.56,0.969,0.492,0.108,0.089,0.5,0,AA_half
talk,80,3333.3,33.5,17.0,3.75,46.5,0.0,3.08,,,0.94,34.56,0.969,0.492,0.108,0.089,0.5,0,AA_half
talk,81,3375.0,29.75,22.75,7.25,8.1,31.5,-0.09,,,20.13,34.56,0.861,0.658,0.21,-0.003,0.5,-1,OH_half
talk,82,3416.7,29.25,22.25,4.0,8.9,33.4,0.25,,,5.1,34.56,0.846,0.644,0.116,0.007,0.5,-1,OH_half
talk,83,3458.3,28.75,22.0,3.25,7.9,32.2,0.08,,,4.45,34.56,0.832,0.636,0.094,0.002,0.5,-1,OH_half
talk,84,3500.0,27.0,28.25,13.25,6.2,48.4,1.08,,,14.27,34.56,0.781,0.817,0.383,0.031,1,-1,OH
talk,85,3541.7,27.25,28.75,13.25,6.9,50.2,0.83,,,1.44,34.56,0.788,0.832,0.383,0.024,1,-1,OH
talk,86,3583.3,27.5,28.75,13.25,7.1,50.8,0.86,,,0.82,34.56,0.796,0.832,0.383,0.025,1,-1,OH
talk,87,3625.0,31.25,22.0,7.75,64.4,0.2,2.73,,,23.75,34.56,0.904,0.636,0.224,0.079,0.5,0,AA_half
talk,88,3666.7,32.0,22.0,7.75,66.5,0.0,2.84,,,2.99,34.56,0.926,0.636,0.224,0.082,0.5,0,AA_half
talk,89,3708.3,32.25,22.0,8.0,66.2,0.1,2.86,,,2.41,34.56,0.933,0.636,0.231,0.083,0.5,0,AA_half
talk,90,3750.0,26.25,16.75,2.75,0.0,0.4,1.69,,,23.11,34.56,0.759,0.485,0.08,0.049,0,-1,M
talk,91,3791.7,26.0,17.0,3.0,0.0,0.4,1.7,,,1.0,34.56,0.752,0.492,0.087,0.049,0,-1,M
talk,92,3833.3,26.0,17.0,3.0,0.0,0.4,1.7,,,0.01,34.56,0.752,0.492,0.087,0.049,0,-1,M
talk,93,3875.0,33.75,21.75,9.0,70.4,0.1,3.94,,,24.03,34.56,0.976,0.629,0.26,0.114,1,0,AA
talk,94,3916.7,34.5,21.25,7.75,75.3,0.0,3.97,,,3.5,34.56,0.998,0.615,0.224,0.115,0.5,0,AA_half
talk,95,3958.3,34.5,21.25,7.5,74.4,0.0,4.06,,,1.57,34.56,0.998,0.615,0.217,0.117,0.5,0,AA_half
talk,96,4000.0,35.25,21.0,7.25,74.4,0.0,3.75,,,25.34,34.56,1.02,0.608,0.21,0.108,0.5,0,AA_half
talk,97,4041.7,35.25,21.25,7.25,74.6,0.0,3.75,,,1.31,34.56,1.02,0.615,0.21,0.108,0.5,0,AA_half
talk,98,4083.3,35.5,21.5,7.25,74.9,0.0,3.72,,,1.94,34.56,1.027,0.622,0.21,0.108,0.5,0,AA_half
talk,99,4125.0,32.0,17.25,2.75,29.8,0.0,2.0,,,21.23,34.56,0.926,0.499,0.08,0.058,0,0,rest
talk,100,4166.7,31.75,17.25,2.5,27.3,0.0,2.06,,,2.47,34.56,0.919,0.499,0.072,0.06,0,0,rest
talk,101,4208.3,31.75,17.25,3.75,28.6,0.0,2.2,,,1.91,34.56,0.919,0.499,0.108,0.064,0.5,0,AA_half
talk,102,4250.0,25.25,28.0,13.75,4.4,45.8,0.81,1.2,47.97,23.4,34.56,0.731,0.81,0.398,0.023,1,-1,OH
talk,103,4291.7,25.25,28.0,13.75,4.8,45.8,0.73,0.8,49.08,0.39,34.56,0.731,0.81,0.398,0.021,1,-1,OH
talk,104,4333.3,25.25,28.0,13.75,4.8,45.8,0.73,0.8,49.08,0.23,34.56,0.731,0.81,0.398,0.021,1,-1,OH
talk,105,4375.0,30.0,20.0,5.0,62.8,0.6,2.05,-1.3,48.45,27.73,34.56,0.868,0.579,0.145,0.059,0.5,-1,OH_half
talk,106,4416.7,30.25,19.25,5.0,63.6,0.6,2.27,-1.4,50.65,3.38,34.56,0.875,0.557,0.145,0.066,0.5,0,AA_half
talk,107,4458.3,30.25,19.0,4.75,64.4,0.0,1.59,-1.4,50.65,3.63,34.56,0.875,0.55,0.137,0.046,0.5,0,AA_half
talk,108,4500.0,35.0,16.25,1.5,0.0,0.4,2.75,0.3,45.52,26.03,34.56,1.013,0.47,0.043,0.08,0,0,rest
talk,109,4541.7,35.0,16.25,1.75,0.0,0.6,2.88,0.2,45.44,1.33,34.56,1.013,0.47,0.051,0.083,0,0,rest
talk,110,4583.3,35.0,16.25,1.5,0.0,0.5,2.75,1.2,46.16,1.36,34.56,1.013,0.47,0.043,0.08,0,0,rest
talk,111,4625.0,26.25,23.75,10.25,1.9,27.3,-0.62,-1.1,47.06,20.49,34.56,0.759,0.687,0.297,-0.018,1,-1,OH
talk,112,4666.7,25.75,23.75,10.25,1.7,27.4,0.89,,,1.06,34.56,0.745,0.687,0.297,0.026,1,-1,OH
talk,113,4708.3,25.75,23.75,10.25,1.4,26.9,0.67,3.0,47.31,1.21,34.56,0.745,0.687,0.297,0.019,1,-1,OH
talk,114,4750.0,31.25,16.5,1.25,0.0,0.5,2.97,-4.9,50.61,23.48,34.56,0.904,0.477,0.036,0.086,0,0,rest
talk,115,4791.7,31.25,16.0,1.5,0.0,0.4,2.84,-4.9,50.61,1.07,34.56,0.904,0.463,0.043,0.082,0,0,rest
talk,116,4833.3,31.5,16.0,1.5,0.0,0.4,2.91,-4.9,50.61,0.31,34.56,0.911,0.463,0.043,0.084,0,0,rest
talk,117,4875.0,31.25,24.0,12.5,21.2,44.6,1.58,-3.8,50.68,26.81,34.56,0.904,0.694,0.362,0.046,1,0,AA
talk,118,4916.7,31.25,24.0,12.25,22.4,41.9,1.73,-3.8,50.68,4.93,34.56,0.904,0.694,0.354,0.05,1,0,AA
talk,119,4958.3,30.5,23.5,6.0,21.9,46.7,-0.55,-3.9,50.27,7.53,34.56,0.882,0.68,0.174,-0.016,0.5,0,AA_half
talk,120,5000.0,28.25,27.5,16.5,9.2,60.4,1.66,-3.0,51.14,22.01,34.56,0.817,0.796,0.477,0.048,1,-1,OH
talk,121,5041.7,28.0,27.5,16.75,9.2,61.5,1.58,-3.2,50.79,2.39,34.56,0.81,0.796,0.485,0.046,1,-1,OH
talk,122,5083.3,28.5,27.5,14.75,8.8,60.2,1.39,-3.2,51.14,1.44,34.56,0.825,0.796,0.427,0.04,1,-1,OH
talk,123,5125.0,34.0,18.5,4.25,52.6,0.0,2.2,-3.2,51.19,34.25,34.56,0.984,0.535,0.123,0.064,0.5,0,AA_half
talk,124,5166.7,34.5,18.25,3.75,50.6,0.0,2.78,-3.1,51.26,2.93,34.56,0.998,0.528,0.108,0.08,0.5,0,AA_half
talk,125,5208.3,34.25,18.25,4.25,52.9,0.1,2.45,-0.5,50.33,2.91,34.56,0.991,0.528,0.123,0.071,0.5,0,AA_half
talk,126,5250.0,28.25,26.25,13.25,17.4,43.8,1.56,0.3,50.43,30.51,34.56,0.817,0.759,0.383,0.045,1,-1,OH
talk,127,5291.7,28.0,26.25,13.75,18.4,43.8,1.91,0.1,50.44,0.97,34.56,0.81,0.759,0.398,0.055,1,-1,OH
talk,128,5333.3,28.25,26.25,13.75,18.2,43.6,1.81,0.1,50.44,0.45,34.56,0.817,0.759,0.398,0.052,1,-1,OH
talk,129,5375.0,33.25,17.25,3.5,42.2,3.8,2.2,-0.1,50.04,31.1,34.56,0.962,0.499,0.101,0.064,0.5,0,AA_half
talk,130,5416.7,32.5,16.75,3.0,37.6,0.1,2.36,0.2,50.52,3.96,34.56,0.94,0.485,0.087,0.068,0,0,rest
talk,131,5458.3,31.5,16.5,3.5,38.3,8.8,2.33,0.1,50.6,3.12,34.56,0.911,0.477,0.101,0.067,0.5,0,AA_half
talk,132,5500.0,24.5,22.0,7.5,0.0,5.7,0.17,-0.6,50.68,28.35,34.56,0.709,0.636,0.217,0.005,0.5,-1,OH_half
talk,133,5541.7,24.75,22.0,7.5,0.0,5.6,0.28,-0.8,50.93,0.9,34.56,0.716,0.636,0.217,0.008,0.5,-1,OH_half
talk,134,5583.3,25.0,22.5,7.25,0.0,3.9,0.3,-0.8,50.93,2.35,34.56,0.723,0.651,0.21,0.009,0.5,-1,OH_half
talk,135,5625.0,30.25,24.0,6.25,14.9,14.1,-0.41,-0.9,51.4,20.34,34.56,0.875,0.694,0.181,-0.012,0.5,0,AA_half
talk,136,5666.7,29.5,24.0,6.25,14.8,14.2,-0.42,-1.0,51.33,3.08,34.56,0.853,0.694,0.181,-0.012,0.5,-1,OH_half
talk,137,5708.3,30.75,23.75,6.25,14.6,12.9,-0.17,-0.5,51.03,2.85,34.56,0.89,0.687,0.181,-0.005,0.5,0,AA_half
talk,138,5750.0,32.25,16.5,1.0,0.0,0.0,1.58,-0.4,48.86,24.76,34.56,0.933,0.477,0.029,0.046,0,0,rest
talk,139,5791.7,32.25,16.25,1.0,0.0,0.0,1.58,-0.4,48.86,0.91,34.56,0.933,0.47,0.029,0.046,0,0,rest
talk,140,5833.3,32.25,16.25,1.0,0.0,0.0,1.58,-0.4,48.86,0.0,34.56,0.933,0.47,0.029,0.046,0,0,rest
talk,141,5875.0,31.5,22.75,13.5,21.1,0.0,0.62,-0.7,50.9,23.84,34.56,0.911,0.658,0.391,0.018,1,0,AA
talk,142,5916.7,31.25,22.5,7.0,23.8,0.0,0.95,-0.9,50.5,4.73,34.56,0.904,0.651,0.203,0.027,0.5,0,AA_half
talk,143,5958.3,31.5,22.75,6.5,25.3,0.0,0.36,-0.9,50.5,4.81,34.56,0.911,0.658,0.188,0.01,0.5,0,AA_half
talk,144,6000.0,30.75,17.5,2.5,28.4,0.1,1.69,-1.3,50.0,19.95,34.56,0.89,0.506,0.072,0.049,0,0,rest
idle,0,0.0,33.75,13.5,0.0,0.0,0.1,1.89,0.2,48.53,0.0,34.25,0.985,0.394,0.0,0.055,0,0,rest
idle,1,41.7,34.0,13.5,0.0,0.0,0.2,1.92,0.7,47.31,1.35,34.25,0.993,0.394,0.0,0.056,0,0,rest
idle,2,83.3,34.0,13.25,0.0,0.0,0.0,1.92,0.6,47.29,1.08,34.25,0.993,0.387,0.0,0.056,0,0,rest
idle,3,125.0,33.5,13.25,0.0,0.0,0.1,2.12,0.0,48.24,3.98,34.25,0.978,0.387,0.0,0.062,0,0,rest
idle,4,166.7,33.5,13.5,0.0,0.0,0.1,1.88,0.0,48.24,1.97,34.25,0.978,0.394,0.0,0.055,0,0,rest
idle,5,208.3,33.5,13.5,0.0,0.0,0.1,1.88,-0.3,48.15,0.31,34.25,0.978,0.394,0.0,0.055,0,0,rest
idle,6,250.0,34.0,13.5,0.0,0.0,0.0,1.91,0.5,48.01,6.52,34.25,0.993,0.394,0.0,0.056,0,0,rest
idle,7,291.7,34.0,13.5,0.0,0.0,0.0,2.05,0.2,48.42,1.48,34.25,0.993,0.394,0.0,0.06,0,0,rest
idle,8,333.3,34.0,13.5,0.0,0.0,0.0,2.0,0.0,48.36,2.86,34.25,0.993,0.394,0.0,0.058,0,0,rest
idle,9,375.0,34.25,13.25,0.0,0.0,0.0,2.06,,,6.86,34.25,1.0,0.387,0.0,0.06,0,0,rest
idle,10,416.7,34.0,13.25,0.0,0.0,0.0,2.06,,,1.56,34.25,0.993,0.387,0.0,0.06,0,0,rest
idle,11,458.3,34.0,13.25,0.0,0.0,0.0,1.81,,,0.83,34.25,0.993,0.387,0.0,0.053,0,0,rest
idle,12,500.0,33.75,13.75,0.0,0.0,0.0,1.89,,,7.53,34.25,0.985,0.401,0.0,0.055,0,0,rest
idle,13,541.7,34.25,14.0,0.0,0.0,0.0,2.05,,,0.79,34.25,1.0,0.409,0.0,0.06,0,0,rest
idle,14,583.3,34.25,13.5,0.0,0.0,0.0,1.88,,,2.03,34.25,1.0,0.394,0.0,0.055,0,0,rest
idle,15,625.0,34.5,13.5,0.0,0.0,0.0,1.89,,,8.22,34.25,1.007,0.394,0.0,0.055,0,0,rest
idle,16,666.7,34.25,13.75,0.0,0.0,0.0,1.83,,,1.08,34.25,1.0,0.401,0.0,0.053,0,0,rest
idle,17,708.3,34.25,13.75,0.0,0.0,0.0,1.61,,,1.22,34.25,1.0,0.401,0.0,0.047,0,0,rest
idle,18,750.0,33.5,13.5,0.0,0.0,0.0,1.7,,,8.01,34.25,0.978,0.394,0.0,0.05,0,0,rest
idle,19,791.7,33.75,13.5,0.0,0.0,0.0,1.81,,,1.33,34.25,0.985,0.394,0.0,0.053,0,0,rest
idle,20,833.3,33.75,13.5,0.0,0.0,0.0,1.84,,,1.94,34.25,0.985,0.394,0.0,0.054,0,0,rest
idle,21,875.0,34.25,14.0,0.0,0.0,0.0,1.73,-1.4,49.46,6.53,34.25,1.0,0.409,0.0,0.051,0,0,rest
idle,22,916.7,34.25,14.0,0.0,0.0,0.0,1.48,-1.3,49.64,1.61,34.25,1.0,0.409,0.0,0.043,0,0,rest
idle,23,958.3,34.25,14.0,0.0,0.0,0.0,1.48,-1.5,49.71,0.64,34.25,1.0,0.409,0.0,0.043,0,0,rest
idle,24,1000.0,33.75,13.5,0.0,0.0,0.0,1.97,-1.4,50.15,7.69,34.25,0.985,0.394,0.0,0.058,0,0,rest
idle,25,1041.7,33.75,13.5,0.0,0.0,0.0,1.97,-1.5,49.37,0.68,34.25,0.985,0.394,0.0,0.058,0,0,rest
idle,26,1083.3,33.75,13.5,0.0,0.0,0.1,1.97,-1.8,49.21,0.7,34.25,0.985,0.394,0.0,0.058,0,0,rest
idle,27,1125.0,33.75,14.25,0.0,0.0,0.0,2.0,-0.5,47.55,4.9,34.25,0.985,0.416,0.0,0.058,0,0,rest
idle,28,1166.7,33.75,14.25,0.0,0.0,0.0,2.0,-0.5,47.55,0.0,34.25,0.985,0.416,0.0,0.058,0,0,rest
idle,29,1208.3,33.75,14.25,0.0,0.0,0.0,2.0,-0.5,48.43,0.0,34.25,0.985,0.416,0.0,0.058,0,0,rest
idle,30,1250.0,33.5,14.0,0.0,0.0,0.0,2.2,-0.9,47.65,2.47,34.25,0.978,0.409,0.0,0.064,0,0,rest
idle,31,1291.7,33.5,14.0,0.0,0.0,0.0,2.23,-0.9,47.65,0.94,34.25,0.978,0.409,0.0,0.065,0,0,rest
idle,32,1333.3,34.0,13.75,0.0,0.0,0.0,2.33,-0.8,47.46,1.08,34.25,0.993,0.401,0.0,0.068,0,0,rest
idle,33,1375.0,34.0,13.75,0.0,0.0,0.0,2.36,-0.2,46.94,3.32,34.25,0.993,0.401,0.0,0.069,0,0,rest
idle,34,1416.7,34.0,14.0,0.0,0.0,0.0,2.02,-0.2,46.94,1.71,34.25,0.993,0.409,0.0,0.059,0,0,rest
idle,35,1458.3,34.25,14.0,0.0,0.0,0.0,2.16,-0.1,46.93,2.16,34.25,1.0,0.409,0.0,0.063,0,0,rest
idle,36,1500.0,34.25,14.0,0.0,0.0,0.0,2.27,-0.3,46.33,8.82,34.25,1.0,0.409,0.0,0.066,0,0,rest
idle,37,1541.7,34.0,14.0,0.0,0.0,0.0,2.23,-0.2,46.72,2.6,34.25,0.993,0.409,0.0,0.065,0,0,rest
idle,38,1583.3,34.0,14.0,0.0,0.0,0.0,2.12,-0.2,47.05,2.26,34.25,0.993,0.409,0.0,0.062,0,0,rest
idle,39,1625.0,34.25,14.0,0.0,0.0,0.0,1.91,-0.4,47.05,10.5,34.25,1.0,0.409,0.0,0.056,0,0,rest
idle,40,1666.7,34.0,14.0,0.0,0.0,0.0,1.88,-0.2,46.91,1.75,34.25,0.993,0.409,0.0,0.055,0,0,rest
idle,41,1708.3,34.25,13.75,0.0,0.0,0.0,1.84,-0.9,46.72,1.52,34.25,1.0,0.401,0.0,0.054,0,0,rest
idle,42,1750.0,33.5,14.0,0.0,0.0,0.0,2.03,-0.6,46.09,12.03,34.25,0.978,0.409,0.0,0.059,0,0,rest
idle,43,1791.7,33.75,14.0,0.0,0.0,0.0,2.0,-0.6,46.0,2.32,34.25,0.985,0.409,0.0,0.058,0,0,rest
idle,44,1833.3,34.0,14.0,0.0,0.0,0.0,1.98,0.2,46.9,1.87,34.25,0.993,0.409,0.0,0.058,0,0,rest
idle,45,1875.0,33.75,13.75,0.0,0.0,0.0,1.88,-0.6,47.23,10.0,34.25,0.985,0.401,0.0,0.055,0,0,rest
idle,46,1916.7,34.0,13.75,0.0,0.0,0.0,1.86,-0.6,47.23,0.36,34.25,0.993,0.401,0.0,0.054,0,0,rest
idle,47,1958.3,34.25,13.75,0.0,0.0,0.0,2.16,-0.5,47.13,1.34,34.25,1.0,0.401,0.0,0.063,0,0,rest
idle,48,2000.0,34.0,13.5,0.0,0.0,0.0,1.89,-1.6,46.99,10.17,34.25,0.993,0.394,0.0,0.055,0,0,rest
idle,49,2041.7,34.0,13.25,0.0,0.0,0.0,1.78,-0.6,47.01,1.51,34.25,0.993,0.387,0.0,0.052,0,0,rest
idle,50,2083.3,34.0,13.25,0.0,0.0,0.0,1.7,-0.2,47.29,1.36,34.25,0.993,0.387,0.0,0.05,0,0,rest
idle,51,2125.0,34.0,13.5,0.0,0.0,0.0,1.75,-0.7,48.64,7.18,34.25,0.993,0.394,0.0,0.051,0,0,rest
idle,52,2166.7,34.0,13.5,0.0,0.0,0.0,1.72,-0.3,48.6,0.95,34.25,0.993,0.394,0.0,0.05,0,0,rest
idle,53,2208.3,33.75,13.5,0.0,0.0,0.0,1.69,-0.7,48.5,1.97,34.25,0.985,0.394,0.0,0.049,0,0,rest
idle,54,2250.0,33.75,13.5,0.0,0.0,0.0,2.03,-0.3,47.67,6.64,34.25,0.985,0.394,0.0,0.059,0,0,rest
idle,55,2291.7,33.75,13.5,0.0,0.0,0.0,2.08,-0.3,47.31,1.44,34.25,0.985,0.394,0.0,0.061,0,0,rest
idle,56,2333.3,33.5,13.5,0.0,0.0,0.0,2.03,-0.3,47.87,1.54,34.25,0.978,0.394,0.0,0.059,0,0,rest
idle,57,2375.0,33.75,13.5,0.0,0.0,0.0,1.89,-0.6,48.28,4.92,34.25,0.985,0.394,0.0,0.055,0,0,rest
idle,58,2416.7,34.0,13.75,0.0,0.0,0.0,1.86,-0.6,48.28,0.84,34.25,0.993,0.401,0.0,0.054,0,0,rest
idle,59,2458.3,34.0,13.75,0.0,0.0,0.0,1.86,-0.6,48.28,0.57,34.25,0.993,0.401,0.0,0.054,0,0,rest
idle,60,2500.0,34.25,13.75,0.0,0.0,0.0,1.72,-1.5,48.99,5.05,34.25,1.0,0.401,0.0,0.05,0,0,rest
idle,61,2541.7,34.0,13.5,0.0,0.0,0.0,1.67,-2.0,48.47,3.52,34.25,0.993,0.394,0.0,0.049,0,0,rest
idle,62,2583.3,34.25,13.5,0.0,0.0,0.0,1.67,-2.2,48.03,0.75,34.25,1.0,0.394,0.0,0.049,0,0,rest
idle,63,2625.0,34.0,14.25,0.0,0.0,0.0,1.75,-1.2,49.03,8.87,34.25,0.993,0.416,0.0,0.051,0,0,rest
idle,64,2666.7,34.0,14.0,0.0,0.0,0.0,1.53,-1.4,48.85,1.19,34.25,0.993,0.409,0.0,0.045,0,0,rest
idle,65,2708.3,34.0,14.0,0.0,0.0,0.0,1.78,-1.4,48.85,0.28,34.25,0.993,0.409,0.0,0.052,0,0,rest
idle,66,2750.0,34.0,14.0,0.0,0.0,0.1,1.91,-2.0,48.6,5.61,34.25,0.993,0.409,0.0,0.056,0,0,rest
idle,67,2791.7,34.0,14.0,0.0,0.0,0.0,1.94,-2.2,48.66,0.94,34.25,0.993,0.409,0.0,0.057,0,0,rest
idle,68,2833.3,34.0,14.0,0.0,0.0,0.1,1.91,-2.4,48.81,1.23,34.25,0.993,0.409,0.0,0.056,0,0,rest
idle,69,2875.0,34.5,13.75,0.0,0.0,0.1,2.11,-3.6,51.07,5.28,34.25,1.007,0.401,0.0,0.062,0,0,rest
idle,70,2916.7,34.25,13.75,0.0,0.0,0.0,1.88,-3.6,51.31,2.14,34.25,1.0,0.401,0.0,0.055,0,0,rest
idle,71,2958.3,34.5,13.75,0.0,0.0,0.0,1.67,-3.6,51.31,1.66,34.25,1.007,0.401,0.0,0.049,0,0,rest
idle,72,3000.0,34.25,13.75,0.0,0.0,0.0,1.91,-2.2,50.18,8.71,34.25,1.0,0.401,0.0,0.056,0,0,rest
idle,73,3041.7,34.0,13.75,0.0,0.0,0.0,1.86,-2.5,49.71,1.83,34.25,0.993,0.401,0.0,0.054,0,0,rest
idle,74,3083.3,34.25,14.25,0.0,0.0,0.0,1.83,-2.4,48.54,1.84,34.25,1.0,0.416,0.0,0.053,0,0,rest
idle,75,3125.0,34.5,13.75,0.0,0.0,0.0,1.92,-1.8,50.1,8.64,34.25,1.007,0.401,0.0,0.056,0,0,rest
idle,76,3166.7,34.0,13.75,0.0,0.0,0.0,2.02,-1.7,49.25,1.72,34.25,0.993,0.401,0.0,0.059,0,0,rest
idle,77,3208.3,34.5,14.0,0.0,0.0,0.0,2.09,-2.7,50.73,2.78,34.25,1.007,0.409,0.0,0.061,0,0,rest
idle,78,3250.0,34.5,13.5,0.0,0.0,0.0,1.94,-2.2,50.45,10.81,34.25,1.007,0.394,0.0,0.057,0,0,rest
idle,79,3291.7,34.5,13.5,0.0,0.0,0.0,2.02,-2.2,50.45,1.51,34.25,1.007,0.394,0.0,0.059,0,0,rest
idle,80,3333.3,34.5,13.5,0.0,0.0,0.0,1.94,-1.9,50.05,2.76,34.25,1.007,0.394,0.0,0.057,0,0,rest
idle,81,3375.0,34.25,13.75,0.0,0.0,0.0,2.08,-0.9,48.93,6.92,34.25,1.0,0.401,0.0,0.061,0,0,rest
idle,82,3416.7,34.25,14.25,0.0,0.0,0.0,2.08,-1.3,49.58,1.95,34.25,1.0,0.416,0.0,0.061,0,0,rest
idle,83,3458.3,34.25,14.25,0.0,0.0,0.0,2.08,-1.3,49.58,1.26,34.25,1.0,0.416,0.0,0.061,0,0,rest
idle,84,3500.0,34.5,13.75,0.0,0.0,0.0,2.0,-1.4,48.48,9.79,34.25,1.007,0.401,0.0,0.058,0,0,rest
idle,85,3541.7,34.5,14.0,0.0,0.0,0.0,1.89,-1.3,49.35,2.21,34.25,1.007,0.409,0.0,0.055,0,0,rest
idle,86,3583.3,34.25,14.0,0.0,0.0,0.0,1.72,-1.8,48.95,1.65,34.25,1.0,0.409,0.0,0.05,0,0,rest
idle,87,3625.0,34.25,13.75,0.0,0.0,0.0,1.95,-1.1,48.41,10.74,34.25,1.0,0.401,0.0,0.057,0,0,rest
idle,88,3666.7,34.5,13.5,0.0,0.0,0.0,1.83,-1.2,49.26,1.21,34.25,1.007,0.394,0.0,0.053,0,0,rest
idle,89,3708.3,34.75,13.5,0.0,0.0,0.0,1.77,-1.3,49.94,1.67,34.25,1.015,0.394,0.0,0.052,0,0,rest
idle,90,3750.0,34.0,14.0,0.0,0.0,0.2,2.08,-1.3,49.18,10.47,34.25,0.993,0.409,0.0,0.061,0,0,rest
idle,91,3791.7,34.0,14.0,0.0,0.0,0.0,2.05,-1.7,48.41,1.4,34.25,0.993,0.409,0.0,0.06,0,0,rest
idle,92,3833.3,34.25,14.0,0.0,0.0,0.0,2.11,-1.2,49.17,1.54,34.25,1.0,0.409,0.0,0.062,0,0,rest
idle,93,3875.0,34.25,13.5,0.0,0.0,0.0,2.11,-2.6,47.93,7.76,34.25,1.0,0.394,0.0,0.062,0,0,rest
idle,94,3916.7,34.5,13.5,0.0,0.0,0.0,2.05,-2.0,48.6,1.88,34.25,1.007,0.394,0.0,0.06,0,0,rest
idle,95,3958.3,34.5,14.0,0.0,0.0,0.1,2.05,-2.2,48.42,1.95,34.25,1.007,0.409,0.0,0.06,0,0,rest
idle,96,4000.0,34.0,13.5,0.0,0.0,0.0,1.95,-2.1,47.77,7.36,34.25,0.993,0.394,0.0,0.057,0,0,rest
idle,97,4041.7,34.75,13.75,0.0,0.0,0.1,2.0,-2.1,47.77,1.44,34.25,1.015,0.401,0.0,0.058,0,0,rest
idle,98,4083.3,34.5,13.75,0.0,0.0,0.0,2.02,-2.1,47.77,0.9,34.25,1.007,0.401,0.0,0.059,0,0,rest
idle,99,4125.0,33.5,13.75,0.0,0.0,0.0,1.84,-1.4,48.71,5.6,34.25,0.978,0.401,0.0,0.054,0,0,rest
idle,100,4166.7,33.5,13.75,0.0,0.0,0.0,1.84,-1.4,48.71,0.01,34.25,0.978,0.401,0.0,0.054,0,0,rest
idle,101,4208.3,34.0,13.75,0.0,0.0,0.0,1.86,-1.3,48.58,0.74,34.25,0.993,0.401,0.0,0.054,0,0,rest
idle,102,4250.0,34.0,14.0,0.0,0.0,0.0,1.67,-1.6,48.27,4.14,34.25,0.993,0.409,0.0,0.049,0,0,rest
idle,103,4291.7,34.0,14.0,0.0,0.0,0.0,1.67,-1.6,48.27,0.68,34.25,0.993,0.409,0.0,0.049,0,0,rest
idle,104,4333.3,34.25,14.0,0.0,0.0,0.0,1.94,-1.4,48.91,0.9,34.25,1.0,0.409,0.0,0.057,0,0,rest
idle,105,4375.0,34.5,13.75,0.0,0.0,0.0,1.67,-1.1,49.03,1.21,34.25,1.007,0.401,0.0,0.049,0,0,rest
idle,106,4416.7,34.75,13.5,0.0,0.0,0.0,1.62,-1.1,49.04,0.46,34.25,1.015,0.394,0.0,0.047,0,0,rest
idle,107,4458.3,34.5,13.5,0.0,0.0,0.0,1.69,-1.1,49.04,0.49,34.25,1.007,0.394,0.0,0.049,0,0,rest
idle,108,4500.0,34.75,13.5,0.0,0.0,0.0,1.61,-1.1,48.82,3.98,34.25,1.015,0.394,0.0,0.047,0,0,rest
idle,109,4541.7,34.5,13.5,0.0,0.0,0.0,1.62,-1.9,49.0,1.84,34.25,1.007,0.394,0.0,0.047,0,0,rest
idle,110,4583.3,34.25,13.5,0.0,0.0,0.0,1.64,-2.0,49.02,1.48,34.25,1.0,0.394,0.0,0.048,0,0,rest
idle,111,4625.0,34.5,13.5,0.0,0.0,0.0,1.64,-2.0,48.42,5.6,34.25,1.007,0.394,0.0,0.048,0,0,rest
idle,112,4666.7,34.25,13.5,0.0,0.0,0.0,1.66,-2.1,48.18,1.9,34.25,1.0,0.394,0.0,0.048,0,0,rest
idle,113,4708.3,34.25,13.5,0.0,0.0,0.1,1.67,-1.6,48.63,1.36,34.25,1.0,0.394,0.0,0.049,0,0,rest
idle,114,4750.0,34.5,13.5,0.0,0.0,0.0,1.48,-1.9,48.72,7.56,34.25,1.007,0.394,0.0,0.043,0,0,rest
idle,115,4791.7,34.5,13.5,0.0,0.0,0.1,1.56,-1.3,48.15,1.76,34.25,1.007,0.394,0.0,0.046,0,0,rest
idle,116,4833.3,34.25,13.5,0.0,0.0,0.0,1.58,-1.1,48.06,1.73,34.25,1.0,0.394,0.0,0.046,0,0,rest
idle,117,4875.0,34.0,13.75,0.0,0.0,0.0,1.64,-1.2,49.19,6.81,34.25,0.993,0.401,0.0,0.048,0,0,rest
idle,118,4916.7,34.25,13.75,0.0,0.0,0.0,1.66,-1.4,49.74,1.72,34.25,1.0,0.401,0.0,0.048,0,0,rest
idle,119,4958.3,34.5,13.5,0.0,0.0,0.1,1.5,-1.4,49.5,1.68,34.25,1.007,0.394,0.0,0.044,0,0,rest
idle,120,5000.0,33.75,13.25,0.0,0.0,0.0,1.5,-1.2,49.07,6.74,34.25,0.985,0.387,0.0,0.044,0,0,rest
idle,121,5041.7,34.5,13.5,0.0,0.0,0.0,1.66,-1.2,49.07,1.33,34.25,1.007,0.394,0.0,0.048,0,0,rest
idle,122,5083.3,34.5,13.5,0.0,0.0,0.0,1.58,-1.2,49.07,1.17,34.25,1.007,0.394,0.0,0.046,0,0,rest
idle,123,5125.0,34.25,13.25,0.0,0.0,0.0,1.64,-1.0,48.75,7.25,34.25,1.0,0.387,0.0,0.048,0,0,rest
idle,124,5166.7,34.25,13.25,0.0,0.0,0.0,1.64,-1.0,48.75,0.0,34.25,1.0,0.387,0.0,0.048,0,0,rest
idle,125,5208.3,34.5,13.25,0.0,0.0,0.0,1.64,-1.0,48.75,0.15,34.25,1.007,0.387,0.0,0.048,0,0,rest
idle,126,5250.0,34.5,13.5,0.0,0.0,0.0,1.98,-1.9,47.85,4.98,34.25,1.007,0.394,0.0,0.058,0,0,rest
idle,127,5291.7,34.75,13.75,0.0,0.0,0.1,1.84,-1.8,47.74,2.31,34.25,1.015,0.401,0.0,0.054,0,0,rest
idle,128,5333.3,34.75,13.75,0.0,0.0,0.0,1.86,-1.7,47.14,1.1,34.25,1.015,0.401,0.0,0.054,0,0,rest
idle,129,5375.0,34.5,13.5,0.0,0.0,0.1,2.06,-0.6,47.46,6.17,34.25,1.007,0.394,0.0,0.06,0,0,rest
idle,130,5416.7,34.5,13.5,0.0,0.0,0.0,2.08,-0.6,47.46,1.16,34.25,1.007,0.394,0.0,0.061,0,0,rest
idle,131,5458.3,34.5,13.5,0.0,0.0,0.0,2.06,-0.3,48.17,0.7,34.25,1.007,0.394,0.0,0.06,0,0,rest
idle,132,5500.0,34.5,13.5,0.0,0.0,0.1,2.16,-0.9,47.94,6.49,34.25,1.007,0.394,0.0,0.063,0,0,rest
idle,133,5541.7,34.75,13.5,0.0,0.0,0.1,2.12,-0.9,47.84,1.62,34.25,1.015,0.394,0.0,0.062,0,0,rest
idle,134,5583.3,34.5,13.5,0.0,0.0,0.0,2.11,-1.2,47.69,1.29,34.25,1.007,0.394,0.0,0.062,0,0,rest
idle,135,5625.0,34.5,13.5,0.0,0.0,0.0,1.94,-0.2,48.45,4.99,34.25,1.007,0.394,0.0,0.057,0,0,rest
idle,136,5666.7,34.5,13.5,0.0,0.0,0.0,1.94,-0.2,48.45,0.09,34.25,1.007,0.394,0.0,0.057,0,0,rest
idle,137,5708.3,34.5,13.5,0.0,0.0,0.0,1.92,-0.3,48.45,1.6,34.25,1.007,0.394,0.0,0.056,0,0,rest
idle,138,5750.0,34.5,13.25,0.0,0.0,0.0,1.86,-0.2,48.46,2.65,34.25,1.007,0.387,0.0,0.054,0,0,rest
idle,139,5791.7,34.5,13.25,0.0,0.0,0.0,2.09,-0.2,48.46,0.39,34.25,1.007,0.387,0.0,0.061,0,0,rest
idle,140,5833.3,34.5,13.25,0.0,0.0,0.0,2.03,-0.2,48.46,0.44,34.25,1.007,0.387,0.0,0.059,0,0,rest
idle,141,5875.0,34.5,13.25,0.0,0.0,0.0,2.11,0.3,48.6,0.18,34.25,1.007,0.387,0.0,0.062,0,0,rest
idle,142,5916.7,34.5,13.25,0.0,0.0,0.0,1.86,0.2,48.61,0.09,34.25,1.007,0.387,0.0,0.054,0,0,rest
idle,143,5958.3,34.5,13.25,0.0,0.0,0.0,2.09,0.2,48.61,0.13,34.25,1.007,0.387,0.0,0.061,0,0,rest
idle,144,6000.0,34.5,13.25,0.0,0.0,0.0,2.12,0.2,48.61,0.12,34.25,1.007,0.387,0.0,0.062,0,0,rest
idle-long,0,0.0,33.75,13.5,0.0,0.0,0.0,1.91,0.7,46.99,0.0,33.39,1.011,0.404,0.0,0.057,0,0,rest
idle-long,1,41.7,33.75,13.5,0.0,0.0,0.0,1.89,0.6,47.65,0.95,33.39,1.011,0.404,0.0,0.057,0,0,rest
idle-long,2,83.3,33.75,13.5,0.0,0.0,0.0,1.91,0.7,47.88,0.84,33.39,1.011,0.404,0.0,0.057,0,0,rest
idle-long,3,125.0,34.0,13.5,0.0,0.0,0.1,1.83,0.8,47.53,15.69,33.39,1.018,0.404,0.0,0.055,0,0,rest
idle-long,4,166.7,34.0,13.5,0.0,0.0,0.1,1.83,0.8,47.53,0.0,33.39,1.018,0.404,0.0,0.055,0,0,rest
idle-long,5,208.3,34.0,13.5,0.0,0.0,0.1,1.81,0.4,47.79,0.23,33.39,1.018,0.404,0.0,0.054,0,0,rest
idle-long,6,250.0,33.75,14.0,0.0,0.0,0.0,1.53,0.6,46.38,15.49,33.39,1.011,0.419,0.0,0.046,0,0,rest
idle-long,7,291.7,33.75,13.5,0.0,0.0,0.0,1.48,0.8,46.4,0.22,33.39,1.011,0.404,0.0,0.044,0,0,rest
idle-long,8,333.3,33.75,13.5,0.0,0.0,0.0,1.53,0.8,46.4,0.11,33.39,1.011,0.404,0.0,0.046,0,0,rest
idle-long,9,375.0,33.75,13.75,0.0,0.0,0.0,1.86,-1.2,47.26,14.63,33.39,1.011,0.412,0.0,0.056,0,0,rest
idle-long,10,416.7,33.75,13.75,0.0,0.0,0.0,1.34,-1.5,47.69,0.66,33.39,1.011,0.412,0.0,0.04,0,0,rest
idle-long,11,458.3,33.75,13.75,0.0,0.0,0.0,1.34,-1.3,47.31,0.6,33.39,1.011,0.412,0.0,0.04,0,0,rest
idle-long,12,500.0,33.75,14.0,0.0,0.0,0.0,1.06,-0.5,46.01,15.83,33.39,1.011,0.419,0.0,0.032,0,0,rest
idle-long,13,541.7,34.0,14.0,0.0,0.0,0.0,1.09,-1.9,47.5,1.54,33.39,1.018,0.419,0.0,0.033,0,0,rest
idle-long,14,583.3,34.0,14.0,0.0,0.0,0.0,1.09,-1.9,47.57,0.28,33.39,1.018,0.419,0.0,0.033,0,0,rest
idle-long,15,625.0,33.75,13.75,0.0,0.0,0.0,0.92,-1.8,45.39,16.8,33.39,1.011,0.412,0.0,0.028,0,0,rest
idle-long,16,666.7,33.75,13.5,0.0,0.0,0.0,1.17,-1.5,45.58,0.5,33.39,1.011,0.404,0.0,0.035,0,0,rest
idle-long,17,708.3,33.75,13.5,0.0,0.0,0.0,1.17,-1.4,45.35,1.04,33.39,1.011,0.404,0.0,0.035,0,0,rest
idle-long,18,750.0,33.5,14.25,0.0,0.0,0.0,1.36,-2.5,45.23,16.55,33.39,1.003,0.427,0.0,0.041,0,0,rest
idle-long,19,791.7,33.5,14.25,0.0,0.0,0.0,1.33,-2.8,45.52,0.24,33.39,1.003,0.427,0.0,0.04,0,0,rest
idle-long,20,833.3,33.5,14.25,0.0,0.0,0.0,1.33,-2.8,45.52,0.1,33.39,1.003,0.427,0.0,0.04,0,0,rest
idle-long,21,875.0,33.75,15.5,0.0,0.0,0.0,1.44,-1.4,45.43,15.23,33.39,1.011,0.464,0.0,0.043,0,0,rest
idle-long,22,916.7,33.75,15.25,0.0,0.0,0.0,1.44,-2.1,45.18,0.77,33.39,1.011,0.457,0.0,0.043,0,0,rest
idle-long,23,958.3,33.75,13.75,0.0,0.0,0.0,1.44,-2.5,44.91,0.59,33.39,1.011,0.412,0.0,0.043,0,0,rest
idle-long,24,1000.0,33.75,14.5,0.0,0.0,0.0,1.3,-2.9,44.71,15.38,33.39,1.011,0.434,0.0,0.039,0,0,rest
idle-long,25,1041.7,33.75,14.5,0.0,0.0,0.0,1.3,-2.7,44.54,0.72,33.39,1.011,0.434,0.0,0.039,0,0,rest
idle-long,26,1083.3,33.75,13.75,0.0,0.0,0.0,1.3,-2.7,44.54,0.94,33.39,1.011,0.412,0.0,0.039,0,0,rest
idle-long,27,1125.0,34.5,14.0,0.0,0.0,0.0,1.47,-2.3,44.64,14.2,33.39,1.033,0.419,0.0,0.044,0,0,rest
idle-long,28,1166.7,34.75,14.0,0.0,0.0,0.0,1.45,-2.3,44.39,1.34,33.39,1.041,0.419,0.0,0.043,0,0,rest
idle-long,29,1208.3,34.75,14.0,0.0,0.0,0.0,1.69,-2.3,47.02,1.3,33.39,1.041,0.419,0.0,0.051,0,0,rest
idle-long,30,1250.0,34.25,13.75,0.0,0.0,0.0,1.2,-2.9,47.93,12.18,33.39,1.026,0.412,0.0,0.036,0,0,rest
idle-long,31,1291.7,33.75,14.0,0.0,0.0,0.0,1.05,-3.0,48.01,1.53,33.39,1.011,0.419,0.0,0.031,0,0,rest
idle-long,32,1333.3,33.75,14.0,0.0,0.0,0.0,1.08,-3.0,48.01,0.01,33.39,1.011,0.419,0.0,0.032,0,0,rest
idle-long,33,1375.0,34.0,14.25,0.0,0.0,0.0,0.2,-2.4,46.97,9.95,33.39,1.018,0.427,0.0,0.006,0,0,rest
idle-long,34,1416.7,34.0,14.25,0.0,0.0,0.0,0.45,-2.1,45.49,0.07,33.39,1.018,0.427,0.0,0.013,0,0,rest
idle-long,35,1458.3,34.0,14.25,0.0,0.0,0.0,0.7,-2.1,45.49,0.19,33.39,1.018,0.427,0.0,0.021,0,0,rest
idle-long,36,1500.0,34.5,14.5,0.0,0.0,0.0,0.67,-1.2,46.65,9.4,33.39,1.033,0.434,0.0,0.02,0,0,rest
idle-long,37,1541.7,34.5,14.25,0.0,0.0,0.0,0.69,-1.4,46.46,0.99,33.39,1.033,0.427,0.0,0.021,0,0,rest
idle-long,38,1583.3,34.5,14.25,0.0,0.0,0.0,0.67,-1.4,46.46,0.41,33.39,1.033,0.427,0.0,0.02,0,0,rest
idle-long,39,1625.0,34.5,14.25,0.0,0.0,0.0,0.86,-1.7,46.27,2.64,33.39,1.033,0.427,0.0,0.026,0,0,rest
idle-long,40,1666.7,34.5,14.25,0.0,0.0,0.0,0.86,-1.7,46.27,0.04,33.39,1.033,0.427,0.0,0.026,0,0,rest
idle-long,41,1708.3,34.5,14.25,0.0,0.0,0.0,0.81,-1.8,46.55,0.15,33.39,1.033,0.427,0.0,0.024,0,0,rest
idle-long,42,1750.0,34.5,14.25,0.0,0.0,0.0,1.02,,,9.66,33.39,1.033,0.427,0.0,0.031,0,0,rest
idle-long,43,1791.7,34.5,14.25,0.0,0.0,0.0,0.98,,,0.06,33.39,1.033,0.427,0.0,0.029,0,0,rest
idle-long,44,1833.3,34.5,14.25,0.0,0.0,0.0,0.98,,,0.06,33.39,1.033,0.427,0.0,0.029,0,0,rest
idle-long,45,1875.0,34.25,16.5,1.0,0.0,0.0,1.89,,,18.94,33.39,1.026,0.494,0.03,0.057,0,0,rest
idle-long,46,1916.7,34.25,17.0,1.0,4.6,0.0,1.42,,,4.2,33.39,1.026,0.509,0.03,0.043,0,0,rest
idle-long,47,1958.3,34.0,16.75,1.0,5.1,0.0,-0.02,,,3.43,33.39,1.018,0.502,0.03,-0.001,0,0,rest
idle-long,48,2000.0,33.75,17.5,2.5,9.3,0.0,-0.12,,,24.3,33.39,1.011,0.524,0.075,-0.004,0,0,rest
idle-long,49,2041.7,33.75,17.5,2.25,8.8,0.0,0.09,,,2.3,33.39,1.011,0.524,0.067,0.003,0,0,rest
idle-long,50,2083.3,34.0,17.5,2.25,9.4,0.0,-0.03,,,0.78,33.39,1.018,0.524,0.067,-0.001,0,0,rest
idle-long,51,2125.0,34.5,18.5,2.75,9.1,0.0,1.3,,,24.73,33.39,1.033,0.554,0.082,0.039,0,0,rest
idle-long,52,2166.7,34.5,17.75,2.75,9.2,0.0,1.33,,,1.0,33.39,1.033,0.532,0.082,0.04,0,0,rest
idle-long,53,2208.3,34.5,18.25,2.75,9.5,0.0,0.45,,,1.68,33.39,1.033,0.547,0.082,0.013,0,0,rest
idle-long,54,2250.0,34.75,18.75,2.75,9.9,0.0,0.95,,,23.29,33.39,1.041,0.562,0.082,0.028,0,0,rest
idle-long,55,2291.7,35.25,17.5,2.75,10.4,0.0,1.09,,,1.56,33.39,1.056,0.524,0.082,0.033,0,1,smile
idle-long,56,2333.3,35.25,17.5,2.75,10.4,0.0,1.09,,,0.0,33.39,1.056,0.524,0.082,0.033,0,1,smile
idle-long,57,2375.0,35.0,17.0,0.75,0.4,0.0,2.92,,,20.66,33.39,1.048,0.509,0.022,0.087,0,1,smile
idle-long,58,2416.7,35.0,17.0,0.75,0.0,0.0,2.98,,,2.18,33.39,1.048,0.509,0.022,0.089,0,1,smile
idle-long,59,2458.3,35.5,17.0,0.75,0.0,0.0,3.06,,,1.7,33.39,1.063,0.509,0.022,0.092,0,1,smile
idle-long,60,2500.0,35.75,16.0,0.75,0.0,0.0,3.8,,,17.4,33.39,1.071,0.479,0.022,0.114,0,1,smile
idle-long,61,2541.7,35.75,16.0,0.75,0.0,0.0,3.05,,,0.71,33.39,1.071,0.479,0.022,0.091,0,1,smile
idle-long,62,2583.3,35.75,15.75,0.75,0.0,0.0,3.06,,,1.87,33.39,1.071,0.472,0.022,0.092,0,1,smile
idle-long,63,2625.0,36.0,15.25,0.0,0.0,0.1,3.23,,,15.27,33.39,1.078,0.457,0.0,0.097,0,1,smile
idle-long,64,2666.7,36.0,15.25,0.0,0.0,0.0,3.03,,,1.59,33.39,1.078,0.457,0.0,0.091,0,1,smile
idle-long,65,2708.3,36.0,14.75,0.0,0.0,0.0,3.09,,,1.52,33.39,1.078,0.442,0.0,0.093,0,1,smile
idle-long,66,2750.0,36.0,14.5,0.0,0.0,0.0,3.17,,,13.03,33.39,1.078,0.434,0.0,0.095,0,1,smile
idle-long,67,2791.7,36.0,14.25,0.0,0.0,0.0,3.17,,,2.18,33.39,1.078,0.427,0.0,0.095,0,1,smile
idle-long,68,2833.3,36.0,14.25,0.0,0.0,0.0,3.17,,,0.0,33.39,1.078,0.427,0.0,0.095,0,1,smile
idle-long,69,2875.0,35.5,14.0,0.0,0.0,0.0,3.42,,,11.03,33.39,1.063,0.419,0.0,0.102,0,1,smile
idle-long,70,2916.7,35.75,14.0,0.0,0.0,0.0,3.41,,,1.19,33.39,1.071,0.419,0.0,0.102,0,1,smile
idle-long,71,2958.3,35.75,13.75,0.0,0.0,0.1,3.47,,,1.2,33.39,1.071,0.412,0.0,0.104,0,1,smile
idle-long,72,3000.0,36.25,13.75,0.0,0.0,0.0,3.92,,,11.26,33.39,1.086,0.412,0.0,0.117,0,1,smile
idle-long,73,3041.7,36.25,13.75,0.0,0.0,0.0,3.86,,,0.19,33.39,1.086,0.412,0.0,0.116,0,1,smile
idle-long,74,3083.3,36.25,13.75,0.0,0.0,0.0,3.86,,,0.0,33.39,1.086,0.412,0.0,0.116,0,1,smile
idle-long,75,3125.0,36.0,13.25,0.0,0.0,0.0,3.33,,,10.73,33.39,1.078,0.397,0.0,0.1,0,1,smile
idle-long,76,3166.7,36.0,13.25,0.0,0.0,0.0,3.33,,,0.5,33.39,1.078,0.397,0.0,0.1,0,1,smile
idle-long,77,3208.3,36.0,13.25,0.0,0.0,0.0,3.33,,,0.58,33.39,1.078,0.397,0.0,0.1,0,1,smile
idle-long,78,3250.0,36.5,13.25,0.0,0.0,0.0,3.12,,,12.47,33.39,1.093,0.397,0.0,0.093,0,1,smile
idle-long,79,3291.7,36.25,13.25,0.0,0.0,0.0,3.12,,,0.31,33.39,1.086,0.397,0.0,0.093,0,1,smile
idle-long,80,3333.3,36.25,13.25,0.0,0.0,0.0,3.12,,,0.15,33.39,1.086,0.397,0.0,0.093,0,1,smile
idle-long,81,3375.0,36.5,13.25,0.0,0.0,0.1,3.47,,,14.06,33.39,1.093,0.397,0.0,0.104,0,1,smile
idle-long,82,3416.7,36.75,13.25,0.0,0.0,0.0,3.69,,,1.46,33.39,1.101,0.397,0.0,0.111,0,1,smile
idle-long,83,3458.3,36.5,13.25,0.0,0.0,0.0,3.7,,,1.1,33.39,1.093,0.397,0.0,0.111,0,1,smile
idle-long,84,3500.0,36.5,13.25,0.0,0.0,0.0,3.58,,,13.13,33.39,1.093,0.397,0.0,0.107,0,1,smile
idle-long,85,3541.7,36.5,13.25,0.0,0.0,0.1,3.58,,,0.15,33.39,1.093,0.397,0.0,0.107,0,1,smile
idle-long,86,3583.3,36.5,13.25,0.0,0.0,0.1,3.58,,,0.0,33.39,1.093,0.397,0.0,0.107,0,1,smile
idle-long,87,3625.0,36.25,13.5,0.0,0.0,0.0,3.8,,,11.04,33.39,1.086,0.404,0.0,0.114,0,1,smile
idle-long,88,3666.7,36.0,13.5,0.0,0.0,0.0,3.5,,,1.28,33.39,1.078,0.404,0.0,0.105,0,1,smile
idle-long,89,3708.3,36.0,13.5,0.0,0.0,0.0,3.42,,,1.01,33.39,1.078,0.404,0.0,0.102,0,1,smile
idle-long,90,3750.0,35.75,13.25,0.0,0.0,0.0,3.38,,,5.32,33.39,1.071,0.397,0.0,0.101,0,1,smile
idle-long,91,3791.7,35.75,13.25,0.0,0.0,0.0,3.38,,,0.05,33.39,1.071,0.397,0.0,0.101,0,1,smile
idle-long,92,3833.3,35.75,13.25,0.0,0.0,0.0,3.38,,,0.03,33.39,1.071,0.397,0.0,0.101,0,1,smile
idle-long,93,3875.0,35.75,13.5,0.0,0.0,0.0,3.34,,,12.17,33.39,1.071,0.404,0.0,0.1,0,1,smile
idle-long,94,3916.7,35.75,13.5,0.0,0.0,0.0,3.11,,,1.38,33.39,1.071,0.404,0.0,0.093,0,1,smile
idle-long,95,3958.3,36.0,13.5,0.0,0.0,0.0,3.11,,,1.07,33.39,1.078,0.404,0.0,0.093,0,1,smile
idle-long,96,4000.0,36.0,13.5,0.0,0.0,0.0,3.11,,,13.96,33.39,1.078,0.404,0.0,0.093,0,1,smile
idle-long,97,4041.7,36.0,13.5,0.0,0.0,0.0,3.12,,,0.94,33.39,1.078,0.404,0.0,0.093,0,1,smile
idle-long,98,4083.3,36.0,13.5,0.0,0.0,0.0,3.12,,,0.07,33.39,1.078,0.404,0.0,0.093,0,1,smile
idle-long,99,4125.0,36.0,13.25,0.0,0.0,0.0,3.17,,,14.53,33.39,1.078,0.397,0.0,0.095,0,1,smile
idle-long,100,4166.7,36.25,13.25,0.0,0.0,0.0,3.19,,,0.41,33.39,1.086,0.397,0.0,0.096,0,1,smile
idle-long,101,4208.3,35.75,13.5,0.0,0.0,0.0,3.3,,,1.01,33.39,1.071,0.404,0.0,0.099,0,1,smile
idle-long,102,4250.0,35.25,13.75,0.0,0.0,0.0,2.97,,,16.22,33.39,1.056,0.412,0.0,0.089,0,1,smile
idle-long,103,4291.7,35.25,13.75,0.0,0.0,0.0,3.47,,,0.63,33.39,1.056,0.412,0.0,0.104,0,1,smile
idle-long,104,4333.3,35.25,13.75,0.0,0.0,0.0,3.47,,,0.04,33.39,1.056,0.412,0.0,0.104,0,1,smile
idle-long,105,4375.0,35.5,14.0,0.0,0.0,0.0,3.22,,,14.35,33.39,1.063,0.419,0.0,0.096,0,1,smile
idle-long,106,4416.7,35.75,14.0,0.0,0.0,0.0,3.19,,,1.67,33.39,1.071,0.419,0.0,0.096,0,1,smile
idle-long,107,4458.3,35.75,14.0,0.0,0.0,0.0,3.17,,,0.71,33.39,1.071,0.419,0.0,0.095,0,1,smile
idle-long,108,4500.0,36.0,14.0,0.0,0.0,0.0,3.33,,,9.82,33.39,1.078,0.419,0.0,0.1,0,1,smile
idle-long,109,4541.7,36.0,14.0,0.0,0.0,0.0,3.16,,,2.19,33.39,1.078,0.419,0.0,0.095,0,1,smile
idle-long,110,4583.3,36.0,14.0,0.0,0.0,0.0,3.16,,,0.12,33.39,1.078,0.419,0.0,0.095,0,1,smile
idle-long,111,4625.0,36.0,14.25,0.0,0.0,0.0,2.61,,,18.04,33.39,1.078,0.427,0.0,0.078,0,1,smile
idle-long,112,4666.7,36.25,14.25,0.0,0.0,0.0,2.97,,,0.85,33.39,1.086,0.427,0.0,0.089,0,1,smile
idle-long,113,4708.3,36.0,14.25,0.0,0.0,0.0,3.11,,,1.02,33.39,1.078,0.427,0.0,0.093,0,1,smile
idle-long,114,4750.0,35.75,14.0,0.0,0.0,0.0,3.62,,,16.84,33.39,1.071,0.419,0.0,0.108,0,1,smile
idle-long,115,4791.7,35.75,14.25,0.0,0.0,0.0,3.62,,,0.48,33.39,1.071,0.427,0.0,0.108,0,1,smile
idle-long,116,4833.3,35.75,14.25,0.0,0.0,0.0,3.62,,,0.18,33.39,1.071,0.427,0.0,0.108,0,1,smile
idle-long,117,4875.0,35.25,14.25,0.0,0.0,0.0,3.16,,,4.22,33.39,1.056,0.427,0.0,0.095,0,1,smile
idle-long,118,4916.7,35.25,14.25,0.0,0.0,0.0,3.16,,,0.44,33.39,1.056,0.427,0.0,0.095,0,1,smile
idle-long,119,4958.3,35.25,14.25,0.0,0.0,0.0,3.16,,,0.36,33.39,1.056,0.427,0.0,0.095,0,1,smile
idle-long,120,5000.0,35.25,14.0,0.0,0.0,0.0,3.14,,,2.59,33.39,1.056,0.419,0.0,0.094,0,1,smile
idle-long,121,5041.7,35.25,14.0,0.0,0.0,0.0,3.14,,,0.99,33.39,1.056,0.419,0.0,0.094,0,1,smile
idle-long,122,5083.3,35.5,14.0,0.0,0.0,0.0,3.12,,,0.17,33.39,1.063,0.419,0.0,0.093,0,1,smile
idle-long,123,5125.0,35.25,13.75,0.0,0.0,0.0,3.34,,,7.98,33.39,1.056,0.412,0.0,0.1,0,1,smile
idle-long,124,5166.7,35.25,13.5,0.0,0.0,0.0,3.33,,,0.86,33.39,1.056,0.404,0.0,0.1,0,1,smile
idle-long,125,5208.3,35.5,13.5,0.0,0.0,0.0,3.47,,,1.04,33.39,1.063,0.404,0.0,0.104,0,1,smile
idle-long,126,5250.0,35.25,14.0,0.0,0.0,0.0,3.2,,,17.1,33.39,1.056,0.419,0.0,0.096,0,1,smile
idle-long,127,5291.7,35.25,14.0,0.0,0.0,0.0,3.45,,,0.35,33.39,1.056,0.419,0.0,0.103,0,1,smile
idle-long,128,5333.3,35.25,14.0,0.0,0.0,0.0,3.45,,,0.0,33.39,1.056,0.419,0.0,0.103,0,1,smile
idle-long,129,5375.0,35.5,14.5,0.0,0.0,0.0,3.27,,,16.86,33.39,1.063,0.434,0.0,0.098,0,1,smile
idle-long,130,5416.7,35.5,14.25,0.0,0.0,0.0,3.45,,,1.67,33.39,1.063,0.427,0.0,0.103,0,1,smile
idle-long,131,5458.3,35.5,14.0,0.0,0.0,0.0,3.69,,,1.41,33.39,1.063,0.419,0.0,0.111,0,1,smile
idle-long,132,5500.0,35.5,13.75,0.0,0.0,0.0,3.02,,,13.51,33.39,1.063,0.412,0.0,0.09,0,1,smile
idle-long,133,5541.7,35.5,13.5,0.0,0.0,0.0,3.41,,,1.22,33.39,1.063,0.404,0.0,0.102,0,1,smile
idle-long,134,5583.3,35.5,13.75,0.0,0.0,0.0,2.91,,,0.94,33.39,1.063,0.412,0.0,0.087,0,1,smile
idle-long,135,5625.0,35.5,13.5,0.0,0.0,0.0,3.62,,,17.77,33.39,1.063,0.404,0.0,0.108,0,1,smile
idle-long,136,5666.7,35.5,14.0,0.0,0.0,0.0,3.41,,,1.31,33.39,1.063,0.419,0.0,0.102,0,1,smile
idle-long,137,5708.3,35.5,14.0,0.0,0.0,0.0,3.42,,,1.25,33.39,1.063,0.419,0.0,0.102,0,1,smile
idle-long,138,5750.0,35.5,13.5,0.0,0.0,0.5,2.67,,,22.47,33.39,1.063,0.404,0.0,0.08,0,1,smile
idle-long,139,5791.7,35.5,13.5,0.0,0.0,0.2,2.78,,,2.16,33.39,1.063,0.404,0.0,0.083,0,1,smile
idle-long,140,5833.3,35.5,13.75,0.0,0.0,0.0,2.84,,,1.44,33.39,1.063,0.412,0.0,0.085,0,1,smile
idle-long,141,5875.0,35.5,14.0,0.0,0.0,0.0,2.94,,,18.44,33.39,1.063,0.419,0.0,0.088,0,1,smile
idle-long,142,5916.7,35.5,13.25,0.0,0.0,0.0,2.94,,,1.66,33.39,1.063,0.397,0.0,0.088,0,1,smile
idle-long,143,5958.3,35.5,13.75,0.0,0.0,0.0,2.92,,,0.53,33.39,1.063,0.412,0.0,0.087,0,1,smile
idle-long,144,6000.0,35.25,14.0,0.0,0.0,0.0,2.72,,,13.49,33.39,1.056,0.419,0.0,0.081,0,1,smile
idle-long,145,6041.7,35.25,13.75,0.0,0.0,0.0,2.67,,,2.17,33.39,1.056,0.412,0.0,0.08,0,1,smile
idle-long,146,6083.3,35.25,13.75,0.0,0.0,0.0,2.67,,,0.65,33.39,1.056,0.412,0.0,0.08,0,1,smile
idle-long,147,6125.0,35.5,13.75,0.0,0.0,0.0,3.06,,,9.31,33.39,1.063,0.412,0.0,0.092,0,1,smile
idle-long,148,6166.7,35.5,13.75,0.0,0.0,0.0,3.08,,,0.41,33.39,1.063,0.412,0.0,0.092,0,1,smile
idle-long,149,6208.3,35.5,13.75,0.0,0.0,0.0,3.34,,,1.77,33.39,1.063,0.412,0.0,0.1,0,1,smile
idle-long,150,6250.0,35.5,13.75,0.0,0.0,0.0,3.11,,,9.49,33.39,1.063,0.412,0.0,0.093,0,1,smile
idle-long,151,6291.7,35.5,13.75,0.0,0.0,0.0,3.11,,,0.22,33.39,1.063,0.412,0.0,0.093,0,1,smile
idle-long,152,6333.3,35.5,13.75,0.0,0.0,0.0,3.11,,,0.39,33.39,1.063,0.412,0.0,0.093,0,1,smile
idle-long,153,6375.0,35.5,14.0,0.0,0.0,0.0,3.48,,,11.01,33.39,1.063,0.419,0.0,0.104,0,1,smile
idle-long,154,6416.7,35.5,14.0,0.0,0.0,0.0,3.48,,,0.66,33.39,1.063,0.419,0.0,0.104,0,1,smile
idle-long,155,6458.3,35.25,13.75,0.0,0.0,0.0,3.38,,,1.95,33.39,1.056,0.412,0.0,0.101,0,1,smile
idle-long,156,6500.0,35.5,13.75,0.0,0.0,1.2,3.27,,,11.39,33.39,1.063,0.412,0.0,0.098,0,1,smile
idle-long,157,6541.7,35.5,13.75,0.0,0.0,1.2,3.27,,,0.28,33.39,1.063,0.412,0.0,0.098,0,1,smile
idle-long,158,6583.3,35.5,13.75,0.0,0.0,0.8,3.28,,,0.79,33.39,1.063,0.412,0.0,0.098,0,1,smile
idle-long,159,6625.0,35.25,13.5,0.0,0.0,0.0,3.3,,,15.63,33.39,1.056,0.404,0.0,0.099,0,1,smile
idle-long,160,6666.7,35.25,13.5,0.0,0.0,0.0,3.3,,,1.77,33.39,1.056,0.404,0.0,0.099,0,1,smile
idle-long,161,6708.3,35.25,13.5,0.0,0.0,0.0,3.3,,,1.33,33.39,1.056,0.404,0.0,0.099,0,1,smile
idle-long,162,6750.0,35.0,13.5,0.0,0.0,0.0,3.36,,,19.07,33.39,1.048,0.404,0.0,0.101,0,1,smile
idle-long,163,6791.7,35.0,13.5,0.0,0.0,0.0,3.36,,,0.07,33.39,1.048,0.404,0.0,0.101,0,1,smile
idle-long,164,6833.3,35.0,13.5,0.0,0.0,0.0,3.36,,,0.0,33.39,1.048,0.404,0.0,0.101,0,1,smile
idle-long,165,6875.0,35.5,14.0,0.0,0.0,0.0,3.08,-152.5,28.85,18.98,33.39,1.063,0.419,0.0,0.092,0,1,smile
idle-long,166,6916.7,35.75,14.0,0.0,0.0,0.0,3.02,,,1.5,33.39,1.071,0.419,0.0,0.09,0,1,smile
idle-long,167,6958.3,36.0,13.75,0.0,0.0,0.0,3.0,,,1.48,33.39,1.078,0.412,0.0,0.09,0,1,smile
idle-long,168,7000.0,35.25,14.0,0.0,0.0,0.0,2.58,,,15.66,33.39,1.056,0.419,0.0,0.077,0,1,smile
idle-long,169,7041.7,35.25,14.0,0.0,0.0,0.0,2.59,,,0.75,33.39,1.056,0.419,0.0,0.078,0,1,smile
idle-long,170,7083.3,35.5,14.0,0.0,0.0,0.0,2.67,,,1.71,33.39,1.063,0.419,0.0,0.08,0,1,smile
idle-long,171,7125.0,35.5,13.75,0.0,0.0,0.0,2.48,-0.0,48.9,22.06,33.39,1.063,0.412,0.0,0.074,0,1,smile
idle-long,172,7166.7,35.5,14.0,0.0,0.0,0.0,2.38,-0.6,48.87,1.34,33.39,1.063,0.419,0.0,0.071,0,1,smile
idle-long,173,7208.3,35.5,14.0,0.0,0.0,0.0,2.42,-0.5,49.8,1.2,33.39,1.063,0.419,0.0,0.072,0,1,smile
idle-long,174,7250.0,35.5,13.75,0.0,0.0,0.0,3.11,-0.3,49.09,22.21,33.39,1.063,0.412,0.0,0.093,0,1,smile
idle-long,175,7291.7,35.5,13.75,0.0,0.0,0.0,3.39,-0.2,48.99,0.77,33.39,1.063,0.412,0.0,0.102,0,1,smile
idle-long,176,7333.3,35.5,13.75,0.0,0.0,0.0,3.39,-0.2,48.99,0.0,33.39,1.063,0.412,0.0,0.102,0,1,smile
idle-long,177,7375.0,35.75,13.5,0.0,0.0,0.0,2.69,0.1,47.75,17.52,33.39,1.071,0.404,0.0,0.081,0,1,smile
idle-long,178,7416.7,35.5,13.75,0.0,0.0,0.0,2.78,0.3,48.09,1.43,33.39,1.063,0.412,0.0,0.083,0,1,smile
idle-long,179,7458.3,35.5,14.0,0.0,0.0,0.0,2.78,0.0,48.28,1.44,33.39,1.063,0.419,0.0,0.083,0,1,smile
idle-long,180,7500.0,35.25,13.75,0.0,0.0,0.0,2.72,-0.7,48.51,10.05,33.39,1.056,0.412,0.0,0.081,0,1,smile
idle-long,181,7541.7,35.5,14.0,0.0,0.0,0.0,2.98,-0.2,47.24,2.29,33.39,1.063,0.419,0.0,0.089,0,1,smile
idle-long,182,7583.3,35.5,14.0,0.0,0.0,0.0,2.98,-0.3,47.32,0.43,33.39,1.063,0.419,0.0,0.089,0,1,smile
idle-long,183,7625.0,35.25,14.0,0.0,0.0,0.0,3.14,-0.3,47.44,12.59,33.39,1.056,0.419,0.0,0.094,0,1,smile
idle-long,184,7666.7,35.25,13.75,0.0,0.0,0.0,2.64,-0.3,47.44,1.05,33.39,1.056,0.412,0.0,0.079,0,1,smile
idle-long,185,7708.3,35.25,13.5,0.0,0.0,0.0,2.39,-0.4,47.43,1.0,33.39,1.056,0.404,0.0,0.072,0,1,smile
idle-long,186,7750.0,35.0,13.5,0.0,0.0,0.0,3.27,-0.7,47.86,13.98,33.39,1.048,0.404,0.0,0.098,0,1,smile
idle-long,187,7791.7,35.0,13.5,0.0,0.0,0.0,3.27,-0.9,47.91,0.1,33.39,1.048,0.404,0.0,0.098,0,1,smile
idle-long,188,7833.3,35.0,13.5,0.0,0.0,0.0,3.27,-0.9,47.91,0.0,33.39,1.048,0.404,0.0,0.098,0,1,smile
idle-long,189,7875.0,35.5,13.25,0.0,0.0,0.0,3.0,1.2,50.13,13.68,33.39,1.063,0.397,0.0,0.09,0,1,smile
idle-long,190,7916.7,35.5,13.25,0.0,0.0,0.0,3.02,-1.1,45.37,0.83,33.39,1.063,0.397,0.0,0.09,0,1,smile
idle-long,191,7958.3,35.5,13.25,0.0,0.0,0.0,3.03,-0.5,49.68,0.88,33.39,1.063,0.397,0.0,0.091,0,1,smile
idle-long,192,8000.0,35.5,13.25,0.0,0.0,0.0,3.02,-1.2,45.3,11.49,33.39,1.063,0.397,0.0,0.09,0,1,smile
idle-long,193,8041.7,35.5,13.5,0.0,0.0,0.0,2.92,-0.0,44.58,1.51,33.39,1.063,0.404,0.0,0.087,0,1,smile
idle-long,194,8083.3,35.25,13.75,0.0,0.0,0.0,2.92,0.0,45.0,0.49,33.39,1.056,0.412,0.0,0.087,0,1,smile
idle-long,195,8125.0,35.25,13.5,0.0,0.0,0.0,3.08,-1.0,47.97,11.21,33.39,1.056,0.404,0.0,0.092,0,1,smile
idle-long,196,8166.7,35.25,13.5,0.0,0.0,0.0,2.94,-0.6,45.55,0.77,33.39,1.056,0.404,0.0,0.088,0,1,smile
idle-long,197,8208.3,35.25,13.75,0.0,0.0,0.0,3.11,-0.7,44.69,1.98,33.39,1.056,0.412,0.0,0.093,0,1,smile
idle-long,198,8250.0,35.5,13.25,0.0,0.0,0.0,3.47,-0.3,46.14,12.16,33.39,1.063,0.397,0.0,0.104,0,1,smile
idle-long,199,8291.7,35.5,13.25,0.0,0.0,0.0,3.47,0.2,46.78,0.19,33.39,1.063,0.397,0.0,0.104,0,1,smile
idle-long,200,8333.3,35.75,13.5,0.0,0.0,0.0,3.47,-0.8,46.62,1.3,33.39,1.071,0.404,0.0,0.104,0,1,smile
idle-long,201,8375.0,35.5,13.75,0.0,0.0,0.0,2.75,-0.0,46.61,15.08,33.39,1.063,0.412,0.0,0.082,0,1,smile
idle-long,202,8416.7,35.5,13.5,0.0,0.0,0.0,2.7,0.2,47.17,2.56,33.39,1.063,0.404,0.0,0.081,0,1,smile
idle-long,203,8458.3,35.0,13.5,0.0,0.0,0.0,2.8,0.4,47.36,2.31,33.39,1.048,0.404,0.0,0.084,0,1,smile
idle-long,204,8500.0,35.25,13.25,0.0,0.0,0.1,2.92,0.1,47.45,16.33,33.39,1.056,0.397,0.0,0.087,0,1,smile
idle-long,205,8541.7,35.0,13.5,0.0,0.0,0.0,2.92,0.4,46.71,2.22,33.39,1.048,0.404,0.0,0.087,0,1,smile
idle-long,206,8583.3,35.25,13.5,0.0,0.0,0.0,3.0,0.0,46.91,1.71,33.39,1.056,0.404,0.0,0.09,0,1,smile
idle-long,207,8625.0,35.25,13.0,0.0,0.0,0.0,2.89,-0.3,47.47,14.29,33.39,1.056,0.389,0.0,0.087,0,1,smile
idle-long,208,8666.7,35.5,13.25,0.0,0.0,0.0,3.78,0.3,46.82,1.38,33.39,1.063,0.397,0.0,0.113,0,1,smile
idle-long,209,8708.3,35.5,13.5,0.0,0.0,0.0,3.69,0.4,46.2,1.76,33.39,1.063,0.404,0.0,0.111,0,1,smile
idle-long,210,8750.0,35.0,13.5,0.0,0.0,0.0,3.45,0.3,47.31,15.51,33.39,1.048,0.404,0.0,0.103,0,1,smile
idle-long,211,8791.7,35.0,13.5,0.0,0.0,0.0,3.44,0.6,46.81,0.0,33.39,1.048,0.404,0.0,0.103,0,1,smile
idle-long,212,8833.3,35.0,13.5,0.0,0.0,0.0,3.44,0.6,46.81,0.05,33.39,1.048,0.404,0.0,0.103,0,1,smile
idle-long,213,8875.0,35.0,13.75,0.0,0.0,0.0,2.88,-0.1,48.24,18.93,33.39,1.048,0.412,0.0,0.086,0,1,smile
idle-long,214,8916.7,34.75,13.75,0.0,0.0,0.0,3.17,-0.8,47.96,2.1,33.39,1.041,0.412,0.0,0.095,0,0,rest
idle-long,215,8958.3,34.75,13.5,0.0,0.0,0.0,3.25,-1.3,48.02,1.67,33.39,1.041,0.404,0.0,0.097,0,0,rest
idle-long,216,9000.0,35.0,13.5,0.0,0.0,0.0,3.36,-1.5,48.17,16.87,33.39,1.048,0.404,0.0,0.101,0,1,smile
idle-long,217,9041.7,34.75,13.5,0.0,0.0,0.0,3.11,0.1,43.69,2.37,33.39,1.041,0.404,0.0,0.093,0,0,rest
idle-long,218,9083.3,34.75,13.5,0.0,0.0,0.0,3.11,-0.1,43.32,0.32,33.39,1.041,0.404,0.0,0.093,0,0,rest
idle-long,219,9125.0,35.0,13.25,0.0,0.0,0.0,2.94,-1.4,47.26,9.02,33.39,1.048,0.397,0.0,0.088,0,1,smile
idle-long,220,9166.7,35.25,13.25,0.0,0.0,0.0,2.94,-1.4,47.26,0.45,33.39,1.056,0.397,0.0,0.088,0,1,smile
idle-long,221,9208.3,35.0,13.5,0.0,0.0,0.0,3.16,-1.4,47.44,0.9,33.39,1.048,0.404,0.0,0.095,0,1,smile
idle-long,222,9250.0,35.25,13.25,0.0,0.0,0.0,3.17,-0.7,47.45,12.7,33.39,1.056,0.397,0.0,0.095,0,1,smile
idle-long,223,9291.7,35.25,13.25,0.0,0.0,0.0,3.19,-0.9,47.37,0.49,33.39,1.056,0.397,0.0,0.096,0,1,smile
idle-long,224,9333.3,35.25,13.25,0.0,0.0,0.0,3.19,-0.9,47.37,0.0,33.39,1.056,0.397,0.0,0.096,0,1,smile
idle-long,225,9375.0,35.25,13.5,0.0,0.0,0.0,3.12,0.7,48.18,13.44,33.39,1.056,0.404,0.0,0.093,0,1,smile
idle-long,226,9416.7,35.25,13.5,0.0,0.0,0.0,3.11,0.0,47.62,1.52,33.39,1.056,0.404,0.0,0.093,0,1,smile
idle-long,227,9458.3,35.25,13.5,0.0,0.0,0.0,3.17,-1.2,48.05,1.11,33.39,1.056,0.404,0.0,0.095,0,1,smile
idle-long,228,9500.0,35.5,13.25,0.0,0.0,0.0,2.92,0.7,47.29,12.14,33.39,1.063,0.397,0.0,0.087,0,1,smile
idle-long,229,9541.7,35.5,13.25,0.0,0.0,0.0,2.89,0.5,47.2,0.34,33.39,1.063,0.397,0.0,0.087,0,1,smile
idle-long,230,9583.3,35.5,13.25,0.0,0.0,0.0,2.59,0.5,47.2,0.84,33.39,1.063,0.397,0.0,0.078,0,1,smile
idle-long,231,9625.0,35.5,13.25,0.0,0.0,0.0,3.66,0.5,47.69,6.22,33.39,1.063,0.397,0.0,0.11,0,1,smile
idle-long,232,9666.7,35.25,13.25,0.0,0.0,0.0,3.72,0.5,47.69,0.99,33.39,1.056,0.397,0.0,0.111,0,1,smile
idle-long,233,9708.3,35.25,13.25,0.0,0.0,0.0,3.27,0.5,48.11,1.81,33.39,1.056,0.397,0.0,0.098,0,1,smile
idle-long,234,9750.0,35.25,13.25,0.0,0.0,0.0,3.38,0.6,46.55,9.25,33.39,1.056,0.397,0.0,0.101,0,1,smile
idle-long,235,9791.7,35.25,13.25,0.0,0.0,0.0,3.62,0.5,46.77,0.62,33.39,1.056,0.397,0.0,0.108,0,1,smile
idle-long,236,9833.3,35.25,13.25,0.0,0.0,0.0,3.62,0.5,46.77,0.0,33.39,1.056,0.397,0.0,0.108,0,1,smile
idle-long,237,9875.0,35.25,13.25,0.0,0.0,0.0,3.78,-0.1,47.4,7.56,33.39,1.056,0.397,0.0,0.113,0,1,smile
idle-long,238,9916.7,35.25,13.25,0.0,0.0,0.0,3.78,-0.0,47.45,0.18,33.39,1.056,0.397,0.0,0.113,0,1,smile
idle-long,239,9958.3,35.25,13.25,0.0,0.0,0.0,3.78,-0.2,47.03,0.04,33.39,1.056,0.397,0.0,0.113,0,1,smile
idle-long,240,10000.0,35.5,13.0,0.0,0.0,0.0,3.7,-0.5,46.63,6.81,33.39,1.063,0.389,0.0,0.111,0,1,smile
smirk,0,0.0,42.25,16.25,0.0,0.0,0.0,4.53,-1.8,52.69,0.0,36.33,1.163,0.447,0.0,0.125,0,1,smile
smirk,1,41.7,42.0,16.25,0.0,0.0,7.7,4.67,-1.6,51.53,0.92,36.33,1.156,0.447,0.0,0.129,0,1,smile
smirk,2,83.3,42.25,16.75,0.0,0.0,11.7,4.59,-1.5,51.97,1.21,36.33,1.163,0.461,0.0,0.126,0,1,smile
smirk,3,125.0,42.25,16.75,0.0,0.0,11.8,4.59,-1.5,51.97,0.27,36.33,1.163,0.461,0.0,0.126,0,1,smile
smirk,4,166.7,42.25,16.75,0.0,0.0,11.8,4.59,-1.4,51.81,0.02,36.33,1.163,0.461,0.0,0.126,0,1,smile
smirk,5,208.3,42.0,16.75,0.0,0.0,12.3,4.67,-1.4,51.81,0.98,36.33,1.156,0.461,0.0,0.129,0,1,smile
smirk,6,250.0,42.0,16.75,0.0,0.0,12.1,4.62,-1.4,51.81,0.28,36.33,1.156,0.461,0.0,0.127,0,1,smile
smirk,7,291.7,42.0,17.0,0.0,0.0,12.9,4.61,-1.4,51.81,0.23,36.33,1.156,0.468,0.0,0.127,0,1,smile
smirk,8,333.3,42.0,17.0,0.0,0.0,12.8,4.62,-1.4,51.87,0.24,36.33,1.156,0.468,0.0,0.127,0,1,smile
smirk,9,375.0,42.0,17.0,0.0,0.0,15.4,4.64,-1.8,52.93,1.31,36.33,1.156,0.468,0.0,0.128,0,1,smile
smirk,10,416.7,42.0,17.0,0.0,0.0,14.6,4.72,-2.2,53.05,1.02,36.33,1.156,0.468,0.0,0.13,0,1,smile
smirk,11,458.3,42.0,17.0,0.0,0.0,14.6,4.72,-2.3,53.02,0.0,36.33,1.156,0.468,0.0,0.13,0,1,smile
smirk,12,500.0,41.75,17.0,0.0,0.0,12.0,4.64,-2.5,52.6,7.05,36.33,1.149,0.468,0.0,0.128,0,1,smile
smirk,13,541.7,41.75,17.25,0.0,0.0,11.8,4.69,-3.1,52.13,1.82,36.33,1.149,0.475,0.0,0.129,0,1,smile
smirk,14,583.3,41.75,17.25,0.0,0.0,13.2,4.59,-3.5,51.81,0.98,36.33,1.149,0.475,0.0,0.126,0,1,smile
smirk,15,625.0,41.75,17.75,0.0,0.0,12.9,4.73,-5.4,52.69,8.62,36.33,1.149,0.489,0.0,0.13,0,1,smile
smirk,16,666.7,41.75,18.0,0.0,0.0,12.1,4.59,-6.1,52.45,1.51,36.33,1.149,0.495,0.0,0.126,0,1,smile
smirk,17,708.3,41.75,18.25,0.0,0.0,12.1,4.48,-6.0,51.85,1.25,36.33,1.149,0.502,0.0,0.123,0,1,smile
smirk,18,750.0,40.75,18.75,0.0,0.0,14.0,4.64,-8.5,52.37,10.38,36.33,1.122,0.516,0.0,0.128,0,1,smile
smirk,19,791.7,40.75,19.0,0.0,0.0,13.5,4.58,-9.0,52.28,1.48,36.33,1.122,0.523,0.0,0.126,0,1,smile
smirk,20,833.3,40.75,19.0,0.0,0.0,13.3,4.59,-9.6,51.44,1.65,36.33,1.122,0.523,0.0,0.126,0,1,smile
smirk,21,875.0,40.75,21.0,0.0,0.0,6.2,4.45,-13.1,50.91,12.26,36.33,1.122,0.578,0.0,0.122,0,1,smile
smirk,22,916.7,40.0,21.0,0.0,0.0,7.8,4.53,-14.0,52.02,3.33,36.33,1.101,0.578,0.0,0.125,0,1,smile
smirk,23,958.3,40.0,21.0,0.0,0.0,7.8,4.5,-14.0,51.93,1.11,36.33,1.101,0.578,0.0,0.124,0,1,smile
smirk,24,1000.0,39.5,22.25,0.0,0.0,12.7,4.89,-18.2,51.58,12.21,36.33,1.087,0.612,0.0,0.135,0,1,smile
smirk,25,1041.7,39.25,23.0,0.0,0.0,14.0,4.81,-18.4,51.13,2.36,36.33,1.08,0.633,0.0,0.132,0,1,smile
smirk,26,1083.3,39.25,23.25,0.0,0.0,10.7,4.81,-18.8,50.94,2.1,36.33,1.08,0.64,0.0,0.132,0,1,smile
smirk,27,1125.0,38.25,24.0,0.0,0.0,12.8,4.94,-22.0,51.98,12.09,36.33,1.053,0.661,0.0,0.136,0,1,smile
smirk,28,1166.7,38.0,24.0,0.0,0.0,11.2,4.72,-23.2,51.2,2.83,36.33,1.046,0.661,0.0,0.13,0,1,smile
smirk,29,1208.3,38.25,24.0,0.0,0.0,5.1,4.61,-23.5,51.21,1.43,36.33,1.053,0.661,0.0,0.127,0,1,smile
smirk,30,1250.0,37.25,25.25,0.0,0.0,8.8,4.91,-26.7,51.06,11.48,36.33,1.025,0.695,0.0,0.135,0,0,rest
smirk,31,1291.7,37.25,25.25,0.0,0.0,8.3,4.89,-26.6,51.67,1.44,36.33,1.025,0.695,0.0,0.135,0,0,rest
smirk,32,1333.3,37.25,25.25,0.0,0.0,6.8,4.86,-26.7,51.41,3.5,36.33,1.025,0.695,0.0,0.134,0,0,rest
smirk,33,1375.0,36.0,26.25,0.0,0.0,1.2,4.88,-29.6,51.74,10.48,36.33,0.991,0.723,0.0,0.134,0,0,rest
smirk,34,1416.7,36.0,26.25,0.0,0.0,0.4,5.09,-29.6,52.02,1.76,36.33,0.991,0.723,0.0,0.14,0,0,rest
smirk,35,1458.3,36.25,26.5,0.0,0.0,0.2,5.0,-30.2,51.74,2.65,36.33,0.998,0.729,0.0,0.138,0,0,rest
smirk,36,1500.0,35.25,27.25,0.0,0.0,0.1,5.34,-31.7,52.08,8.26,36.33,0.97,0.75,0.0,0.147,0,0,rest
smirk,37,1541.7,35.0,27.0,0.0,0.0,0.1,5.39,-31.9,51.85,0.79,36.33,0.963,0.743,0.0,0.148,0,0,rest
smirk,38,1583.3,35.0,27.0,0.0,0.0,0.1,5.33,-31.8,51.67,0.69,36.33,0.963,0.743,0.0,0.147,0,0,rest
smirk,39,1625.0,34.5,28.0,0.0,0.0,0.4,5.27,-32.5,50.6,5.59,36.33,0.95,0.771,0.0,0.145,0,0,rest
smirk,40,1666.7,34.5,28.0,0.0,0.0,0.4,5.28,-32.5,50.6,0.36,36.33,0.95,0.771,0.0,0.145,0,0,rest
smirk,41,1708.3,34.5,28.0,0.0,0.0,0.4,5.3,-32.4,50.45,0.39,36.33,0.95,0.771,0.0,0.146,0,0,rest
smirk,42,1750.0,34.75,28.25,0.0,0.0,0.0,5.22,-32.7,49.84,6.75,36.33,0.957,0.778,0.0,0.144,0,0,rest
smirk,43,1791.7,35.0,28.0,0.0,0.0,0.1,5.31,-32.7,50.55,2.24,36.33,0.963,0.771,0.0,0.146,0,0,rest
smirk,44,1833.3,34.75,27.75,0.0,0.0,0.0,5.33,-32.7,50.33,2.06,36.33,0.957,0.764,0.0,0.147,0,0,rest
smirk,45,1875.0,34.75,28.0,0.0,0.0,0.1,5.42,-33.4,50.45,12.91,36.33,0.957,0.771,0.0,0.149,0,0,rest
smirk,46,1916.7,34.5,28.25,0.0,0.0,0.0,5.64,-32.9,50.98,4.51,36.33,0.95,0.778,0.0,0.155,0,0,rest
smirk,47,1958.3,34.5,28.25,0.0,0.0,1.1,5.56,-32.8,50.44,2.12,36.33,0.95,0.778,0.0,0.153,0,0,rest
smirk,48,2000.0,34.75,27.5,0.0,0.0,0.0,5.27,-32.4,49.73,14.88,36.33,0.957,0.757,0.0,0.145,0,0,rest
smirk,49,2041.7,34.5,27.5,0.0,0.0,0.4,5.3,-32.2,49.62,6.65,36.33,0.95,0.757,0.0,0.146,0,0,rest
smirk,50,2083.3,34.75,27.5,0.0,0.0,0.2,5.36,-32.1,49.83,6.66,36.33,0.957,0.757,0.0,0.148,0,0,rest
smirk,51,2125.0,34.75,27.5,0.0,0.0,0.2,5.31,-33.0,49.81,16.03,36.33,0.957,0.757,0.0,0.146,0,0,rest
smirk,52,2166.7,34.5,27.75,0.0,0.0,0.1,5.69,-32.2,49.45,7.39,36.33,0.95,0.764,0.0,0.157,0,0,rest
smirk,53,2208.3,34.75,28.25,0.75,0.0,1.1,4.78,-32.5,50.28,6.08,36.33,0.957,0.778,0.021,0.132,0,0,rest
smirk,54,2250.0,34.75,28.0,0.0,0.0,1.7,5.12,-32.1,50.79,18.04,36.33,0.957,0.771,0.0,0.141,0,0,rest
smirk,55,2291.7,34.75,27.5,0.0,0.0,2.8,5.52,-32.4,51.61,11.73,36.33,0.957,0.757,0.0,0.152,0,0,rest
smirk,56,2333.3,34.75,29.25,0.0,0.0,0.6,5.36,-32.8,51.91,7.09,36.33,0.957,0.805,0.0,0.148,0,0,rest
smirk,57,2375.0,35.25,27.25,0.0,0.0,0.0,5.62,-30.6,51.56,16.94,36.33,0.97,0.75,0.0,0.155,0,0,rest
smirk,58,2416.7,35.25,26.5,0.0,0.0,0.8,5.84,-30.3,51.89,9.31,36.33,0.97,0.729,0.0,0.161,0,0,rest
smirk,59,2458.3,35.0,26.75,0.0,0.0,0.0,5.77,-30.8,51.7,6.59,36.33,0.963,0.736,0.0,0.159,0,0,rest
smirk,60,2500.0,35.5,26.5,0.0,0.0,0.2,6.31,-29.3,51.85,15.89,36.33,0.977,0.729,0.0,0.174,0,0,rest
smirk,61,2541.7,35.25,26.5,0.0,0.0,0.4,5.91,-29.8,51.91,7.12,36.33,0.97,0.729,0.0,0.163,0,0,rest
smirk,62,2583.3,35.5,26.5,0.0,0.0,0.4,5.62,-29.4,52.43,5.64,36.33,0.977,0.729,0.0,0.155,0,0,rest
smirk,63,2625.0,36.25,26.0,0.0,0.0,1.8,5.64,,,13.28,36.33,0.998,0.716,0.0,0.155,0,0,rest
smirk,64,2666.7,36.25,25.75,0.0,0.0,0.2,5.78,,,3.86,36.33,0.998,0.709,0.0,0.159,0,0,rest
smirk,65,2708.3,36.5,25.5,0.0,0.0,0.0,5.42,,,3.56,36.33,1.005,0.702,0.0,0.149,0,0,rest
smirk,66,2750.0,37.75,25.0,0.0,0.0,1.9,5.33,,,16.67,36.33,1.039,0.688,0.0,0.147,0,0,rest
smirk,67,2791.7,37.5,24.5,0.0,0.0,0.0,5.64,,,5.04,36.33,1.032,0.674,0.0,0.155,0,0,rest
smirk,68,2833.3,38.0,24.5,0.0,0.0,0.0,5.62,,,5.81,36.33,1.046,0.674,0.0,0.155,0,1,smile
smirk,69,2875.0,39.5,23.0,0.0,0.0,0.1,5.86,,,20.21,36.33,1.087,0.633,0.0,0.161,0,1,smile
smirk,70,2916.7,39.5,23.0,0.0,0.0,0.4,5.52,,,12.05,36.33,1.087,0.633,0.0,0.152,0,1,smile
smirk,71,2958.3,39.5,22.75,0.0,0.0,0.1,5.62,,,7.84,36.33,1.087,0.626,0.0,0.155,0,1,smile
smirk,72,3000.0,40.5,21.5,0.0,0.0,1.2,5.2,,,21.01,36.33,1.115,0.592,0.0,0.143,0,1,smile
smirk,73,3041.7,40.25,21.0,0.0,0.0,3.2,5.14,,,5.27,36.33,1.108,0.578,0.0,0.141,0,1,smile
smirk,74,3083.3,40.25,21.0,0.0,0.0,1.3,5.39,,,4.57,36.33,1.108,0.578,0.0,0.148,0,1,smile
smirk,75,3125.0,41.5,19.75,0.0,0.0,5.2,5.34,,,13.29,36.33,1.142,0.544,0.0,0.147,0,1,smile
smirk,76,3166.7,41.25,20.0,0.0,0.0,10.4,5.16,,,5.75,36.33,1.135,0.551,0.0,0.142,0,1,smile
smirk,77,3208.3,41.25,19.5,0.0,0.0,13.4,5.19,,,4.15,36.33,1.135,0.537,0.0,0.143,0,1,smile
smirk,78,3250.0,41.75,18.5,0.0,0.0,5.8,4.92,-7.4,51.1,16.23,36.33,1.149,0.509,0.0,0.135,0,1,smile
smirk,79,3291.7,42.25,18.25,0.0,0.0,0.1,5.03,-6.8,50.84,5.46,36.33,1.163,0.502,0.0,0.138,0,1,smile
smirk,80,3333.3,42.5,18.0,0.0,0.0,0.1,4.83,-6.4,50.85,3.42,36.33,1.17,0.495,0.0,0.133,0,1,smile
smirk,81,3375.0,43.25,17.5,0.0,0.0,0.4,5.09,-2.6,51.3,12.97,36.33,1.191,0.482,0.0,0.14,0,1,smile
smirk,82,3416.7,43.25,17.0,0.0,0.0,0.0,4.73,-2.5,51.11,1.44,36.33,1.191,0.468,0.0,0.13,0,1,smile
smirk,83,3458.3,43.25,17.0,0.0,0.0,0.0,4.94,-2.4,51.5,1.64,36.33,1.191,0.468,0.0,0.136,0,1,smile
smirk,84,3500.0,43.5,16.75,0.0,0.0,0.1,4.5,-1.0,51.55,8.36,36.33,1.197,0.461,0.0,0.124,0,1,smile
smirk,85,3541.7,43.75,16.75,0.0,0.0,3.9,4.69,-1.1,51.19,1.62,36.33,1.204,0.461,0.0,0.129,0,1,smile
smirk,86,3583.3,43.5,16.75,0.0,0.0,6.9,4.67,-1.6,51.26,2.69,36.33,1.197,0.461,0.0,0.129,0,1,smile
smirk,87,3625.0,43.5,17.0,0.0,0.0,9.7,5.22,-0.3,51.35,9.83,36.33,1.197,0.468,0.0,0.144,0,1,smile
smirk,88,3666.7,43.75,16.25,0.0,0.0,14.5,5.3,-0.8,51.32,2.84,36.33,1.204,0.447,0.0,0.146,0,1,smile
smirk,89,3708.3,43.5,16.25,0.0,0.0,12.1,5.45,-0.8,51.41,1.13,36.33,1.197,0.447,0.0,0.15,0,1,smile
smirk,90,3750.0,43.25,16.25,0.0,0.0,3.2,5.45,-0.2,50.91,11.04,36.33,1.191,0.447,0.0,0.15,0,1,smile
smirk,91,3791.7,43.5,16.25,0.0,0.0,11.0,5.64,0.2,51.17,2.23,36.33,1.197,0.447,0.0,0.155,0,1,smile
smirk,92,3833.3,43.5,16.25,0.0,0.0,11.0,5.64,0.2,51.17,0.11,36.33,1.197,0.447,0.0,0.155,0,1,smile
smirk,93,3875.0,43.5,16.5,0.0,0.0,4.2,5.36,1.4,52.35,9.49,36.33,1.197,0.454,0.0,0.148,0,1,smile
smirk,94,3916.7,43.5,16.25,0.0,0.0,3.9,5.25,1.2,51.69,1.83,36.33,1.197,0.447,0.0,0.145,0,1,smile
smirk,95,3958.3,43.5,16.25,0.0,0.0,3.9,5.25,1.2,51.69,0.21,36.33,1.197,0.447,0.0,0.145,0,1,smile
smirk,96,4000.0,43.5,16.25,0.0,0.0,29.9,5.52,1.3,51.39,4.7,36.33,1.197,0.447,0.0,0.152,0,1,smile
smirk,97,4041.7,44.0,16.5,0.0,0.0,29.1,5.42,1.3,51.38,1.14,36.33,1.211,0.454,0.0,0.149,0,1,smile
smirk,98,4083.3,44.0,16.5,0.0,0.0,27.1,5.47,1.3,51.45,0.78,36.33,1.211,0.454,0.0,0.151,0,1,smile
smirk,99,4125.0,43.5,16.25,0.0,0.0,23.3,5.7,1.1,51.28,5.55,36.33,1.197,0.447,0.0,0.157,0,1,smile
smirk,100,4166.7,43.5,16.25,0.0,0.0,23.3,5.7,1.1,51.28,0.0,36.33,1.197,0.447,0.0,0.157,0,1,smile
smirk,101,4208.3,43.5,16.25,0.0,0.0,24.6,5.72,1.0,51.36,1.14,36.33,1.197,0.447,0.0,0.157,0,1,smile
smirk,102,4250.0,43.75,16.25,0.0,0.0,23.9,5.69,1.0,51.39,0.97,36.33,1.204,0.447,0.0,0.157,0,1,smile
smirk,103,4291.7,43.75,16.25,0.0,0.0,23.9,5.69,1.0,51.39,0.16,36.33,1.204,0.447,0.0,0.157,0,1,smile
smirk,104,4333.3,43.75,16.25,0.0,0.0,23.9,5.69,0.9,51.47,0.15,36.33,1.204,0.447,0.0,0.157,0,1,smile
smirk,105,4375.0,43.5,16.25,0.0,0.0,28.0,5.75,1.0,51.32,1.13,36.33,1.197,0.447,0.0,0.158,0,1,smile
smirk,106,4416.7,43.5,16.25,0.0,0.0,28.0,5.75,1.0,51.32,0.07,36.33,1.197,0.447,0.0,0.158,0,1,smile
smirk,107,4458.3,43.5,16.25,0.0,0.0,30.6,5.75,1.0,51.25,0.38,36.33,1.197,0.447,0.0,0.158,0,1,smile
smirk,108,4500.0,43.5,16.25,0.0,0.0,31.0,5.73,1.1,51.4,0.36,36.33,1.197,0.447,0.0,0.158,0,1,smile
smirk,109,4541.7,43.5,16.25,0.0,0.0,30.9,5.72,1.1,51.4,0.5,36.33,1.197,0.447,0.0,0.157,0,1,smile
smirk,110,4583.3,43.5,16.25,0.0,0.0,30.4,5.69,1.1,51.4,0.29,36.33,1.197,0.447,0.0,0.157,0,1,smile
smirk,111,4625.0,43.5,16.25,0.0,0.0,30.5,5.7,1.1,51.4,0.09,36.33,1.197,0.447,0.0,0.157,0,1,smile
smirk,112,4666.7,43.5,16.25,0.0,0.0,17.3,5.69,1.1,51.4,0.36,36.33,1.197,0.447,0.0,0.157,0,1,smile
smirk,113,4708.3,43.5,16.25,0.0,0.0,16.8,5.7,1.1,51.4,0.6,36.33,1.197,0.447,0.0,0.157,0,1,smile
smirk,114,4750.0,43.5,16.25,0.0,0.0,11.8,5.72,1.1,51.4,0.5,36.33,1.197,0.447,0.0,0.157,0,1,smile
smirk,115,4791.7,43.5,16.25,0.0,0.0,11.8,5.72,1.2,51.38,0.2,36.33,1.197,0.447,0.0,0.157,0,1,smile
smirk,116,4833.3,43.75,16.25,0.0,0.0,11.8,5.67,1.2,51.36,0.26,36.33,1.204,0.447,0.0,0.156,0,1,smile
smirk,117,4875.0,43.5,16.25,0.0,0.0,12.5,5.72,1.1,51.44,0.97,36.33,1.197,0.447,0.0,0.157,0,1,smile
smirk,118,4916.7,43.5,16.25,0.0,0.0,12.1,5.73,1.1,51.44,0.42,36.33,1.197,0.447,0.0,0.158,0,1,smile
smirk,119,4958.3,43.5,16.25,0.0,0.0,12.1,5.73,1.1,51.34,0.28,36.33,1.197,0.447,0.0,0.158,0,1,smile
smirk,120,5000.0,43.5,16.25,0.0,0.0,12.2,5.73,1.2,51.31,0.12,36.33,1.197,0.447,0.0,0.158,0,1,smile
smirk,121,5041.7,43.5,16.25,0.0,0.0,24.6,5.75,0.5,51.41,0.63,36.33,1.197,0.447,0.0,0.158,0,1,smile
smirk,122,5083.3,43.5,16.25,0.0,0.0,23.7,5.73,0.5,51.41,0.18,36.33,1.197,0.447,0.0,0.158,0,1,smile
smirk,123,5125.0,43.5,16.25,0.0,0.0,23.7,5.72,0.5,51.47,0.28,36.33,1.197,0.447,0.0,0.157,0,1,smile
smirk,124,5166.7,43.5,16.25,0.0,0.0,23.6,5.72,0.5,51.47,0.35,36.33,1.197,0.447,0.0,0.157,0,1,smile
smirk,125,5208.3,43.5,16.25,0.0,0.0,17.9,5.7,0.8,51.18,0.41,36.33,1.197,0.447,0.0,0.157,0,1,smile
smirk,126,5250.0,43.5,16.25,0.0,0.0,17.9,5.7,0.8,51.18,0.22,36.33,1.197,0.447,0.0,0.157,0,1,smile
smirk,127,5291.7,43.5,16.25,0.0,0.0,20.5,5.7,1.0,51.48,0.15,36.33,1.197,0.447,0.0,0.157,0,1,smile
smirk,128,5333.3,43.5,16.25,0.0,0.0,20.7,5.7,1.2,51.25,0.23,36.33,1.197,0.447,0.0,0.157,0,1,smile
smirk,129,5375.0,43.75,16.25,0.0,0.0,20.6,5.72,1.2,51.31,0.59,36.33,1.204,0.447,0.0,0.157,0,1,smile
smirk,130,5416.7,43.75,16.25,0.0,0.0,21.2,5.7,1.2,51.23,0.22,36.33,1.204,0.447,0.0,0.157,0,1,smile
smirk,131,5458.3,43.75,16.25,0.0,0.0,21.2,5.7,1.2,51.25,0.16,36.33,1.204,0.447,0.0,0.157,0,1,smile
smirk,132,5500.0,43.75,16.25,0.0,0.0,19.3,5.7,1.2,51.34,0.22,36.33,1.204,0.447,0.0,0.157,0,1,smile
smirk,133,5541.7,43.5,16.25,0.0,0.0,19.2,5.67,1.2,51.34,0.81,36.33,1.197,0.447,0.0,0.156,0,1,smile
smirk,134,5583.3,43.5,16.25,0.0,0.0,19.2,5.67,1.2,51.25,0.26,36.33,1.197,0.447,0.0,0.156,0,1,smile
smirk,135,5625.0,43.5,16.25,0.0,0.0,18.8,5.69,1.2,51.25,0.16,36.33,1.197,0.447,0.0,0.157,0,1,smile
smirk,136,5666.7,43.5,16.25,0.0,0.0,19.7,5.7,1.2,51.25,0.28,36.33,1.197,0.447,0.0,0.157,0,1,smile
smirk,137,5708.3,43.5,16.25,0.0,0.0,19.1,5.7,1.2,51.25,0.49,36.33,1.197,0.447,0.0,0.157,0,1,smile
smirk,138,5750.0,43.5,16.25,0.0,0.0,19.9,5.7,1.2,51.25,0.11,36.33,1.197,0.447,0.0,0.157,0,1,smile
smirk,139,5791.7,43.5,16.25,0.0,0.0,20.2,5.72,1.2,51.25,0.55,36.33,1.197,0.447,0.0,0.157,0,1,smile
smirk,140,5833.3,43.5,16.25,0.0,0.0,20.2,5.72,1.3,51.56,0.12,36.33,1.197,0.447,0.0,0.157,0,1,smile
smirk,141,5875.0,43.5,16.25,0.0,0.0,20.2,5.72,1.3,51.56,0.34,36.33,1.197,0.447,0.0,0.157,0,1,smile
smirk,142,5916.7,43.5,16.25,0.0,0.0,20.1,5.72,1.3,51.56,0.05,36.33,1.197,0.447,0.0,0.157,0,1,smile
smirk,143,5958.3,43.5,16.25,0.0,0.0,20.1,5.72,1.3,51.56,0.0,36.33,1.197,0.447,0.0,0.157,0,1,smile
smirk,144,6000.0,43.5,16.25,0.0,0.0,20.1,5.72,1.3,51.56,0.04,36.33,1.197,0.447,0.0,0.157,0,1,smile
tongue,0,0.0,51.75,24.0,3.0,80.1,2.9,6.42,-0.1,56.06,0.0,38.3,1.351,0.627,0.078,0.168,0,1,smile
tongue,1,41.7,52.0,24.75,3.0,81.0,3.1,6.33,-0.0,55.89,1.29,38.3,1.358,0.646,0.078,0.165,0,1,smile
tongue,2,83.3,52.0,24.75,3.25,81.2,3.1,6.28,0.1,55.93,0.75,38.3,1.358,0.646,0.085,0.164,0,1,smile
tongue,3,125.0,51.75,24.75,4.5,81.9,2.6,5.69,,,0.58,38.3,1.351,0.646,0.117,0.149,0.5,1,EE_half
tongue,4,166.7,51.75,24.75,4.5,81.9,2.9,5.69,,,0.02,38.3,1.351,0.646,0.117,0.149,0.5,1,EE_half
tongue,5,208.3,51.75,24.75,3.25,82.1,2.7,6.33,,,1.22,38.3,1.351,0.646,0.085,0.165,0,1,smile
tongue,6,250.0,51.75,24.75,3.25,81.4,2.6,6.38,,,0.76,38.3,1.351,0.646,0.085,0.167,0,1,smile
tongue,7,291.7,51.75,24.75,3.25,81.4,2.6,6.39,,,0.12,38.3,1.351,0.646,0.085,0.167,0,1,smile
tongue,8,333.3,51.75,24.75,3.25,81.4,2.4,6.36,,,0.13,38.3,1.351,0.646,0.085,0.166,0,1,smile
tongue,9,375.0,51.75,24.75,3.25,81.9,2.8,6.36,,,1.32,38.3,1.351,0.646,0.085,0.166,0,1,smile
tongue,10,416.7,51.75,24.75,3.25,82.1,2.8,6.36,,,0.13,38.3,1.351,0.646,0.085,0.166,0,1,smile
tongue,11,458.3,51.75,24.75,3.25,82.3,2.9,6.36,0.4,51.62,0.39,38.3,1.351,0.646,0.085,0.166,0,1,smile
tongue,12,500.0,51.75,24.75,3.25,82.3,2.9,6.36,0.2,52.88,0.13,38.3,1.351,0.646,0.085,0.166,0,1,smile
tongue,13,541.7,52.0,24.75,3.25,82.8,2.5,6.25,-1.1,52.7,1.2,38.3,1.358,0.646,0.085,0.163,0,1,smile
tongue,14,583.3,52.0,24.75,3.25,83.2,2.8,6.25,-1.7,54.04,0.82,38.3,1.358,0.646,0.085,0.163,0,1,smile
tongue,15,625.0,52.0,24.75,3.25,83.4,2.8,6.25,-1.8,54.05,0.13,38.3,1.358,0.646,0.085,0.163,0,1,smile
tongue,16,666.7,52.0,24.75,3.25,83.4,2.9,6.25,-1.8,54.05,0.23,38.3,1.358,0.646,0.085,0.163,0,1,smile
tongue,17,708.3,52.0,24.75,3.25,83.4,2.2,6.23,-1.4,54.21,0.34,38.3,1.358,0.646,0.085,0.163,0,1,smile
tongue,18,750.0,52.0,24.75,3.25,83.6,2.2,6.25,-1.4,54.21,0.43,38.3,1.358,0.646,0.085,0.163,0,1,smile
tongue,19,791.7,52.0,24.75,3.25,83.8,2.3,6.23,-1.4,54.21,0.11,38.3,1.358,0.646,0.085,0.163,0,1,smile
tongue,20,833.3,52.0,24.75,3.25,83.8,1.8,6.23,-1.4,54.21,0.18,38.3,1.358,0.646,0.085,0.163,0,1,smile
tongue,21,875.0,52.0,24.75,3.25,83.9,1.6,6.23,-1.7,53.98,0.55,38.3,1.358,0.646,0.085,0.163,0,1,smile
tongue,22,916.7,52.0,24.5,3.25,83.9,1.8,6.23,-1.7,53.97,0.22,38.3,1.358,0.64,0.085,0.163,0,1,smile
tongue,23,958.3,52.0,24.5,3.25,84.1,1.8,6.27,-1.7,53.97,0.29,38.3,1.358,0.64,0.085,0.164,0,1,smile
tongue,24,1000.0,52.0,24.75,3.5,84.0,4.3,6.33,-1.3,53.68,7.3,38.3,1.358,0.646,0.091,0.165,0.5,1,EE_half
tongue,25,1041.7,52.0,24.75,3.5,83.4,13.6,6.2,-1.7,53.52,0.97,38.3,1.358,0.646,0.091,0.162,0.5,1,EE_half
tongue,26,1083.3,51.75,25.25,3.75,82.6,28.8,5.84,-1.6,53.95,16.71,38.3,1.351,0.659,0.098,0.152,0.5,1,EE_half
tongue,27,1125.0,51.75,25.25,3.75,84.2,32.9,5.83,-1.7,53.9,4.57,38.3,1.351,0.659,0.098,0.152,0.5,1,EE_half
tongue,28,1166.7,51.75,25.25,3.75,84.2,32.9,5.83,-1.7,53.9,0.0,38.3,1.351,0.659,0.098,0.152,0.5,1,EE_half
tongue,29,1208.3,52.0,26.25,7.5,87.2,56.5,7.3,-1.5,53.91,27.41,38.3,1.358,0.685,0.196,0.191,0.5,1,EE_half
tongue,30,1250.0,52.25,26.25,7.75,88.3,70.4,7.34,-1.8,53.75,9.48,38.3,1.364,0.685,0.202,0.192,0.5,1,EE_half
tongue,31,1291.7,52.25,29.0,7.75,88.1,70.1,7.36,-1.8,53.75,1.71,38.3,1.364,0.757,0.202,0.192,0.5,1,EE_half
tongue,32,1333.3,52.0,28.25,9.25,89.0,83.3,7.53,-2.3,54.0,26.94,38.3,1.358,0.738,0.242,0.197,0.5,1,EE_half
tongue,33,1375.0,52.0,29.5,9.25,89.2,82.2,7.53,-2.2,53.84,2.17,38.3,1.358,0.77,0.242,0.197,0.5,1,EE_half
tongue,34,1416.7,52.0,27.5,9.25,89.5,81.8,7.56,-2.2,53.39,0.56,38.3,1.358,0.718,0.242,0.197,0.5,1,EE_half
tongue,35,1458.3,51.75,28.25,10.75,92.4,80.4,7.78,-1.3,53.56,26.19,38.3,1.351,0.738,0.281,0.203,1,1,EE
tongue,36,1500.0,51.75,28.25,11.0,93.0,81.7,7.66,-0.9,53.56,2.56,38.3,1.351,0.738,0.287,0.2,1,1,EE
tongue,37,1541.7,51.75,28.25,11.25,93.2,81.3,7.78,-0.6,53.82,2.26,38.3,1.351,0.738,0.294,0.203,1,1,EE
tongue,38,1583.3,51.75,29.25,12.25,91.8,81.1,7.81,-0.7,53.7,19.34,38.3,1.351,0.764,0.32,0.204,1,1,EE
tongue,39,1625.0,51.75,29.25,12.25,92.0,81.1,7.81,-0.4,53.84,0.41,38.3,1.351,0.764,0.32,0.204,1,1,EE
tongue,40,1666.7,51.75,29.25,12.25,92.0,81.1,7.81,-0.4,53.84,0.06,38.3,1.351,0.764,0.32,0.204,1,1,EE
tongue,41,1708.3,51.5,29.75,11.25,93.6,79.9,7.8,-0.1,53.73,14.52,38.3,1.345,0.777,0.294,0.204,1,1,EE
tongue,42,1750.0,51.5,30.0,11.0,93.8,83.8,7.69,-0.9,53.91,5.63,38.3,1.345,0.783,0.287,0.201,1,1,EE
tongue,43,1791.7,51.5,30.0,10.75,94.0,81.3,7.55,-0.9,53.91,0.58,38.3,1.345,0.783,0.281,0.197,1,1,EE
tongue,44,1833.3,51.75,30.25,10.5,95.1,76.6,7.5,-1.1,54.01,5.66,38.3,1.351,0.79,0.274,0.196,1,1,EE
tongue,45,1875.0,51.75,30.25,10.5,95.4,75.7,7.5,-1.3,53.89,0.53,38.3,1.351,0.79,0.274,0.196,1,1,EE
tongue,46,1916.7,51.75,30.25,10.5,94.1,75.4,7.5,-1.3,53.89,0.96,38.3,1.351,0.79,0.274,0.196,1,1,EE
tongue,47,1958.3,51.75,30.25,10.5,94.1,74.3,7.52,-1.3,53.89,1.32,38.3,1.351,0.79,0.274,0.196,1,1,EE
tongue,48,2000.0,51.75,30.25,9.75,92.5,74.9,7.06,-1.2,53.91,4.48,38.3,1.351,0.79,0.255,0.184,0.5,1,EE_half
tongue,49,2041.7,51.5,30.25,9.75,93.1,73.9,7.3,-1.2,53.91,1.41,38.3,1.345,0.79,0.255,0.191,0.5,1,EE_half
tongue,50,2083.3,52.0,30.25,9.5,93.4,75.5,6.98,-1.2,53.91,1.1,38.3,1.358,0.79,0.248,0.182,0.5,1,EE_half
tongue,51,2125.0,52.0,30.25,9.25,93.1,66.4,6.83,-1.3,54.25,1.87,38.3,1.358,0.79,0.242,0.178,0.5,1,EE_half
tongue,52,2166.7,52.0,30.25,9.0,92.3,59.9,6.7,-1.4,54.19,0.93,38.3,1.358,0.79,0.235,0.175,0.5,1,EE_half
tongue,53,2208.3,52.0,30.0,9.25,93.8,54.9,6.91,-1.4,54.12,2.28,38.3,1.358,0.783,0.242,0.18,0.5,1,EE_half
tongue,54,2250.0,52.0,30.0,8.75,93.8,45.9,6.69,-1.3,54.02,3.8,38.3,1.358,0.783,0.228,0.175,0.5,1,EE_half
tongue,55,2291.7,51.75,30.0,8.75,93.4,46.6,6.8,-1.0,54.01,0.93,38.3,1.351,0.783,0.228,0.178,0.5,1,EE_half
tongue,56,2333.3,51.75,30.0,8.75,93.4,46.6,6.8,-0.8,54.01,0.08,38.3,1.351,0.783,0.228,0.178,0.5,1,EE_half
tongue,57,2375.0,51.75,30.0,8.0,94.7,40.3,6.44,-1.2,53.96,3.9,38.3,1.351,0.783,0.209,0.168,0.5,1,EE_half
tongue,58,2416.7,51.75,30.0,8.0,94.8,38.1,6.45,-0.8,54.01,1.76,38.3,1.351,0.783,0.209,0.168,0.5,1,EE_half
tongue,59,2458.3,51.75,30.0,7.5,94.9,36.5,6.2,-0.8,54.01,1.5,38.3,1.351,0.783,0.196,0.162,0.5,1,EE_half
tongue,60,2500.0,51.75,30.0,6.75,94.8,18.8,5.84,-0.7,53.81,3.51,38.3,1.351,0.783,0.176,0.152,0.5,1,EE_half
tongue,61,2541.7,51.75,30.0,6.75,93.8,16.8,5.84,-0.7,53.67,1.95,38.3,1.351,0.783,0.176,0.152,0.5,1,EE_half
tongue,62,2583.3,51.75,30.0,6.75,93.3,19.2,5.84,-0.7,54.02,0.62,38.3,1.351,0.783,0.176,0.152,0.5,1,EE_half
tongue,63,2625.0,52.0,30.0,20.0,94.4,41.1,4.5,-0.7,54.02,8.79,38.3,1.358,0.783,0.522,0.117,1,1,EE
tongue,64,2666.7,52.0,30.0,20.0,94.4,43.9,4.5,-0.7,54.02,0.56,38.3,1.358,0.783,0.522,0.117,1,1,EE
tongue,65,2708.3,52.0,30.0,21.0,95.4,42.6,4.53,-0.7,54.02,1.3,38.3,1.358,0.783,0.548,0.118,1,1,EE
tongue,66,2750.0,51.5,29.75,16.0,86.0,12.2,11.17,-1.0,54.44,18.46,38.3,1.345,0.777,0.418,0.292,1,1,EE
tongue,67,2791.7,51.5,29.75,16.0,85.9,10.8,11.16,-1.0,54.44,1.16,38.3,1.345,0.777,0.418,0.291,1,1,EE
tongue,68,2833.3,51.5,29.75,16.0,85.9,12.3,11.16,-1.0,54.44,0.01,38.3,1.345,0.777,0.418,0.291,1,1,EE
tongue,69,2875.0,50.5,24.0,4.5,67.2,10.6,7.2,-0.8,53.95,42.91,38.3,1.319,0.627,0.117,0.188,0.5,1,EE_half
tongue,70,2916.7,51.0,24.0,4.75,66.6,32.8,6.88,-1.6,54.18,3.09,38.3,1.332,0.627,0.124,0.18,0.5,1,EE_half
tongue,71,2958.3,50.5,24.0,3.5,67.9,33.4,6.06,-1.6,54.25,2.48,38.3,1.319,0.627,0.091,0.158,0.5,1,EE_half
tongue,72,3000.0,50.75,23.0,0.0,0.0,3.4,5.83,-0.9,54.19,24.41,38.3,1.325,0.601,0.0,0.152,0,1,smile
tongue,73,3041.7,50.75,23.0,0.75,0.0,6.7,5.8,-1.3,54.36,3.56,38.3,1.325,0.601,0.02,0.151,0,1,smile
tongue,74,3083.3,50.75,23.0,0.75,0.0,6.5,5.8,-1.3,54.36,0.19,38.3,1.325,0.601,0.02,0.151,0,1,smile
tongue,75,3125.0,50.75,21.75,0.75,0.0,15.2,5.86,-1.6,54.08,14.34,38.3,1.325,0.568,0.02,0.153,0,1,smile
tongue,76,3166.7,50.75,21.75,0.75,0.0,16.2,5.84,-1.9,54.17,0.31,38.3,1.325,0.568,0.02,0.152,0,1,smile
tongue,77,3208.3,51.0,21.75,0.75,0.0,15.2,5.77,-1.7,53.82,0.47,38.3,1.332,0.568,0.02,0.151,0,1,smile
tongue,78,3250.0,51.5,22.0,0.0,0.0,11.2,5.61,-0.5,54.72,14.08,38.3,1.345,0.574,0.0,0.146,0,1,smile
tongue,79,3291.7,51.25,22.0,0.0,0.0,3.6,5.97,-0.5,54.72,0.85,38.3,1.338,0.574,0.0,0.156,0,1,smile
tongue,80,3333.3,51.25,22.0,0.0,0.0,3.6,5.97,-0.5,54.53,0.12,38.3,1.338,0.574,0.0,0.156,0,1,smile
tongue,81,3375.0,50.75,21.25,0.0,0.0,1.0,6.2,-1.2,55.07,11.61,38.3,1.325,0.555,0.0,0.162,0,1,smile
tongue,82,3416.7,50.75,21.25,0.0,0.0,1.0,6.09,-1.6,54.8,0.69,38.3,1.325,0.555,0.0,0.159,0,1,smile
tongue,83,3458.3,50.75,21.25,0.0,0.0,1.0,6.09,-1.7,54.58,0.53,38.3,1.325,0.555,0.0,0.159,0,1,smile
tongue,84,3500.0,51.0,21.25,0.0,0.0,3.8,6.12,-1.6,54.38,7.93,38.3,1.332,0.555,0.0,0.16,0,1,smile
tongue,85,3541.7,51.0,21.25,0.0,0.0,3.8,6.12,-1.6,54.38,0.07,38.3,1.332,0.555,0.0,0.16,0,1,smile
tongue,86,3583.3,50.75,21.5,0.0,0.0,3.8,6.2,-1.8,53.72,0.4,38.3,1.325,0.561,0.0,0.162,0,1,smile
tongue,87,3625.0,50.75,21.75,0.0,0.0,3.1,6.2,-1.7,53.54,0.32,38.3,1.325,0.568,0.0,0.162,0,1,smile
tongue,88,3666.7,50.75,21.75,0.0,0.0,3.1,6.2,-1.6,53.63,0.18,38.3,1.325,0.568,0.0,0.162,0,1,smile
tongue,89,3708.3,50.75,21.75,0.0,0.0,2.9,6.2,-1.3,53.94,0.34,38.3,1.325,0.568,0.0,0.162,0,1,smile
tongue,90,3750.0,50.75,21.75,0.0,0.0,2.8,6.17,-1.0,54.61,0.67,38.3,1.325,0.568,0.0,0.161,0,1,smile
tongue,91,3791.7,51.0,21.75,0.0,0.0,2.3,5.83,-1.0,54.61,0.14,38.3,1.332,0.568,0.0,0.152,0,1,smile
tongue,92,3833.3,51.0,21.75,0.0,0.0,2.4,5.83,-1.0,54.61,0.24,38.3,1.332,0.568,0.0,0.152,0,1,smile
tongue,93,3875.0,51.0,21.75,0.0,0.0,2.6,5.84,-1.0,54.61,0.2,38.3,1.332,0.568,0.0,0.152,0,1,smile
tongue,94,3916.7,51.0,21.75,0.0,0.0,2.5,5.84,-1.0,54.61,0.35,38.3,1.332,0.568,0.0,0.152,0,1,smile
tongue,95,3958.3,50.75,21.75,0.0,0.0,2.5,6.03,-1.0,54.61,0.1,38.3,1.325,0.568,0.0,0.157,0,1,smile
tongue,96,4000.0,51.0,21.75,0.0,0.0,2.5,5.88,-1.0,54.61,0.21,38.3,1.332,0.568,0.0,0.154,0,1,smile
tongue,97,4041.7,51.0,21.75,0.0,0.0,2.2,5.97,-1.3,53.94,0.44,38.3,1.332,0.568,0.0,0.156,0,1,smile
tongue,98,4083.3,51.0,22.0,0.0,0.0,2.2,5.97,-1.3,53.89,0.27,38.3,1.332,0.574,0.0,0.156,0,1,smile
tongue,99,4125.0,51.5,23.75,1.75,31.2,3.4,6.98,-1.5,54.96,14.15,38.3,1.345,0.62,0.046,0.182,0,1,smile
tongue,100,4166.7,51.75,23.75,1.75,36.5,7.3,7.59,-1.1,55.13,2.15,38.3,1.351,0.62,0.046,0.198,0,1,smile
tongue,101,4208.3,52.25,24.0,2.25,44.2,12.6,7.48,-1.2,54.59,2.71,38.3,1.364,0.627,0.059,0.195,0,1,smile
tongue,102,4250.0,54.5,26.0,5.75,160.8,7.2,9.88,-1.6,55.19,24.79,38.3,1.423,0.679,0.15,0.258,0.5,1,EE_half
tongue,103,4291.7,54.5,26.0,5.75,166.8,7.3,9.86,-1.6,55.19,1.63,38.3,1.423,0.679,0.15,0.257,0.5,1,EE_half
tongue,104,4333.3,54.5,26.25,6.0,167.8,8.4,9.86,-1.6,55.19,0.38,38.3,1.423,0.685,0.157,0.257,0.5,1,EE_half
tongue,105,4375.0,54.5,26.25,6.5,185.1,13.2,10.72,-2.6,52.42,4.79,38.3,1.423,0.685,0.17,0.28,0.5,1,EE_half
tongue,106,4416.7,54.5,26.5,6.5,186.4,13.9,10.8,-1.4,54.38,0.84,38.3,1.423,0.692,0.17,0.282,0.5,1,EE_half
tongue,107,4458.3,54.75,26.5,6.5,187.9,12.8,10.81,-1.1,54.37,1.25,38.3,1.43,0.692,0.17,0.282,0.5,1,EE_half
tongue,108,4500.0,55.0,26.75,6.5,189.8,14.2,10.81,-1.1,54.38,0.93,38.3,1.436,0.698,0.17,0.282,0.5,1,EE_half
tongue,109,4541.7,55.25,27.0,6.5,190.9,9.2,10.69,-1.1,54.38,1.21,38.3,1.443,0.705,0.17,0.279,0.5,1,EE_half
tongue,110,4583.3,55.25,27.0,6.5,192.0,7.1,10.67,-1.1,54.37,0.68,38.3,1.443,0.705,0.17,0.279,0.5,1,EE_half
tongue,111,4625.0,55.25,27.0,6.5,192.1,7.1,10.8,-1.1,54.37,0.19,38.3,1.443,0.705,0.17,0.282,0.5,1,EE_half
tongue,112,4666.7,55.25,27.0,6.5,192.4,7.0,10.8,-1.1,54.37,0.34,38.3,1.443,0.705,0.17,0.282,0.5,1,EE_half
tongue,113,4708.3,55.25,27.0,6.5,192.5,5.4,10.81,-1.2,54.87,0.21,38.3,1.443,0.705,0.17,0.282,0.5,1,EE_half
tongue,114,4750.0,55.25,27.0,6.5,192.1,5.4,10.81,-0.8,55.23,0.48,38.3,1.443,0.705,0.17,0.282,0.5,1,EE_half
tongue,115,4791.7,55.25,27.0,6.5,191.2,5.1,10.81,-0.8,55.23,0.37,38.3,1.443,0.705,0.17,0.282,0.5,1,EE_half
tongue,116,4833.3,55.25,27.0,6.5,191.2,5.1,10.81,-0.8,55.23,0.09,38.3,1.443,0.705,0.17,0.282,0.5,1,EE_half
tongue,117,4875.0,55.25,27.0,6.5,191.4,5.8,10.8,-0.8,55.23,0.16,38.3,1.443,0.705,0.17,0.282,0.5,1,EE_half
tongue,118,4916.7,55.0,27.0,6.5,191.2,6.1,10.86,-1.0,54.87,0.51,38.3,1.436,0.705,0.17,0.284,0.5,1,EE_half
tongue,119,4958.3,55.0,27.0,6.5,190.9,6.1,10.84,-1.0,54.87,0.02,38.3,1.436,0.705,0.17,0.283,0.5,1,EE_half
tongue,120,5000.0,55.0,27.0,6.5,190.7,6.0,10.84,-1.0,54.83,0.06,38.3,1.436,0.705,0.17,0.283,0.5,1,EE_half
tongue,121,5041.7,55.0,27.0,6.5,190.8,6.2,10.88,-0.9,54.19,0.31,38.3,1.436,0.705,0.17,0.284,0.5,1,EE_half
tongue,122,5083.3,55.0,27.0,6.5,190.2,17.5,10.83,-0.9,54.19,0.53,38.3,1.436,0.705,0.17,0.283,0.5,1,EE_half
tongue,123,5125.0,55.0,27.0,6.5,189.6,17.2,10.81,-0.9,54.19,0.29,38.3,1.436,0.705,0.17,0.282,0.5,1,EE_half
tongue,124,5166.7,54.75,27.0,6.5,189.2,15.9,10.88,-0.9,54.19,0.32,38.3,1.43,0.705,0.17,0.284,0.5,1,EE_half
tongue,125,5208.3,54.75,26.75,6.5,189.2,16.6,10.89,-0.9,54.19,0.49,38.3,1.43,0.698,0.17,0.284,0.5,1,EE_half
tongue,126,5250.0,54.75,26.75,6.5,189.1,16.6,10.84,-1.1,54.32,0.83,38.3,1.43,0.698,0.17,0.283,0.5,1,EE_half
tongue,127,5291.7,54.75,26.75,6.5,189.1,16.4,10.84,-1.1,54.32,0.2,38.3,1.43,0.698,0.17,0.283,0.5,1,EE_half
tongue,128,5333.3,54.75,26.75,6.5,189.2,16.9,10.84,-1.1,54.32,0.32,38.3,1.43,0.698,0.17,0.283,0.5,1,EE_half
tongue,129,5375.0,54.75,26.75,6.5,189.2,5.5,10.84,-1.1,54.19,0.41,38.3,1.43,0.698,0.17,0.283,0.5,1,EE_half
tongue,130,5416.7,54.75,26.75,6.5,189.0,6.4,10.84,-1.1,54.87,0.39,38.3,1.43,0.698,0.17,0.283,0.5,1,EE_half
tongue,131,5458.3,54.75,26.75,6.5,188.5,6.3,10.84,-1.1,54.87,0.29,38.3,1.43,0.698,0.17,0.283,0.5,1,EE_half
tongue,132,5500.0,54.75,26.75,6.5,188.6,6.2,10.75,-1.2,54.74,0.42,38.3,1.43,0.698,0.17,0.281,0.5,1,EE_half
tongue,133,5541.7,54.5,26.75,6.5,188.3,6.2,10.8,-1.2,54.74,0.33,38.3,1.423,0.698,0.17,0.282,0.5,1,EE_half
tongue,134,5583.3,54.5,26.75,6.5,188.2,5.8,10.81,-1.4,54.56,0.27,38.3,1.423,0.698,0.17,0.282,0.5,1,EE_half
tongue,135,5625.0,54.5,26.75,6.5,188.1,5.7,10.81,-1.4,54.56,0.44,38.3,1.423,0.698,0.17,0.282,0.5,1,EE_half
tongue,136,5666.7,54.5,26.75,6.5,188.1,5.9,10.8,-1.4,54.56,0.14,38.3,1.423,0.698,0.17,0.282,0.5,1,EE_half
tongue,137,5708.3,54.5,26.75,6.5,188.2,5.4,10.8,-1.4,54.56,0.28,38.3,1.423,0.698,0.17,0.282,0.5,1,EE_half
tongue,138,5750.0,54.5,26.75,6.5,188.6,5.4,10.8,-1.4,54.56,0.14,38.3,1.423,0.698,0.17,0.282,0.5,1,EE_half
tongue,139,5791.7,54.5,26.75,6.5,188.6,5.5,10.81,-1.4,54.56,0.07,38.3,1.423,0.698,0.17,0.282,0.5,1,EE_half
tongue,140,5833.3,54.5,26.75,6.5,188.7,5.5,10.81,-1.4,54.56,0.07,38.3,1.423,0.698,0.17,0.282,0.5,1,EE_half
tongue,141,5875.0,54.5,26.75,6.5,188.7,5.7,10.81,-1.4,54.56,0.1,38.3,1.423,0.698,0.17,0.282,0.5,1,EE_half
tongue,142,5916.7,54.5,26.75,6.5,188.8,5.7,10.81,-1.4,54.56,0.07,38.3,1.423,0.698,0.17,0.282,0.5,1,EE_half
tongue,143,5958.3,54.5,26.75,6.5,188.8,5.7,10.81,-1.4,54.56,0.0,38.3,1.423,0.698,0.17,0.282,0.5,1,EE_half
tongue,144,6000.0,54.5,26.75,6.5,188.7,5.7,10.81,-1.4,54.56,0.04,38.3,1.423,0.698,0.17,0.282,0.5,1,EE_half
cheeks,0,0.0,34.0,13.0,0.0,0.0,100.1,2.8,-0.3,48.73,0.0,34.84,0.976,0.373,0.0,0.08,0,0,rest
cheeks,1,41.7,34.25,13.0,0.0,0.0,123.2,2.62,-0.5,49.25,1.5,34.84,0.983,0.373,0.0,0.075,0,0,rest
cheeks,2,83.3,34.25,13.0,0.0,0.0,119.6,2.59,-0.4,49.29,0.54,34.84,0.983,0.373,0.0,0.074,0,0,rest
cheeks,3,125.0,34.5,13.0,0.0,0.0,108.6,2.61,-0.3,48.81,3.57,34.84,0.99,0.373,0.0,0.075,0,0,rest
cheeks,4,166.7,34.5,13.0,0.0,0.0,110.1,2.61,-0.3,48.81,0.28,34.84,0.99,0.373,0.0,0.075,0,0,rest
cheeks,5,208.3,34.25,13.0,0.0,0.0,119.2,2.56,-0.3,48.82,0.9,34.84,0.983,0.373,0.0,0.073,0,0,rest
cheeks,6,250.0,33.75,13.25,0.0,0.0,109.9,2.73,-0.3,48.82,3.52,34.84,0.969,0.38,0.0,0.078,0,0,rest
cheeks,7,291.7,33.75,13.25,0.0,0.0,109.8,2.73,-0.3,48.82,0.28,34.84,0.969,0.38,0.0,0.078,0,0,rest
cheeks,8,333.3,33.75,13.25,0.0,0.0,108.5,2.73,-0.2,49.22,0.13,34.84,0.969,0.38,0.0,0.078,0,0,rest
cheeks,9,375.0,33.5,13.25,0.0,0.0,105.2,2.62,-0.5,49.33,2.46,34.84,0.962,0.38,0.0,0.075,0,0,rest
cheeks,10,416.7,33.5,13.25,0.0,0.0,103.1,2.62,-0.7,49.12,0.31,34.84,0.962,0.38,0.0,0.075,0,0,rest
cheeks,11,458.3,33.5,13.25,0.0,0.0,102.1,2.61,-0.7,49.12,0.19,34.84,0.962,0.38,0.0,0.075,0,0,rest
cheeks,12,500.0,33.5,13.25,0.0,0.0,101.8,2.62,-0.7,49.12,0.63,34.84,0.962,0.38,0.0,0.075,0,0,rest
cheeks,13,541.7,33.5,13.25,0.0,0.0,98.8,2.61,-0.5,48.83,0.56,34.84,0.962,0.38,0.0,0.075,0,0,rest
cheeks,14,583.3,33.75,13.0,0.0,0.0,121.5,2.58,-0.5,48.97,0.78,34.84,0.969,0.373,0.0,0.074,0,0,rest
cheeks,15,625.0,33.75,13.0,0.0,0.0,114.5,2.56,-0.5,48.97,0.5,34.84,0.969,0.373,0.0,0.073,0,0,rest
cheeks,16,666.7,33.75,13.0,0.0,0.0,114.3,2.56,-0.5,48.97,0.24,34.84,0.969,0.373,0.0,0.073,0,0,rest
cheeks,17,708.3,33.75,13.0,0.0,0.0,109.3,2.58,-0.5,48.93,0.43,34.84,0.969,0.373,0.0,0.074,0,0,rest
cheeks,18,750.0,33.75,13.0,0.0,0.0,123.8,2.55,-0.5,48.99,1.57,34.84,0.969,0.373,0.0,0.073,0,0,rest
cheeks,19,791.7,33.75,13.0,0.0,0.0,112.3,2.55,-0.5,48.99,0.33,34.84,0.969,0.373,0.0,0.073,0,0,rest
cheeks,20,833.3,33.75,13.0,0.0,0.0,113.2,2.55,-0.5,48.99,0.37,34.84,0.969,0.373,0.0,0.073,0,0,rest
cheeks,21,875.0,33.5,13.0,0.0,0.0,111.4,2.62,-0.5,48.99,2.99,34.84,0.962,0.373,0.0,0.075,0,0,rest
cheeks,22,916.7,33.5,13.0,0.0,0.0,118.5,2.61,-0.4,48.96,0.94,34.84,0.962,0.373,0.0,0.075,0,0,rest
cheeks,23,958.3,33.5,13.0,0.0,0.0,113.4,2.55,-0.5,48.78,0.4,34.84,0.962,0.373,0.0,0.073,0,0,rest
cheeks,24,1000.0,34.0,13.0,0.0,0.0,120.6,2.42,-0.5,48.78,4.25,34.84,0.976,0.373,0.0,0.069,0,0,rest
cheeks,25,1041.7,33.75,13.0,0.0,0.0,119.3,2.64,-0.5,48.78,0.6,34.84,0.969,0.373,0.0,0.076,0,0,rest
cheeks,26,1083.3,33.75,13.0,0.0,0.0,124.8,2.59,-0.6,48.89,0.52,34.84,0.969,0.373,0.0,0.074,0,0,rest
cheeks,27,1125.0,33.5,13.0,0.0,0.0,123.4,2.58,-0.5,48.98,2.59,34.84,0.962,0.373,0.0,0.074,0,0,rest
cheeks,28,1166.7,33.5,13.0,0.0,0.0,132.2,2.58,-0.5,48.98,0.32,34.84,0.962,0.373,0.0,0.074,0,0,rest
cheeks,29,1208.3,33.5,13.0,0.0,0.0,122.2,2.58,-0.5,48.98,0.32,34.84,0.962,0.373,0.0,0.074,0,0,rest
cheeks,30,1250.0,33.5,13.0,0.0,0.0,113.4,2.62,-0.2,49.35,0.86,34.84,0.962,0.373,0.0,0.075,0,0,rest
cheeks,31,1291.7,33.5,13.0,0.0,0.0,121.8,2.55,-0.2,49.35,0.7,34.84,0.962,0.373,0.0,0.073,0,0,rest
cheeks,32,1333.3,33.5,13.0,0.0,0.0,121.4,2.58,-0.3,49.33,0.4,34.84,0.962,0.373,0.0,0.074,0,0,rest
cheeks,33,1375.0,33.5,13.0,0.0,0.0,113.4,2.66,-0.3,49.33,0.57,34.84,0.962,0.373,0.0,0.076,0,0,rest
cheeks,34,1416.7,33.5,13.0,0.0,0.0,112.5,2.69,-0.2,49.39,0.25,34.84,0.962,0.373,0.0,0.077,0,0,rest
cheeks,35,1458.3,33.5,13.25,0.0,0.0,112.7,2.67,-0.1,49.29,0.14,34.84,0.962,0.38,0.0,0.077,0,0,rest
cheeks,36,1500.0,33.5,13.0,0.0,0.0,113.2,2.67,-0.1,49.29,0.19,34.84,0.962,0.373,0.0,0.077,0,0,rest
cheeks,37,1541.7,33.5,13.25,0.0,0.0,114.4,2.67,-0.1,49.29,0.25,34.84,0.962,0.38,0.0,0.077,0,0,rest
cheeks,38,1583.3,33.5,13.25,0.0,0.0,114.4,2.67,-0.1,49.29,0.15,34.84,0.962,0.38,0.0,0.077,0,0,rest
cheeks,39,1625.0,33.75,13.25,0.0,0.0,142.0,2.86,-0.2,49.3,5.64,34.84,0.969,0.38,0.0,0.082,0,0,rest
cheeks,40,1666.7,33.5,13.25,0.0,0.0,121.9,2.91,-0.1,49.25,1.61,34.84,0.962,0.38,0.0,0.084,0,0,rest
cheeks,41,1708.3,33.5,13.0,0.0,0.0,120.1,2.91,-0.4,48.88,0.29,34.84,0.962,0.373,0.0,0.084,0,0,rest
cheeks,42,1750.0,34.25,13.25,0.0,0.0,145.1,2.41,,,7.99,34.84,0.983,0.38,0.0,0.069,0,0,rest
cheeks,43,1791.7,34.25,13.25,0.0,0.0,145.1,2.41,,,0.35,34.84,0.983,0.38,0.0,0.069,0,0,rest
cheeks,44,1833.3,34.25,13.25,0.0,0.0,145.1,2.41,,,0.04,34.84,0.983,0.38,0.0,0.069,0,0,rest
cheeks,45,1875.0,34.25,13.5,0.0,0.0,117.4,2.39,,,9.28,34.84,0.983,0.388,0.0,0.069,0,0,rest
cheeks,46,1916.7,34.25,13.5,0.0,0.0,122.1,2.44,,,0.8,34.84,0.983,0.388,0.0,0.07,0,0,rest
cheeks,47,1958.3,34.25,13.75,0.0,0.0,138.8,2.45,,,1.02,34.84,0.983,0.395,0.0,0.07,0,0,rest
cheeks,48,2000.0,34.25,13.75,0.0,0.0,149.1,2.5,,,9.65,34.84,0.983,0.395,0.0,0.072,0,0,rest
cheeks,49,2041.7,34.25,13.75,0.0,0.0,124.1,2.64,,,1.21,34.84,0.983,0.395,0.0,0.076,0,0,rest
cheeks,50,2083.3,34.25,13.75,0.0,0.0,124.1,2.64,,,0.13,34.84,0.983,0.395,0.0,0.076,0,0,rest
cheeks,51,2125.0,34.5,14.0,0.0,0.0,150.8,2.53,,,10.55,34.84,0.99,0.402,0.0,0.073,0,0,rest
cheeks,52,2166.7,34.5,14.0,0.0,0.0,149.1,2.8,,,0.68,34.84,0.99,0.402,0.0,0.08,0,0,rest
cheeks,53,2208.3,34.5,14.0,0.0,0.0,145.3,2.77,,,0.93,34.84,0.99,0.402,0.0,0.08,0,0,rest
cheeks,54,2250.0,34.5,14.0,0.0,0.0,155.9,2.89,-0.3,49.4,12.38,34.84,0.99,0.402,0.0,0.083,0,0,rest
cheeks,55,2291.7,34.5,14.0,0.0,0.0,155.9,2.89,-0.4,49.12,0.12,34.84,0.99,0.402,0.0,0.083,0,0,rest
cheeks,56,2333.3,34.5,14.0,0.0,0.0,158.7,2.89,-0.5,49.02,0.26,34.84,0.99,0.402,0.0,0.083,0,0,rest
cheeks,57,2375.0,34.0,14.0,0.0,0.0,135.1,2.42,0.1,49.13,12.33,34.84,0.976,0.402,0.0,0.069,0,0,rest
cheeks,58,2416.7,34.0,14.0,0.0,0.0,148.3,2.45,-0.3,49.42,1.02,34.84,0.976,0.402,0.0,0.07,0,0,rest
cheeks,59,2458.3,34.0,14.25,0.0,0.0,157.1,2.45,-0.2,49.7,0.81,34.84,0.976,0.409,0.0,0.07,0,0,rest
cheeks,60,2500.0,34.75,13.75,0.0,0.0,153.6,1.94,-0.1,50.13,13.61,34.84,0.998,0.395,0.0,0.056,0,0,rest
cheeks,61,2541.7,34.25,13.75,0.0,0.0,125.8,1.88,0.0,50.0,0.72,34.84,0.983,0.395,0.0,0.054,0,0,rest
cheeks,62,2583.3,34.25,14.0,0.0,0.0,136.8,1.83,-0.0,50.03,0.53,34.84,0.983,0.402,0.0,0.053,0,0,rest
cheeks,63,2625.0,34.0,14.25,0.0,0.0,144.7,1.95,-0.8,49.47,10.43,34.84,0.976,0.409,0.0,0.056,0,0,rest
cheeks,64,2666.7,34.25,14.25,0.0,0.0,145.7,1.97,-0.8,49.43,0.39,34.84,0.983,0.409,0.0,0.057,0,0,rest
cheeks,65,2708.3,34.25,14.25,0.0,0.0,145.1,1.98,-0.9,49.33,0.33,34.84,0.983,0.409,0.0,0.057,0,0,rest
cheeks,66,2750.0,34.5,13.75,0.0,0.0,187.9,1.92,-0.5,48.99,6.84,34.84,0.99,0.395,0.0,0.055,0,0,rest
cheeks,67,2791.7,34.5,13.75,0.0,0.0,187.9,1.92,-0.3,49.07,0.11,34.84,0.99,0.395,0.0,0.055,0,0,rest
cheeks,68,2833.3,34.75,13.75,0.0,0.0,187.9,1.92,-0.3,49.07,0.01,34.84,0.998,0.395,0.0,0.055,0,0,rest
cheeks,69,2875.0,34.5,14.25,0.0,0.0,182.4,2.06,-0.3,49.09,4.49,34.84,0.99,0.409,0.0,0.059,0,0,rest
cheeks,70,2916.7,34.5,14.25,0.0,0.0,182.1,2.06,-0.3,49.09,0.09,34.84,0.99,0.409,0.0,0.059,0,0,rest
cheeks,71,2958.3,34.5,14.25,0.0,0.0,182.8,2.06,-0.3,49.0,0.05,34.84,0.99,0.409,0.0,0.059,0,0,rest
cheeks,72,3000.0,34.75,14.0,0.0,0.0,160.1,1.94,-1.0,48.53,6.41,34.84,0.998,0.402,0.0,0.056,0,0,rest
cheeks,73,3041.7,34.5,14.0,0.0,0.0,158.4,2.19,-0.9,48.41,0.3,34.84,0.99,0.402,0.0,0.063,0,0,rest
cheeks,74,3083.3,34.5,14.0,0.0,0.0,160.1,2.19,-0.9,48.32,0.12,34.84,0.99,0.402,0.0,0.063,0,0,rest
cheeks,75,3125.0,34.25,14.0,0.0,0.0,164.7,1.91,-0.4,49.27,7.26,34.84,0.983,0.402,0.0,0.055,0,0,rest
cheeks,76,3166.7,34.5,14.0,0.0,0.0,165.9,1.94,-0.2,49.38,0.97,34.84,0.99,0.402,0.0,0.056,0,0,rest
cheeks,77,3208.3,34.5,14.25,0.0,0.0,166.3,1.94,-0.8,49.4,0.28,34.84,0.99,0.409,0.0,0.056,0,0,rest
cheeks,78,3250.0,34.25,14.0,0.0,0.0,177.6,2.16,-0.4,49.52,8.24,34.84,0.983,0.402,0.0,0.062,0,0,rest
cheeks,79,3291.7,34.25,14.0,0.0,0.0,175.7,2.16,-0.4,49.13,0.71,34.84,0.983,0.402,0.0,0.062,0,0,rest
cheeks,80,3333.3,34.5,14.0,0.0,0.0,176.8,2.23,-0.4,49.13,0.41,34.84,0.99,0.402,0.0,0.064,0,0,rest
cheeks,81,3375.0,34.5,13.75,0.0,0.0,154.8,2.09,-0.9,48.89,1.79,34.84,0.99,0.395,0.0,0.06,0,0,rest
cheeks,82,3416.7,34.5,13.75,0.0,0.0,164.1,2.09,-0.9,49.25,0.66,34.84,0.99,0.395,0.0,0.06,0,0,rest
cheeks,83,3458.3,34.5,13.75,0.0,0.0,164.2,2.11,-0.3,49.48,0.11,34.84,0.99,0.395,0.0,0.061,0,0,rest
cheeks,84,3500.0,34.75,13.75,0.0,0.0,164.1,2.14,-0.3,49.15,0.12,34.84,0.998,0.395,0.0,0.061,0,0,rest
cheeks,85,3541.7,34.25,13.75,0.0,0.0,163.6,2.12,-0.0,49.69,0.67,34.84,0.983,0.395,0.0,0.061,0,0,rest
cheeks,86,3583.3,34.75,13.75,0.0,0.0,172.1,2.12,-0.2,49.46,0.51,34.84,0.998,0.395,0.0,0.061,0,0,rest
cheeks,87,3625.0,34.75,13.5,0.0,0.0,172.9,2.36,-0.2,49.46,0.37,34.84,0.998,0.388,0.0,0.068,0,0,rest
cheeks,88,3666.7,34.75,13.5,0.0,0.0,173.3,2.34,-0.4,49.61,0.31,34.84,0.998,0.388,0.0,0.067,0,0,rest
cheeks,89,3708.3,34.75,13.5,0.0,0.0,161.8,2.59,-0.3,49.24,0.45,34.84,0.998,0.388,0.0,0.074,0,0,rest
cheeks,90,3750.0,34.75,13.5,0.0,0.0,162.9,2.58,-0.3,49.67,0.53,34.84,0.998,0.388,0.0,0.074,0,0,rest
cheeks,91,3791.7,34.75,13.5,0.0,0.0,162.2,2.58,-0.3,49.67,0.19,34.84,0.998,0.388,0.0,0.074,0,0,rest
cheeks,92,3833.3,34.75,13.5,0.0,0.0,161.8,2.58,-0.3,49.67,0.19,34.84,0.998,0.388,0.0,0.074,0,0,rest
cheeks,93,3875.0,34.75,13.75,0.0,0.0,162.9,2.83,-0.3,49.67,0.36,34.84,0.998,0.395,0.0,0.081,0,0,rest
cheeks,94,3916.7,34.75,13.75,0.0,0.0,180.4,2.84,-0.4,49.65,0.24,34.84,0.998,0.395,0.0,0.082,0,0,rest
cheeks,95,3958.3,34.75,13.75,0.0,0.0,180.5,2.83,-0.5,49.74,0.15,34.84,0.998,0.395,0.0,0.081,0,0,rest
cheeks,96,4000.0,34.75,13.75,0.0,0.0,181.1,2.86,-0.6,49.69,0.09,34.84,0.998,0.395,0.0,0.082,0,0,rest
cheeks,97,4041.7,34.5,13.75,0.0,0.0,161.4,2.81,-0.4,50.16,0.38,34.84,0.99,0.395,0.0,0.081,0,0,rest
cheeks,98,4083.3,34.75,13.75,0.0,0.0,174.5,2.86,-0.7,50.05,0.34,34.84,0.998,0.395,0.0,0.082,0,0,rest
cheeks,99,4125.0,34.75,13.75,0.0,0.0,171.4,2.86,-0.7,50.05,0.43,34.84,0.998,0.395,0.0,0.082,0,0,rest
cheeks,100,4166.7,34.75,13.75,0.0,0.0,175.1,2.86,-0.7,50.05,0.14,34.84,0.998,0.395,0.0,0.082,0,0,rest
cheeks,101,4208.3,34.5,13.75,0.0,0.0,161.5,2.81,-0.9,49.93,0.36,34.84,0.99,0.395,0.0,0.081,0,0,rest
cheeks,102,4250.0,34.5,13.75,0.0,0.0,184.1,2.44,-0.5,49.42,1.28,34.84,0.99,0.395,0.0,0.07,0,0,rest
cheeks,103,4291.7,34.5,13.75,0.0,0.0,165.9,2.09,-0.8,49.19,0.66,34.84,0.99,0.395,0.0,0.06,0,0,rest
cheeks,104,4333.3,34.5,13.75,0.0,0.0,171.2,2.08,-0.8,49.23,0.32,34.84,0.99,0.395,0.0,0.06,0,0,rest
cheeks,105,4375.0,34.5,13.75,0.0,0.0,159.1,2.11,-1.0,49.58,0.45,34.84,0.99,0.395,0.0,0.061,0,0,rest
cheeks,106,4416.7,34.5,13.75,0.0,0.0,158.6,2.09,-1.1,49.62,0.56,34.84,0.99,0.395,0.0,0.06,0,0,rest
cheeks,107,4458.3,34.5,13.75,0.0,0.0,157.8,2.16,-1.1,49.62,0.29,34.84,0.99,0.395,0.0,0.062,0,0,rest
cheeks,108,4500.0,34.5,13.75,0.0,0.0,156.1,2.17,-0.8,49.4,0.37,34.84,0.99,0.395,0.0,0.062,0,0,rest
cheeks,109,4541.7,34.5,14.0,0.0,0.0,158.1,2.17,-0.3,49.33,0.45,34.84,0.99,0.402,0.0,0.062,0,0,rest
cheeks,110,4583.3,34.5,14.0,0.0,0.0,162.4,2.17,-0.1,49.38,0.51,34.84,0.99,0.402,0.0,0.062,0,0,rest
cheeks,111,4625.0,34.5,14.0,0.0,0.0,161.5,2.23,-0.1,49.38,0.33,34.84,0.99,0.402,0.0,0.064,0,0,rest
cheeks,112,4666.7,34.5,14.0,0.0,0.0,163.3,2.23,-0.0,49.41,0.32,34.84,0.99,0.402,0.0,0.064,0,0,rest
cheeks,113,4708.3,34.5,14.0,0.0,0.0,159.8,2.25,-0.1,49.3,0.63,34.84,0.99,0.402,0.0,0.065,0,0,rest
cheeks,114,4750.0,34.5,14.0,0.0,0.0,159.4,2.25,-0.1,49.38,0.23,34.84,0.99,0.402,0.0,0.065,0,0,rest
cheeks,115,4791.7,34.5,14.0,0.0,0.0,159.4,2.25,-0.0,49.35,0.13,34.84,0.99,0.402,0.0,0.065,0,0,rest
cheeks,116,4833.3,34.5,14.0,0.0,0.0,159.2,2.27,-0.0,49.35,0.21,34.84,0.99,0.402,0.0,0.065,0,0,rest
cheeks,117,4875.0,34.5,14.0,0.0,0.0,158.9,2.28,-0.0,49.35,0.29,34.84,0.99,0.402,0.0,0.065,0,0,rest
cheeks,118,4916.7,34.5,14.0,0.0,0.0,158.6,2.3,-0.4,49.27,0.5,34.84,0.99,0.402,0.0,0.066,0,0,rest
cheeks,119,4958.3,34.5,14.0,0.0,0.0,158.4,2.28,-0.3,49.25,0.17,34.84,0.99,0.402,0.0,0.065,0,0,rest
cheeks,120,5000.0,34.5,14.0,0.0,0.0,159.1,2.28,-0.3,49.25,0.17,34.84,0.99,0.402,0.0,0.065,0,0,rest
cheeks,121,5041.7,34.5,14.0,0.0,0.0,144.6,2.3,-0.3,49.28,0.33,34.84,0.99,0.402,0.0,0.066,0,0,rest
cheeks,122,5083.3,34.5,14.0,0.0,0.0,144.2,2.3,-0.3,49.28,0.38,34.84,0.99,0.402,0.0,0.066,0,0,rest
cheeks,123,5125.0,34.5,14.0,0.0,0.0,143.2,2.3,-0.3,49.28,0.19,34.84,0.99,0.402,0.0,0.066,0,0,rest
cheeks,124,5166.7,34.5,14.0,0.0,0.0,142.5,2.3,-0.3,49.21,0.1,34.84,0.99,0.402,0.0,0.066,0,0,rest
cheeks,125,5208.3,34.5,14.0,0.0,0.0,142.2,2.3,-0.0,49.3,0.28,34.84,0.99,0.402,0.0,0.066,0,0,rest
cheeks,126,5250.0,34.5,14.0,0.0,0.0,176.2,2.3,-0.0,49.3,0.42,34.84,0.99,0.402,0.0,0.066,0,0,rest
cheeks,127,5291.7,34.5,14.0,0.0,0.0,175.9,2.3,-0.0,49.3,0.05,34.84,0.99,0.402,0.0,0.066,0,0,rest
cheeks,128,5333.3,34.5,14.0,0.0,0.0,176.4,2.3,-0.0,49.3,0.14,34.84,0.99,0.402,0.0,0.066,0,0,rest
cheeks,129,5375.0,34.5,14.0,0.0,0.0,176.9,2.3,0.0,49.37,0.28,34.84,0.99,0.402,0.0,0.066,0,0,rest
cheeks,130,5416.7,34.5,14.0,0.0,0.0,179.4,2.34,0.0,49.37,0.42,34.84,0.99,0.402,0.0,0.067,0,0,rest
cheeks,131,5458.3,34.5,14.0,0.0,0.0,175.2,2.45,0.0,49.37,0.59,34.84,0.99,0.402,0.0,0.07,0,0,rest
cheeks,132,5500.0,34.5,14.0,0.0,0.0,175.2,2.45,0.0,49.37,0.01,34.84,0.99,0.402,0.0,0.07,0,0,rest
cheeks,133,5541.7,34.5,14.0,0.0,0.0,175.7,2.45,0.1,49.4,0.06,34.84,0.99,0.402,0.0,0.07,0,0,rest
cheeks,134,5583.3,34.5,14.0,0.0,0.0,175.8,2.55,-0.2,49.32,0.28,34.84,0.99,0.402,0.0,0.073,0,0,rest
cheeks,135,5625.0,34.5,14.0,0.0,0.0,176.4,2.44,-0.2,49.32,0.31,34.84,0.99,0.402,0.0,0.07,0,0,rest
cheeks,136,5666.7,34.5,14.0,0.0,0.0,176.0,2.47,-0.2,49.32,0.15,34.84,0.99,0.402,0.0,0.071,0,0,rest
cheeks,137,5708.3,34.5,14.0,0.0,0.0,142.8,2.27,-0.2,49.32,0.3,34.84,0.99,0.402,0.0,0.065,0,0,rest
cheeks,138,5750.0,34.5,14.0,0.0,0.0,143.4,2.25,-0.2,49.32,0.07,34.84,0.99,0.402,0.0,0.065,0,0,rest
cheeks,139,5791.7,34.5,14.0,0.0,0.0,143.4,2.25,-0.2,49.32,0.02,34.84,0.99,0.402,0.0,0.065,0,0,rest
cheeks,140,5833.3,34.5,14.0,0.0,0.0,143.4,2.25,-0.2,49.32,0.03,34.84,0.99,0.402,0.0,0.065,0,0,rest
cheeks,141,5875.0,34.5,14.0,0.0,0.0,142.8,2.27,-0.3,49.28,0.0,34.84,0.99,0.402,0.0,0.065,0,0,rest
cheeks,142,5916.7,34.5,14.0,0.0,0.0,143.1,2.27,-0.3,49.28,0.09,34.84,0.99,0.402,0.0,0.065,0,0,rest
cheeks,143,5958.3,34.5,14.0,0.0,0.0,152.0,2.27,-0.3,49.28,0.04,34.84,0.99,0.402,0.0,0.065,0,0,rest
cheeks,144,6000.0,34.5,14.0,0.0,0.0,150.4,2.27,-0.3,49.28,0.09,34.84,0.99,0.402,0.0,0.065,0,0,rest
gasp,0,0.0,23.0,22.0,4.75,0.3,0.0,-2.38,-1.3,52.49,0.0,37.93,0.606,0.58,0.125,-0.063,0.5,-1,OH_half
gasp,1,41.7,23.5,22.0,4.75,0.4,0.0,-2.41,-1.4,52.42,1.18,37.93,0.62,0.58,0.125,-0.064,0.5,-1,OH_half
gasp,2,83.3,23.5,22.0,4.75,0.1,0.0,-1.28,-2.0,53.17,0.86,37.93,0.62,0.58,0.125,-0.034,0.5,-1,OH_half
gasp,3,125.0,23.5,22.25,5.0,0.5,0.0,-1.28,-1.9,53.35,0.13,37.93,0.62,0.587,0.132,-0.034,0.5,-1,OH_half
gasp,4,166.7,23.5,22.25,5.0,0.5,0.0,-1.28,-1.9,53.85,0.01,37.93,0.62,0.587,0.132,-0.034,0.5,-1,OH_half
gasp,5,208.3,23.5,22.25,5.0,0.4,0.0,-2.39,-2.0,53.69,1.09,37.93,0.62,0.587,0.132,-0.063,0.5,-1,OH_half
gasp,6,250.0,23.25,22.25,5.0,0.5,0.0,-2.34,-2.0,53.72,0.51,37.93,0.613,0.587,0.132,-0.062,0.5,-1,OH_half
gasp,7,291.7,23.25,22.25,5.0,0.4,0.0,-2.34,-2.0,53.8,0.17,37.93,0.613,0.587,0.132,-0.062,0.5,-1,OH_half
gasp,8,333.3,23.25,22.25,5.0,0.2,0.0,-2.33,-2.0,53.8,0.15,37.93,0.613,0.587,0.132,-0.061,0.5,-1,OH_half
gasp,9,375.0,23.25,22.25,5.25,1.2,0.0,-1.2,-2.0,53.8,1.54,37.93,0.613,0.587,0.138,-0.032,0.5,-1,OH_half
gasp,10,416.7,23.25,22.25,5.25,1.2,0.0,-1.2,-2.0,53.86,0.02,37.93,0.613,0.587,0.138,-0.032,0.5,-1,OH_half
gasp,11,458.3,23.25,22.25,5.25,1.2,0.0,-1.2,-2.0,53.86,0.05,37.93,0.613,0.587,0.138,-0.032,0.5,-1,OH_half
gasp,12,500.0,23.25,22.25,5.25,1.2,0.0,-1.2,-2.0,53.86,0.05,37.93,0.613,0.587,0.138,-0.032,0.5,-1,OH_half
gasp,13,541.7,23.0,22.25,5.25,2.0,0.0,-1.36,-2.0,53.78,1.29,37.93,0.606,0.587,0.138,-0.036,0.5,-1,OH_half
gasp,14,583.3,23.0,22.25,5.25,2.2,0.0,-1.38,-2.0,53.78,0.15,37.93,0.606,0.587,0.138,-0.036,0.5,-1,OH_half
gasp,15,625.0,23.0,22.25,5.25,2.2,0.0,-1.38,-1.9,53.72,0.11,37.93,0.606,0.587,0.138,-0.036,0.5,-1,OH_half
gasp,16,666.7,23.0,22.25,5.25,2.4,0.0,-1.38,-1.8,53.46,0.23,37.93,0.606,0.587,0.138,-0.036,0.5,-1,OH_half
gasp,17,708.3,23.0,22.75,5.5,2.9,0.0,-2.48,-1.7,53.44,2.46,37.93,0.606,0.6,0.145,-0.065,0.5,-1,OH_half
gasp,18,750.0,23.0,23.75,5.5,2.9,0.0,-1.55,-1.7,53.53,2.39,37.93,0.606,0.626,0.145,-0.041,0.5,-1,OH_half
gasp,19,791.7,23.0,24.25,5.75,3.2,0.0,-2.73,-1.8,53.53,2.15,37.93,0.606,0.639,0.152,-0.072,0.5,-1,OH_half
gasp,20,833.3,23.0,24.0,5.75,3.0,0.0,-2.19,-1.8,53.58,1.59,37.93,0.606,0.633,0.152,-0.058,0.5,-1,OH_half
gasp,21,875.0,22.75,24.25,6.0,1.3,0.0,-2.66,-1.3,53.93,1.71,37.93,0.6,0.639,0.158,-0.07,0.5,-1,OH_half
gasp,22,916.7,23.0,25.25,6.0,0.0,0.0,-2.84,-1.6,53.95,1.5,37.93,0.606,0.666,0.158,-0.075,0.5,-1,OH_half
gasp,23,958.3,22.75,25.0,6.0,0.0,0.0,-2.86,-1.6,53.9,1.41,37.93,0.6,0.659,0.158,-0.075,0.5,-1,OH_half
gasp,24,1000.0,23.0,25.75,6.25,1.6,0.0,-2.44,-1.5,54.0,1.3,37.93,0.606,0.679,0.165,-0.064,0.5,-1,OH_half
gasp,25,1041.7,23.0,26.0,6.5,3.7,0.0,-3.7,-1.4,54.01,1.56,37.93,0.606,0.686,0.171,-0.098,0.5,-1,OH_half
gasp,26,1083.3,23.0,26.0,6.75,3.7,0.0,-3.52,-1.7,54.02,1.33,37.93,0.606,0.686,0.178,-0.093,0.5,-1,OH_half
gasp,27,1125.0,23.0,26.5,7.0,3.4,0.0,-3.52,-1.8,53.99,1.02,37.93,0.606,0.699,0.185,-0.093,0.5,-1,OH_half
gasp,28,1166.7,23.0,26.5,7.25,3.1,0.0,-2.67,-1.6,54.3,0.96,37.93,0.606,0.699,0.191,-0.07,0.5,-1,OH_half
gasp,29,1208.3,23.0,26.5,7.25,3.8,0.0,-3.61,-2.3,53.93,1.69,37.93,0.606,0.699,0.191,-0.095,0.5,-1,OH_half
gasp,30,1250.0,23.0,27.0,7.25,3.2,0.1,-3.66,-2.0,53.85,1.48,37.93,0.606,0.712,0.191,-0.097,0.5,-1,OH_half
gasp,31,1291.7,22.75,27.0,7.75,2.2,0.0,-3.75,-2.1,53.88,1.2,37.93,0.6,0.712,0.204,-0.099,0.5,-1,OH_half
gasp,32,1333.3,22.75,27.75,7.75,2.0,0.0,-3.88,-2.1,53.84,1.0,37.93,0.6,0.732,0.204,-0.102,0.5,-1,OH_half
gasp,33,1375.0,22.75,27.75,7.75,2.7,0.1,-4.03,-2.4,53.59,1.21,37.93,0.6,0.732,0.204,-0.106,0.5,-1,OH_half
gasp,34,1416.7,22.75,27.75,7.75,3.1,0.0,-4.05,-2.6,53.66,1.33,37.93,0.6,0.732,0.204,-0.107,0.5,-1,OH_half
gasp,35,1458.3,22.75,28.25,8.0,3.6,0.0,-3.91,-2.6,53.8,1.05,37.93,0.6,0.745,0.211,-0.103,0.5,-1,OH_half
gasp,36,1500.0,22.75,28.25,8.25,3.9,0.0,-3.91,-2.5,53.76,1.06,37.93,0.6,0.745,0.218,-0.103,0.5,-1,OH_half
gasp,37,1541.7,22.75,28.25,8.5,4.8,0.0,-3.78,-2.6,53.87,1.32,37.93,0.6,0.745,0.224,-0.1,0.5,-1,OH_half
gasp,38,1583.3,22.75,28.25,8.5,4.2,1.1,-3.75,-1.7,53.93,1.43,37.93,0.6,0.745,0.224,-0.099,0.5,-1,OH_half
gasp,39,1625.0,22.75,28.5,8.5,4.2,2.5,-3.73,-1.8,53.93,0.91,37.93,0.6,0.751,0.224,-0.098,0.5,-1,OH_half
gasp,40,1666.7,22.75,29.0,8.75,4.5,5.6,-3.84,-2.1,53.62,0.95,37.93,0.6,0.765,0.231,-0.101,0.5,-1,OH_half
gasp,41,1708.3,22.75,29.0,9.0,4.6,4.9,-3.98,-2.2,53.53,1.52,37.93,0.6,0.765,0.237,-0.105,0.5,-1,OH_half
gasp,42,1750.0,22.75,29.25,9.25,4.2,5.4,-4.11,-2.3,53.7,1.35,37.93,0.6,0.771,0.244,-0.108,0.5,-1,OH_half
gasp,43,1791.7,22.75,29.5,9.25,4.3,5.0,-4.08,-2.4,53.7,1.2,37.93,0.6,0.778,0.244,-0.108,0.5,-1,OH_half
gasp,44,1833.3,22.75,29.5,9.5,5.3,5.6,-4.16,-2.4,53.54,0.72,37.93,0.6,0.778,0.25,-0.11,0.5,-1,OH_half
gasp,45,1875.0,22.75,29.5,9.75,5.6,5.9,-4.02,-1.8,53.84,1.17,37.93,0.6,0.778,0.257,-0.106,1,-1,OH
gasp,46,1916.7,22.75,29.75,9.75,5.1,5.3,-4.12,-1.9,53.92,1.11,37.93,0.6,0.784,0.257,-0.109,1,-1,OH
gasp,47,1958.3,22.75,30.0,9.75,4.6,5.3,-4.05,-1.8,53.83,1.11,37.93,0.6,0.791,0.257,-0.107,1,-1,OH
gasp,48,2000.0,22.75,30.0,9.75,5.4,5.6,-4.17,-1.7,53.12,1.06,37.93,0.6,0.791,0.257,-0.11,1,-1,OH
gasp,49,2041.7,22.75,30.25,10.0,6.5,1.9,-4.2,-2.1,53.22,1.32,37.93,0.6,0.798,0.264,-0.111,1,-1,OH
gasp,50,2083.3,23.0,30.25,10.25,6.1,2.1,-4.3,-2.1,53.19,1.09,37.93,0.606,0.798,0.27,-0.113,1,-1,OH
gasp,51,2125.0,23.0,30.25,10.25,5.3,1.9,-4.44,-1.9,53.32,0.98,37.93,0.606,0.798,0.27,-0.117,1,-1,OH
gasp,52,2166.7,23.0,30.5,10.5,5.4,1.7,-4.5,-1.7,53.14,0.98,37.93,0.606,0.804,0.277,-0.119,1,-1,OH
gasp,53,2208.3,23.0,30.75,10.5,5.9,1.6,-4.56,-1.5,53.44,1.19,37.93,0.606,0.811,0.277,-0.12,1,-1,OH
gasp,54,2250.0,23.0,30.75,10.75,6.1,3.2,-4.52,-1.4,53.45,1.09,37.93,0.606,0.811,0.283,-0.119,1,-1,OH
gasp,55,2291.7,23.0,31.0,10.75,4.9,3.2,-4.47,-1.7,53.88,0.82,37.93,0.606,0.817,0.283,-0.118,1,-1,OH
gasp,56,2333.3,23.25,31.25,10.75,5.9,3.7,-4.42,-1.9,53.84,1.14,37.93,0.613,0.824,0.283,-0.117,1,-1,OH
gasp,57,2375.0,23.25,31.5,11.0,7.2,3.7,-4.53,-1.6,53.75,0.69,37.93,0.613,0.831,0.29,-0.119,1,-1,OH
gasp,58,2416.7,23.25,31.25,11.0,7.1,5.7,-4.64,-1.6,53.53,1.03,37.93,0.613,0.824,0.29,-0.122,1,-1,OH
gasp,59,2458.3,23.25,31.25,11.0,6.7,5.7,-4.59,-1.4,53.56,0.73,37.93,0.613,0.824,0.29,-0.121,1,-1,OH
gasp,60,2500.0,23.25,31.25,11.25,5.9,5.6,-4.55,-1.3,53.8,0.76,37.93,0.613,0.824,0.297,-0.12,1,-1,OH
gasp,61,2541.7,23.25,31.5,11.25,6.8,5.8,-4.67,-1.5,53.62,0.91,37.93,0.613,0.831,0.297,-0.123,1,-1,OH
gasp,62,2583.3,23.25,31.5,11.25,6.2,5.6,-4.59,-1.2,53.72,1.06,37.93,0.613,0.831,0.297,-0.121,1,-1,OH
gasp,63,2625.0,23.25,31.75,11.5,6.4,5.9,-4.61,-1.1,53.71,0.58,37.93,0.613,0.837,0.303,-0.122,1,-1,OH
gasp,64,2666.7,23.25,32.0,11.5,5.8,5.5,-4.67,-1.0,53.63,0.91,37.93,0.613,0.844,0.303,-0.123,1,-1,OH
gasp,65,2708.3,23.25,32.0,11.75,5.1,5.9,-4.59,-1.1,53.77,0.7,37.93,0.613,0.844,0.31,-0.121,1,-1,OH
gasp,66,2750.0,23.25,32.0,11.75,5.6,8.2,-4.69,-1.5,53.88,1.0,37.93,0.613,0.844,0.31,-0.124,1,-1,OH
gasp,67,2791.7,23.25,32.0,12.0,6.3,8.5,-4.69,-1.6,53.63,0.89,37.93,0.613,0.844,0.316,-0.124,1,-1,OH
gasp,68,2833.3,23.25,32.25,12.0,6.3,8.1,-4.67,-1.6,53.67,0.35,37.93,0.613,0.85,0.316,-0.123,1,-1,OH
gasp,69,2875.0,23.5,32.25,11.75,6.3,8.4,-4.66,-1.7,53.7,1.08,37.93,0.62,0.85,0.31,-0.123,1,-1,OH
gasp,70,2916.7,23.5,32.25,11.75,6.1,7.8,-4.61,-1.9,53.78,0.96,37.93,0.62,0.85,0.31,-0.122,1,-1,OH
gasp,71,2958.3,23.5,32.25,11.75,6.1,4.4,-4.59,-2.0,53.88,0.32,37.93,0.62,0.85,0.31,-0.121,1,-1,OH
gasp,72,3000.0,23.5,32.25,11.75,6.1,7.1,-4.59,-1.8,53.61,0.42,37.93,0.62,0.85,0.31,-0.121,1,-1,OH
gasp,73,3041.7,23.5,32.25,11.75,6.1,7.2,-4.55,-1.2,53.96,0.36,37.93,0.62,0.85,0.31,-0.12,1,-1,OH
gasp,74,3083.3,23.5,32.25,11.5,6.1,7.2,-4.58,-1.2,53.96,0.14,37.93,0.62,0.85,0.303,-0.121,1,-1,OH
gasp,75,3125.0,23.5,32.25,11.5,6.0,7.2,-4.41,-1.1,53.98,0.32,37.93,0.62,0.85,0.303,-0.116,1,-1,OH
gasp,76,3166.7,23.5,32.25,11.5,6.0,7.6,-4.55,-1.0,53.97,0.4,37.93,0.62,0.85,0.303,-0.12,1,-1,OH
gasp,77,3208.3,23.25,32.25,11.25,6.1,7.7,-4.56,-1.1,54.03,0.39,37.93,0.613,0.85,0.297,-0.12,1,-1,OH
gasp,78,3250.0,23.5,32.25,11.25,6.2,10.0,-4.45,-0.9,53.98,0.42,37.93,0.62,0.85,0.297,-0.117,1,-1,OH
gasp,79,3291.7,23.5,32.25,11.25,6.2,6.7,-4.44,-0.9,53.98,0.48,37.93,0.62,0.85,0.297,-0.117,1,-1,OH
gasp,80,3333.3,23.5,32.25,11.25,6.2,6.7,-4.44,-0.9,53.94,0.0,37.93,0.62,0.85,0.297,-0.117,1,-1,OH
gasp,81,3375.0,23.5,32.0,11.25,5.1,9.3,-4.39,-1.5,53.72,2.05,37.93,0.62,0.844,0.297,-0.116,1,-1,OH
gasp,82,3416.7,23.5,31.75,11.25,6.4,9.8,-4.41,-1.5,53.72,0.94,37.93,0.62,0.837,0.297,-0.116,1,-1,OH
gasp,83,3458.3,23.5,32.0,11.25,6.6,4.6,-4.45,-1.3,53.72,0.97,37.93,0.62,0.844,0.297,-0.117,1,-1,OH
gasp,84,3500.0,23.5,31.75,11.25,5.8,4.8,-4.5,-1.3,53.55,1.37,37.93,0.62,0.837,0.297,-0.119,1,-1,OH
gasp,85,3541.7,23.5,31.75,11.0,6.0,4.8,-4.47,-1.3,53.9,1.21,37.93,0.62,0.837,0.29,-0.118,1,-1,OH
gasp,86,3583.3,23.25,31.75,10.75,7.1,5.1,-4.66,-1.4,53.96,1.07,37.93,0.613,0.837,0.283,-0.123,1,-1,OH
gasp,87,3625.0,23.5,31.75,10.75,7.3,2.6,-4.47,-1.3,53.96,1.14,37.93,0.62,0.837,0.283,-0.118,1,-1,OH
gasp,88,3666.7,23.5,31.5,10.5,6.1,2.4,-4.39,-1.4,54.04,1.2,37.93,0.62,0.831,0.277,-0.116,1,-1,OH
gasp,89,3708.3,23.25,31.75,10.5,6.1,2.2,-4.41,-1.5,53.64,1.1,37.93,0.613,0.837,0.277,-0.116,1,-1,OH
gasp,90,3750.0,23.25,31.5,10.5,6.4,2.0,-4.41,-1.9,53.47,1.07,37.93,0.613,0.831,0.277,-0.116,1,-1,OH
gasp,91,3791.7,23.5,31.25,10.5,6.3,1.9,-4.36,-2.2,53.43,1.35,37.93,0.62,0.824,0.277,-0.115,1,-1,OH
gasp,92,3833.3,23.5,31.25,10.25,5.8,1.9,-4.44,-2.3,53.54,1.18,37.93,0.62,0.824,0.27,-0.117,1,-1,OH
gasp,93,3875.0,23.75,31.0,10.25,6.1,0.0,-4.88,-2.1,53.13,1.36,37.93,0.626,0.817,0.27,-0.129,1,-1,OH
gasp,94,3916.7,23.5,31.0,10.0,6.6,0.0,-4.69,-2.6,53.46,1.21,37.93,0.62,0.817,0.264,-0.124,1,-1,OH
gasp,95,3958.3,23.75,31.0,9.75,7.1,0.0,-4.84,-2.6,53.47,1.32,37.93,0.626,0.817,0.257,-0.128,1,-1,OH
gasp,96,4000.0,23.75,30.75,9.5,6.2,0.4,-4.72,-2.5,53.49,1.67,37.93,0.626,0.811,0.25,-0.124,0.5,-1,OH_half
gasp,97,4041.7,23.75,30.5,9.25,6.8,0.4,-4.61,-2.3,53.79,1.4,37.93,0.626,0.804,0.244,-0.122,0.5,-1,OH_half
gasp,98,4083.3,23.75,30.25,9.0,6.6,0.3,-4.59,-2.2,53.69,1.57,37.93,0.626,0.798,0.237,-0.121,0.5,-1,OH_half
gasp,99,4125.0,23.75,29.75,8.75,6.7,0.2,-4.44,-2.2,53.73,2.03,37.93,0.626,0.784,0.231,-0.117,0.5,-1,OH_half
gasp,100,4166.7,24.0,30.0,8.75,7.5,0.2,-4.78,-2.1,53.87,2.41,37.93,0.633,0.791,0.231,-0.126,0.5,-1,OH_half
gasp,101,4208.3,24.0,29.75,12.0,10.2,0.3,-4.58,-1.9,53.73,2.07,37.93,0.633,0.784,0.316,-0.121,1,-1,OH
gasp,102,4250.0,24.0,28.75,12.25,12.8,0.2,-2.2,-1.8,53.78,2.86,37.93,0.633,0.758,0.323,-0.058,1,-1,OH
gasp,103,4291.7,24.0,28.25,12.0,17.1,0.2,-2.03,-1.6,53.68,3.02,37.93,0.633,0.745,0.316,-0.054,1,-1,OH
gasp,104,4333.3,24.0,28.25,11.75,22.8,0.0,-1.95,-1.7,53.95,3.18,37.93,0.633,0.745,0.31,-0.051,1,-1,OH
gasp,105,4375.0,24.0,27.75,11.75,24.8,0.0,-1.66,-2.0,53.71,3.03,37.93,0.633,0.732,0.31,-0.044,1,-1,OH
gasp,106,4416.7,24.25,28.0,11.0,27.6,0.0,-1.94,-2.0,54.05,3.65,37.93,0.639,0.738,0.29,-0.051,1,-1,OH
gasp,107,4458.3,24.25,27.5,10.5,27.6,0.0,-1.7,-1.8,53.16,4.13,37.93,0.639,0.725,0.277,-0.045,1,-1,OH
gasp,108,4500.0,24.25,27.0,9.75,28.2,0.0,-1.48,-2.0,53.43,5.0,37.93,0.639,0.712,0.257,-0.039,1,-1,OH
gasp,109,4541.7,24.25,26.25,9.75,32.0,0.0,-1.19,-1.9,53.39,4.02,37.93,0.639,0.692,0.257,-0.031,1,-1,OH
gasp,110,4583.3,24.5,26.0,8.75,30.7,0.0,-1.52,-1.8,53.33,4.42,37.93,0.646,0.686,0.231,-0.04,0.5,-1,OH_half
gasp,111,4625.0,24.75,24.75,8.5,31.1,0.0,-1.36,-2.1,53.88,4.51,37.93,0.653,0.653,0.224,-0.036,0.5,-1,OH_half
gasp,112,4666.7,25.0,24.5,8.0,30.4,0.0,-0.97,-2.4,53.5,4.08,37.93,0.659,0.646,0.211,-0.026,0.5,-1,OH_half
gasp,113,4708.3,25.5,24.25,8.75,33.7,0.0,-0.95,-1.6,52.81,3.74,37.93,0.672,0.639,0.231,-0.025,0.5,-1,OH_half
gasp,114,4750.0,25.5,23.75,7.0,33.8,0.1,-0.77,-1.3,52.5,3.87,37.93,0.672,0.626,0.185,-0.02,0.5,-1,OH_half
gasp,115,4791.7,26.0,22.75,6.5,32.0,0.0,-0.62,-1.1,52.74,5.07,37.93,0.686,0.6,0.171,-0.016,0.5,-1,OH_half
gasp,116,4833.3,26.25,22.5,5.75,30.0,0.0,-0.39,-1.5,53.6,4.88,37.93,0.692,0.593,0.152,-0.01,0.5,-1,OH_half
gasp,117,4875.0,26.25,21.25,3.75,28.9,0.0,0.23,-1.1,53.5,5.08,37.93,0.692,0.56,0.099,0.006,0.5,-1,OH_half
gasp,118,4916.7,26.5,21.25,3.5,23.9,0.1,0.95,-0.2,53.06,6.11,37.93,0.699,0.56,0.092,0.025,0.5,-1,OH_half
gasp,119,4958.3,26.5,20.5,3.0,23.8,0.0,0.7,-0.2,52.85,5.51,37.93,0.699,0.541,0.079,0.018,0,-1,M
gasp,120,5000.0,27.0,19.75,3.0,23.7,0.0,0.48,-0.1,53.19,5.78,37.93,0.712,0.521,0.079,0.013,0,-1,M
gasp,121,5041.7,27.5,18.5,2.0,23.1,0.0,0.31,0.0,53.09,4.08,37.93,0.725,0.488,0.053,0.008,0,-1,M
gasp,122,5083.3,28.0,18.0,2.0,19.6,0.0,0.3,-0.2,53.22,3.79,37.93,0.738,0.475,0.053,0.008,0,-1,M
gasp,123,5125.0,28.0,17.25,1.5,12.9,0.0,0.17,-0.3,53.33,4.43,37.93,0.738,0.455,0.04,0.004,0,-1,M
gasp,124,5166.7,28.75,17.0,0.0,2.4,0.0,1.84,-0.4,53.28,4.66,37.93,0.758,0.448,0.0,0.049,0,-1,M
gasp,125,5208.3,28.75,16.25,0.0,0.0,0.0,-0.17,-0.7,52.72,4.66,37.93,0.758,0.428,0.0,-0.004,0,-1,M
gasp,126,5250.0,29.0,15.5,0.0,0.0,0.0,-0.02,-0.7,52.72,2.72,37.93,0.765,0.409,0.0,-0.001,0,-1,M
gasp,127,5291.7,29.0,15.5,0.0,0.0,0.0,-0.02,-0.8,52.73,0.38,37.93,0.765,0.409,0.0,-0.001,0,-1,M
gasp,128,5333.3,29.0,15.5,0.0,0.0,0.0,0.0,-0.9,52.9,0.31,37.93,0.765,0.409,0.0,0.0,0,-1,M
gasp,129,5375.0,29.0,15.25,0.0,0.0,0.0,-0.09,-1.0,52.93,1.59,37.93,0.765,0.402,0.0,-0.002,0,-1,M
gasp,130,5416.7,29.0,15.25,0.0,0.0,0.0,-0.11,-0.9,52.9,0.45,37.93,0.765,0.402,0.0,-0.003,0,-1,M
gasp,131,5458.3,29.0,15.25,0.0,0.0,0.0,-0.11,-0.2,53.24,0.15,37.93,0.765,0.402,0.0,-0.003,0,-1,M
gasp,132,5500.0,29.0,15.25,0.0,0.0,0.0,-0.11,-0.2,53.24,0.42,37.93,0.765,0.402,0.0,-0.003,0,-1,M
gasp,133,5541.7,29.0,15.25,0.0,0.0,0.0,-0.16,-1.1,53.21,0.45,37.93,0.765,0.402,0.0,-0.004,0,-1,M
gasp,134,5583.3,29.0,15.25,0.0,0.0,0.0,-0.17,-1.1,53.25,0.35,37.93,0.765,0.402,0.0,-0.004,0,-1,M
gasp,135,5625.0,28.75,15.25,0.0,0.0,0.0,-0.06,-1.2,53.31,0.45,37.93,0.758,0.402,0.0,-0.002,0,-1,M
gasp,136,5666.7,29.0,15.25,0.0,0.0,0.0,-0.16,-1.2,53.31,0.31,37.93,0.765,0.402,0.0,-0.004,0,-1,M
gasp,137,5708.3,29.0,15.25,0.0,0.0,0.0,-0.17,-1.3,53.24,0.27,37.93,0.765,0.402,0.0,-0.004,0,-1,M
gasp,138,5750.0,29.0,15.25,0.0,0.0,0.0,-0.16,-1.3,53.18,0.18,37.93,0.765,0.402,0.0,-0.004,0,-1,M
gasp,139,5791.7,29.0,15.25,0.0,0.0,0.0,-0.16,-1.3,53.18,0.33,37.93,0.765,0.402,0.0,-0.004,0,-1,M
gasp,140,5833.3,29.0,15.25,0.0,0.0,0.0,-0.16,-1.3,53.18,0.09,37.93,0.765,0.402,0.0,-0.004,0,-1,M
gasp,141,5875.0,29.0,15.25,0.0,0.0,0.0,-0.16,-1.3,53.18,0.05,37.93,0.765,0.402,0.0,-0.004,0,-1,M
gasp,142,5916.7,29.0,15.25,0.0,0.0,0.0,-0.16,-1.3,53.18,0.03,37.93,0.765,0.402,0.0,-0.004,0,-1,M
gasp,143,5958.3,29.0,15.25,0.0,0.0,0.0,-0.16,-1.3,53.18,0.02,37.93,0.765,0.402,0.0,-0.004,0,-1,M
gasp,144,6000.0,29.0,15.25,0.0,0.0,0.0,-0.16,-1.3,53.18,0.01,37.93,0.765,0.402,0.0,-0.004,0,-1,M
startle,0,0.0,34.5,13.5,0.0,0.0,0.1,2.02,,,0.0,34.37,1.004,0.393,0.0,0.059,0,0,rest
startle,1,41.7,34.75,13.5,0.0,0.0,0.1,2.17,,,1.19,34.37,1.011,0.393,0.0,0.063,0,0,rest
startle,2,83.3,34.25,13.5,0.0,0.0,0.2,2.03,,,0.66,34.37,0.996,0.393,0.0,0.059,0,0,rest
startle,3,125.0,34.5,13.5,0.0,0.0,0.2,2.17,,,0.93,34.37,1.004,0.393,0.0,0.063,0,0,rest
startle,4,166.7,34.5,13.5,0.0,0.0,0.2,2.14,,,0.13,34.37,1.004,0.393,0.0,0.062,0,0,rest
startle,5,208.3,34.75,13.5,0.0,0.0,1.2,2.08,,,1.43,34.37,1.011,0.393,0.0,0.061,0,0,rest
startle,6,250.0,34.75,13.5,0.0,0.0,2.3,2.64,,,4.5,34.37,1.011,0.393,0.0,0.077,0,0,rest
startle,7,291.7,34.75,13.25,0.0,0.0,2.1,2.64,,,0.44,34.37,1.011,0.385,0.0,0.077,0,0,rest
startle,8,333.3,34.75,13.75,0.0,0.0,1.5,2.41,,,14.18,34.37,1.011,0.4,0.0,0.07,0,0,rest
startle,9,375.0,34.75,13.75,0.0,0.0,1.5,2.41,,,0.0,34.37,1.011,0.4,0.0,0.07,0,0,rest
startle,10,416.7,36.0,14.0,0.0,0.0,0.4,3.06,,,21.58,34.37,1.047,0.407,0.0,0.089,0,1,smile
startle,11,458.3,36.25,14.0,0.0,0.0,0.6,3.17,,,2.24,34.37,1.055,0.407,0.0,0.092,0,1,smile
startle,12,500.0,36.25,14.75,0.0,0.0,0.4,4.14,,,23.46,34.37,1.055,0.429,0.0,0.12,0,1,smile
startle,13,541.7,36.0,15.0,0.0,0.0,0.3,3.98,,,3.27,34.37,1.047,0.436,0.0,0.116,0,1,smile
startle,14,583.3,35.75,14.75,0.0,0.0,0.0,2.97,,,16.31,34.37,1.04,0.429,0.0,0.086,0,0,rest
startle,15,625.0,36.0,15.75,0.0,0.0,0.1,2.75,,,1.25,34.37,1.047,0.458,0.0,0.08,0,1,smile
startle,16,666.7,15.75,4.25,0.0,0.0,0.9,2.66,,,10.22,34.37,0.458,0.124,0.0,0.077,0,-1,M
startle,17,708.3,16.25,4.25,0.0,0.0,2.6,2.55,,,2.48,34.37,0.473,0.124,0.0,0.074,0,-1,M
startle,18,750.0,27.75,20.75,9.25,6.2,0.8,-5.88,-2.7,48.78,10.86,34.37,0.807,0.604,0.269,-0.171,1,-1,OH
startle,19,791.7,28.0,21.25,10.25,8.4,1.3,-5.12,,,1.55,34.37,0.815,0.618,0.298,-0.149,1,-1,OH
startle,20,833.3,26.75,27.5,6.5,10.2,139.6,-4.86,-4.3,49.28,15.99,34.37,0.778,0.8,0.189,-0.141,0.5,-1,OH_half
startle,21,875.0,27.0,27.25,6.0,10.1,56.8,-4.62,-2.1,48.36,2.41,34.37,0.785,0.793,0.175,-0.134,0.5,-1,OH_half
startle,22,916.7,26.5,27.0,8.0,12.1,59.1,-4.12,-1.9,47.85,22.58,34.37,0.771,0.785,0.233,-0.12,0.5,-1,OH_half
startle,23,958.3,26.5,26.75,6.25,11.1,57.6,-4.52,-1.3,47.57,2.03,34.37,0.771,0.778,0.182,-0.131,0.5,-1,OH_half
startle,24,1000.0,26.5,26.5,8.0,11.9,59.1,-4.34,-2.5,49.25,24.53,34.37,0.771,0.771,0.233,-0.126,0.5,-1,OH_half
startle,25,1041.7,26.5,26.5,13.5,11.9,71.2,-1.56,-2.2,48.7,2.37,34.37,0.771,0.771,0.393,-0.045,1,-1,OH
startle,26,1083.3,26.5,26.75,6.0,9.6,56.0,-4.2,-1.9,48.79,16.3,34.37,0.771,0.778,0.175,-0.122,0.5,-1,OH_half
startle,27,1125.0,26.5,26.75,6.0,8.9,56.8,-4.17,-1.9,48.94,0.6,34.37,0.771,0.778,0.175,-0.121,0.5,-1,OH_half
startle,28,1166.7,26.5,26.25,11.75,10.3,54.7,-1.41,-1.8,49.07,8.2,34.37,0.771,0.764,0.342,-0.041,1,-1,OH
startle,29,1208.3,26.5,26.5,11.75,10.1,57.3,-1.53,-2.3,47.49,1.53,34.37,0.771,0.771,0.342,-0.045,1,-1,OH
startle,30,1250.0,26.25,26.0,6.0,8.6,53.4,-4.14,-2.8,47.72,4.45,34.37,0.764,0.756,0.175,-0.12,0.5,-1,OH_half
startle,31,1291.7,26.25,26.25,6.0,8.4,55.4,-4.09,-2.7,47.49,1.28,34.37,0.764,0.764,0.175,-0.119,0.5,-1,OH_half
startle,32,1333.3,26.25,26.0,7.75,8.4,45.4,-4.83,-1.6,47.58,4.27,34.37,0.764,0.756,0.225,-0.141,0.5,-1,OH_half
startle,33,1375.0,26.25,26.0,7.75,7.6,44.9,-4.83,-2.0,48.74,0.72,34.37,0.764,0.756,0.225,-0.141,0.5,-1,OH_half
startle,34,1416.7,26.25,26.0,7.75,8.2,41.2,-4.69,-1.9,48.5,2.64,34.37,0.764,0.756,0.225,-0.136,0.5,-1,OH_half
startle,35,1458.3,26.5,26.0,6.0,9.5,43.3,-3.91,-2.0,48.12,1.43,34.37,0.771,0.756,0.175,-0.114,0.5,-1,OH_half
startle,36,1500.0,26.75,25.5,6.0,8.3,44.2,-4.05,-1.5,48.01,2.3,34.37,0.778,0.742,0.175,-0.118,0.5,-1,OH_half
startle,37,1541.7,26.75,25.5,6.0,9.4,42.8,-4.06,-1.6,48.13,0.57,34.37,0.778,0.742,0.175,-0.118,0.5,-1,OH_half
startle,38,1583.3,26.5,25.25,5.75,7.7,46.9,-3.8,-0.9,47.91,1.74,34.37,0.771,0.735,0.167,-0.111,0.5,-1,OH_half
startle,39,1625.0,26.5,25.25,5.75,7.4,47.0,-3.78,-1.0,48.14,0.41,34.37,0.771,0.735,0.167,-0.11,0.5,-1,OH_half
startle,40,1666.7,26.5,25.25,5.75,7.4,47.1,-3.78,-0.7,48.22,0.07,34.37,0.771,0.735,0.167,-0.11,0.5,-1,OH_half
startle,41,1708.3,26.75,25.5,5.5,7.7,47.2,-3.89,-0.8,48.3,1.45,34.37,0.778,0.742,0.16,-0.113,0.5,-1,OH_half
startle,42,1750.0,26.75,25.5,5.5,7.7,47.2,-3.89,-0.8,48.3,0.0,34.37,0.778,0.742,0.16,-0.113,0.5,-1,OH_half
startle,43,1791.7,26.75,25.5,5.5,7.7,47.6,-3.84,-0.9,48.44,0.38,34.37,0.778,0.742,0.16,-0.112,0.5,-1,OH_half
startle,44,1833.3,26.75,25.5,5.75,7.7,46.1,-3.75,-0.9,48.44,0.38,34.37,0.778,0.742,0.167,-0.109,0.5,-1,OH_half
startle,45,1875.0,26.5,25.25,5.75,7.9,47.3,-3.84,-1.2,48.49,1.08,34.37,0.771,0.735,0.167,-0.112,0.5,-1,OH_half
startle,46,1916.7,26.5,25.75,5.75,8.0,47.4,-3.88,-1.2,48.49,0.27,34.37,0.771,0.749,0.167,-0.113,0.5,-1,OH_half
startle,47,1958.3,26.5,25.5,5.75,7.9,47.6,-3.92,-1.3,48.69,0.15,34.37,0.771,0.742,0.167,-0.114,0.5,-1,OH_half
startle,48,2000.0,26.5,25.75,5.75,7.8,47.4,-3.92,-1.3,48.65,0.18,34.37,0.771,0.749,0.167,-0.114,0.5,-1,OH_half
startle,49,2041.7,26.5,25.5,5.75,7.7,52.9,-3.92,-1.3,49.01,0.84,34.37,0.771,0.742,0.167,-0.114,0.5,-1,OH_half
startle,50,2083.3,26.75,25.5,5.75,7.6,52.9,-3.83,-1.1,49.05,0.63,34.37,0.778,0.742,0.167,-0.111,0.5,-1,OH_half
startle,51,2125.0,26.75,25.5,5.75,7.6,52.9,-3.83,-0.8,48.94,0.0,34.37,0.778,0.742,0.167,-0.111,0.5,-1,OH_half
startle,52,2166.7,26.5,25.5,5.75,7.6,53.0,-3.91,-0.8,48.94,0.25,34.37,0.771,0.742,0.167,-0.114,0.5,-1,OH_half
startle,53,2208.3,26.75,25.5,5.75,7.5,53.6,-3.83,-0.8,48.94,0.29,34.37,0.778,0.742,0.167,-0.111,0.5,-1,OH_half
startle,54,2250.0,26.5,25.5,5.75,7.7,53.8,-3.84,-0.7,48.85,0.24,34.37,0.771,0.742,0.167,-0.112,0.5,-1,OH_half
startle,55,2291.7,26.75,25.25,5.75,7.2,53.9,-3.83,-0.7,48.85,0.12,34.37,0.778,0.735,0.167,-0.111,0.5,-1,OH_half
startle,56,2333.3,26.75,25.25,5.75,7.4,53.8,-3.83,-0.7,48.85,0.16,34.37,0.778,0.735,0.167,-0.111,0.5,-1,OH_half
startle,57,2375.0,26.75,25.25,5.75,6.6,53.4,-3.7,-0.8,48.8,0.87,34.37,0.778,0.735,0.167,-0.108,0.5,-1,OH_half
startle,58,2416.7,26.75,25.5,5.5,5.9,55.2,-3.77,-1.2,48.71,1.92,34.37,0.778,0.742,0.16,-0.11,0.5,-1,OH_half
startle,59,2458.3,26.75,25.5,5.5,5.5,54.9,-3.56,-1.2,48.8,1.69,34.37,0.778,0.742,0.16,-0.104,0.5,-1,OH_half
startle,60,2500.0,26.75,24.75,6.25,5.4,54.6,-3.28,-2.0,48.89,3.52,34.37,0.778,0.72,0.182,-0.095,0.5,-1,OH_half
startle,61,2541.7,26.75,24.75,6.25,5.5,51.2,-3.28,-2.0,49.08,0.58,34.37,0.778,0.72,0.182,-0.095,0.5,-1,OH_half
startle,62,2583.3,26.75,25.0,4.25,0.9,56.6,-2.97,-2.1,48.51,4.61,34.37,0.778,0.727,0.124,-0.086,0.5,-1,OH_half
startle,63,2625.0,26.75,25.0,4.25,0.9,56.1,-2.97,-2.3,48.87,0.15,34.37,0.778,0.727,0.124,-0.086,0.5,-1,OH_half
startle,64,2666.7,26.75,24.5,4.25,3.8,56.3,-2.95,-2.0,48.99,6.83,34.37,0.778,0.713,0.124,-0.086,0.5,-1,OH_half
startle,65,2708.3,26.5,24.5,4.0,3.8,47.8,-3.09,-2.1,48.84,0.97,34.37,0.771,0.713,0.116,-0.09,0.5,-1,OH_half
startle,66,2750.0,26.5,25.0,3.75,0.0,45.1,-3.11,-2.4,47.58,5.52,34.37,0.771,0.727,0.109,-0.09,0.5,-1,OH_half
startle,67,2791.7,26.5,25.0,3.75,0.0,44.2,-3.02,-1.7,48.85,0.85,34.37,0.771,0.727,0.109,-0.088,0.5,-1,OH_half
startle,68,2833.3,26.5,24.0,3.75,0.0,23.9,-3.03,-0.8,48.43,7.49,34.37,0.771,0.698,0.109,-0.088,0.5,-1,OH_half
startle,69,2875.0,26.5,24.0,3.75,0.0,23.9,-3.03,-1.8,48.8,0.12,34.37,0.771,0.698,0.109,-0.088,0.5,-1,OH_half
startle,70,2916.7,26.5,24.25,4.0,0.0,18.2,-2.98,-2.4,48.81,7.33,34.37,0.771,0.705,0.116,-0.087,0.5,-1,OH_half
startle,71,2958.3,26.5,24.25,4.0,0.0,18.2,-2.97,-2.7,48.71,0.1,34.37,0.771,0.705,0.116,-0.086,0.5,-1,OH_half
startle,72,3000.0,26.5,24.0,3.5,0.0,14.6,-2.67,-1.8,48.76,9.56,34.37,0.771,0.698,0.102,-0.078,0.5,-1,OH_half
startle,73,3041.7,26.75,23.5,3.75,0.0,11.0,-2.61,-1.8,48.78,1.74,34.37,0.778,0.684,0.109,-0.076,0.5,-1,OH_half
startle,74,3083.3,26.75,23.25,3.5,1.8,10.9,-2.64,-2.0,48.28,7.4,34.37,0.778,0.676,0.102,-0.077,0.5,-1,OH_half
startle,75,3125.0,26.75,23.0,3.0,1.7,2.6,-2.52,-1.8,48.59,1.98,34.37,0.778,0.669,0.087,-0.073,0,-1,M
startle,76,3166.7,26.75,23.0,2.75,0.0,6.1,-2.27,-1.3,49.06,7.86,34.37,0.778,0.669,0.08,-0.066,0,-1,M
startle,77,3208.3,27.0,22.0,2.5,0.6,10.3,-2.16,-1.4,48.96,2.24,34.37,0.785,0.64,0.073,-0.063,0,-1,M
startle,78,3250.0,27.25,22.0,3.0,3.9,0.0,-3.06,-1.4,48.93,8.4,34.37,0.793,0.64,0.087,-0.089,0,-1,M
startle,79,3291.7,27.25,21.75,3.0,4.0,0.0,-3.0,-1.5,49.18,1.72,34.37,0.793,0.633,0.087,-0.087,0,-1,M
startle,80,3333.3,27.5,20.5,3.0,4.6,0.1,-2.59,-2.0,48.73,5.33,34.37,0.8,0.596,0.087,-0.075,0,-1,M
startle,81,3375.0,28.0,20.5,2.75,5.3,0.0,-2.61,-1.8,48.67,2.05,34.37,0.815,0.596,0.08,-0.076,0,-1,M
startle,82,3416.7,29.25,20.25,0.75,4.4,0.0,-2.61,-1.7,48.46,6.91,34.37,0.851,0.589,0.022,-0.076,0,-1,M
startle,83,3458.3,29.0,20.25,1.0,4.8,0.0,-2.62,-1.9,48.88,2.08,34.37,0.844,0.589,0.029,-0.076,0,-1,M
startle,84,3500.0,29.75,18.5,0.0,0.0,0.2,-0.05,-1.9,48.79,7.87,34.37,0.865,0.538,0.0,-0.001,0,-1,M
startle,85,3541.7,29.5,18.5,0.0,0.1,0.4,-3.55,-2.4,48.81,1.71,34.37,0.858,0.538,0.0,-0.103,0,-1,M
startle,86,3583.3,30.5,17.5,0.75,0.0,0.0,-0.31,-2.4,48.83,8.86,34.37,0.887,0.509,0.022,-0.009,0,0,rest
startle,87,3625.0,30.5,17.0,0.75,0.0,0.0,-0.31,-2.6,48.82,3.51,34.37,0.887,0.495,0.022,-0.009,0,0,rest
startle,88,3666.7,30.75,16.5,1.0,0.0,0.0,-2.0,-2.7,48.9,5.15,34.37,0.895,0.48,0.029,-0.058,0,0,rest
startle,89,3708.3,30.75,16.25,1.0,0.0,0.1,-1.91,-2.8,48.96,2.16,34.37,0.895,0.473,0.029,-0.056,0,0,rest
startle,90,3750.0,30.5,16.25,0.0,0.0,0.0,-1.8,-2.6,48.74,1.75,34.37,0.887,0.473,0.0,-0.052,0,0,rest
startle,91,3791.7,30.5,16.0,0.0,0.0,0.0,-1.72,-2.6,48.5,0.8,34.37,0.887,0.465,0.0,-0.05,0,0,rest
startle,92,3833.3,30.5,16.25,0.0,0.0,0.0,-1.72,-2.5,48.54,0.09,34.37,0.887,0.473,0.0,-0.05,0,0,rest
startle,93,3875.0,30.5,16.75,0.0,0.0,0.1,-1.81,-2.5,48.53,1.66,34.37,0.887,0.487,0.0,-0.053,0,0,rest
startle,94,3916.7,30.5,16.75,0.0,0.0,0.1,-1.75,-2.9,48.45,0.53,34.37,0.887,0.487,0.0,-0.051,0,0,rest
startle,95,3958.3,30.5,16.0,0.0,0.0,0.0,-1.75,-2.9,48.45,0.44,34.37,0.887,0.465,0.0,-0.051,0,0,rest
startle,96,4000.0,30.5,16.0,0.0,0.0,0.1,-1.77,-2.9,48.45,0.08,34.37,0.887,0.465,0.0,-0.051,0,0,rest
startle,97,4041.7,30.5,16.0,0.0,0.0,0.1,-1.77,-2.9,48.2,0.79,34.37,0.887,0.465,0.0,-0.051,0,0,rest
startle,98,4083.3,30.5,16.0,0.0,0.0,0.1,-1.77,-2.9,48.36,0.61,34.37,0.887,0.465,0.0,-0.051,0,0,rest
startle,99,4125.0,30.5,16.0,0.0,0.0,0.1,-1.75,-2.8,48.46,0.18,34.37,0.887,0.465,0.0,-0.051,0,0,rest
startle,100,4166.7,30.5,16.0,0.0,0.0,0.1,-1.5,-2.9,48.55,0.36,34.37,0.887,0.465,0.0,-0.044,0,0,rest
startle,101,4208.3,30.5,16.0,0.0,0.0,0.0,-1.52,-2.7,48.49,0.49,34.37,0.887,0.465,0.0,-0.044,0,0,rest
startle,102,4250.0,30.5,15.75,0.0,0.0,0.0,-1.47,-2.9,48.44,0.44,34.37,0.887,0.458,0.0,-0.043,0,0,rest
startle,103,4291.7,30.5,15.75,0.0,0.0,0.0,-1.47,-2.9,48.47,0.23,34.37,0.887,0.458,0.0,-0.043,0,0,rest
startle,104,4333.3,30.5,15.75,0.0,0.0,0.0,-1.47,-3.0,48.42,0.14,34.37,0.887,0.458,0.0,-0.043,0,0,rest
startle,105,4375.0,30.75,15.75,0.0,0.0,0.0,-1.48,-2.9,48.34,0.24,34.37,0.895,0.458,0.0,-0.043,0,0,rest
startle,106,4416.7,30.75,15.75,0.0,0.0,0.0,-1.47,-3.0,48.45,0.41,34.37,0.895,0.458,0.0,-0.043,0,0,rest
startle,107,4458.3,30.5,15.75,0.0,0.0,0.0,-1.45,-3.1,48.35,0.32,34.37,0.887,0.458,0.0,-0.042,0,0,rest
startle,108,4500.0,30.5,15.75,0.0,0.0,0.0,-1.47,-3.1,48.35,0.17,34.37,0.887,0.458,0.0,-0.043,0,0,rest
startle,109,4541.7,30.25,15.75,0.0,0.0,0.0,-1.5,-3.1,48.33,0.53,34.37,0.88,0.458,0.0,-0.044,0,0,rest
startle,110,4583.3,30.25,15.75,0.0,0.0,0.0,-1.5,-3.0,48.28,0.43,34.37,0.88,0.458,0.0,-0.044,0,0,rest
startle,111,4625.0,30.25,15.75,0.0,0.0,0.0,-1.5,-3.0,48.28,0.11,34.37,0.88,0.458,0.0,-0.044,0,0,rest
startle,112,4666.7,30.25,15.75,0.0,0.0,0.0,-1.5,-2.9,48.34,0.16,34.37,0.88,0.458,0.0,-0.044,0,0,rest
startle,113,4708.3,30.25,15.75,0.0,0.0,0.0,-1.5,-2.9,48.67,0.3,34.37,0.88,0.458,0.0,-0.044,0,0,rest
startle,114,4750.0,30.25,15.75,0.0,0.0,0.0,-1.5,-2.9,48.6,0.38,34.37,0.88,0.458,0.0,-0.044,0,0,rest
startle,115,4791.7,30.25,15.75,0.0,0.0,0.0,-1.5,-3.0,48.67,0.13,34.37,0.88,0.458,0.0,-0.044,0,0,rest
startle,116,4833.3,30.25,15.75,0.0,0.0,0.0,-1.27,-3.0,48.67,0.19,34.37,0.88,0.458,0.0,-0.037,0,0,rest
startle,117,4875.0,30.25,15.75,0.0,0.0,0.0,-1.28,-3.1,48.83,0.33,34.37,0.88,0.458,0.0,-0.037,0,0,rest
startle,118,4916.7,30.25,15.75,0.0,0.0,0.0,-1.56,-3.2,48.71,0.4,34.37,0.88,0.458,0.0,-0.045,0,0,rest
startle,119,4958.3,30.5,15.75,0.0,0.0,0.0,-1.53,-3.3,48.66,0.1,34.37,0.887,0.458,0.0,-0.045,0,0,rest
startle,120,5000.0,30.5,15.75,0.0,0.0,0.0,-1.53,-3.3,48.66,0.13,34.37,0.887,0.458,0.0,-0.045,0,0,rest
startle,121,5041.7,30.5,15.75,0.0,0.0,0.0,-1.53,-3.3,48.66,0.28,34.37,0.887,0.458,0.0,-0.045,0,0,rest
startle,122,5083.3,30.5,15.75,0.0,0.0,0.0,-1.53,-3.3,48.66,0.29,34.37,0.887,0.458,0.0,-0.045,0,0,rest
startle,123,5125.0,30.5,15.75,0.0,0.0,0.0,-1.53,-3.2,48.73,0.13,34.37,0.887,0.458,0.0,-0.045,0,0,rest
startle,124,5166.7,30.75,15.75,0.0,0.0,0.0,-1.55,-3.2,48.73,0.12,34.37,0.895,0.458,0.0,-0.045,0,0,rest
startle,125,5208.3,30.5,15.75,0.0,0.0,0.0,-1.53,-3.2,48.73,0.36,34.37,0.887,0.458,0.0,-0.045,0,0,rest
startle,126,5250.0,30.5,15.75,0.0,0.0,0.0,-1.53,-2.9,48.67,0.68,34.37,0.887,0.458,0.0,-0.045,0,0,rest
startle,127,5291.7,30.5,15.75,0.0,0.0,0.0,-1.53,-2.8,48.64,0.12,34.37,0.887,0.458,0.0,-0.045,0,0,rest
startle,128,5333.3,30.5,15.75,0.0,0.0,0.0,-1.52,-2.8,48.64,0.24,34.37,0.887,0.458,0.0,-0.044,0,0,rest
startle,129,5375.0,30.5,15.75,0.0,0.0,0.0,-1.52,-2.9,48.38,0.31,34.37,0.887,0.458,0.0,-0.044,0,0,rest
startle,130,5416.7,30.5,15.75,0.0,0.0,0.0,-1.78,-2.9,48.43,0.44,34.37,0.887,0.458,0.0,-0.052,0,0,rest
startle,131,5458.3,30.5,15.75,0.0,0.0,0.0,-1.8,-2.9,48.43,0.05,34.37,0.887,0.458,0.0,-0.052,0,0,rest
startle,132,5500.0,30.5,15.75,0.0,0.0,0.0,-1.8,-2.9,48.43,0.14,34.37,0.887,0.458,0.0,-0.052,0,0,rest
startle,133,5541.7,30.5,15.75,0.0,0.0,0.0,-1.81,-2.9,48.43,0.3,34.37,0.887,0.458,0.0,-0.053,0,0,rest
startle,134,5583.3,30.5,15.75,0.0,0.0,0.0,-1.8,-3.0,48.4,0.22,34.37,0.887,0.458,0.0,-0.052,0,0,rest
startle,135,5625.0,30.5,15.75,0.0,0.0,0.0,-1.8,-3.0,48.4,0.12,34.37,0.887,0.458,0.0,-0.052,0,0,rest
startle,136,5666.7,30.5,15.5,0.0,0.0,0.0,-1.8,-3.0,48.38,0.09,34.37,0.887,0.451,0.0,-0.052,0,0,rest
startle,137,5708.3,30.5,15.75,0.0,0.0,0.0,-1.8,-3.0,48.38,0.17,34.37,0.887,0.458,0.0,-0.052,0,0,rest
startle,138,5750.0,30.5,15.75,0.0,0.0,0.0,-1.8,-3.1,48.34,0.14,34.37,0.887,0.458,0.0,-0.052,0,0,rest
startle,139,5791.7,30.5,15.75,0.0,0.0,0.0,-1.8,-3.1,48.34,0.05,34.37,0.887,0.458,0.0,-0.052,0,0,rest
startle,140,5833.3,30.5,15.75,0.0,0.0,0.0,-1.8,-3.0,48.37,0.07,34.37,0.887,0.458,0.0,-0.052,0,0,rest
startle,141,5875.0,30.5,15.75,0.0,0.0,0.0,-1.8,-3.0,48.63,0.12,34.37,0.887,0.458,0.0,-0.052,0,0,rest
startle,142,5916.7,30.5,15.75,0.0,0.0,0.0,-1.8,-3.0,48.63,0.02,34.37,0.887,0.458,0.0,-0.052,0,0,rest
startle,143,5958.3,30.25,15.75,0.0,0.0,0.0,-1.88,-2.9,48.68,0.03,34.37,0.88,0.458,0.0,-0.055,0,0,rest
startle,144,6000.0,30.25,15.75,0.0,0.0,0.0,-1.88,-2.9,48.68,0.02,34.37,0.88,0.458,0.0,-0.055,0,0,rest
glare,0,0.0,26.0,13.5,0.0,0.0,1.0,-1.0,-2.6,49.44,0.0,34.82,0.747,0.388,0.0,-0.029,0,-1,M
glare,1,41.7,26.5,13.5,0.0,0.0,0.7,-0.83,-2.5,49.21,2.17,34.82,0.761,0.388,0.0,-0.024,0,-1,M
glare,2,83.3,26.5,13.5,0.0,0.0,0.0,-0.66,-2.7,49.26,2.69,34.82,0.761,0.388,0.0,-0.019,0,-1,M
glare,3,125.0,26.75,14.25,0.0,0.0,3.3,-0.98,-2.7,49.35,7.17,34.82,0.768,0.409,0.0,-0.028,0,-1,M
glare,4,166.7,26.75,13.75,0.0,0.0,3.3,-0.98,-2.8,49.08,0.3,34.82,0.768,0.395,0.0,-0.028,0,-1,M
glare,5,208.3,27.25,14.0,0.0,0.0,2.4,-1.02,-3.5,49.67,1.96,34.82,0.783,0.402,0.0,-0.029,0,-1,M
glare,6,250.0,26.75,14.25,0.0,0.0,3.2,-1.03,-3.1,49.78,1.39,34.82,0.768,0.409,0.0,-0.03,0,-1,M
glare,7,291.7,27.0,14.0,0.0,0.0,1.9,-1.08,-3.2,49.42,0.99,34.82,0.776,0.402,0.0,-0.031,0,-1,M
glare,8,333.3,26.5,14.25,0.0,0.0,2.2,-1.08,-3.3,50.05,1.69,34.82,0.761,0.409,0.0,-0.031,0,-1,M
glare,9,375.0,26.75,14.5,0.0,0.0,1.9,-1.14,-3.0,49.75,1.44,34.82,0.768,0.416,0.0,-0.033,0,-1,M
glare,10,416.7,26.75,14.5,0.0,0.0,1.9,-1.14,-3.0,49.75,0.03,34.82,0.768,0.416,0.0,-0.033,0,-1,M
glare,11,458.3,26.75,14.5,0.0,0.0,2.2,-1.12,-3.0,49.71,0.56,34.82,0.768,0.416,0.0,-0.032,0,-1,M
glare,12,500.0,26.5,14.25,0.0,0.0,1.7,-1.11,-3.0,49.83,0.58,34.82,0.761,0.409,0.0,-0.032,0,-1,M
glare,13,541.7,26.5,14.25,0.0,0.0,1.8,-1.14,-2.9,49.8,1.12,34.82,0.761,0.409,0.0,-0.033,0,-1,M
glare,14,583.3,26.5,14.5,0.0,0.0,2.1,-1.12,-2.7,49.86,0.71,34.82,0.761,0.416,0.0,-0.032,0,-1,M
glare,15,625.0,26.5,14.5,0.0,0.0,0.1,-1.17,-2.7,50.25,0.39,34.82,0.761,0.416,0.0,-0.034,0,-1,M
glare,16,666.7,26.5,14.5,0.0,0.0,0.8,-1.17,-2.7,50.25,0.25,34.82,0.761,0.416,0.0,-0.034,0,-1,M
glare,17,708.3,26.5,14.5,0.0,0.0,0.7,-1.16,-2.7,50.21,0.42,34.82,0.761,0.416,0.0,-0.033,0,-1,M
glare,18,750.0,26.5,14.5,0.0,0.0,0.7,-1.16,-2.6,50.35,0.21,34.82,0.761,0.416,0.0,-0.033,0,-1,M
glare,19,791.7,26.5,14.5,0.0,0.0,0.7,-1.16,-2.6,50.35,0.08,34.82,0.761,0.416,0.0,-0.033,0,-1,M
glare,20,833.3,26.5,14.5,0.0,0.0,0.7,-1.16,-2.6,50.35,0.09,34.82,0.761,0.416,0.0,-0.033,0,-1,M
glare,21,875.0,26.5,14.5,0.0,0.0,0.7,-1.16,-2.8,50.46,0.13,34.82,0.761,0.416,0.0,-0.033,0,-1,M
glare,22,916.7,26.75,14.75,0.0,0.0,0.8,-0.91,-2.7,50.46,0.39,34.82,0.768,0.424,0.0,-0.026,0,-1,M
glare,23,958.3,26.75,14.75,0.0,0.0,0.8,-0.91,-2.6,50.45,0.09,34.82,0.768,0.424,0.0,-0.026,0,-1,M
glare,24,1000.0,26.75,14.75,0.0,0.0,1.4,-0.91,-2.6,50.51,0.32,34.82,0.768,0.424,0.0,-0.026,0,-1,M
glare,25,1041.7,26.75,14.5,0.0,0.0,0.9,-0.92,-2.6,50.51,0.2,34.82,0.768,0.416,0.0,-0.026,0,-1,M
glare,26,1083.3,26.75,14.5,0.0,0.0,0.8,-0.92,-2.7,50.53,0.28,34.82,0.768,0.416,0.0,-0.026,0,-1,M
glare,27,1125.0,26.75,14.5,0.0,0.0,0.8,-0.92,-2.7,50.53,0.02,34.82,0.768,0.416,0.0,-0.026,0,-1,M
glare,28,1166.7,26.75,14.5,0.0,0.0,0.7,-0.92,-2.7,50.46,0.07,34.82,0.768,0.416,0.0,-0.026,0,-1,M
glare,29,1208.3,26.75,14.5,0.0,0.0,0.7,-0.92,-2.8,50.46,0.13,34.82,0.768,0.416,0.0,-0.026,0,-1,M
glare,30,1250.0,26.75,14.5,0.0,0.0,0.8,-0.92,-2.7,50.49,0.26,34.82,0.768,0.416,0.0,-0.026,0,-1,M
glare,31,1291.7,26.75,14.5,0.0,0.0,0.9,-0.92,-2.7,50.49,0.27,34.82,0.768,0.416,0.0,-0.026,0,-1,M
glare,32,1333.3,26.75,14.5,0.0,0.0,1.2,-0.91,-2.6,50.52,0.18,34.82,0.768,0.416,0.0,-0.026,0,-1,M
glare,33,1375.0,26.75,14.25,0.0,0.0,0.5,-0.89,-2.6,50.52,0.28,34.82,0.768,0.409,0.0,-0.026,0,-1,M
glare,34,1416.7,26.75,14.5,0.0,0.0,0.7,-0.84,-2.6,50.52,0.64,34.82,0.768,0.416,0.0,-0.024,0,-1,M
glare,35,1458.3,26.75,14.5,0.0,0.0,1.1,-0.86,-2.6,50.52,0.21,34.82,0.768,0.416,0.0,-0.025,0,-1,M
glare,36,1500.0,27.0,14.5,0.0,0.0,1.0,-0.84,-2.7,50.32,2.84,34.82,0.776,0.416,0.0,-0.024,0,-1,M
glare,37,1541.7,27.0,14.5,0.0,0.0,1.0,-0.94,-2.7,50.08,0.51,34.82,0.776,0.416,0.0,-0.027,0,-1,M
glare,38,1583.3,27.0,14.5,0.0,0.0,1.0,-1.19,-2.6,50.0,0.45,34.82,0.776,0.416,0.0,-0.034,0,-1,M
glare,39,1625.0,26.5,14.25,0.0,0.0,0.0,-0.91,-2.4,50.23,5.4,34.82,0.761,0.409,0.0,-0.026,0,-1,M
glare,40,1666.7,26.5,14.25,0.0,0.0,0.2,-0.88,-2.5,49.87,1.7,34.82,0.761,0.409,0.0,-0.025,0,-1,M
glare,41,1708.3,26.25,14.25,0.0,0.0,0.1,-0.86,-2.7,49.84,0.91,34.82,0.754,0.409,0.0,-0.025,0,-1,M
glare,42,1750.0,27.5,15.0,0.0,0.0,0.1,-0.72,,,7.09,34.82,0.79,0.431,0.0,-0.021,0,-1,M
glare,43,1791.7,27.0,15.0,0.0,0.0,0.1,-0.69,,,0.7,34.82,0.776,0.431,0.0,-0.02,0,-1,M
glare,44,1833.3,27.5,14.75,0.0,0.0,0.2,-0.73,,,1.49,34.82,0.79,0.424,0.0,-0.021,0,-1,M
glare,45,1875.0,27.25,14.25,0.0,0.0,0.0,-0.78,,,7.97,34.82,0.783,0.409,0.0,-0.022,0,-1,M
glare,46,1916.7,27.25,14.25,0.0,0.0,1.4,-0.72,,,2.03,34.82,0.783,0.409,0.0,-0.021,0,-1,M
glare,47,1958.3,27.25,14.25,0.0,0.0,0.5,-0.86,-2.2,51.04,1.78,34.82,0.783,0.409,0.0,-0.025,0,-1,M
glare,48,2000.0,26.25,14.5,0.0,0.0,0.6,-0.62,-2.7,48.8,8.18,34.82,0.754,0.416,0.0,-0.018,0,-1,M
glare,49,2041.7,26.25,14.5,0.0,0.0,0.0,-0.61,-2.3,48.43,0.93,34.82,0.754,0.416,0.0,-0.018,0,-1,M
glare,50,2083.3,26.25,14.5,0.0,0.0,0.0,-0.59,-2.6,48.44,0.71,34.82,0.754,0.416,0.0,-0.017,0,-1,M
glare,51,2125.0,26.25,14.5,0.0,0.0,1.2,-0.64,-2.9,47.9,8.35,34.82,0.754,0.416,0.0,-0.018,0,-1,M
glare,52,2166.7,26.25,14.5,0.0,0.0,0.9,-1.02,-3.2,48.15,4.01,34.82,0.754,0.416,0.0,-0.029,0,-1,M
glare,53,2208.3,26.0,14.5,0.0,0.0,1.4,-0.8,-3.1,48.2,4.56,34.82,0.747,0.416,0.0,-0.023,0,-1,M
glare,54,2250.0,26.5,14.25,0.0,0.0,3.6,-0.73,-2.4,48.34,8.17,34.82,0.761,0.409,0.0,-0.021,0,-1,M
glare,55,2291.7,26.5,14.5,0.0,0.0,3.1,-0.59,-2.7,47.42,6.49,34.82,0.761,0.416,0.0,-0.017,0,-1,M
glare,56,2333.3,26.25,14.5,0.0,0.0,1.8,-0.95,-2.6,48.13,7.45,34.82,0.754,0.416,0.0,-0.027,0,-1,M
glare,57,2375.0,26.5,14.5,0.0,0.0,0.1,-0.55,-2.8,48.19,9.65,34.82,0.761,0.416,0.0,-0.016,0,-1,M
glare,58,2416.7,26.0,14.75,0.0,0.0,0.4,-0.84,-2.6,48.14,6.07,34.82,0.747,0.424,0.0,-0.024,0,-1,M
glare,59,2458.3,26.25,15.25,0.0,0.0,0.2,-0.94,-3.3,47.69,4.23,34.82,0.754,0.438,0.0,-0.027,0,-1,M
glare,60,2500.0,26.25,15.25,0.0,0.0,0.2,-1.0,-3.1,47.39,6.33,34.82,0.754,0.438,0.0,-0.029,0,-1,M
glare,61,2541.7,26.0,15.25,0.0,0.0,0.2,-0.95,-3.0,47.8,3.99,34.82,0.747,0.438,0.0,-0.027,0,-1,M
glare,62,2583.3,25.75,15.25,0.0,0.0,0.1,-1.08,-2.7,47.02,3.62,34.82,0.74,0.438,0.0,-0.031,0,-1,M
glare,63,2625.0,25.5,15.25,0.0,0.0,2.0,-0.61,-3.2,46.38,16.88,34.82,0.732,0.438,0.0,-0.018,0,-1,M
glare,64,2666.7,25.5,16.0,0.0,0.0,1.8,-0.47,-3.1,46.78,3.96,34.82,0.732,0.46,0.0,-0.013,0,-1,M
glare,65,2708.3,25.5,15.75,0.0,0.0,1.0,-0.73,-2.3,46.99,7.58,34.82,0.732,0.452,0.0,-0.021,0,-1,M
glare,66,2750.0,25.0,14.5,0.0,0.0,0.0,-0.66,-2.3,46.16,22.8,34.82,0.718,0.416,0.0,-0.019,0,-1,M
glare,67,2791.7,24.75,14.75,0.0,0.0,0.0,-0.61,-3.1,46.94,4.12,34.82,0.711,0.424,0.0,-0.018,0,-1,M
glare,68,2833.3,24.75,14.75,0.0,0.0,0.1,-0.61,-3.1,46.32,2.93,34.82,0.711,0.424,0.0,-0.018,0,-1,M
glare,69,2875.0,25.0,15.0,0.0,0.0,0.8,-0.75,-1.8,46.45,16.52,34.82,0.718,0.431,0.0,-0.022,0,-1,M
glare,70,2916.7,25.0,15.0,0.0,0.0,1.4,-0.41,-1.9,47.14,3.95,34.82,0.718,0.431,0.0,-0.012,0,-1,M
glare,71,2958.3,25.0,15.0,0.0,0.0,0.9,-0.72,-2.9,46.56,4.12,34.82,0.718,0.431,0.0,-0.021,0,-1,M
glare,72,3000.0,25.0,14.25,0.0,0.0,0.0,-0.59,-2.3,47.09,21.17,34.82,0.718,0.409,0.0,-0.017,0,-1,M
glare,73,3041.7,24.75,14.25,0.0,0.0,0.0,-0.7,-2.0,46.52,2.42,34.82,0.711,0.409,0.0,-0.02,0,-1,M
glare,74,3083.3,24.75,14.5,0.0,0.0,0.2,-0.75,-2.3,46.47,1.87,34.82,0.711,0.416,0.0,-0.022,0,-1,M
glare,75,3125.0,25.0,15.5,0.0,0.0,0.4,-0.48,-2.2,46.67,12.53,34.82,0.718,0.445,0.0,-0.014,0,-1,M
glare,76,3166.7,25.25,15.25,0.0,0.0,0.7,-0.59,-2.1,46.91,6.04,34.82,0.725,0.438,0.0,-0.017,0,-1,M
glare,77,3208.3,24.75,15.0,0.0,0.0,0.7,-0.81,-1.2,47.01,4.44,34.82,0.711,0.431,0.0,-0.023,0,-1,M
glare,78,3250.0,25.25,15.25,0.0,0.0,0.1,-0.81,-1.8,46.67,4.32,34.82,0.725,0.438,0.0,-0.023,0,-1,M
glare,79,3291.7,25.25,15.0,0.0,0.0,0.0,-0.86,-2.2,46.57,4.81,34.82,0.725,0.431,0.0,-0.025,0,-1,M
glare,80,3333.3,25.25,15.25,0.0,0.0,0.0,-0.83,-2.6,46.73,3.41,34.82,0.725,0.438,0.0,-0.024,0,-1,M
glare,81,3375.0,24.75,14.25,0.0,0.0,1.1,-0.72,-2.5,46.85,5.13,34.82,0.711,0.409,0.0,-0.021,0,-1,M
glare,82,3416.7,24.5,14.25,0.0,0.0,1.4,-0.7,-2.6,46.52,1.85,34.82,0.704,0.409,0.0,-0.02,0,-1,M
glare,83,3458.3,25.0,14.25,0.0,0.0,1.3,-0.66,-2.6,46.52,1.26,34.82,0.718,0.409,0.0,-0.019,0,-1,M
glare,84,3500.0,25.25,14.5,0.0,0.0,0.0,-0.86,-2.2,46.69,5.84,34.82,0.725,0.416,0.0,-0.025,0,-1,M
glare,85,3541.7,25.25,14.5,0.0,0.0,0.0,-0.81,-3.0,45.95,2.27,34.82,0.725,0.416,0.0,-0.023,0,-1,M
glare,86,3583.3,25.0,14.75,0.0,0.0,0.0,-0.81,-2.8,46.24,0.73,34.82,0.718,0.424,0.0,-0.023,0,-1,M
glare,87,3625.0,25.0,14.75,0.0,0.0,0.0,-0.84,-2.8,45.8,0.15,34.82,0.718,0.424,0.0,-0.024,0,-1,M
glare,88,3666.7,25.0,14.5,0.0,0.0,0.0,-0.84,-2.4,46.72,0.25,34.82,0.718,0.416,0.0,-0.024,0,-1,M
glare,89,3708.3,25.0,14.5,0.0,0.0,0.0,-0.84,-2.4,46.48,0.76,34.82,0.718,0.416,0.0,-0.024,0,-1,M
glare,90,3750.0,25.0,14.5,0.0,0.0,0.0,-0.95,-2.5,46.31,0.51,34.82,0.718,0.416,0.0,-0.027,0,-1,M
glare,91,3791.7,25.25,15.5,0.0,0.0,0.0,-0.89,-2.4,46.36,0.36,34.82,0.725,0.445,0.0,-0.026,0,-1,M
glare,92,3833.3,25.25,15.5,0.0,0.0,0.0,-0.94,-2.4,46.36,0.42,34.82,0.725,0.445,0.0,-0.027,0,-1,M
glare,93,3875.0,25.25,15.5,0.0,0.0,0.0,-0.94,-2.7,45.96,0.98,34.82,0.725,0.445,0.0,-0.027,0,-1,M
glare,94,3916.7,25.25,15.25,0.0,0.0,0.0,-1.02,-3.2,46.1,0.45,34.82,0.725,0.438,0.0,-0.029,0,-1,M
glare,95,3958.3,25.0,15.25,0.0,0.0,0.0,-1.06,-3.3,46.3,0.35,34.82,0.718,0.438,0.0,-0.03,0,-1,M
glare,96,4000.0,24.75,15.75,0.0,0.0,0.1,-0.91,-2.5,47.3,4.32,34.82,0.711,0.452,0.0,-0.026,0,-1,M
glare,97,4041.7,24.75,15.75,0.0,0.0,0.2,-0.91,-2.4,47.38,0.09,34.82,0.711,0.452,0.0,-0.026,0,-1,M
glare,98,4083.3,24.75,15.75,0.0,0.0,0.1,-1.02,-2.4,47.38,1.52,34.82,0.711,0.452,0.0,-0.029,0,-1,M
glare,99,4125.0,25.25,14.0,0.0,0.0,0.0,-0.69,-2.6,47.84,6.64,34.82,0.725,0.402,0.0,-0.02,0,-1,M
glare,100,4166.7,25.0,14.0,0.0,0.0,0.0,-0.7,-2.6,47.92,0.2,34.82,0.718,0.402,0.0,-0.02,0,-1,M
glare,101,4208.3,25.0,14.0,0.0,0.0,0.0,-0.7,-2.8,47.71,0.04,34.82,0.718,0.402,0.0,-0.02,0,-1,M
glare,102,4250.0,25.5,13.75,0.0,0.0,0.0,-0.81,-2.3,48.41,5.92,34.82,0.732,0.395,0.0,-0.023,0,-1,M
glare,103,4291.7,25.75,14.0,0.0,0.0,0.0,-0.84,-2.3,48.41,1.53,34.82,0.74,0.402,0.0,-0.024,0,-1,M
glare,104,4333.3,25.75,14.0,0.0,0.0,0.0,-0.84,-2.5,48.84,1.82,34.82,0.74,0.402,0.0,-0.024,0,-1,M
glare,105,4375.0,26.0,13.75,0.0,0.0,0.0,-0.78,-1.9,49.06,6.47,34.82,0.747,0.395,0.0,-0.022,0,-1,M
glare,106,4416.7,26.0,13.75,0.0,0.0,0.0,-0.72,-1.9,49.06,0.97,34.82,0.747,0.395,0.0,-0.021,0,-1,M
glare,107,4458.3,26.25,14.25,0.0,0.0,0.1,-1.0,-1.7,49.11,4.11,34.82,0.754,0.409,0.0,-0.029,0,-1,M
glare,108,4500.0,26.75,14.0,0.0,0.0,0.0,-1.08,-0.8,49.44,9.21,34.82,0.768,0.402,0.0,-0.031,0,-1,M
glare,109,4541.7,26.75,14.5,0.0,0.0,1.2,-0.95,-0.5,49.31,2.16,34.82,0.768,0.416,0.0,-0.027,0,-1,M
glare,110,4583.3,26.75,14.25,0.0,0.0,0.1,-1.11,-0.5,49.29,2.1,34.82,0.768,0.409,0.0,-0.032,0,-1,M
glare,111,4625.0,26.5,14.5,0.0,0.0,0.2,-1.36,-2.2,49.24,13.67,34.82,0.761,0.416,0.0,-0.039,0,-1,M
glare,112,4666.7,26.25,14.5,0.0,0.0,0.0,-1.22,-2.0,49.13,1.91,34.82,0.754,0.416,0.0,-0.035,0,-1,M
glare,113,4708.3,26.25,14.25,0.0,0.0,0.9,-1.06,-1.3,48.9,1.66,34.82,0.754,0.409,0.0,-0.03,0,-1,M
glare,114,4750.0,26.75,14.5,0.0,0.0,0.0,-0.84,-1.4,49.56,8.81,34.82,0.768,0.416,0.0,-0.024,0,-1,M
glare,115,4791.7,26.75,14.5,0.0,0.0,0.0,-1.03,-1.4,49.39,0.87,34.82,0.768,0.416,0.0,-0.03,0,-1,M
glare,116,4833.3,26.5,14.0,0.0,0.0,0.1,-0.98,-1.5,49.64,2.4,34.82,0.761,0.402,0.0,-0.028,0,-1,M
glare,117,4875.0,26.75,14.25,0.0,0.0,0.0,-0.78,-2.1,49.3,6.04,34.82,0.768,0.409,0.0,-0.022,0,-1,M
glare,118,4916.7,26.75,14.25,0.0,0.0,0.0,-0.83,-2.1,49.64,1.14,34.82,0.768,0.409,0.0,-0.024,0,-1,M
glare,119,4958.3,26.75,14.0,0.0,0.0,0.0,-0.92,-2.1,49.69,1.79,34.82,0.768,0.402,0.0,-0.026,0,-1,M
glare,120,5000.0,26.75,13.75,0.0,0.0,0.0,-1.23,-2.0,49.83,4.61,34.82,0.768,0.395,0.0,-0.035,0,-1,M
glare,121,5041.7,26.75,13.75,0.0,0.0,0.0,-1.3,-2.8,49.84,0.94,34.82,0.768,0.395,0.0,-0.037,0,-1,M
glare,122,5083.3,26.5,14.0,0.0,0.0,0.0,-1.03,-2.8,49.53,0.85,34.82,0.761,0.402,0.0,-0.03,0,-1,M
glare,123,5125.0,26.75,14.0,0.0,0.0,0.0,-1.12,-2.7,49.47,0.97,34.82,0.768,0.402,0.0,-0.032,0,-1,M
glare,124,5166.7,26.75,14.0,0.0,0.0,0.0,-1.12,-2.6,49.22,0.17,34.82,0.768,0.402,0.0,-0.032,0,-1,M
glare,125,5208.3,26.75,14.0,0.0,0.0,0.0,-0.88,-2.6,49.22,0.3,34.82,0.768,0.402,0.0,-0.025,0,-1,M
glare,126,5250.0,26.75,14.0,0.0,0.0,0.0,-0.89,-2.7,49.26,0.35,34.82,0.768,0.402,0.0,-0.026,0,-1,M
glare,127,5291.7,26.75,14.0,0.0,0.0,0.0,-0.91,-2.7,49.26,0.26,34.82,0.768,0.402,0.0,-0.026,0,-1,M
glare,128,5333.3,26.75,14.0,0.0,0.0,0.0,-0.91,-2.7,49.26,0.11,34.82,0.768,0.402,0.0,-0.026,0,-1,M
glare,129,5375.0,26.75,14.0,0.0,0.0,0.0,-0.7,-2.7,49.26,0.52,34.82,0.768,0.402,0.0,-0.02,0,-1,M
glare,130,5416.7,26.75,14.0,0.0,0.0,0.0,-0.7,-2.7,49.26,0.83,34.82,0.768,0.402,0.0,-0.02,0,-1,M
glare,131,5458.3,26.75,14.0,0.0,0.0,0.0,-0.7,-2.7,49.26,0.29,34.82,0.768,0.402,0.0,-0.02,0,-1,M
glare,132,5500.0,26.75,14.0,0.0,0.0,0.0,-0.7,-2.7,49.26,0.33,34.82,0.768,0.402,0.0,-0.02,0,-1,M
glare,133,5541.7,26.75,14.0,0.0,0.0,0.0,-0.72,-2.7,49.26,0.28,34.82,0.768,0.402,0.0,-0.021,0,-1,M
glare,134,5583.3,26.75,14.0,0.0,0.0,0.0,-0.7,-2.7,49.23,0.52,34.82,0.768,0.402,0.0,-0.02,0,-1,M
glare,135,5625.0,26.75,14.0,0.0,0.0,0.0,-0.7,-2.6,49.41,0.19,34.82,0.768,0.402,0.0,-0.02,0,-1,M
glare,136,5666.7,26.75,14.0,0.0,0.0,0.0,-0.7,-2.6,49.41,0.12,34.82,0.768,0.402,0.0,-0.02,0,-1,M
glare,137,5708.3,26.75,14.0,0.0,0.0,0.0,-0.69,-2.6,49.41,0.26,34.82,0.768,0.402,0.0,-0.02,0,-1,M
glare,138,5750.0,26.75,14.0,0.0,0.0,0.0,-0.7,-2.6,49.41,0.34,34.82,0.768,0.402,0.0,-0.02,0,-1,M
glare,139,5791.7,26.75,14.0,0.0,0.0,0.0,-0.7,-2.6,49.41,0.22,34.82,0.768,0.402,0.0,-0.02,0,-1,M
glare,140,5833.3,26.75,14.0,0.0,0.0,0.0,-0.7,-2.6,49.41,0.06,34.82,0.768,0.402,0.0,-0.02,0,-1,M
glare,141,5875.0,26.75,14.0,0.0,0.0,0.0,-0.7,-2.6,49.42,0.14,34.82,0.768,0.402,0.0,-0.02,0,-1,M
glare,142,5916.7,26.75,14.0,0.0,0.0,0.0,-0.7,-2.6,49.42,0.05,34.82,0.768,0.402,0.0,-0.02,0,-1,M
glare,143,5958.3,26.75,14.0,0.0,0.0,0.0,-0.7,-2.6,49.42,0.18,34.82,0.768,0.402,0.0,-0.02,0,-1,M
glare,144,6000.0,26.75,14.0,0.0,0.0,0.0,-0.7,-2.6,49.42,0.12,34.82,0.768,0.402,0.0,-0.02,0,-1,M
angry,0,0.0,27.25,13.25,0.0,0.0,0.0,6.86,0.4,47.09,0.0,33.61,0.811,0.394,0.0,0.204,0,-1,M
angry,1,41.7,27.25,13.25,0.0,0.0,0.0,6.88,0.3,47.52,0.72,33.61,0.811,0.394,0.0,0.205,0,-1,M
angry,2,83.3,27.25,13.5,0.0,0.0,1.2,6.98,0.3,47.52,0.77,33.61,0.811,0.402,0.0,0.208,0,-1,M
angry,3,125.0,27.25,13.25,0.0,0.0,2.6,6.88,0.3,47.48,1.52,33.61,0.811,0.394,0.0,0.205,0,-1,M
angry,4,166.7,27.25,13.25,0.0,0.0,1.9,6.88,0.3,47.48,0.25,33.61,0.811,0.394,0.0,0.205,0,-1,M
angry,5,208.3,27.75,13.5,0.0,0.0,1.4,6.73,0.2,47.92,1.13,33.61,0.826,0.402,0.0,0.2,0,-1,M
angry,6,250.0,27.75,13.25,0.0,0.0,1.6,6.8,0.2,47.92,0.62,33.61,0.826,0.394,0.0,0.202,0,-1,M
angry,7,291.7,27.75,21.5,0.0,0.0,2.8,6.91,0.3,47.98,1.43,33.61,0.826,0.64,0.0,0.206,0,-1,M
angry,8,333.3,27.75,21.5,0.0,0.0,2.4,6.92,0.3,47.98,0.11,33.61,0.826,0.64,0.0,0.206,0,-1,M
angry,9,375.0,27.75,21.5,0.0,0.0,2.9,0.14,0.4,48.02,1.12,33.61,0.826,0.64,0.0,0.004,0,-1,M
angry,10,416.7,27.5,12.75,0.0,0.0,0.0,0.16,0.6,48.39,0.99,33.61,0.818,0.379,0.0,0.005,0,-1,M
angry,11,458.3,27.5,12.75,0.0,0.0,0.0,0.16,0.6,48.39,0.15,33.61,0.818,0.379,0.0,0.005,0,-1,M
angry,12,500.0,27.5,12.75,0.0,0.0,0.0,0.16,0.6,48.39,0.14,33.61,0.818,0.379,0.0,0.005,0,-1,M
angry,13,541.7,27.5,12.75,0.0,0.0,2.8,0.17,0.4,48.26,0.67,33.61,0.818,0.379,0.0,0.005,0,-1,M
angry,14,583.3,27.5,12.75,0.0,0.0,2.8,0.16,0.4,48.26,0.43,33.61,0.818,0.379,0.0,0.005,0,-1,M
angry,15,625.0,27.5,12.75,0.0,0.0,3.1,0.16,0.4,48.26,0.22,33.61,0.818,0.379,0.0,0.005,0,-1,M
angry,16,666.7,27.5,12.75,0.0,0.0,2.9,0.16,0.4,48.26,0.08,33.61,0.818,0.379,0.0,0.005,0,-1,M
angry,17,708.3,27.5,12.75,0.0,0.0,1.4,0.16,0.4,48.23,0.41,33.61,0.818,0.379,0.0,0.005,0,-1,M
angry,18,750.0,27.5,12.5,0.0,0.0,3.2,0.14,0.4,48.23,0.53,33.61,0.818,0.372,0.0,0.004,0,-1,M
angry,19,791.7,27.5,12.5,0.0,0.0,2.8,0.14,0.4,48.23,0.42,33.61,0.818,0.372,0.0,0.004,0,-1,M
angry,20,833.3,27.5,12.5,0.0,0.0,2.9,0.12,0.4,48.13,0.3,33.61,0.818,0.372,0.0,0.004,0,-1,M
angry,21,875.0,27.5,12.5,0.0,0.0,3.4,0.12,0.4,48.13,0.47,33.61,0.818,0.372,0.0,0.004,0,-1,M
angry,22,916.7,27.5,12.5,0.0,0.0,3.3,0.12,0.5,47.93,0.74,33.61,0.818,0.372,0.0,0.004,0,-1,M
angry,23,958.3,27.5,12.5,0.0,0.0,2.8,0.06,-0.1,47.78,1.1,33.61,0.818,0.372,0.0,0.002,0,-1,M
angry,24,1000.0,27.5,12.5,0.0,0.0,3.0,6.8,-0.6,47.97,0.65,33.61,0.818,0.372,0.0,0.202,0,-1,M
angry,25,1041.7,27.75,12.5,0.0,0.0,0.2,6.69,-0.2,47.29,0.87,33.61,0.826,0.372,0.0,0.199,0,-1,M
angry,26,1083.3,27.25,12.5,0.0,0.0,0.0,6.62,0.0,47.08,0.37,33.61,0.811,0.372,0.0,0.197,0,-1,M
angry,27,1125.0,27.25,12.75,0.0,0.0,0.4,6.52,,,1.68,33.61,0.811,0.379,0.0,0.194,0,-1,M
angry,28,1166.7,27.25,12.75,0.0,0.0,0.4,6.44,,,0.2,33.61,0.811,0.379,0.0,0.192,0,-1,M
angry,29,1208.3,27.25,12.75,0.0,0.0,0.8,6.56,,,1.65,33.61,0.811,0.379,0.0,0.195,0,-1,M
angry,30,1250.0,27.25,12.75,0.0,0.0,0.8,6.48,,,0.17,33.61,0.811,0.379,0.0,0.193,0,-1,M
angry,31,1291.7,28.75,12.5,0.0,0.0,0.6,6.0,,,1.59,33.61,0.855,0.372,0.0,0.178,0,-1,M
angry,32,1333.3,28.75,12.5,0.0,0.0,0.7,5.97,,,0.52,33.61,0.855,0.372,0.0,0.178,0,-1,M
angry,33,1375.0,27.5,12.5,0.0,0.0,0.6,0.3,,,1.07,33.61,0.818,0.372,0.0,0.009,0,-1,M
angry,34,1416.7,27.75,12.5,0.0,0.0,0.7,0.25,,,0.62,33.61,0.826,0.372,0.0,0.007,0,-1,M
angry,35,1458.3,27.75,12.5,0.0,0.0,0.9,0.48,,,0.46,33.61,0.826,0.372,0.0,0.014,0,-1,M
angry,36,1500.0,27.75,12.5,0.0,0.0,0.9,0.47,,,0.52,33.61,0.826,0.372,0.0,0.014,0,-1,M
angry,37,1541.7,27.75,12.5,0.0,0.0,1.1,0.7,,,0.83,33.61,0.826,0.372,0.0,0.021,0,-1,M
angry,38,1583.3,27.75,12.5,0.0,0.0,0.9,0.69,,,0.62,33.61,0.826,0.372,0.0,0.021,0,-1,M
angry,39,1625.0,27.25,12.25,0.0,0.0,0.1,0.66,,,0.5,33.61,0.811,0.364,0.0,0.02,0,-1,M
angry,40,1666.7,27.25,12.25,0.0,0.0,0.1,0.64,,,0.0,33.61,0.811,0.364,0.0,0.019,0,-1,M
angry,41,1708.3,27.25,12.25,0.0,0.0,0.8,0.64,,,0.54,33.61,0.811,0.364,0.0,0.019,0,-1,M
angry,42,1750.0,27.25,12.25,0.0,0.0,0.0,0.66,,,0.53,33.61,0.811,0.364,0.0,0.02,0,-1,M
angry,43,1791.7,27.5,12.25,0.0,0.0,0.0,0.61,,,0.41,33.61,0.818,0.364,0.0,0.018,0,-1,M
angry,44,1833.3,27.25,12.5,0.0,0.0,0.1,0.67,,,0.53,33.61,0.811,0.372,0.0,0.02,0,-1,M
angry,45,1875.0,27.25,12.5,0.0,0.0,0.1,0.67,,,0.45,33.61,0.811,0.372,0.0,0.02,0,-1,M
angry,46,1916.7,27.5,12.5,0.0,0.0,0.0,0.66,,,0.47,33.61,0.818,0.372,0.0,0.02,0,-1,M
angry,47,1958.3,27.25,12.25,0.0,0.0,0.0,0.7,,,0.7,33.61,0.811,0.364,0.0,0.021,0,-1,M
angry,48,2000.0,27.5,12.5,0.0,0.0,0.1,0.67,,,0.49,33.61,0.818,0.372,0.0,0.02,0,-1,M
angry,49,2041.7,27.25,12.5,0.0,0.0,0.0,0.66,,,0.67,33.61,0.811,0.372,0.0,0.02,0,-1,M
angry,50,2083.3,27.25,12.5,0.0,0.0,0.0,0.86,,,0.66,33.61,0.811,0.372,0.0,0.026,0,-1,M
angry,51,2125.0,27.5,12.5,0.0,0.0,4.9,0.48,,,1.8,33.61,0.818,0.372,0.0,0.014,0,-1,M
angry,52,2166.7,27.5,12.25,0.0,0.0,4.9,0.48,,,0.32,33.61,0.818,0.364,0.0,0.014,0,-1,M
angry,53,2208.3,28.0,12.5,0.0,0.0,5.2,0.75,-0.0,46.89,1.86,33.61,0.833,0.372,0.0,0.022,0,-1,M
angry,54,2250.0,28.0,12.75,0.0,0.0,4.5,6.8,-0.2,47.59,2.08,33.61,0.833,0.379,0.0,0.202,0,-1,M
angry,55,2291.7,27.5,12.5,0.0,0.0,0.0,6.83,0.2,48.02,1.98,33.61,0.818,0.372,0.0,0.203,0,-1,M
angry,56,2333.3,28.0,12.5,0.0,0.0,0.2,0.86,0.6,47.9,2.01,33.61,0.833,0.372,0.0,0.026,0,-1,M
angry,57,2375.0,28.25,12.5,0.0,0.0,0.0,0.8,1.1,48.43,2.17,33.61,0.84,0.372,0.0,0.024,0,-1,M
angry,58,2416.7,27.75,12.25,0.0,0.0,0.0,0.77,0.3,47.84,2.57,33.61,0.826,0.364,0.0,0.023,0,-1,M
angry,59,2458.3,27.75,12.5,0.0,0.0,0.0,0.98,0.2,47.42,3.52,33.61,0.826,0.372,0.0,0.029,0,-1,M
angry,60,2500.0,27.75,12.25,0.0,0.0,0.0,0.94,0.2,47.62,2.67,33.61,0.826,0.364,0.0,0.028,0,-1,M
angry,61,2541.7,28.25,12.75,0.0,0.0,0.0,0.67,0.3,47.38,2.77,33.61,0.84,0.379,0.0,0.02,0,-1,M
angry,62,2583.3,28.25,12.75,0.0,0.0,0.1,1.09,-0.1,47.88,4.09,33.61,0.84,0.379,0.0,0.032,0,-1,M
angry,63,2625.0,27.75,12.5,0.0,0.0,0.0,0.95,-0.5,48.59,4.62,33.61,0.826,0.372,0.0,0.028,0,-1,M
angry,64,2666.7,27.75,12.75,0.75,0.0,0.0,0.75,0.4,47.4,4.42,33.61,0.826,0.379,0.022,0.022,0,-1,M
angry,65,2708.3,27.75,12.75,0.0,0.0,0.0,0.84,0.9,47.24,3.93,33.61,0.826,0.379,0.0,0.025,0,-1,M
angry,66,2750.0,28.0,12.5,0.0,0.0,0.0,1.02,0.1,47.13,4.17,33.61,0.833,0.372,0.0,0.03,0,-1,M
angry,67,2791.7,27.75,12.75,0.0,0.0,0.2,0.8,-0.2,47.14,4.96,33.61,0.826,0.379,0.0,0.024,0,-1,M
angry,68,2833.3,27.75,14.0,0.0,0.0,0.6,0.83,0.3,47.05,4.58,33.61,0.826,0.416,0.0,0.025,0,-1,M
angry,69,2875.0,27.75,12.5,0.0,0.0,0.3,0.59,0.5,47.71,3.74,33.61,0.826,0.372,0.0,0.018,0,-1,M
angry,70,2916.7,27.75,12.75,0.0,0.0,0.0,0.73,0.4,47.51,4.43,33.61,0.826,0.379,0.0,0.022,0,-1,M
angry,71,2958.3,28.75,12.75,0.0,0.0,0.0,0.75,0.5,47.09,5.68,33.61,0.855,0.379,0.0,0.022,0,-1,M
angry,72,3000.0,28.0,12.75,0.0,0.0,2.2,0.45,-0.5,47.27,3.83,33.61,0.833,0.379,0.0,0.013,0,-1,M
angry,73,3041.7,27.75,12.75,0.0,0.0,8.2,0.8,-0.3,47.32,4.67,33.61,0.826,0.379,0.0,0.024,0,-1,M
angry,74,3083.3,28.5,12.75,0.0,0.0,0.3,6.67,-0.4,47.56,3.92,33.61,0.848,0.379,0.0,0.198,0,-1,M
angry,75,3125.0,28.5,13.0,0.0,0.0,0.3,0.61,0.4,47.73,5.88,33.61,0.848,0.387,0.0,0.018,0,-1,M
angry,76,3166.7,27.5,13.0,0.0,0.0,0.1,0.48,0.4,47.41,3.44,33.61,0.818,0.387,0.0,0.014,0,-1,M
angry,77,3208.3,27.75,12.75,0.0,0.0,0.1,6.72,0.2,46.89,3.47,33.61,0.826,0.379,0.0,0.2,0,-1,M
angry,78,3250.0,27.75,12.75,0.0,0.0,0.1,0.45,-0.3,46.92,3.55,33.61,0.826,0.379,0.0,0.013,0,-1,M
angry,79,3291.7,27.5,13.0,0.0,0.0,0.3,0.5,0.1,46.98,4.67,33.61,0.818,0.387,0.0,0.015,0,-1,M
angry,80,3333.3,27.75,13.0,0.0,0.0,0.2,6.56,-0.4,47.5,2.53,33.61,0.826,0.387,0.0,0.195,0,-1,M
angry,81,3375.0,28.0,13.75,0.0,0.0,10.2,6.72,0.0,47.9,2.7,33.61,0.833,0.409,0.0,0.2,0,-1,M
angry,82,3416.7,28.0,13.0,0.0,0.0,4.2,6.59,0.1,47.79,2.7,33.61,0.833,0.387,0.0,0.196,0,-1,M
angry,83,3458.3,28.0,13.75,0.0,0.0,0.1,0.23,-0.0,47.9,2.82,33.61,0.833,0.409,0.0,0.007,0,-1,M
angry,84,3500.0,28.0,13.25,0.0,0.0,0.5,6.33,0.4,47.97,1.61,33.61,0.833,0.394,0.0,0.188,0,-1,M
angry,85,3541.7,28.0,15.25,0.0,0.0,1.4,6.33,0.1,47.43,1.25,33.61,0.833,0.454,0.0,0.188,0,-1,M
angry,86,3583.3,28.25,14.0,0.0,0.0,1.2,6.58,0.4,47.17,1.66,33.61,0.84,0.416,0.0,0.196,0,-1,M
angry,87,3625.0,28.0,13.0,0.0,0.0,0.9,6.45,0.7,47.21,1.35,33.61,0.833,0.387,0.0,0.192,0,-1,M
angry,88,3666.7,27.75,13.25,0.0,0.0,0.9,6.45,0.7,47.17,0.33,33.61,0.826,0.394,0.0,0.192,0,-1,M
angry,89,3708.3,27.75,13.0,0.0,0.0,0.9,6.47,0.5,47.09,0.61,33.61,0.826,0.387,0.0,0.192,0,-1,M
angry,90,3750.0,28.0,13.0,0.0,0.0,0.1,6.61,0.6,47.14,0.86,33.61,0.833,0.387,0.0,0.197,0,-1,M
angry,91,3791.7,28.0,13.0,0.0,0.0,0.1,6.61,0.5,47.22,0.12,33.61,0.833,0.387,0.0,0.197,0,-1,M
angry,92,3833.3,28.0,13.0,0.0,0.0,0.1,6.64,0.5,47.22,0.22,33.61,0.833,0.387,0.0,0.198,0,-1,M
angry,93,3875.0,28.0,13.0,0.0,0.0,0.1,6.61,0.3,47.47,0.96,33.61,0.833,0.387,0.0,0.197,0,-1,M
angry,94,3916.7,28.0,13.0,0.0,0.0,0.0,6.59,0.3,47.62,0.66,33.61,0.833,0.387,0.0,0.196,0,-1,M
angry,95,3958.3,27.75,13.0,0.0,0.0,0.1,6.47,0.3,47.93,0.62,33.61,0.826,0.387,0.0,0.192,0,-1,M
angry,96,4000.0,27.75,13.25,0.0,0.0,1.2,6.31,-0.2,47.63,1.87,33.61,0.826,0.394,0.0,0.188,0,-1,M
angry,97,4041.7,27.75,13.25,0.0,0.0,0.7,6.42,-0.2,47.63,1.71,33.61,0.826,0.394,0.0,0.191,0,-1,M
angry,98,4083.3,27.75,13.25,0.0,0.0,3.1,6.22,-0.4,47.43,2.32,33.61,0.826,0.394,0.0,0.185,0,-1,M
angry,99,4125.0,27.75,13.25,0.0,0.0,0.5,0.09,0.3,47.25,2.63,33.61,0.826,0.394,0.0,0.003,0,-1,M
angry,100,4166.7,27.75,13.0,0.0,0.0,1.1,6.73,-0.2,47.29,3.03,33.61,0.826,0.387,0.0,0.2,0,-1,M
angry,101,4208.3,27.75,13.25,0.0,0.0,0.0,6.47,-0.1,47.31,2.79,33.61,0.826,0.394,0.0,0.192,0,-1,M
angry,102,4250.0,27.25,13.25,0.0,0.0,0.1,6.27,-0.7,47.21,3.49,33.61,0.811,0.394,0.0,0.187,0,-1,M
angry,103,4291.7,28.0,13.75,0.0,0.0,0.0,6.41,-0.6,46.74,3.92,33.61,0.833,0.409,0.0,0.191,0,-1,M
angry,104,4333.3,27.75,18.5,0.0,0.0,0.0,6.52,-0.6,47.14,3.65,33.61,0.826,0.55,0.0,0.194,0,-1,M
angry,105,4375.0,27.25,13.25,0.0,0.0,0.3,6.19,-0.2,47.42,4.24,33.61,0.811,0.394,0.0,0.184,0,-1,M
angry,106,4416.7,28.25,21.75,0.0,0.0,1.8,6.16,-0.9,47.32,3.58,33.61,0.84,0.647,0.0,0.183,0,-1,M
angry,107,4458.3,27.75,17.25,0.0,0.0,4.8,0.12,0.3,47.56,4.4,33.61,0.826,0.513,0.0,0.004,0,-1,M
angry,108,4500.0,27.75,21.25,0.0,0.0,2.1,0.11,-0.5,47.34,4.5,33.61,0.826,0.632,0.0,0.003,0,-1,M
angry,109,4541.7,28.0,13.0,0.0,0.0,1.1,0.12,-0.6,47.05,4.6,33.61,0.833,0.387,0.0,0.004,0,-1,M
angry,110,4583.3,28.25,21.5,0.0,0.0,5.7,0.62,-0.6,47.22,4.57,33.61,0.84,0.64,0.0,0.018,0,-1,M
angry,111,4625.0,27.25,13.0,0.0,0.0,5.4,6.34,-0.1,47.78,5.09,33.61,0.811,0.387,0.0,0.189,0,-1,M
angry,112,4666.7,27.5,21.5,0.0,0.0,7.9,0.12,-0.4,47.8,4.2,33.61,0.818,0.64,0.0,0.004,0,-1,M
angry,113,4708.3,27.5,20.75,0.0,0.0,4.2,6.53,-0.8,47.06,4.18,33.61,0.818,0.617,0.0,0.194,0,-1,M
angry,114,4750.0,27.5,13.0,0.0,0.0,4.6,6.36,-0.7,47.01,4.07,33.61,0.818,0.387,0.0,0.189,0,-1,M
angry,115,4791.7,27.5,21.25,0.0,0.0,8.0,0.33,0.0,47.6,4.75,33.61,0.818,0.632,0.0,0.01,0,-1,M
angry,116,4833.3,27.5,21.5,0.0,0.0,7.2,6.56,-0.4,47.68,4.04,33.61,0.818,0.64,0.0,0.195,0,-1,M
angry,117,4875.0,27.75,21.5,0.0,0.0,3.5,0.36,-0.4,47.66,4.57,33.61,0.826,0.64,0.0,0.011,0,-1,M
angry,118,4916.7,27.5,21.25,0.0,0.0,7.4,0.33,-0.3,47.2,2.97,33.61,0.818,0.632,0.0,0.01,0,-1,M
angry,119,4958.3,27.5,12.5,0.0,0.0,7.8,6.69,-0.1,47.33,3.26,33.61,0.818,0.372,0.0,0.199,0,-1,M
angry,120,5000.0,27.5,16.0,0.0,0.0,9.2,0.47,-0.9,46.93,2.36,33.61,0.818,0.476,0.0,0.014,0,-1,M
angry,121,5041.7,27.5,15.75,0.0,0.0,11.6,0.45,-0.6,46.98,2.19,33.61,0.818,0.469,0.0,0.013,0,-1,M
angry,122,5083.3,27.75,13.0,0.0,0.0,13.8,0.53,-0.6,46.99,1.59,33.61,0.826,0.387,0.0,0.016,0,-1,M
angry,123,5125.0,27.75,13.75,0.0,0.0,13.4,0.7,-0.2,46.8,1.79,33.61,0.826,0.409,0.0,0.021,0,-1,M
angry,124,5166.7,27.75,17.0,0.0,0.0,16.6,0.91,0.3,47.25,1.6,33.61,0.826,0.506,0.0,0.027,0,-1,M
angry,125,5208.3,27.75,12.5,0.0,0.0,11.9,6.8,0.5,47.13,1.42,33.61,0.826,0.372,0.0,0.202,0,-1,M
angry,126,5250.0,27.75,21.25,0.0,0.0,8.9,0.66,0.5,47.14,1.25,33.61,0.826,0.632,0.0,0.02,0,-1,M
angry,127,5291.7,27.75,12.75,0.0,0.0,2.2,0.52,0.4,47.56,1.34,33.61,0.826,0.379,0.0,0.015,0,-1,M
angry,128,5333.3,27.75,12.75,0.0,0.0,3.4,0.27,-0.1,47.68,1.17,33.61,0.826,0.379,0.0,0.008,0,-1,M
angry,129,5375.0,27.5,12.75,0.0,0.0,3.1,0.48,-0.1,47.7,0.93,33.61,0.818,0.379,0.0,0.014,0,-1,M
angry,130,5416.7,27.5,12.5,0.0,0.0,3.1,0.38,-0.0,47.8,0.86,33.61,0.818,0.372,0.0,0.011,0,-1,M
angry,131,5458.3,27.75,12.5,0.0,0.0,0.7,0.31,-0.1,47.4,1.08,33.61,0.826,0.372,0.0,0.009,0,-1,M
angry,132,5500.0,27.75,12.5,0.0,0.0,1.8,6.72,0.2,47.51,1.05,33.61,0.826,0.372,0.0,0.2,0,-1,M
angry,133,5541.7,27.75,12.5,0.0,0.0,1.8,6.67,0.2,47.71,1.0,33.61,0.826,0.372,0.0,0.198,0,-1,M
angry,134,5583.3,27.75,12.5,0.0,0.0,1.8,6.89,0.1,48.27,0.98,33.61,0.826,0.372,0.0,0.205,0,-1,M
angry,135,5625.0,27.75,12.5,0.0,0.0,1.4,0.88,0.1,48.27,1.18,33.61,0.826,0.372,0.0,0.026,0,-1,M
angry,136,5666.7,27.75,12.75,0.0,0.0,2.0,6.83,0.4,48.01,0.9,33.61,0.826,0.379,0.0,0.203,0,-1,M
angry,137,5708.3,27.75,12.75,0.0,0.0,2.1,6.77,0.2,47.78,0.66,33.61,0.826,0.379,0.0,0.201,0,-1,M
angry,138,5750.0,27.75,12.5,0.0,0.0,1.7,0.72,-0.1,47.79,0.62,33.61,0.826,0.372,0.0,0.021,0,-1,M
angry,139,5791.7,27.75,12.75,0.0,0.0,0.7,6.66,0.1,47.68,0.75,33.61,0.826,0.379,0.0,0.198,0,-1,M
angry,140,5833.3,27.75,12.75,0.0,0.0,1.4,0.59,0.1,47.68,0.57,33.61,0.826,0.379,0.0,0.018,0,-1,M
angry,141,5875.0,27.5,12.75,0.0,0.0,1.4,0.5,0.1,47.76,0.46,33.61,0.818,0.379,0.0,0.015,0,-1,M
angry,142,5916.7,27.75,12.5,0.0,0.0,1.7,0.78,0.4,47.67,0.51,33.61,0.826,0.372,0.0,0.023,0,-1,M
angry,143,5958.3,28.0,12.5,0.0,0.0,1.1,0.77,0.4,47.67,0.48,33.61,0.833,0.372,0.0,0.023,0,-1,M
angry,144,6000.0,28.0,12.5,0.0,0.0,1.1,0.77,0.4,47.67,0.0,33.61,0.833,0.372,0.0,0.023,0,-1,M
worry,0,0.0,29.25,13.75,0.0,0.0,14.3,-1.16,-0.7,51.13,0.0,35.74,0.818,0.385,0.0,-0.032,0,-1,M
worry,1,41.7,29.25,14.0,0.0,0.0,13.8,-1.12,-0.4,51.44,0.97,35.74,0.818,0.392,0.0,-0.031,0,-1,M
worry,2,83.3,29.25,13.75,0.0,0.0,11.8,-1.12,-0.4,51.44,0.56,35.74,0.818,0.385,0.0,-0.031,0,-1,M
worry,3,125.0,29.5,13.5,0.0,0.0,11.7,-1.11,-0.9,50.93,0.26,35.74,0.825,0.378,0.0,-0.031,0,-1,M
worry,4,166.7,29.5,13.5,0.0,0.0,11.7,-1.11,-1.0,50.64,0.02,35.74,0.825,0.378,0.0,-0.031,0,-1,M
worry,5,208.3,29.25,14.0,0.0,0.0,12.4,-1.12,-1.1,50.64,1.11,35.74,0.818,0.392,0.0,-0.031,0,-1,M
worry,6,250.0,29.25,14.0,0.0,0.0,12.2,-1.12,-1.1,50.68,0.2,35.74,0.818,0.392,0.0,-0.031,0,-1,M
worry,7,291.7,29.25,14.0,0.0,0.0,12.2,-1.12,-1.1,50.74,0.07,35.74,0.818,0.392,0.0,-0.031,0,-1,M
worry,8,333.3,29.25,14.0,0.0,0.0,12.2,-1.12,-1.1,50.74,0.09,35.74,0.818,0.392,0.0,-0.031,0,-1,M
worry,9,375.0,29.25,13.75,0.0,0.0,9.1,-1.06,-1.1,50.59,1.2,35.74,0.818,0.385,0.0,-0.03,0,-1,M
worry,10,416.7,29.25,13.75,0.0,0.0,9.1,-1.06,-1.1,50.59,0.06,35.74,0.818,0.385,0.0,-0.03,0,-1,M
worry,11,458.3,29.25,13.75,0.0,0.0,9.2,-1.06,-1.1,50.59,0.11,35.74,0.818,0.385,0.0,-0.03,0,-1,M
worry,12,500.0,29.25,13.75,0.0,0.0,8.8,-1.06,-1.1,50.59,0.01,35.74,0.818,0.385,0.0,-0.03,0,-1,M
worry,13,541.7,29.25,13.75,0.0,0.0,10.0,-1.06,-1.1,50.76,0.66,35.74,0.818,0.385,0.0,-0.03,0,-1,M
worry,14,583.3,29.25,13.75,0.0,0.0,10.2,-1.05,-1.1,50.76,0.4,35.74,0.818,0.385,0.0,-0.029,0,-1,M
worry,15,625.0,29.25,13.5,0.0,0.0,10.2,-1.05,-1.1,50.76,0.04,35.74,0.818,0.378,0.0,-0.029,0,-1,M
worry,16,666.7,29.25,13.5,0.0,0.0,10.1,-1.05,-1.1,50.76,0.08,35.74,0.818,0.378,0.0,-0.029,0,-1,M
worry,17,708.3,29.25,13.5,0.0,0.0,10.2,-0.8,-1.1,50.9,0.09,35.74,0.818,0.378,0.0,-0.022,0,-1,M
worry,18,750.0,31.0,13.75,0.0,0.0,1.1,-1.41,-0.6,50.68,2.51,35.74,0.867,0.385,0.0,-0.039,0,-1,M
worry,19,791.7,31.0,13.75,0.0,0.0,1.1,-1.67,-0.5,50.82,0.29,35.74,0.867,0.385,0.0,-0.047,0,-1,M
worry,20,833.3,31.0,13.75,0.0,0.0,1.1,-1.41,-0.5,50.82,0.05,35.74,0.867,0.385,0.0,-0.039,0,-1,M
worry,21,875.0,31.25,13.75,0.0,0.0,2.0,-1.88,,,3.52,35.74,0.874,0.385,0.0,-0.053,0,-1,M
worry,22,916.7,29.5,13.75,0.0,0.0,2.0,-0.84,,,0.18,35.74,0.825,0.385,0.0,-0.023,0,-1,M
worry,23,958.3,29.5,14.0,0.0,0.0,1.7,-0.8,,,0.99,35.74,0.825,0.392,0.0,-0.022,0,-1,M
worry,24,1000.0,29.25,13.75,0.0,0.0,2.1,-0.38,,,3.17,35.74,0.818,0.385,0.0,-0.011,0,-1,M
worry,25,1041.7,29.25,13.75,0.0,0.0,2.0,-0.38,,,0.08,35.74,0.818,0.385,0.0,-0.011,0,-1,M
worry,26,1083.3,29.25,13.75,0.0,0.0,2.0,-0.38,,,0.25,35.74,0.818,0.385,0.0,-0.011,0,-1,M
worry,27,1125.0,29.5,13.5,0.0,0.0,1.8,-0.83,,,2.49,35.74,0.825,0.378,0.0,-0.023,0,-1,M
worry,28,1166.7,29.5,13.5,0.0,0.0,1.4,-0.83,,,0.51,35.74,0.825,0.378,0.0,-0.023,0,-1,M
worry,29,1208.3,29.5,13.5,0.0,0.0,1.3,-0.8,,,0.27,35.74,0.825,0.378,0.0,-0.022,0,-1,M
worry,30,1250.0,29.25,13.75,0.0,0.0,1.2,-0.86,,,2.66,35.74,0.818,0.385,0.0,-0.024,0,-1,M
worry,31,1291.7,29.25,13.75,0.0,0.0,1.2,-0.86,,,0.12,35.74,0.818,0.385,0.0,-0.024,0,-1,M
worry,32,1333.3,29.25,13.75,0.0,0.0,1.2,-0.86,,,0.09,35.74,0.818,0.385,0.0,-0.024,0,-1,M
worry,33,1375.0,14.5,6.5,0.0,0.0,0.0,3.67,,,2.57,35.74,0.406,0.182,0.0,0.103,0,-1,M
worry,34,1416.7,29.25,13.5,0.0,0.0,4.1,-0.39,,,0.1,35.74,0.818,0.378,0.0,-0.011,0,-1,M
worry,35,1458.3,29.25,13.5,0.0,0.0,3.9,-0.41,,,0.1,35.74,0.818,0.378,0.0,-0.011,0,-1,M
worry,36,1500.0,29.25,13.25,0.0,0.0,6.6,-0.41,,,1.44,35.74,0.818,0.371,0.0,-0.011,0,-1,M
worry,37,1541.7,29.25,13.25,0.0,0.0,6.6,-0.39,,,0.1,35.74,0.818,0.371,0.0,-0.011,0,-1,M
worry,38,1583.3,29.25,13.25,0.0,0.0,6.6,-0.39,,,0.07,35.74,0.818,0.371,0.0,-0.011,0,-1,M
worry,39,1625.0,29.5,13.75,0.0,0.0,5.9,-0.64,,,1.35,35.74,0.825,0.385,0.0,-0.018,0,-1,M
worry,40,1666.7,29.25,13.5,0.0,0.0,1.4,-0.59,,,0.38,35.74,0.818,0.378,0.0,-0.017,0,-1,M
worry,41,1708.3,29.25,13.5,0.0,0.0,5.8,-0.59,,,0.36,35.74,0.818,0.378,0.0,-0.017,0,-1,M
worry,42,1750.0,29.25,13.5,0.0,0.0,6.1,-0.62,,,0.38,35.74,0.818,0.378,0.0,-0.017,0,-1,M
worry,43,1791.7,29.25,13.5,0.0,0.0,6.1,-0.61,,,0.0,35.74,0.818,0.378,0.0,-0.017,0,-1,M
worry,44,1833.3,29.25,13.5,0.0,0.0,6.1,-0.61,,,0.02,35.74,0.818,0.378,0.0,-0.017,0,-1,M
worry,45,1875.0,29.5,14.0,0.0,0.0,2.4,-0.42,,,3.63,35.74,0.825,0.392,0.0,-0.012,0,-1,M
worry,46,1916.7,29.25,14.0,0.0,0.0,0.9,-0.31,,,0.14,35.74,0.818,0.392,0.0,-0.009,0,-1,M
worry,47,1958.3,29.25,14.0,0.0,0.0,1.9,-0.3,,,0.18,35.74,0.818,0.392,0.0,-0.008,0,-1,M
worry,48,2000.0,29.5,13.75,0.0,0.0,4.7,-0.45,-0.6,52.72,5.05,35.74,0.825,0.385,0.0,-0.013,0,-1,M
worry,49,2041.7,29.25,13.75,0.0,0.0,1.1,-0.47,-0.6,52.96,0.92,35.74,0.818,0.385,0.0,-0.013,0,-1,M
worry,50,2083.3,29.25,14.0,0.0,0.0,0.0,-0.53,-0.4,52.59,0.27,35.74,0.818,0.392,0.0,-0.015,0,-1,M
worry,51,2125.0,29.0,14.25,0.0,0.0,3.1,-0.56,-0.7,51.95,5.8,35.74,0.811,0.399,0.0,-0.016,0,-1,M
worry,52,2166.7,29.0,14.25,0.0,0.0,3.1,-0.56,-0.4,51.66,0.38,35.74,0.811,0.399,0.0,-0.016,0,-1,M
worry,53,2208.3,29.0,14.5,0.0,0.0,1.1,-0.72,-0.7,51.45,0.67,35.74,0.811,0.406,0.0,-0.02,0,-1,M
worry,54,2250.0,29.25,15.0,0.0,0.0,0.3,-0.86,-0.8,51.17,6.89,35.74,0.818,0.42,0.0,-0.024,0,-1,M
worry,55,2291.7,29.25,15.0,0.0,0.0,0.3,-0.86,-0.8,51.07,0.0,35.74,0.818,0.42,0.0,-0.024,0,-1,M
worry,56,2333.3,29.25,15.0,0.0,0.0,0.3,-0.86,-0.8,51.07,0.03,35.74,0.818,0.42,0.0,-0.024,0,-1,M
worry,57,2375.0,29.0,14.75,0.0,0.0,0.1,-0.89,-1.8,50.7,7.35,35.74,0.811,0.413,0.0,-0.025,0,-1,M
worry,58,2416.7,29.0,15.0,0.0,0.0,1.5,-0.88,-1.8,50.66,0.86,35.74,0.811,0.42,0.0,-0.025,0,-1,M
worry,59,2458.3,29.0,15.5,0.0,0.0,2.1,-0.84,-1.9,50.24,0.94,35.74,0.811,0.434,0.0,-0.023,0,-1,M
worry,60,2500.0,30.5,15.25,0.0,0.0,0.0,-0.62,-1.6,49.98,9.78,35.74,0.853,0.427,0.0,-0.017,0,-1,M
worry,61,2541.7,29.5,15.25,0.0,0.0,1.1,-0.81,-1.9,50.19,1.99,35.74,0.825,0.427,0.0,-0.023,0,-1,M
worry,62,2583.3,29.5,15.25,0.0,0.0,1.1,-0.81,-2.0,50.22,0.0,35.74,0.825,0.427,0.0,-0.023,0,-1,M
worry,63,2625.0,29.0,15.75,0.0,0.0,1.6,-0.3,-1.4,49.9,10.31,35.74,0.811,0.441,0.0,-0.008,0,-1,M
worry,64,2666.7,29.25,15.5,0.0,0.0,1.6,-0.28,-1.8,49.61,0.25,35.74,0.818,0.434,0.0,-0.008,0,-1,M
worry,65,2708.3,28.5,15.5,0.0,0.0,1.5,-0.5,-1.8,49.87,0.58,35.74,0.797,0.434,0.0,-0.014,0,-1,M
worry,66,2750.0,28.25,16.25,0.0,0.0,0.7,-0.31,-2.4,50.35,12.12,35.74,0.79,0.455,0.0,-0.009,0,-1,M
worry,67,2791.7,28.25,16.25,0.0,0.0,0.7,-0.06,-2.4,49.93,0.51,35.74,0.79,0.455,0.0,-0.002,0,-1,M
worry,68,2833.3,28.25,16.25,0.0,0.0,0.7,-0.06,-2.4,49.93,0.0,35.74,0.79,0.455,0.0,-0.002,0,-1,M
worry,69,2875.0,28.25,16.5,0.0,0.0,0.4,-0.69,-2.7,51.1,12.5,35.74,0.79,0.462,0.0,-0.019,0,-1,M
worry,70,2916.7,28.25,17.5,0.0,0.0,0.1,-3.23,-2.9,50.82,2.35,35.74,0.79,0.49,0.0,-0.09,0,-1,M
worry,71,2958.3,28.25,17.5,0.0,0.0,0.1,-3.23,-139.9,39.75,0.78,35.74,0.79,0.49,0.0,-0.09,0,-1,M
worry,72,3000.0,28.25,17.0,0.0,0.0,1.4,-0.94,-3.4,50.46,11.48,35.74,0.79,0.476,0.0,-0.026,0,-1,M
worry,73,3041.7,28.25,17.25,0.0,0.0,3.3,-0.98,-3.7,50.69,1.74,35.74,0.79,0.483,0.0,-0.027,0,-1,M
worry,74,3083.3,28.25,17.25,0.0,0.0,3.3,-0.98,-3.8,50.87,0.33,35.74,0.79,0.483,0.0,-0.027,0,-1,M
worry,75,3125.0,28.25,17.0,0.0,0.0,8.7,-1.17,-3.3,50.2,10.03,35.74,0.79,0.476,0.0,-0.033,0,-1,M
worry,76,3166.7,28.25,17.0,0.0,0.0,7.1,-1.17,-3.3,50.15,0.47,35.74,0.79,0.476,0.0,-0.033,0,-1,M
worry,77,3208.3,28.25,17.0,0.0,0.0,7.1,-1.16,-3.3,50.15,0.46,35.74,0.79,0.476,0.0,-0.032,0,-1,M
worry,78,3250.0,28.25,16.75,0.0,0.0,3.3,-1.02,-3.4,50.18,3.21,35.74,0.79,0.469,0.0,-0.029,0,-1,M
worry,79,3291.7,28.25,16.75,0.0,0.0,3.3,-1.03,-3.4,50.18,0.0,35.74,0.79,0.469,0.0,-0.029,0,-1,M
worry,80,3333.3,28.25,16.75,0.0,0.0,2.7,-0.98,-3.4,50.2,0.68,35.74,0.79,0.469,0.0,-0.027,0,-1,M
worry,81,3375.0,28.25,16.75,0.0,0.0,3.3,-0.97,-3.3,50.43,1.1,35.74,0.79,0.469,0.0,-0.027,0,-1,M
worry,82,3416.7,28.25,16.75,0.0,0.0,4.1,-0.97,-3.3,50.52,0.23,35.74,0.79,0.469,0.0,-0.027,0,-1,M
worry,83,3458.3,28.25,16.75,0.0,0.0,5.0,-1.0,-3.3,50.56,0.46,35.74,0.79,0.469,0.0,-0.028,0,-1,M
worry,84,3500.0,28.25,16.75,0.0,0.0,4.7,-0.95,-3.3,50.56,0.56,35.74,0.79,0.469,0.0,-0.027,0,-1,M
worry,85,3541.7,28.25,17.0,0.0,0.0,4.5,-0.95,-3.6,50.6,0.76,35.74,0.79,0.476,0.0,-0.027,0,-1,M
worry,86,3583.3,28.25,17.0,0.0,0.0,1.2,-0.95,-3.2,50.89,0.42,35.74,0.79,0.476,0.0,-0.027,0,-1,M
worry,87,3625.0,28.25,17.0,0.0,0.0,1.3,-0.94,-3.2,50.95,0.12,35.74,0.79,0.476,0.0,-0.026,0,-1,M
worry,88,3666.7,28.25,17.0,0.0,0.0,1.2,-0.95,-3.2,50.9,0.13,35.74,0.79,0.476,0.0,-0.027,0,-1,M
worry,89,3708.3,28.25,17.0,0.0,0.0,1.2,-0.95,-3.2,50.85,0.05,35.74,0.79,0.476,0.0,-0.027,0,-1,M
worry,90,3750.0,28.5,17.0,0.0,0.0,10.8,-1.42,-3.4,51.17,5.3,35.74,0.797,0.476,0.0,-0.04,0,-1,M
worry,91,3791.7,28.5,17.0,0.0,0.0,10.8,-1.42,-3.4,51.17,0.0,35.74,0.797,0.476,0.0,-0.04,0,-1,M
worry,92,3833.3,28.25,17.0,0.0,0.0,11.0,-1.39,-3.3,51.04,0.38,35.74,0.79,0.476,0.0,-0.039,0,-1,M
worry,93,3875.0,28.25,17.0,0.0,0.0,12.4,-1.33,-3.3,51.35,2.39,35.74,0.79,0.476,0.0,-0.037,0,-1,M
worry,94,3916.7,28.25,17.0,0.0,0.0,12.4,-1.33,-3.3,51.35,0.02,35.74,0.79,0.476,0.0,-0.037,0,-1,M
worry,95,3958.3,28.25,17.0,0.0,0.0,12.4,-1.33,-3.3,51.38,0.04,35.74,0.79,0.476,0.0,-0.037,0,-1,M
worry,96,4000.0,28.25,17.0,0.0,0.0,8.2,-1.06,-3.4,51.67,3.94,35.74,0.79,0.476,0.0,-0.03,0,-1,M
worry,97,4041.7,28.25,17.0,0.0,0.0,7.9,-0.98,-3.3,51.77,0.82,35.74,0.79,0.476,0.0,-0.027,0,-1,M
worry,98,4083.3,28.25,17.0,0.0,0.0,7.9,-0.98,-3.3,51.77,0.14,35.74,0.79,0.476,0.0,-0.027,0,-1,M
worry,99,4125.0,28.0,17.0,0.0,0.0,10.0,-0.97,-3.2,50.9,3.65,35.74,0.783,0.476,0.0,-0.027,0,-1,M
worry,100,4166.7,28.0,17.0,0.0,0.0,10.4,-3.97,-3.2,50.9,0.39,35.74,0.783,0.476,0.0,-0.111,0,-1,M
worry,101,4208.3,28.0,17.0,0.0,0.0,9.6,-3.97,-3.1,51.02,0.41,35.74,0.783,0.476,0.0,-0.111,0,-1,M
worry,102,4250.0,28.5,16.25,0.0,0.0,18.2,-1.41,-3.1,51.1,4.33,35.74,0.797,0.455,0.0,-0.039,0,-1,M
worry,103,4291.7,28.5,16.25,0.0,0.0,18.2,-1.41,-2.8,51.27,0.0,35.74,0.797,0.455,0.0,-0.039,0,-1,M
worry,104,4333.3,28.5,16.25,0.0,0.0,18.2,-1.41,-3.0,51.04,0.01,35.74,0.797,0.455,0.0,-0.039,0,-1,M
worry,105,4375.0,28.25,16.0,0.0,0.0,1.8,-2.19,-3.1,50.9,4.34,35.74,0.79,0.448,0.0,-0.061,0,-1,M
worry,106,4416.7,28.25,16.0,0.0,0.0,1.8,-2.19,-3.1,50.9,0.3,35.74,0.79,0.448,0.0,-0.061,0,-1,M
worry,107,4458.3,28.25,16.0,0.25,0.0,1.8,-2.19,-3.1,50.86,0.3,35.74,0.79,0.448,0.007,-0.061,0,-1,M
worry,108,4500.0,29.0,16.0,0.0,0.0,1.9,-1.97,-3.5,50.38,2.65,35.74,0.811,0.448,0.0,-0.055,0,-1,M
worry,109,4541.7,29.0,16.0,0.0,0.0,1.9,-1.97,-3.5,50.38,0.17,35.74,0.811,0.448,0.0,-0.055,0,-1,M
worry,110,4583.3,28.75,16.0,0.0,0.0,1.7,-2.28,-3.5,50.35,0.84,35.74,0.804,0.448,0.0,-0.064,0,-1,M
worry,111,4625.0,29.0,15.0,0.0,0.0,0.0,-2.17,-3.4,50.2,1.31,35.74,0.811,0.42,0.0,-0.061,0,-1,M
worry,112,4666.7,29.0,15.0,0.0,0.0,0.0,-2.09,-3.4,50.2,0.58,35.74,0.811,0.42,0.0,-0.058,0,-1,M
worry,113,4708.3,29.0,15.75,0.0,0.0,0.1,-2.05,-3.3,50.23,0.67,35.74,0.811,0.441,0.0,-0.057,0,-1,M
worry,114,4750.0,29.0,15.75,0.0,0.0,0.1,-2.03,-3.3,50.23,0.54,35.74,0.811,0.441,0.0,-0.057,0,-1,M
worry,115,4791.7,29.0,15.75,0.0,0.0,0.0,-2.02,-3.3,50.23,0.2,35.74,0.811,0.441,0.0,-0.057,0,-1,M
worry,116,4833.3,29.0,15.75,0.0,0.0,0.0,-2.02,-3.5,50.43,0.23,35.74,0.811,0.441,0.0,-0.057,0,-1,M
worry,117,4875.0,29.0,14.75,0.0,0.0,0.0,-1.95,-3.4,50.32,1.19,35.74,0.811,0.413,0.0,-0.055,0,-1,M
worry,118,4916.7,29.0,14.75,0.0,0.0,0.0,-2.19,-3.4,50.32,0.49,35.74,0.811,0.413,0.0,-0.061,0,-1,M
worry,119,4958.3,29.0,14.75,0.0,0.0,0.0,-2.31,-3.4,50.32,0.65,35.74,0.811,0.413,0.0,-0.065,0,-1,M
worry,120,5000.0,29.0,14.75,0.0,0.0,0.0,-2.31,-3.3,50.23,0.31,35.74,0.811,0.413,0.0,-0.065,0,-1,M
worry,121,5041.7,29.25,14.75,0.0,0.0,0.0,-2.16,-3.5,50.49,0.66,35.74,0.818,0.413,0.0,-0.06,0,-1,M
worry,122,5083.3,29.25,14.75,0.0,0.0,0.0,-2.17,-3.5,50.49,0.21,35.74,0.818,0.413,0.0,-0.061,0,-1,M
worry,123,5125.0,29.25,14.75,0.0,0.0,0.0,-1.94,-3.5,50.53,0.32,35.74,0.818,0.413,0.0,-0.054,0,-1,M
worry,124,5166.7,29.25,14.75,0.0,0.0,0.0,-1.94,-3.5,50.53,0.44,35.74,0.818,0.413,0.0,-0.054,0,-1,M
worry,125,5208.3,29.25,14.75,0.0,0.0,0.0,-1.92,-3.5,50.51,0.26,35.74,0.818,0.413,0.0,-0.054,0,-1,M
worry,126,5250.0,29.25,14.75,0.0,0.0,0.0,-1.92,-3.5,50.51,0.08,35.74,0.818,0.413,0.0,-0.054,0,-1,M
worry,127,5291.7,29.25,14.75,0.0,0.0,0.0,-1.94,-3.7,50.34,0.08,35.74,0.818,0.413,0.0,-0.054,0,-1,M
worry,128,5333.3,29.25,14.75,0.0,0.0,0.1,-1.92,-3.5,50.4,0.39,35.74,0.818,0.413,0.0,-0.054,0,-1,M
worry,129,5375.0,29.25,14.75,0.0,0.0,0.1,-1.92,-3.5,50.4,0.11,35.74,0.818,0.413,0.0,-0.054,0,-1,M
worry,130,5416.7,29.25,14.75,0.0,0.0,0.0,-1.92,-3.5,50.35,0.26,35.74,0.818,0.413,0.0,-0.054,0,-1,M
worry,131,5458.3,29.25,14.75,0.0,0.0,0.0,-1.92,-3.5,50.25,0.09,35.74,0.818,0.413,0.0,-0.054,0,-1,M
worry,132,5500.0,29.25,14.75,0.0,0.0,0.0,-1.92,-3.4,50.49,0.21,35.74,0.818,0.413,0.0,-0.054,0,-1,M
worry,133,5541.7,29.25,14.75,0.0,0.0,0.0,-1.92,-3.5,50.21,0.14,35.74,0.818,0.413,0.0,-0.054,0,-1,M
worry,134,5583.3,29.25,14.75,0.0,0.0,0.0,-1.92,-3.5,50.21,0.03,35.74,0.818,0.413,0.0,-0.054,0,-1,M
worry,135,5625.0,29.25,14.75,0.0,0.0,0.0,-1.92,-3.6,50.32,0.07,35.74,0.818,0.413,0.0,-0.054,0,-1,M
worry,136,5666.7,29.25,14.75,0.0,0.0,0.1,-1.91,-3.4,50.37,0.51,35.74,0.818,0.413,0.0,-0.053,0,-1,M
worry,137,5708.3,29.25,14.75,0.0,0.0,0.1,-1.91,-3.4,50.37,0.21,35.74,0.818,0.413,0.0,-0.053,0,-1,M
worry,138,5750.0,29.25,14.75,0.0,0.0,0.1,-1.91,-3.4,50.22,0.03,35.74,0.818,0.413,0.0,-0.053,0,-1,M
worry,139,5791.7,29.25,14.75,0.0,0.0,0.1,-1.91,-3.4,50.22,0.19,35.74,0.818,0.413,0.0,-0.053,0,-1,M
worry,140,5833.3,29.25,14.75,0.0,0.0,0.1,-1.91,-3.4,50.26,0.06,35.74,0.818,0.413,0.0,-0.053,0,-1,M
worry,141,5875.0,29.25,14.75,0.0,0.0,0.1,-1.92,-3.2,50.56,0.01,35.74,0.818,0.413,0.0,-0.054,0,-1,M
worry,142,5916.7,29.25,14.75,0.0,0.0,0.1,-1.91,-3.3,50.43,0.0,35.74,0.818,0.413,0.0,-0.053,0,-1,M
worry,143,5958.3,29.25,14.75,0.0,0.0,0.1,-1.92,-3.3,50.43,0.01,35.74,0.818,0.413,0.0,-0.054,0,-1,M
worry,144,6000.0,29.25,14.75,0.0,0.0,0.1,-1.92,-3.3,50.43,0.03,35.74,0.818,0.413,0.0,-0.054,0,-1,M
hem,0,0.0,34.0,13.25,0.0,0.0,46.7,2.34,-0.2,47.85,0.0,34.13,0.996,0.388,0.0,0.069,0,0,rest
hem,1,41.7,34.0,13.25,0.0,0.0,48.8,2.39,-0.6,47.27,0.73,34.13,0.996,0.388,0.0,0.07,0,0,rest
hem,2,83.3,34.0,13.5,0.0,0.0,54.9,2.47,0.2,47.47,0.75,34.13,0.996,0.396,0.0,0.072,0,0,rest
hem,3,125.0,34.0,13.5,0.0,0.0,63.0,2.53,-0.1,47.71,0.93,34.13,0.996,0.396,0.0,0.074,0,0,rest
hem,4,166.7,34.0,13.5,0.0,0.0,59.2,2.58,0.3,47.8,0.47,34.13,0.996,0.396,0.0,0.076,0,0,rest
hem,5,208.3,34.25,13.5,0.75,0.0,60.1,2.27,0.1,47.73,0.98,34.13,1.004,0.396,0.022,0.067,0,0,rest
hem,6,250.0,34.5,13.5,0.75,0.0,60.2,2.42,0.1,48.08,1.59,34.13,1.011,0.396,0.022,0.071,0,0,rest
hem,7,291.7,34.5,13.75,0.75,0.0,60.2,2.27,-0.1,48.01,1.01,34.13,1.011,0.403,0.022,0.067,0,0,rest
hem,8,333.3,34.5,13.75,0.75,0.0,60.2,2.27,-0.1,48.01,0.08,34.13,1.011,0.403,0.022,0.067,0,0,rest
hem,9,375.0,34.25,13.5,0.75,0.0,69.3,2.11,-0.4,48.05,2.96,34.13,1.004,0.396,0.022,0.062,0,0,rest
hem,10,416.7,34.25,13.5,0.75,0.0,69.3,2.11,-0.4,48.05,0.0,34.13,1.004,0.396,0.022,0.062,0,0,rest
hem,11,458.3,34.25,13.5,0.75,0.0,68.9,2.12,-0.4,48.05,0.14,34.13,1.004,0.396,0.022,0.062,0,0,rest
hem,12,500.0,34.0,14.0,0.75,0.0,64.3,2.33,-0.4,47.51,2.41,34.13,0.996,0.41,0.022,0.068,0,0,rest
hem,13,541.7,34.0,14.0,0.75,0.0,58.9,2.33,-0.2,47.54,0.38,34.13,0.996,0.41,0.022,0.068,0,0,rest
hem,14,583.3,34.0,14.25,1.0,0.0,60.1,2.38,-0.2,47.54,0.62,34.13,0.996,0.418,0.029,0.07,0,0,rest
hem,15,625.0,33.75,13.75,1.0,0.0,59.0,2.41,-0.2,47.45,2.85,34.13,0.989,0.403,0.029,0.071,0,0,rest
hem,16,666.7,33.75,13.75,1.0,0.0,59.0,2.41,-0.2,47.52,0.01,34.13,0.989,0.403,0.029,0.071,0,0,rest
hem,17,708.3,33.75,13.75,1.0,0.0,59.0,2.41,-0.2,47.52,0.01,34.13,0.989,0.403,0.029,0.071,0,0,rest
hem,18,750.0,34.25,13.75,0.0,0.0,64.7,2.42,0.6,48.04,3.0,34.13,1.004,0.403,0.0,0.071,0,0,rest
hem,19,791.7,34.25,13.75,0.0,0.0,62.4,2.41,0.6,48.04,0.47,34.13,1.004,0.403,0.0,0.071,0,0,rest
hem,20,833.3,34.25,13.5,0.0,0.0,63.1,2.34,0.5,48.08,0.63,34.13,1.004,0.396,0.0,0.069,0,0,rest
hem,21,875.0,34.25,13.5,1.0,0.0,60.7,2.11,0.9,48.21,0.76,34.13,1.004,0.396,0.029,0.062,0,0,rest
hem,22,916.7,34.25,13.5,0.75,0.0,60.6,2.12,1.0,48.17,0.27,34.13,1.004,0.396,0.022,0.062,0,0,rest
hem,23,958.3,34.25,13.5,0.75,0.0,60.4,2.25,1.0,48.17,0.23,34.13,1.004,0.396,0.022,0.066,0,0,rest
hem,24,1000.0,34.25,13.5,0.75,0.0,58.6,2.23,0.7,47.92,1.45,34.13,1.004,0.396,0.022,0.065,0,0,rest
hem,25,1041.7,34.25,13.5,0.75,0.0,58.3,2.28,0.6,48.06,0.22,34.13,1.004,0.396,0.022,0.067,0,0,rest
hem,26,1083.3,34.25,13.5,0.75,0.0,58.4,2.34,0.9,48.09,0.48,34.13,1.004,0.396,0.022,0.069,0,0,rest
hem,27,1125.0,34.25,13.75,0.75,0.0,58.9,2.34,0.9,48.09,0.34,34.13,1.004,0.403,0.022,0.069,0,0,rest
hem,28,1166.7,34.25,13.75,0.75,0.0,58.8,2.34,0.9,48.09,0.27,34.13,1.004,0.403,0.022,0.069,0,0,rest
hem,29,1208.3,34.25,13.75,0.75,0.0,58.5,2.31,0.6,47.93,0.38,34.13,1.004,0.403,0.022,0.068,0,0,rest
hem,30,1250.0,34.25,13.75,0.75,0.0,58.7,2.31,0.9,47.86,0.57,34.13,1.004,0.403,0.022,0.068,0,0,rest
hem,31,1291.7,34.25,13.75,0.75,0.0,58.0,2.31,0.9,47.86,0.15,34.13,1.004,0.403,0.022,0.068,0,0,rest
hem,32,1333.3,34.25,13.75,0.0,0.0,58.6,2.56,1.0,48.21,0.12,34.13,1.004,0.403,0.0,0.075,0,0,rest
hem,33,1375.0,34.25,13.75,0.75,0.0,52.3,2.58,1.0,48.21,0.22,34.13,1.004,0.403,0.022,0.076,0,0,rest
hem,34,1416.7,34.25,13.75,0.75,0.0,58.2,2.59,1.0,48.24,0.34,34.13,1.004,0.403,0.022,0.076,0,0,rest
hem,35,1458.3,34.25,13.75,0.75,0.0,58.5,2.59,1.0,48.24,0.31,34.13,1.004,0.403,0.022,0.076,0,0,rest
hem,36,1500.0,34.25,13.75,0.75,0.0,58.6,2.58,1.0,48.24,0.06,34.13,1.004,0.403,0.022,0.076,0,0,rest
hem,37,1541.7,34.25,13.75,1.0,0.0,58.5,2.59,1.0,48.29,0.29,34.13,1.004,0.403,0.029,0.076,0,0,rest
hem,38,1583.3,34.25,13.75,1.0,0.0,58.6,2.58,1.0,48.29,0.39,34.13,1.004,0.403,0.029,0.076,0,0,rest
hem,39,1625.0,34.25,13.75,1.0,0.0,58.5,2.58,1.0,48.29,0.17,34.13,1.004,0.403,0.029,0.076,0,0,rest
hem,40,1666.7,34.25,13.5,1.0,0.0,58.4,2.59,1.0,48.29,0.19,34.13,1.004,0.396,0.029,0.076,0,0,rest
hem,41,1708.3,34.25,13.5,1.0,0.0,58.1,2.59,1.0,48.29,0.42,34.13,1.004,0.396,0.029,0.076,0,0,rest
hem,42,1750.0,34.25,13.5,1.0,0.0,58.6,2.33,0.9,48.26,0.24,34.13,1.004,0.396,0.029,0.068,0,0,rest
hem,43,1791.7,34.5,13.5,1.0,0.0,58.2,2.38,0.9,48.26,0.12,34.13,1.011,0.396,0.029,0.07,0,0,rest
hem,44,1833.3,34.25,13.5,0.75,0.0,58.6,2.3,0.9,48.44,0.26,34.13,1.004,0.396,0.022,0.067,0,0,rest
hem,45,1875.0,34.25,13.5,0.75,0.0,59.4,2.25,0.9,48.21,0.53,34.13,1.004,0.396,0.022,0.066,0,0,rest
hem,46,1916.7,34.25,13.5,0.75,0.0,64.1,2.27,0.9,48.21,0.52,34.13,1.004,0.396,0.022,0.067,0,0,rest
hem,47,1958.3,34.25,13.5,0.75,0.0,59.3,2.3,0.9,48.21,0.21,34.13,1.004,0.396,0.022,0.067,0,0,rest
hem,48,2000.0,34.25,13.5,0.75,0.0,58.9,2.27,0.6,48.22,0.11,34.13,1.004,0.396,0.022,0.067,0,0,rest
hem,49,2041.7,34.25,13.5,0.75,0.0,59.4,2.27,0.8,48.48,0.31,34.13,1.004,0.396,0.022,0.067,0,0,rest
hem,50,2083.3,34.25,13.5,0.75,0.0,65.6,2.27,0.9,48.56,0.32,34.13,1.004,0.396,0.022,0.067,0,0,rest
hem,51,2125.0,34.25,13.5,0.75,0.0,59.1,2.27,0.9,48.56,0.17,34.13,1.004,0.396,0.022,0.067,0,0,rest
hem,52,2166.7,34.25,13.5,1.0,0.0,59.0,2.33,0.9,48.44,0.13,34.13,1.004,0.396,0.029,0.068,0,0,rest
hem,53,2208.3,34.25,13.5,1.0,0.0,58.6,2.33,0.9,48.44,0.35,34.13,1.004,0.396,0.029,0.068,0,0,rest
hem,54,2250.0,34.25,13.5,1.0,0.0,57.0,2.36,0.9,48.44,0.4,34.13,1.004,0.396,0.029,0.069,0,0,rest
hem,55,2291.7,34.25,13.5,1.0,0.0,58.4,2.36,0.9,48.44,0.37,34.13,1.004,0.396,0.029,0.069,0,0,rest
hem,56,2333.3,34.25,13.5,0.75,0.0,59.9,2.36,0.9,48.44,0.51,34.13,1.004,0.396,0.022,0.069,0,0,rest
hem,57,2375.0,34.25,13.5,0.75,0.0,57.6,2.25,0.9,48.44,0.22,34.13,1.004,0.396,0.022,0.066,0,0,rest
hem,58,2416.7,34.25,13.5,0.75,0.0,57.6,2.25,0.8,48.65,0.42,34.13,1.004,0.396,0.022,0.066,0,0,rest
hem,59,2458.3,34.25,13.75,0.75,0.0,58.1,2.25,0.8,48.65,0.38,34.13,1.004,0.403,0.022,0.066,0,0,rest
hem,60,2500.0,34.25,13.75,0.75,0.0,60.5,2.28,0.8,48.65,0.37,34.13,1.004,0.403,0.022,0.067,0,0,rest
hem,61,2541.7,34.25,13.75,0.75,0.0,58.4,2.28,0.7,48.56,0.18,34.13,1.004,0.403,0.022,0.067,0,0,rest
hem,62,2583.3,34.25,13.75,0.75,0.0,58.2,2.25,0.8,48.36,0.45,34.13,1.004,0.403,0.022,0.066,0,0,rest
hem,63,2625.0,34.25,13.75,0.75,0.0,57.8,2.53,0.8,48.36,0.48,34.13,1.004,0.403,0.022,0.074,0,0,rest
hem,64,2666.7,34.25,13.75,0.75,0.0,51.6,2.56,0.8,48.36,0.35,34.13,1.004,0.403,0.022,0.075,0,0,rest
hem,65,2708.3,34.25,13.75,0.75,0.0,52.7,2.56,0.8,48.36,0.2,34.13,1.004,0.403,0.022,0.075,0,0,rest
hem,66,2750.0,34.25,13.75,0.75,0.0,52.6,2.56,0.8,48.36,0.16,34.13,1.004,0.403,0.022,0.075,0,0,rest
hem,67,2791.7,34.25,13.75,0.75,0.0,53.7,2.56,0.6,48.57,0.29,34.13,1.004,0.403,0.022,0.075,0,0,rest
hem,68,2833.3,34.25,13.75,0.75,0.0,52.8,2.31,0.7,48.56,0.27,34.13,1.004,0.403,0.022,0.068,0,0,rest
hem,69,2875.0,34.25,13.75,0.75,0.0,52.9,2.31,0.6,48.69,0.25,34.13,1.004,0.403,0.022,0.068,0,0,rest
hem,70,2916.7,34.25,13.75,0.75,0.0,53.2,2.31,0.6,48.69,0.23,34.13,1.004,0.403,0.022,0.068,0,0,rest
hem,71,2958.3,34.25,13.5,0.75,0.0,53.4,2.31,0.6,48.81,0.21,34.13,1.004,0.396,0.022,0.068,0,0,rest
hem,72,3000.0,34.25,14.0,0.0,0.0,62.8,2.5,0.5,48.11,2.5,34.13,1.004,0.41,0.0,0.073,0,0,rest
hem,73,3041.7,34.25,14.0,0.0,0.0,62.9,2.5,0.7,48.31,0.22,34.13,1.004,0.41,0.0,0.073,0,0,rest
hem,74,3083.3,34.25,14.25,0.0,0.0,62.1,2.58,0.6,48.23,1.01,34.13,1.004,0.418,0.0,0.076,0,0,rest
hem,75,3125.0,34.25,14.0,0.75,0.0,59.5,2.67,0.7,47.88,1.2,34.13,1.004,0.41,0.022,0.078,0,0,rest
hem,76,3166.7,34.25,14.0,0.75,0.0,59.3,2.67,0.7,47.88,0.15,34.13,1.004,0.41,0.022,0.078,0,0,rest
hem,77,3208.3,34.25,14.0,0.75,0.0,56.6,2.77,0.2,48.31,0.91,34.13,1.004,0.41,0.022,0.081,0,0,rest
hem,78,3250.0,34.5,14.0,0.0,0.0,56.6,2.67,0.0,47.93,1.73,34.13,1.011,0.41,0.0,0.078,0,0,rest
hem,79,3291.7,34.5,14.0,0.0,0.0,51.3,2.67,-0.3,47.82,0.3,34.13,1.011,0.41,0.0,0.078,0,0,rest
hem,80,3333.3,34.5,14.0,0.0,0.0,51.1,2.67,-0.3,47.82,0.07,34.13,1.011,0.41,0.0,0.078,0,0,rest
hem,81,3375.0,34.25,13.75,0.0,0.0,61.4,2.67,-0.1,47.96,1.71,34.13,1.004,0.403,0.0,0.078,0,0,rest
hem,82,3416.7,34.25,13.75,0.75,0.0,61.0,2.42,-0.1,47.96,0.96,34.13,1.004,0.403,0.022,0.071,0,0,rest
hem,83,3458.3,34.25,13.75,0.75,0.0,60.2,2.42,-0.1,47.96,0.35,34.13,1.004,0.403,0.022,0.071,0,0,rest
hem,84,3500.0,34.25,13.75,0.0,0.0,60.6,2.31,0.0,48.13,2.2,34.13,1.004,0.403,0.0,0.068,0,0,rest
hem,85,3541.7,34.25,14.0,0.0,0.0,70.4,2.31,-0.1,47.92,0.48,34.13,1.004,0.41,0.0,0.068,0,0,rest
hem,86,3583.3,34.0,13.75,0.0,0.0,70.4,2.5,0.1,48.05,0.68,34.13,0.996,0.403,0.0,0.073,0,0,rest
hem,87,3625.0,34.25,14.0,0.0,0.0,72.1,2.3,-0.3,47.92,1.61,34.13,1.004,0.41,0.0,0.067,0,0,rest
hem,88,3666.7,34.25,14.0,0.0,0.0,76.2,2.34,-0.3,47.92,0.44,34.13,1.004,0.41,0.0,0.069,0,0,rest
hem,89,3708.3,34.25,14.0,0.0,0.0,74.4,2.36,-0.3,47.92,0.34,34.13,1.004,0.41,0.0,0.069,0,0,rest
hem,90,3750.0,33.75,13.75,0.0,0.0,48.3,2.2,-0.5,48.1,2.52,34.13,0.989,0.403,0.0,0.064,0,0,rest
hem,91,3791.7,33.75,13.75,0.0,0.0,48.3,2.2,-0.2,48.14,0.03,34.13,0.989,0.403,0.0,0.064,0,0,rest
hem,92,3833.3,33.75,13.75,0.0,0.0,50.0,2.2,0.3,48.27,0.4,34.13,0.989,0.403,0.0,0.064,0,0,rest
hem,93,3875.0,33.75,13.75,0.0,0.0,50.6,2.47,1.0,48.79,1.32,34.13,0.989,0.403,0.0,0.072,0,0,rest
hem,94,3916.7,34.0,13.75,0.0,0.0,60.2,2.27,0.3,48.53,0.92,34.13,0.996,0.403,0.0,0.067,0,0,rest
hem,95,3958.3,34.0,13.75,0.0,0.0,60.2,2.27,0.3,48.53,0.01,34.13,0.996,0.403,0.0,0.067,0,0,rest
hem,96,4000.0,34.0,13.75,0.0,0.0,59.9,2.52,0.4,48.54,0.28,34.13,0.996,0.403,0.0,0.074,0,0,rest
hem,97,4041.7,34.0,13.75,0.0,0.0,61.1,2.52,0.7,48.51,0.2,34.13,0.996,0.403,0.0,0.074,0,0,rest
hem,98,4083.3,34.0,13.75,0.0,0.0,61.2,2.52,0.8,48.54,0.2,34.13,0.996,0.403,0.0,0.074,0,0,rest
hem,99,4125.0,34.0,13.75,0.0,0.0,42.4,2.52,0.5,48.62,0.59,34.13,0.996,0.403,0.0,0.074,0,0,rest
hem,100,4166.7,34.0,13.75,0.0,0.0,50.3,2.56,0.8,48.57,0.71,34.13,0.996,0.403,0.0,0.075,0,0,rest
hem,101,4208.3,34.0,13.75,0.0,0.0,48.1,2.56,0.0,48.3,0.6,34.13,0.996,0.403,0.0,0.075,0,0,rest
hem,102,4250.0,34.0,13.75,0.0,0.0,48.2,2.55,-0.0,48.3,0.26,34.13,0.996,0.403,0.0,0.075,0,0,rest
hem,103,4291.7,33.75,13.75,0.0,0.0,47.8,2.48,-0.3,48.33,0.26,34.13,0.989,0.403,0.0,0.073,0,0,rest
hem,104,4333.3,33.75,13.75,0.0,0.0,53.5,2.22,-0.3,48.25,0.34,34.13,0.989,0.403,0.0,0.065,0,0,rest
hem,105,4375.0,34.0,13.5,0.0,0.0,48.7,2.56,-0.3,48.1,0.32,34.13,0.996,0.396,0.0,0.075,0,0,rest
hem,106,4416.7,33.75,13.5,0.0,0.0,49.9,2.45,-0.2,48.3,0.16,34.13,0.989,0.396,0.0,0.072,0,0,rest
hem,107,4458.3,34.0,13.5,0.0,0.0,39.1,2.56,-0.1,48.29,0.31,34.13,0.996,0.396,0.0,0.075,0,0,rest
hem,108,4500.0,34.0,13.5,0.0,0.0,39.1,2.53,-0.1,48.29,0.47,34.13,0.996,0.396,0.0,0.074,0,0,rest
hem,109,4541.7,33.75,13.5,0.0,0.0,39.6,2.41,0.1,48.25,0.29,34.13,0.989,0.396,0.0,0.071,0,0,rest
hem,110,4583.3,33.75,13.5,0.0,0.0,40.2,2.41,0.0,48.19,0.17,34.13,0.989,0.396,0.0,0.071,0,0,rest
hem,111,4625.0,33.75,13.5,0.75,0.0,39.8,2.41,0.2,48.46,0.2,34.13,0.989,0.396,0.022,0.071,0,0,rest
hem,112,4666.7,33.75,13.5,0.0,0.0,40.8,2.39,0.3,48.52,0.57,34.13,0.989,0.396,0.0,0.07,0,0,rest
hem,113,4708.3,34.0,13.5,0.0,0.0,40.2,2.5,0.3,48.52,0.23,34.13,0.996,0.396,0.0,0.073,0,0,rest
hem,114,4750.0,33.75,13.5,0.0,0.0,37.6,2.31,0.3,48.39,0.38,34.13,0.989,0.396,0.0,0.068,0,0,rest
hem,115,4791.7,34.0,13.5,0.0,0.0,36.2,2.42,0.4,48.52,0.37,34.13,0.996,0.396,0.0,0.071,0,0,rest
hem,116,4833.3,34.0,13.5,0.0,0.0,49.2,2.31,0.4,48.52,0.26,34.13,0.996,0.396,0.0,0.068,0,0,rest
hem,117,4875.0,34.0,13.5,0.0,0.0,49.8,2.31,0.4,48.58,0.23,34.13,0.996,0.396,0.0,0.068,0,0,rest
hem,118,4916.7,34.0,13.5,0.0,0.0,50.1,2.31,0.4,48.58,0.07,34.13,0.996,0.396,0.0,0.068,0,0,rest
hem,119,4958.3,34.0,13.5,0.0,0.0,43.8,2.31,0.4,48.58,0.13,34.13,0.996,0.396,0.0,0.068,0,0,rest
hem,120,5000.0,34.0,13.5,0.0,0.0,43.9,2.31,0.4,48.5,0.21,34.13,0.996,0.396,0.0,0.068,0,0,rest
hem,121,5041.7,34.0,13.5,0.0,0.0,43.9,2.31,0.4,48.64,0.21,34.13,0.996,0.396,0.0,0.068,0,0,rest
hem,122,5083.3,34.0,13.5,0.0,0.0,43.3,2.28,0.4,48.64,0.43,34.13,0.996,0.396,0.0,0.067,0,0,rest
hem,123,5125.0,34.0,13.5,0.0,0.0,42.8,2.28,0.3,48.65,0.26,34.13,0.996,0.396,0.0,0.067,0,0,rest
hem,124,5166.7,34.0,13.5,0.0,0.0,42.1,2.28,0.3,48.73,0.24,34.13,0.996,0.396,0.0,0.067,0,0,rest
hem,125,5208.3,34.0,13.5,0.0,0.0,41.6,2.28,0.3,48.8,0.33,34.13,0.996,0.396,0.0,0.067,0,0,rest
hem,126,5250.0,34.0,13.5,0.0,0.0,41.9,2.28,0.3,48.8,0.1,34.13,0.996,0.396,0.0,0.067,0,0,rest
hem,127,5291.7,34.0,13.5,0.0,0.0,42.1,2.28,0.1,48.68,0.21,34.13,0.996,0.396,0.0,0.067,0,0,rest
hem,128,5333.3,34.0,13.5,0.0,0.0,41.8,2.28,0.1,48.55,0.23,34.13,0.996,0.396,0.0,0.067,0,0,rest
hem,129,5375.0,34.0,13.5,0.0,0.0,41.9,2.28,0.1,48.55,0.2,34.13,0.996,0.396,0.0,0.067,0,0,rest
hem,130,5416.7,34.0,13.5,0.0,0.0,41.9,2.28,0.1,48.55,0.06,34.13,0.996,0.396,0.0,0.067,0,0,rest
hem,131,5458.3,34.0,13.5,0.0,0.0,41.6,2.28,0.2,48.51,0.23,34.13,0.996,0.396,0.0,0.067,0,0,rest
hem,132,5500.0,34.0,13.5,0.0,0.0,45.1,2.28,0.2,48.51,0.47,34.13,0.996,0.396,0.0,0.067,0,0,rest
hem,133,5541.7,34.0,13.5,0.0,0.0,45.1,2.27,0.2,48.51,0.38,34.13,0.996,0.396,0.0,0.067,0,0,rest
hem,134,5583.3,34.0,13.5,0.0,0.0,46.3,2.27,0.2,48.71,0.15,34.13,0.996,0.396,0.0,0.067,0,0,rest
hem,135,5625.0,34.0,13.5,0.0,0.0,46.6,2.27,0.3,48.7,0.15,34.13,0.996,0.396,0.0,0.067,0,0,rest
hem,136,5666.7,34.0,13.5,0.0,0.0,47.1,2.27,0.3,48.7,0.26,34.13,0.996,0.396,0.0,0.067,0,0,rest
hem,137,5708.3,34.0,13.75,0.0,0.0,46.7,2.27,0.3,48.7,0.22,34.13,0.996,0.403,0.0,0.067,0,0,rest
hem,138,5750.0,34.0,13.75,0.0,0.0,46.4,2.27,0.3,48.68,0.19,34.13,0.996,0.403,0.0,0.067,0,0,rest
hem,139,5791.7,34.0,13.75,0.75,0.0,45.1,2.27,0.3,48.68,0.28,34.13,0.996,0.403,0.022,0.067,0,0,rest
hem,140,5833.3,34.0,13.75,0.75,0.0,46.5,2.27,0.3,48.68,0.17,34.13,0.996,0.403,0.022,0.067,0,0,rest
hem,141,5875.0,34.0,13.75,0.75,0.0,46.2,2.28,0.3,48.68,0.09,34.13,0.996,0.403,0.022,0.067,0,0,rest
hem,142,5916.7,34.0,13.75,0.75,0.0,46.2,2.28,0.3,48.68,0.08,34.13,0.996,0.403,0.022,0.067,0,0,rest
hem,143,5958.3,34.0,13.75,0.75,0.0,46.2,2.28,0.3,48.68,0.0,34.13,0.996,0.403,0.022,0.067,0,0,rest
hem,144,6000.0,34.0,13.75,0.75,0.0,46.2,2.28,0.3,48.68,0.08,34.13,0.996,0.403,0.022,0.067,0,0,rest
