path,source,category,angle,faces,mark_count,green_side_count,amber_side_count,positions,consistent,confidence,note,error
/workspace/shadowveil/hair/backup_pre_quality/base_body/tpose.png,art,turnaround/rotation still,0 (T-pose front),1,2,1,1,"[pair d=67 high] her-left(green)=1@731,238 her-right(amber)=1@635,240",false,high,,
/workspace/shadowveil/reference/apose_turn/frames/f001.png,art,video/render frame sequence,,1,1,1,0,"[pair d=31 medium] her-left(green)=1@417,192 her-right(amber)=0@-",false,medium,,
/workspace/shadowveil/reference/apose_turn/frames/f002.png,art,video/render frame sequence,,2,1;1,1,1,"[single-green d=53 medium] her-left(green)=1@417,192 | [single-amber d=24 low] her-right(amber)=1@351,187",false,medium,,
/workspace/shadowveil/reference/apose_turn/frames/f003.png,art,video/render frame sequence,,1,1,1,,"[single-green d=50 medium] her-left(green)=1@415,185",false,medium,,
/workspace/shadowveil/reference/apose_turn/frames/f005.png,art,video/render frame sequence,,2,3;2,3,2,"[single-green d=50 medium] her-left(green)=3@414,186;416,192;378,200 | [single-amber d=36 low] her-right(amber)=2@350,186;378,200",false,medium,,
/workspace/shadowveil/reference/apose_turn/frames/f007.png,art,video/render frame sequence,,1,3,3,,"[single-green d=50 medium] her-left(green)=3@414,186;415,192;377,200",false,medium,,
/workspace/shadowveil/reference/apose_turn/frames/f008.png,art,video/render frame sequence,,1,3,3,,"[single-green d=50 medium] her-left(green)=3@414,186;415,192;377,200",false,medium,,
/workspace/shadowveil/reference/apose_turn/frames/f017.png,art,video/render frame sequence,,2,1;1,1,1,"[single-green d=53 medium] her-left(green)=1@408,192 | [single-amber d=24 low] her-right(amber)=1@344,187",false,medium,,
/workspace/shadowveil/reference/apose_turn/frames/f018.png,art,video/render frame sequence,,1,1,1,,"[single-green d=53 medium] her-left(green)=1@408,192",false,medium,,
/workspace/shadowveil/reference/apose_turn/frames/f020.png,art,video/render frame sequence,,1,1,1,,"[single-green d=50 medium] her-left(green)=1@406,192",false,medium,,
/workspace/shadowveil/reference/apose_turn/frames/f021.png,art,video/render frame sequence,,2,1;1,1,1,"[single-green d=55 medium] her-left(green)=1@404,192 | [single-amber d=24 low] her-right(amber)=1@341,187",false,medium,,
/workspace/shadowveil/reference/apose_turn/frames/f022.png,art,video/render frame sequence,,1,1,1,,"[single-green d=50 medium] her-left(green)=1@403,192",false,medium,,
/workspace/shadowveil/reference/apose_turn/frames/f023.png,art,video/render frame sequence,,1,1,1,,"[single-green d=53 medium] her-left(green)=1@402,192",false,medium,,
/workspace/shadowveil/reference/apose_turn/frames/f029.png,art,video/render frame sequence,,1,1,1,,"[single-green d=50 medium] her-left(green)=1@394,191",false,medium,,
/workspace/shadowveil/reference/apose_turn/frames/f030.png,art,video/render frame sequence,,1,1,1,,"[single-green d=50 medium] her-left(green)=1@392,191",false,medium,,
/workspace/shadowveil/reference/apose_turn/frames/f031.png,art,video/render frame sequence,,1,1,1,,"[single-green d=50 medium] her-left(green)=1@390,192",false,medium,,
/workspace/shadowveil/reference/apose_turn/frames/f034.png,art,video/render frame sequence,,1,1,1,,"[single-green d=50 medium] her-left(green)=1@386,191",false,medium,,
/workspace/shadowveil/reference/apose_turn/frames/f035.png,art,video/render frame sequence,,1,1,1,,"[single-green d=50 medium] her-left(green)=1@384,191",false,medium,,
/workspace/shadowveil/reference/apose_turn/frames/f037.png,art,video/render frame sequence,,1,1,1,,"[single-green d=48 medium] her-left(green)=1@380,191",false,medium,,
/workspace/shadowveil/reference/apose_turn/frames/f039.png,art,video/render frame sequence,,1,1,1,,"[single-green d=46 medium] her-left(green)=1@377,191",false,medium,,
/workspace/shadowveil/reference/apose_turn/frames/f203.png,art,video/render frame sequence,,2,0;1,0,1,"[single-green d=46 medium] her-left(green)=0@- | [single-amber d=24 low] her-right(amber)=1@369,186",false,medium,,
/workspace/shadowveil/reference/apose_turn/frames/f206.png,art,video/render frame sequence,,1,1,1,,"[single-green d=46 medium] her-left(green)=1@425,186",false,medium,,
/workspace/shadowveil/reference/apose_turn/frames/f207.png,art,video/render frame sequence,,1,0,0,,[single-green d=46 medium] her-left(green)=0@-,false,medium,,
/workspace/shadowveil/reference/apose_turn/frames/f208.png,art,video/render frame sequence,,1,1,1,,"[single-green d=48 medium] her-left(green)=1@424,186",false,medium,,
/workspace/shadowveil/reference/apose_turn/frames/f214.png,art,video/render frame sequence,,1,1,1,,"[single-green d=50 medium] her-left(green)=1@396,200",false,medium,,
/workspace/shadowveil/reference/apose_turn/frames/f215.png,art,video/render frame sequence,,1,1,1,,"[single-green d=50 medium] her-left(green)=1@395,200",false,medium,,
/workspace/shadowveil/reference/apose_turn/frames/f216.png,art,video/render frame sequence,,1,1,1,,"[single-green d=50 medium] her-left(green)=1@394,200",false,medium,,
/workspace/shadowveil/reference/apose_turn/frames/f217.png,art,video/render frame sequence,,3,0;1;1,1,0;1,"[single-amber d=38 low] her-right(amber)=0@- | [single-green d=53 medium] her-left(green)=1@394,200 | [single-amber d=22 low] her-right(amber)=1@356,186",false,medium,,
/workspace/shadowveil/reference/apose_turn/frames/f218.png,art,video/render frame sequence,,1,1,1,,"[single-green d=50 medium] her-left(green)=1@419,186",false,medium,,
/workspace/shadowveil/reference/apose_turn/frames/f220.png,art,video/render frame sequence,,1,3,3,,"[single-green d=53 medium] her-left(green)=3@418,186;384,200;392,200",false,medium,,
/workspace/shadowveil/reference/apose_turn/frames/f221.png,art,video/render frame sequence,,2,1;1,1,1,"[single-green d=53 medium] her-left(green)=1@391,199 | [single-amber d=22 low] her-right(amber)=1@354,186",false,medium,,
/workspace/shadowveil/reference/apose_turn/frames/f223.png,art,video/render frame sequence,,1,0,0,,[single-green d=53 medium] her-left(green)=0@-,false,medium,,
/workspace/shadowveil/reference/apose_turn/frames/f225.png,art,video/render frame sequence,,1,1,1,0,"[pair d=45 high] her-left(green)=1@419,193 her-right(amber)=0@-",false,high,,
/workspace/shadowveil/reference/apose_turn/frames/f226.png,art,video/render frame sequence,,1,1,0,1,"[pair d=46 high] her-left(green)=0@- her-right(amber)=1@352,186",false,high,,
/workspace/shadowveil/reference/apose_turn/frames/f227.png,art,video/render frame sequence,,1,2,1,1,"[pair d=45 high] her-left(green)=1@418,193 her-right(amber)=1@352,187",false,high,,
/workspace/shadowveil/reference/apose_turn/frames/f229.png,art,video/render frame sequence,,2,1;1,1,1,"[single-green d=53 medium] her-left(green)=1@416,186 | [single-amber d=36 low] her-right(amber)=1@351,186",false,medium,,
/workspace/shadowveil/reference/apose_turn/frames/f230.png,art,video/render frame sequence,,1,1,0,1,"[pair d=45 high] her-left(green)=0@- her-right(amber)=1@351,186",false,high,,
/workspace/shadowveil/reference/apose_turn/frames/f231.png,art,video/render frame sequence,,1,1,0,1,"[pair d=45 medium] her-left(green)=0@- her-right(amber)=1@351,186",false,medium,,
/workspace/shadowveil/reference/apose_turn/frames/f232.png,art,video/render frame sequence,,1,2,1,1,"[pair d=45 medium] her-left(green)=1@417,193 her-right(amber)=1@351,187",false,medium,,
/workspace/shadowveil/reference/apose_turn/frames/f233.png,art,video/render frame sequence,,1,2,1,1,"[pair d=45 high] her-left(green)=1@417,193 her-right(amber)=1@350,186",false,high,,
/workspace/shadowveil/reference/apose_turn/frames/f234.png,art,video/render frame sequence,,1,2,1,1,"[pair d=45 high] her-left(green)=1@416,192 her-right(amber)=1@350,186",false,high,,
/workspace/shadowveil/reference/apose_turn/frames/f235.png,art,video/render frame sequence,,1,2,1,1,"[pair d=45 high] her-left(green)=1@416,192 her-right(amber)=1@350,186",false,high,,
/workspace/shadowveil/reference/apose_turn/frames/f236.png,art,video/render frame sequence,,2,1;1,1,1,"[single-green d=58 medium] her-left(green)=1@416,192 | [single-amber d=26 low] her-right(amber)=1@350,186",false,medium,,
/workspace/shadowveil/reference/apose_turn/frames/f237.png,art,video/render frame sequence,,2,1;1,1,1,"[single-green d=58 medium] her-left(green)=1@416,192 | [single-amber d=26 low] her-right(amber)=1@350,186",false,medium,,
/workspace/shadowveil/reference/apose_turn/frames/f238.png,art,video/render frame sequence,,2,1;1,1,1,"[single-green d=58 medium] her-left(green)=1@416,192 | [single-amber d=26 low] her-right(amber)=1@350,186",false,medium,,
/workspace/shadowveil/reference/apose_turn/frames/f239.png,art,video/render frame sequence,,2,1;1,1,1,"[single-green d=55 medium] her-left(green)=1@416,192 | [single-amber d=26 low] her-right(amber)=1@350,186",false,medium,,
/workspace/shadowveil/reference/apose_turn/frames/f240.png,art,video/render frame sequence,,2,1;1,1,1,"[single-green d=55 medium] her-left(green)=1@416,192 | [single-amber d=26 low] her-right(amber)=1@350,186",false,medium,,
/workspace/shadowveil/reference/apose_turn/frames/f241.png,art,video/render frame sequence,,2,1;1,1,1,"[single-green d=55 medium] her-left(green)=1@416,192 | [single-amber d=26 low] her-right(amber)=1@350,186",false,medium,,
/workspace/shadowveil/reference/batch1/test_sheet_1db5465b.jpg,art,other pose still (action/expression/hand/eye),,5,2;2;2;2;2,1;1;1;1;1,1;1;1;1;1,"[pair d=82 high] her-left(green)=1@523,281 her-right(amber)=1@402,280 | [pair d=81 high] her-left(green)=1@236,282 her-right(amber)=1@114,281 | [pair d=82 high] her-left(green)=1@809,743 her-right(amber)=1@688,743 | [pair d=81 high] her-left(green)=1@1096,281 her-right(amber)=1@975,280 | [pair d=82 high] her-left(green)=1@232,743 her-right(amber)=1@110,742",false,high,,
/workspace/shadowveil/reference/batch1/test_sheet_9f8eab39.jpg,art,other pose still (action/expression/hand/eye),,3,1;1;2,1;1;1,0;0;1,"[pair d=79 high] her-left(green)=1@305,719 her-right(amber)=0@- | [pair d=78 high] her-left(green)=1@305,249 her-right(amber)=0@- | [pair d=81 high] her-left(green)=1@1154,719 her-right(amber)=1@1036,708",false,high,,
/workspace/shadowveil/reference/batch1/tpose.png,art,turnaround/rotation still,0 (T-pose front),1,2,1,1,"[pair d=67 high] her-left(green)=1@731,238 her-right(amber)=1@635,240",false,high,,
/workspace/shadowveil/reference/batch2/test_sheet_aab0551c.jpg,art,other pose still (action/expression/hand/eye),,4,1;1;0;1,1;1;0;1,,"[single-green d=48 medium] her-left(green)=1@1065,141 | [single-green d=43 low] her-left(green)=1@483,152 | [single-green d=46 medium] her-left(green)=0@- | [single-green d=43 low] her-left(green)=1@222,139",false,medium,,
/workspace/shadowveil/reference/grok_build/artifacts/imagine_images/011e650f-d577-499e-8b19-4dc60fbaf1d3.jpg,art,other pose still (action/expression/hand/eye),,1,2,1,1,"[pair d=78 high] her-left(green)=1@731,312 her-right(amber)=1@620,313",false,high,,
/workspace/shadowveil/reference/grok_build/artifacts/imagine_images/02a54aa9-8a2f-40bd-9908-4a68b1cae3d9.jpg,art,other pose still (action/expression/hand/eye),,1,3,,3,"[single-amber d=70 medium] her-right(amber)=3@812,239;853,260;865,260",false,medium,,
/workspace/shadowveil/reference/grok_build/artifacts/imagine_images/0521b711-48c7-474a-8f9e-8eaeb92883d4.jpg,art,other pose still (action/expression/hand/eye),,2,4;1,4,1,"[single-green d=79 medium] her-left(green)=4@626,278;628,288;571,300;582,300 | [single-amber d=34 low] her-right(amber)=1@529,279",false,medium,,
/workspace/shadowveil/reference/grok_build/artifacts/imagine_images/0af8abe3-2552-4ff5-8463-7cd9cd154228.jpg,art,other pose still (action/expression/hand/eye),,1,0,0,0,[pair d=259 high] her-left(green)=0@- her-right(amber)=0@-,false,high,,
/workspace/shadowveil/reference/grok_build/artifacts/imagine_images/0c39f2c6-fa23-4b19-ab57-20832a006247.jpg,art,other pose still (action/expression/hand/eye),,1,0,0,,[single-green d=74 medium] her-left(green)=0@-,false,medium,,
/workspace/shadowveil/reference/grok_build/artifacts/imagine_images/0c94e641-8e0e-4463-8ec5-a6f322d62630.jpg,art,other pose still (action/expression/hand/eye),,2,3;3,3,3,"[single-amber d=82 medium] her-right(amber)=3@527,400;571,422;584,422 | [single-green d=67 medium] her-left(green)=3@630,398;632,409;584,422",false,medium,,
/workspace/shadowveil/reference/grok_build/artifacts/imagine_images/0ca1102f-dd50-4f56-a4e8-60a22fda0545.jpg,art,other pose still (action/expression/hand/eye),,2,2;0,0,2,"[single-amber d=65 medium] her-right(amber)=2@526,254;568,275 | [single-green d=29 low] her-left(green)=0@-",false,medium,,
/workspace/shadowveil/reference/grok_build/artifacts/imagine_images/0da1a546-e089-4d4a-9d96-371ed310c24c.jpg,art,other pose still (action/expression/hand/eye),,2,4;3,4,3,"[single-green d=70 medium] her-left(green)=4@590,288;592,297;539,310;549,311 | [single-amber d=65 medium] her-right(amber)=3@498,293;539,310;549,311",false,medium,,
/workspace/shadowveil/reference/grok_build/artifacts/imagine_images/0ff1b22e-993b-4525-8c6b-9055f4ccd6ed.jpg,art,other pose still (action/expression/hand/eye),,1,3,,3,"[single-amber d=74 medium] her-right(amber)=3@522,228;566,250;578,250",false,medium,,
/workspace/shadowveil/reference/grok_build/artifacts/imagine_images/1004f535-dec4-4300-8e9b-6b1ee855b65d.jpg,art,other pose still (action/expression/hand/eye),,1,2,1,1,"[pair d=72 high] her-left(green)=1@617,244 her-right(amber)=1@514,245",false,high,,
/workspace/shadowveil/reference/grok_build/artifacts/imagine_images/10fafbba-153f-4b7c-afc3-8887e30d768a.jpg,art,other pose still (action/expression/hand/eye),,1,4,2,2,"[pair d=59 high] her-left(green)=2@648,219;651,230 her-right(amber)=2@561,221;591,239",false,high,,
/workspace/shadowveil/reference/grok_build/artifacts/imagine_images/1211b0ca-2d56-4b72-8e40-30b6ba3466e9.jpg,art,other pose still (action/expression/hand/eye),,5,0;1;2;1;0,0;0;1;0;0,0;1;1;1;0,"[pair d=34 medium] her-left(green)=0@- her-right(amber)=0@- | [pair d=35 medium] her-left(green)=0@- her-right(amber)=1@1055,488 | [pair d=33 medium] her-left(green)=1@800,495 her-right(amber)=1@751,496 | [pair d=33 medium] her-left(green)=0@- her-right(amber)=1@148,480 | [pair d=32 medium] her-left(green)=0@- her-right(amber)=0@-",false,medium,,
/workspace/shadowveil/reference/grok_build/artifacts/imagine_images/17241d75-18b7-4cd8-9f27-228c3fc4e172.jpg,art,other pose still (action/expression/hand/eye),,1,0,0,0,[pair d=254 high] her-left(green)=0@- her-right(amber)=0@-,false,high,,
/workspace/shadowveil/reference/grok_build/artifacts/imagine_images/173d08f7-f678-4534-92e5-69572855bc5a.jpg,art,other pose still (action/expression/hand/eye),,1,0,0,0,[pair d=53 high] her-left(green)=0@- her-right(amber)=0@-,false,high,,
/workspace/shadowveil/reference/grok_build/artifacts/imagine_images/1a3c2c9f-6046-4881-b9b0-61aaa0c1b62d.jpg,art,other pose still (action/expression/hand/eye),,1,0,0,0,[pair d=229 high] her-left(green)=0@- her-right(amber)=0@-,false,high,,
/workspace/shadowveil/reference/grok_build/artifacts/imagine_images/1b30d4bc-6da8-4620-8cc6-43a3142a7d65.jpg,art,other pose still (action/expression/hand/eye),,1,2,2,0,"[pair d=64 high] her-left(green)=2@623,296;625,305 her-right(amber)=0@-",false,high,,
/workspace/shadowveil/reference/grok_build/artifacts/imagine_images/1d9040e0-74ed-4098-a86a-670be422be88.jpg,art,other pose still (action/expression/hand/eye),,2,2;2,2,2,"[single-amber d=60 medium] her-right(amber)=2@542,352;582,372 | [single-green d=38 low] her-left(green)=2@636,351;638,360",false,medium,,
/workspace/shadowveil/reference/grok_build/artifacts/imagine_images/1db5465b-557f-4dda-aada-ed5eff502dd2.jpg,art,other pose still (action/expression/hand/eye),,5,2;2;2;2;2,1;1;1;1;1,1;1;1;1;1,"[pair d=82 high] her-left(green)=1@523,281 her-right(amber)=1@402,280 | [pair d=81 high] her-left(green)=1@236,282 her-right(amber)=1@114,281 | [pair d=82 high] her-left(green)=1@809,743 her-right(amber)=1@688,743 | [pair d=81 high] her-left(green)=1@1096,281 her-right(amber)=1@975,280 | [pair d=82 high] her-left(green)=1@232,743 her-right(amber)=1@110,742",false,high,,
/workspace/shadowveil/reference/grok_build/artifacts/imagine_images/1dbb05d4-deae-47ee-9a99-44ee723d1f14.jpg,art,other pose still (action/expression/hand/eye),,1,0,0,0,[pair d=253 high] her-left(green)=0@- her-right(amber)=0@-,false,high,,
/workspace/shadowveil/reference/grok_build/artifacts/imagine_images/1e46f5ab-0f8b-4bc8-9942-4ea05f8870c9.jpg,art,other pose still (action/expression/hand/eye),,1,2,2,0,"[pair d=78 high] her-left(green)=2@623,241;626,253 her-right(amber)=0@-",false,high,,
/workspace/shadowveil/reference/grok_build/artifacts/imagine_images/20dc9ac4-2226-436f-b807-797b9d7e7cd0.jpg,art,other pose still (action/expression/hand/eye),,1,3,1,2,"[pair d=64 high] her-left(green)=1@769,323 her-right(amber)=2@682,315;676,324",false,high,,
/workspace/shadowveil/reference/grok_build/artifacts/imagine_images/23a855e8-1a2b-4b9b-874a-6e56f9066c72.jpg,art,other pose still (action/expression/hand/eye),,1,2,2,0,"[pair d=76 high] her-left(green)=2@622,238;625,248 her-right(amber)=0@-",false,high,,
/workspace/shadowveil/reference/grok_build/artifacts/imagine_images/241b6703-2440-481e-917b-6ae21a1c0343.jpg,art,other pose still (action/expression/hand/eye),,1,0,0,,[single-green d=62 medium] her-left(green)=0@-,false,medium,,
/workspace/shadowveil/reference/grok_build/artifacts/imagine_images/2481977f-8494-4a8d-8c7b-98b0b6396523.jpg,art,other pose still (action/expression/hand/eye),,1,2,2,0,"[pair d=64 high] her-left(green)=2@617,217;616,228 her-right(amber)=0@-",false,high,,
/workspace/shadowveil/reference/grok_build/artifacts/imagine_images/26929bf5-f5a1-4577-9323-71bc8db7002b.jpg,art,other pose still (action/expression/hand/eye),,4,3;3;0;0,3;0;0,3,"[single-amber d=89 medium] her-right(amber)=3@504,536;558,563;574,563 | [single-green d=72 medium] her-left(green)=3@631,534;634,546;574,563 | [single-green d=34 low] her-left(green)=0@- | [single-green d=31 low] her-left(green)=0@-",false,medium,,
/workspace/shadowveil/reference/grok_build/artifacts/imagine_images/295a412e-1f1d-4246-8264-cbba938381dd.jpg,art,other pose still (action/expression/hand/eye),,1,2,1,1,"[pair d=52 high] her-left(green)=1@610,218 her-right(amber)=1@532,221",false,high,,
/workspace/shadowveil/reference/grok_build/artifacts/imagine_images/29b6ba7c-fd8e-46ab-b522-6d7eacaf971f.jpg,art,other pose still (action/expression/hand/eye),,1,1,1,0,"[pair d=65 high] her-left(green)=1@600,262 her-right(amber)=0@-",false,high,,
/workspace/shadowveil/reference/grok_build/artifacts/imagine_images/2b836a7c-14ed-448d-844d-72ac3514977f.jpg,art,other pose still (action/expression/hand/eye),,1,0,0,0,[pair d=259 high] her-left(green)=0@- her-right(amber)=0@-,false,high,,
/workspace/shadowveil/reference/grok_build/artifacts/imagine_images/2dfd2bba-3221-460c-a4d3-10c6648d3455.jpg,art,other pose still (action/expression/hand/eye),,1,3,,3,"[single-amber d=74 medium] her-right(amber)=3@522,228;566,250;579,250",false,medium,,
/workspace/shadowveil/reference/grok_build/artifacts/imagine_images/303ea726-fcff-4828-99a2-bba92c80130d.jpg,art,other pose still (action/expression/hand/eye),,2,1;0,1,0,"[single-green d=119 medium] her-left(green)=1@474,385 | [single-amber d=72 medium] her-right(amber)=0@-",false,medium,,
/workspace/shadowveil/reference/grok_build/artifacts/imagine_images/323034fa-2607-45fe-99bb-4002703ce86e.jpg,art,other pose still (action/expression/hand/eye),,1,2,2,0,"[pair d=73 high] her-left(green)=2@620,228;622,237 her-right(amber)=0@-",false,high,,
/workspace/shadowveil/reference/grok_build/artifacts/imagine_images/335bec6c-45bb-4cd0-a7d1-ccead2cb5423.jpg,art,other pose still (action/expression/hand/eye),,1,4,2,2,"[pair d=64 high] her-left(green)=2@624,244;627,253 her-right(amber)=2@533,248;530,256",false,high,,
/workspace/shadowveil/reference/grok_build/artifacts/imagine_images/336f43d4-9237-47b8-b94c-840132a89001.jpg,art,other pose still (action/expression/hand/eye),,1,1,1,0,"[pair d=66 high] her-left(green)=1@550,309 her-right(amber)=0@-",false,high,,
/workspace/shadowveil/reference/grok_build/artifacts/imagine_images/409c89ea-574c-425e-a532-595ce03cd6fe.jpg,art,other pose still (action/expression/hand/eye),,1,2,1,1,"[pair d=89 high MIRRORED] her-left(green)=1@509,356 her-right(amber)=1@633,350",false,high,,
/workspace/shadowveil/reference/grok_build/artifacts/imagine_images/411aed3a-7ea1-456b-b1fd-00d885a79e5d.jpg,art,other pose still (action/expression/hand/eye),,1,1,1,0,"[pair d=60 high] her-left(green)=1@593,260 her-right(amber)=0@-",false,high,,
/workspace/shadowveil/reference/grok_build/artifacts/imagine_images/41fad7d9-1055-4d56-8f5d-14c078d1269a.jpg,art,other pose still (action/expression/hand/eye),,1,0,0,0,[pair d=97 high] her-left(green)=0@- her-right(amber)=0@-,false,high,,
/workspace/shadowveil/reference/grok_build/artifacts/imagine_images/43f1fad8-a867-461b-b8ab-ed619f062d2f.jpg,art,other pose still (action/expression/hand/eye),,3,2;2;0,2;0,2,"[single-amber d=77 medium] her-right(amber)=2@432,545;477,571 | [single-green d=55 medium] her-left(green)=2@545,544;548,555 | [single-green d=26 low] her-left(green)=0@-",false,medium,,
/workspace/shadowveil/reference/grok_build/artifacts/imagine_images/445ae3a8-8bb9-4799-b5b7-3dd7c7d93009.jpg,art,other pose still (action/expression/hand/eye),,2,3;1,3,1,"[single-green d=65 medium] her-left(green)=3@602,240;607,250;562,262 | [single-amber d=60 medium] her-right(amber)=1@508,261",false,medium,,
/workspace/shadowveil/reference/grok_build/artifacts/imagine_images/452ca997-fe24-497e-ae1c-5c20bf1b0d32.jpg,art,other pose still (action/expression/hand/eye),,2,3;0,0,3,"[single-amber d=67 medium] her-right(amber)=3@526,241;568,262;579,262 | [single-green d=36 low] her-left(green)=0@-",false,medium,,
/workspace/shadowveil/reference/grok_build/artifacts/imagine_images/464f262d-1784-44e9-8667-a0b5a0095f24.jpg,art,other pose still (action/expression/hand/eye),,2,3;3,3,3,"[single-amber d=72 medium] her-right(amber)=3@523,656;567,682;579,682 | [single-green d=60 medium] her-left(green)=3@625,655;628,665;579,682",false,medium,,
/workspace/shadowveil/reference/grok_build/artifacts/imagine_images/4713e570-7493-4765-812f-eb70c8c5bc23.jpg,art,other pose still (action/expression/hand/eye),,1,2,1,1,"[pair d=53 high MIRRORED] her-left(green)=1@610,221 her-right(amber)=1@689,221",false,high,,
/workspace/shadowveil/reference/grok_build/artifacts/imagine_images/48ae3632-9c92-4945-b6f4-50b11b3cd8d9.jpg,art,other pose still (action/expression/hand/eye),,1,2,1,1,"[pair d=67 high] her-left(green)=1@623,240 her-right(amber)=1@526,242",false,high,,
/workspace/shadowveil/reference/grok_build/artifacts/imagine_images/4cb5e850-d318-4c82-b97f-8e044e723501.jpg,art,other pose still (action/expression/hand/eye),,3,2;2;2,2;2,2,"[single-amber d=60 medium] her-right(amber)=2@529,252;570,271 | [single-green d=58 medium] her-left(green)=2@625,246;628,255 | [single-green d=38 low] her-left(green)=2@625,246;628,255",false,medium,,
/workspace/shadowveil/reference/grok_build/artifacts/imagine_images/4def4705-c6bb-4ae8-8db4-8f78b7cfd054.jpg,art,other pose still (action/expression/hand/eye),,2,0;0,0,0,[single-amber d=48 medium] her-right(amber)=0@- | [single-green d=41 low] her-left(green)=0@-,false,medium,,
/workspace/shadowveil/reference/grok_build/artifacts/imagine_images/57438485-26bf-4756-adad-4a96032effac.jpg,art,other pose still (action/expression/hand/eye),,1,0,0,,[single-green d=66 medium] her-left(green)=0@-,false,medium,,
/workspace/shadowveil/reference/grok_build/artifacts/imagine_images/57887a3a-fd7e-4f11-9315-915a4301be72.jpg,art,other pose still (action/expression/hand/eye),,1,3,3,,"[single-green d=67 medium] her-left(green)=3@623,289;624,298;569,310",false,medium,,
/workspace/shadowveil/reference/grok_build/artifacts/imagine_images/57dce68b-99ba-4afd-bac7-5ef1d784f083.jpg,art,other pose still (action/expression/hand/eye),,2,2;2,2,2,"[single-green d=48 medium] her-left(green)=2@624,242;626,251 | [single-amber d=65 medium] her-right(amber)=2@527,243;568,265",false,medium,,
/workspace/shadowveil/reference/grok_build/artifacts/imagine_images/5ae051e2-e4d1-4967-8f29-708d3df65af8.jpg,art,other pose still (action/expression/hand/eye),,1,2,,2,"[single-amber d=74 medium] her-right(amber)=2@522,228;579,250",false,medium,,
/workspace/shadowveil/reference/grok_build/artifacts/imagine_images/5bce22a3-3c9a-4f44-9733-edd331ea2d26.jpg,art,other pose still (action/expression/hand/eye),,1,0,0,,[single-green d=53 medium] her-left(green)=0@-,false,medium,,
/workspace/shadowveil/reference/grok_build/artifacts/imagine_images/6300ee7a-837c-4488-8d25-7d881b312805.jpg,art,other pose still (action/expression/hand/eye),,1,2,2,0,"[pair d=89 high] her-left(green)=2@512,426;516,440 her-right(amber)=0@-",false,high,,
/workspace/shadowveil/reference/grok_build/artifacts/imagine_images/660af854-b210-45db-bb14-25e5e0da9eef.jpg,art,other pose still (action/expression/hand/eye),,2,3;2,3,2,"[single-green d=67 medium] her-left(green)=3@623,243;626,253;579,265 | [single-amber d=65 medium] her-right(amber)=2@526,245;567,265",false,medium,,
/workspace/shadowveil/reference/grok_build/artifacts/imagine_images/681408f1-0d28-4fcd-84f7-20471530a5df.jpg,art,other pose still (action/expression/hand/eye),,2,0;0,0,0,[single-green d=163 medium] her-left(green)=0@- | [single-amber d=175 medium] her-right(amber)=0@-,false,medium,,
/workspace/shadowveil/reference/grok_build/artifacts/imagine_images/69377dbb-668b-4919-ba23-0b98a8454c72.jpg,art,other pose still (action/expression/hand/eye),,2,3;1,3,1,"[single-green d=82 medium] her-left(green)=3@671,360;610,381;622,382 | [single-amber d=62 medium] her-right(amber)=1@567,350",false,medium,,
/workspace/shadowveil/reference/grok_build/artifacts/imagine_images/6a9ce66d-8202-450d-ace8-e5c14ae07be6.jpg,art,other pose still (action/expression/hand/eye),,1,0,0,0,[pair d=250 high] her-left(green)=0@- her-right(amber)=0@-,false,high,,
/workspace/shadowveil/reference/grok_build/artifacts/imagine_images/6b53d4e0-5bef-4f24-9ffc-3b1ab55f9442.jpg,art,other pose still (action/expression/hand/eye),,1,3,,3,"[single-amber d=72 medium] her-right(amber)=3@526,241;567,261;579,262",false,medium,,
/workspace/shadowveil/reference/grok_build/artifacts/imagine_images/6d677e7b-72e5-482f-9957-999334bf16de.jpg,art,other pose still (action/expression/hand/eye),,1,3,1,2,"[pair d=74 high] her-left(green)=1@618,311 her-right(amber)=2@508,315;536,322",false,high,,
/workspace/shadowveil/reference/grok_build/artifacts/imagine_images/6fe3741f-a090-459f-a9bd-1480ab0eb775.jpg,art,other pose still (action/expression/hand/eye),,1,2,1,1,"[pair d=71 high] her-left(green)=1@615,236 her-right(amber)=1@510,247",false,high,,
/workspace/shadowveil/reference/grok_build/artifacts/imagine_images/7170c5cb-c4f3-4100-b799-65b2ec52c92a.jpg,art,other pose still (action/expression/hand/eye),,1,1,1,,"[single-green d=48 medium] her-left(green)=1@196,706",false,medium,,
/workspace/shadowveil/reference/grok_build/artifacts/imagine_images/72fd4d90-9456-4969-846e-3a137c582c57.jpg,art,other pose still (action/expression/hand/eye),,1,1,1,0,"[pair d=42 medium] her-left(green)=1@286,132 her-right(amber)=0@-",false,medium,,
/workspace/shadowveil/reference/grok_build/artifacts/imagine_images/73f8b83e-ae58-4fe2-a688-2e9dcaeed623.jpg,art,other pose still (action/expression/hand/eye),,1,1,1,,"[single-green d=70 medium] her-left(green)=1@803,578",false,medium,,
/workspace/shadowveil/reference/grok_build/artifacts/imagine_images/76a52bd9-6c76-45ce-b81e-1c7014419c08.jpg,art,other pose still (action/expression/hand/eye),,1,2,1,1,"[pair d=69 high] her-left(green)=1@623,245 her-right(amber)=1@523,246",false,high,,
/workspace/shadowveil/reference/grok_build/artifacts/imagine_images/794df9e5-95aa-43f2-81e1-08bd5d8d1d7d.jpg,art,other pose still (action/expression/hand/eye),,1,2,2,0,"[pair d=72 high] her-left(green)=2@562,249;561,261 her-right(amber)=0@-",false,high,,
/workspace/shadowveil/reference/grok_build/artifacts/imagine_images/7e132f98-80d6-4a83-a3f3-3034a69b2f16.jpg,art,other pose still (action/expression/hand/eye),,1,3,,3,"[single-amber d=72 medium] her-right(amber)=3@808,418;863,436;852,437",false,medium,,
/workspace/shadowveil/reference/grok_build/artifacts/imagine_images/7e6b8a9b-6d6d-40ca-8879-f293c67cccd7.jpg,art,other pose still (action/expression/hand/eye),,1,0,,0,[single-amber d=55 medium] her-right(amber)=0@-,false,medium,,
/workspace/shadowveil/reference/grok_build/artifacts/imagine_images/7fc9878c-2525-4ab9-884a-98d6d796cdea.jpg,art,other pose still (action/expression/hand/eye),,2,0;1,0,1,"[single-green d=55 medium] her-left(green)=0@- | [single-amber d=65 medium] her-right(amber)=1@451,430",false,medium,,
/workspace/shadowveil/reference/grok_build/artifacts/imagine_images/81e0fd24-158d-497b-900f-a52c69d04192.jpg,art,other pose still (action/expression/hand/eye),,1,2,1,1,"[pair d=74 high] her-left(green)=1@616,245 her-right(amber)=1@511,246",false,high,,
/workspace/shadowveil/reference/grok_build/artifacts/imagine_images/846e4260-2589-48b6-952f-429c4a2f504a.jpg,art,other pose still (action/expression/hand/eye),,1,2,1,1,"[pair d=76 high] her-left(green)=1@626,286 her-right(amber)=1@513,286",false,high,,
/workspace/shadowveil/reference/grok_build/artifacts/imagine_images/848c3b7b-ee13-47e7-8a0d-947535fc8f59.jpg,art,other pose still (action/expression/hand/eye),,1,0,0,0,[pair d=260 high] her-left(green)=0@- her-right(amber)=0@-,false,high,,
/workspace/shadowveil/reference/grok_build/artifacts/imagine_images/8daaf191-bc84-4306-9715-4746d92d9e8c.jpg,art,other pose still (action/expression/hand/eye),,1,2,1,1,"[pair d=60 high] her-left(green)=1@650,370 her-right(amber)=1@566,366",false,high,,
/workspace/shadowveil/reference/grok_build/artifacts/imagine_images/8f552695-bf92-477e-8b8f-e03668864bfd.jpg,art,other pose still (action/expression/hand/eye),,2,3;3,3,3,"[single-green d=74 medium] her-left(green)=3@621,264;564,287;578,287 | [single-amber d=67 medium] her-right(amber)=3@524,265;564,287;578,287",false,medium,,
/workspace/shadowveil/reference/grok_build/artifacts/imagine_images/9456f7ee-c8cf-443e-b036-2acaf5e3035d.jpg,art,other pose still (action/expression/hand/eye),,1,3,1,2,"[pair d=75 high] her-left(green)=1@488,531 her-right(amber)=2@384,531;378,543",false,high,,
/workspace/shadowveil/reference/grok_build/artifacts/imagine_images/95428b30-4f01-47a9-8f78-008d3c8546cc.jpg,art,other pose still (action/expression/hand/eye),,2,1;1,1,1,"[single-green d=48 medium] her-left(green)=1@548,375 | [single-amber d=31 low] her-right(amber)=1@471,393",false,medium,,
/workspace/shadowveil/reference/grok_build/artifacts/imagine_images/9633f997-496a-4e23-ac85-9c56d3323e2b.jpg,art,other pose still (action/expression/hand/eye),,2,3;4,4,3,"[single-amber d=70 medium] her-right(amber)=3@543,273;584,294;595,294 | [single-green d=62 medium] her-left(green)=4@639,272;641,281;584,294;595,294",false,medium,,
/workspace/shadowveil/reference/grok_build/artifacts/imagine_images/99881c36-20ee-4a42-a297-3bdc9341a886.jpg,art,other pose still (action/expression/hand/eye),,1,0,0,0,[pair d=257 high] her-left(green)=0@- her-right(amber)=0@-,false,high,,
/workspace/shadowveil/reference/grok_build/artifacts/imagine_images/99a78873-f61e-4e33-af68-8fade06e2818.jpg,art,other pose still (action/expression/hand/eye),,1,2,2,0,"[pair d=67 high] her-left(green)=2@623,241;625,250 her-right(amber)=0@-",false,high,,
/workspace/shadowveil/reference/grok_build/artifacts/imagine_images/9bc49bf9-aa3b-4f48-aa07-6e63c8680231.jpg,art,other pose still (action/expression/hand/eye),,1,2,1,1,"[pair d=59 high] her-left(green)=1@907,219 her-right(amber)=1@820,221",false,high,,
/workspace/shadowveil/reference/grok_build/artifacts/imagine_images/9c90ff2b-76b6-4a3c-bbae-991b8a74d53e.jpg,art,other pose still (action/expression/hand/eye),,2,3;2,2,3,"[single-amber d=70 medium] her-right(amber)=3@526,240;567,261;579,261 | [single-green d=38 low] her-left(green)=2@622,239;624,249",false,medium,,
/workspace/shadowveil/reference/grok_build/artifacts/imagine_images/9cdd8a1e-9a6f-470c-9b47-6693820b2d0d.jpg,art,other pose still (action/expression/hand/eye),,1,2,2,0,"[pair d=112 high] her-left(green)=2@406,394;410,410 her-right(amber)=0@-",false,high,,
/workspace/shadowveil/reference/grok_build/artifacts/imagine_images/9e8accf0-3a94-415c-ac47-7ab0db4aee8a.jpg,art,other pose still (action/expression/hand/eye),,1,0,0,0,[pair d=251 high] her-left(green)=0@- her-right(amber)=0@-,false,high,,
/workspace/shadowveil/reference/grok_build/artifacts/imagine_images/9f8eab39-0480-4a16-945d-e435e13ec702.jpg,art,other pose still (action/expression/hand/eye),,3,1;1;2,1;1;1,0;0;1,"[pair d=79 high] her-left(green)=1@305,719 her-right(amber)=0@- | [pair d=78 high] her-left(green)=1@305,249 her-right(amber)=0@- | [pair d=81 high] her-left(green)=1@1154,719 her-right(amber)=1@1036,708",false,high,,
/workspace/shadowveil/reference/grok_build/artifacts/imagine_images/a0855e13-c7fc-4fd5-8722-7f8bcfedd3c0.jpg,art,other pose still (action/expression/hand/eye),,2,3;2,3,2,"[single-green d=77 medium] her-left(green)=3@632,474;634,485;583,499 | [single-amber d=74 medium] her-right(amber)=2@523,475;583,499",false,medium,,
/workspace/shadowveil/reference/grok_build/artifacts/imagine_images/a359ebab-915c-4109-833a-f4d9e109d63c.jpg,art,other pose still (action/expression/hand/eye),,1,0,0,0,[pair d=176 high] her-left(green)=0@- her-right(amber)=0@-,false,high,,
/workspace/shadowveil/reference/grok_build/artifacts/imagine_images/a825c836-25d0-445b-bd00-a306052c2cc6.jpg,art,other pose still (action/expression/hand/eye),,1,0,0,0,[pair d=264 high] her-left(green)=0@- her-right(amber)=0@-,false,high,,
/workspace/shadowveil/reference/grok_build/artifacts/imagine_images/aab0551c-e301-4d98-b7cb-b68a80cb5509.jpg,art,other pose still (action/expression/hand/eye),,4,1;1;0;1,1;1;0;1,,"[single-green d=48 medium] her-left(green)=1@1065,141 | [single-green d=43 low] her-left(green)=1@483,152 | [single-green d=46 medium] her-left(green)=0@- | [single-green d=43 low] her-left(green)=1@222,139",false,medium,,
/workspace/shadowveil/reference/grok_build/artifacts/imagine_images/aee382cd-5263-48cd-9a7f-ce083b8736c6.jpg,art,other pose still (action/expression/hand/eye),,2,2;3,3,2,"[single-amber d=60 medium] her-right(amber)=2@526,241;567,262 | [single-green d=60 medium] her-left(green)=3@623,240;625,250;579,262",false,medium,,
/workspace/shadowveil/reference/grok_build/artifacts/imagine_images/b16ea7d7-9141-46ff-871f-65258880fad5.jpg,art,other pose still (action/expression/hand/eye),,1,0,0,0,[pair d=248 high] her-left(green)=0@- her-right(amber)=0@-,false,high,,
/workspace/shadowveil/reference/grok_build/artifacts/imagine_images/b218fccd-c650-47ca-ad64-7d0c1ffa90d0.jpg,art,other pose still (action/expression/hand/eye),,1,0,0,0,[pair d=249 high] her-left(green)=0@- her-right(amber)=0@-,false,high,,
/workspace/shadowveil/reference/grok_build/artifacts/imagine_images/b4ee32ff-05d3-4ca4-885e-c1f565cac3a2.jpg,art,other pose still (action/expression/hand/eye),,2,3;2,3,2,"[single-green d=65 medium] her-left(green)=3@623,254;626,262;580,280 | [single-amber d=58 medium] her-right(amber)=2@527,255;568,280",false,medium,,
/workspace/shadowveil/reference/grok_build/artifacts/imagine_images/b4f2fe0c-28ec-4c17-b1ef-68dfb7857d6f.jpg,art,other pose still (action/expression/hand/eye),,2,3;3,3,3,"[single-amber d=65 medium] her-right(amber)=3@526,241;568,262;580,262 | [single-green d=55 medium] her-left(green)=3@623,240;626,250;580,262",false,medium,,
/workspace/shadowveil/reference/grok_build/artifacts/imagine_images/b5c4008f-0d01-4290-b150-c45e18472720.jpg,art,other pose still (action/expression/hand/eye),,1,4,2,2,"[pair d=69 high] her-left(green)=2@604,268;607,277 her-right(amber)=2@506,269;502,277",false,high,,
/workspace/shadowveil/reference/grok_build/artifacts/imagine_images/b91b79c0-fed0-4bd5-bd11-5b12d52812db.jpg,art,other pose still (action/expression/hand/eye),,1,0,0,0,[pair d=259 high] her-left(green)=0@- her-right(amber)=0@-,false,high,,
/workspace/shadowveil/reference/grok_build/artifacts/imagine_images/b9c4ac2f-320b-471e-9079-af1520be67de.jpg,art,other pose still (action/expression/hand/eye),,1,3,3,,"[single-green d=216 medium] her-left(green)=3@875,794;867,823;879,852",false,medium,,
/workspace/shadowveil/reference/grok_build/artifacts/imagine_images/bcaa153c-987b-4573-8414-ccfac1ac06a9.jpg,art,other pose still (action/expression/hand/eye),,2,1;1,1,1,"[single-green d=62 medium] her-left(green)=1@406,601 | [single-amber d=60 medium] her-right(amber)=1@318,641",false,medium,,
/workspace/shadowveil/reference/grok_build/artifacts/imagine_images/bf8b756e-e7b8-4d62-85be-52721d5c7780.jpg,art,other pose still (action/expression/hand/eye),,2,3;2,2,3,"[single-amber d=94 medium] her-right(amber)=3@513,531;568,558;582,558 | [single-green d=50 medium] her-left(green)=2@639,529;642,542",false,medium,,
/workspace/shadowveil/reference/grok_build/artifacts/imagine_images/bfe93474-d2a6-4c6e-a508-a1b226594c01.jpg,art,other pose still (action/expression/hand/eye),,1,2,2,0,"[pair d=70 high] her-left(green)=2@613,247;616,257 her-right(amber)=0@-",false,high,,
/workspace/shadowveil/reference/grok_build/artifacts/imagine_images/c21b2440-d725-4ab7-9535-eafa54a036d0.jpg,art,other pose still (action/expression/hand/eye),,1,1,1,0,"[pair d=72 high] her-left(green)=1@647,222 her-right(amber)=0@-",false,high,,
/workspace/shadowveil/reference/grok_build/artifacts/imagine_images/c4bdec8c-ed8b-45aa-8d08-cb4166eb4ba2.jpg,art,other pose still (action/expression/hand/eye),,1,2,1,1,"[pair d=65 high] her-left(green)=1@615,282 her-right(amber)=1@521,284",false,high,,
/workspace/shadowveil/reference/grok_build/artifacts/imagine_images/c88a4126-720d-4494-91e6-33d6241fdd73.jpg,art,other pose still (action/expression/hand/eye),,2,2;2,2,2,"[single-amber d=67 medium] her-right(amber)=2@528,259;570,279 | [single-green d=41 low] her-left(green)=2@624,258;626,267",false,medium,,
/workspace/shadowveil/reference/grok_build/artifacts/imagine_images/ca63fbc0-5bda-460e-8137-4ac3a4620145.jpg,art,other pose still (action/expression/hand/eye),,1,2,1,1,"[pair d=98 high] her-left(green)=1@475,499 her-right(amber)=1@342,534",false,high,,
/workspace/shadowveil/reference/grok_build/artifacts/imagine_images/ca9f1dd6-a0d1-40ee-ba4c-a412edf89eaa.jpg,art,other pose still (action/expression/hand/eye),,1,2,1,1,"[pair d=67 high] her-left(green)=1@621,301 her-right(amber)=1@525,300",false,high,,
/workspace/shadowveil/reference/grok_build/artifacts/imagine_images/ce89ec81-fd1c-489e-b562-934667d56577.jpg,art,other pose still (action/expression/hand/eye),,2,1;1,1,1,"[single-green d=57 medium] her-left(green)=1@387,465 | [single-amber d=65 medium] her-right(amber)=1@332,482",false,medium,,
/workspace/shadowveil/reference/grok_build/artifacts/imagine_images/ced57965-99c6-49a6-b12c-ed683f43d0e0.jpg,art,other pose still (action/expression/hand/eye),,1,0,0,,[single-green d=75 medium] her-left(green)=0@-,false,medium,,
/workspace/shadowveil/reference/grok_build/artifacts/imagine_images/cf51b649-995a-4383-9a24-ba5a09d474ad.jpg,art,other pose still (action/expression/hand/eye),,1,1,1,,"[single-green d=96 medium] her-left(green)=1@374,542",false,medium,,
/workspace/shadowveil/reference/grok_build/artifacts/imagine_images/d42e5be0-9180-4f30-876e-e2d796b48431.jpg,art,other pose still (action/expression/hand/eye),,1,0,0,0,[pair d=258 high] her-left(green)=0@- her-right(amber)=0@-,false,high,,
/workspace/shadowveil/reference/grok_build/artifacts/imagine_images/d4e94ec9-4594-41fe-9ab0-83171c308282.jpg,art,other pose still (action/expression/hand/eye),,1,0,0,0,[pair d=188 high] her-left(green)=0@- her-right(amber)=0@-,false,high,,
/workspace/shadowveil/reference/grok_build/artifacts/imagine_images/d73b1a10-a4f7-4d61-a3b9-9c7039fa3ae4.jpg,art,other pose still (action/expression/hand/eye),,1,0,0,0,[pair d=37 medium] her-left(green)=0@- her-right(amber)=0@-,false,medium,,
/workspace/shadowveil/reference/grok_build/artifacts/imagine_images/d99c0c95-e6d4-42fd-8076-e71fe620a2aa.jpg,art,other pose still (action/expression/hand/eye),,1,0,,0,[single-amber d=101 medium] her-right(amber)=0@-,false,medium,,
/workspace/shadowveil/reference/grok_build/artifacts/imagine_images/dcb50719-023e-4825-a33c-99e7de45b8c0.jpg,art,other pose still (action/expression/hand/eye),,3,2;2;2,2;2,2,"[single-amber d=89 medium] her-right(amber)=2@522,456;590,483 | [single-green d=67 medium] her-left(green)=2@645,455;648,467 | [single-green d=55 medium] her-left(green)=2@645,455;648,467",false,medium,,
/workspace/shadowveil/reference/grok_build/artifacts/imagine_images/ddfb5f89-c485-4aea-a16e-358676bef35d.jpg,art,other pose still (action/expression/hand/eye),,1,1,1,0,"[pair d=70 high] her-left(green)=1@619,238 her-right(amber)=0@-",false,high,,
/workspace/shadowveil/reference/grok_build/artifacts/imagine_images/e2ee27e3-a33a-4576-b471-40341b558433.jpg,art,other pose still (action/expression/hand/eye),,1,0,0,0,[pair d=259 high] her-left(green)=0@- her-right(amber)=0@-,false,high,,
/workspace/shadowveil/reference/grok_build/artifacts/imagine_images/e31a262b-6f84-43b6-a07c-f43a3ac00747.jpg,art,other pose still (action/expression/hand/eye),,5,2;0;0;0;1,1;0;0;0;0,1;0;0;0;1,"[pair d=32 medium] her-left(green)=1@792,525 her-right(amber)=1@746,526 | [pair d=30 medium] her-left(green)=0@- her-right(amber)=0@- | [pair d=30 medium] her-left(green)=0@- her-right(amber)=0@- | [pair d=32 medium] her-left(green)=0@- her-right(amber)=0@- | [pair d=32 medium] her-left(green)=0@- her-right(amber)=1@464,504",false,medium,,
/workspace/shadowveil/reference/grok_build/artifacts/imagine_images/e4845873-75dd-412f-995a-fe681c1ea22c.jpg,art,other pose still (action/expression/hand/eye),,1,2,1,1,"[pair d=78 high] her-left(green)=1@639,270 her-right(amber)=1@525,272",false,high,,
/workspace/shadowveil/reference/grok_build/artifacts/imagine_images/e4d5d745-8181-4764-9cf2-64783da93c08.jpg,art,other pose still (action/expression/hand/eye),,1,2,1,1,"[pair d=60 high] her-left(green)=1@706,240 her-right(amber)=1@618,240",false,high,,
/workspace/shadowveil/reference/grok_build/artifacts/imagine_images/e5e1bc09-4aad-4df7-b9f0-ede6f28c8456.jpg,art,other pose still (action/expression/hand/eye),,1,1,1,,"[single-green d=57 medium] her-left(green)=1@529,247",false,medium,,
/workspace/shadowveil/reference/grok_build/artifacts/imagine_images/e79e7d7f-a7da-4fa9-8633-84fdd8304f7a.jpg,art,other pose still (action/expression/hand/eye),,6,3;3;3;3;3;1,2;2;2;2;2;1,1;1;1;1;1;0,"[pair d=84 high] her-left(green)=2@1592,745;1596,758 her-right(amber)=1@1469,749 | [pair d=86 high] her-left(green)=2@1162,749;1166,762 her-right(amber)=1@1040,752 | [pair d=90 high] her-left(green)=2@1592,274;1596,286 her-right(amber)=1@1469,276 | [pair d=90 high] her-left(green)=2@1162,274;1166,286 her-right(amber)=1@1039,276 | [pair d=86 high] her-left(green)=2@307,744;311,758 her-right(amber)=1@184,745 | [pair d=84 high] her-left(green)=1@740,763 her-right(amber)=0@-",false,high,,
/workspace/shadowveil/reference/grok_build/artifacts/imagine_images/ed0b574d-af8f-49c2-90a1-405e5fd87855.jpg,art,other pose still (action/expression/hand/eye),,1,2,2,0,"[pair d=78 high] her-left(green)=2@627,253;630,264 her-right(amber)=0@-",false,high,,
/workspace/shadowveil/reference/grok_build/artifacts/imagine_images/f518f260-5c90-4544-b1f9-b53f16d8de7c.jpg,art,other pose still (action/expression/hand/eye),,2,3;1,3;1,,"[single-green d=50 medium] her-left(green)=3@331,146;295,160;303,160 | [single-green d=46 medium] her-left(green)=1@724,144",false,medium,,
/workspace/shadowveil/reference/grok_build/artifacts/imagine_images/fa1891e8-7702-4dd5-9a8c-ec8afa261131.jpg,art,other pose still (action/expression/hand/eye),,1,0,0,,[single-green d=75 medium] her-left(green)=0@-,false,medium,,
/workspace/shadowveil/reference/grok_build/artifacts/imagine_images/fa46fb16-45b2-4de7-b603-6c3bf5e8fd88.jpg,art,other pose still (action/expression/hand/eye),,1,4,2,2,"[pair d=63 high] her-left(green)=2@607,242;611,251 her-right(amber)=2@517,246;515,254",false,high,,
/workspace/shadowveil/reference/grok_build/artifacts/imagine_images/fc4b4b71-8393-4b2d-bf31-5d2f162dda61.jpg,art,other pose still (action/expression/hand/eye),,2,3;1,1,3,"[single-amber d=65 medium] her-right(amber)=3@526,420;555,442;565,442 | [single-green d=34 low] her-left(green)=1@616,430",false,medium,,
/workspace/shadowveil/reference/grok_build/artifacts/imagine_images/fc910228-1191-45fe-983f-3280bea63d1b.jpg,art,other pose still (action/expression/hand/eye),,2,2;0,0,2,"[single-amber d=67 medium] her-right(amber)=2@527,244;569,264 | [single-green d=26 low] her-left(green)=0@-",false,medium,,
/workspace/shadowveil/reference/grok_build/artifacts/imagine_images/fd97c26a-9bc3-4519-add6-fa02ab771c65.jpg,art,other pose still (action/expression/hand/eye),,1,0,0,0,[pair d=259 high] her-left(green)=0@- her-right(amber)=0@-,false,high,,
/workspace/shadowveil/reference/grok_build/artifacts/imagine_images/shadowveil-ref-b.png,art,other pose still (action/expression/hand/eye),,2,1;1,1,1,"[single-green d=67 medium] her-left(green)=1@802,1188 | [single-amber d=48 medium] her-right(amber)=1@696,1190",false,medium,,
/workspace/shadowveil/reference/grok_build/artifacts/turn/apose-face.jpg,art,other pose still (action/expression/hand/eye),0 (A-pose front),1,2,2,0,"[pair d=47 high] her-left(green)=2@249,214;252,225 her-right(amber)=0@-",false,high,,
/workspace/shadowveil/reference/grok_build/artifacts/turn/f-smirk.png,art,other pose still (action/expression/hand/eye),,2,1;1,1,1,"[single-green d=58 medium] her-left(green)=1@414,164 | [single-amber d=31 low] her-right(amber)=1@338,163",false,medium,,
/workspace/shadowveil/reference/grok_build/artifacts/turn/f-talk.png,art,other pose still (action/expression/hand/eye),,1,2,,2,"[single-amber d=48 medium] her-right(amber)=2@348,148;378,162",false,medium,,
/workspace/shadowveil/reference/grok_build/artifacts/turn/face-045.jpg,art,video/render frame sequence,045,1,2,1,1,"[pair d=57 high] her-left(green)=1@236,222 her-right(amber)=1@150,226",false,high,,
/workspace/shadowveil/reference/grok_build/artifacts/turn/face-090.jpg,art,video/render frame sequence,090,1,0,0,,[single-green d=48 medium] her-left(green)=0@-,false,medium,,
/workspace/shadowveil/reference/grok_build/artifacts/turn/face-315.jpg,art,video/render frame sequence,315,1,2,1,1,"[pair d=66 high] her-left(green)=1@341,246 her-right(amber)=1@245,246",false,high,,
/workspace/shadowveil/reference/grok_build/artifacts/turn/face-crop.jpg,art,QA crop / contact sheet,,1,2,1,1,"[pair d=65 high] her-left(green)=1@615,126 her-right(amber)=1@521,128",false,high,,
/workspace/shadowveil/reference/grok_build/artifacts/turn/fix/eyes-045.jpg,art,video/render frame sequence,,1,2,1,1,"[pair d=114 high] her-left(green)=1@292,186 her-right(amber)=1@121,192",false,high,,
/workspace/shadowveil/reference/grok_build/artifacts/turn/fix/eyes-090.jpg,art,video/render frame sequence,,1,0,0,,[single-green d=97 medium] her-left(green)=0@-,false,medium,,
/workspace/shadowveil/reference/grok_build/artifacts/turn/fix/eyes-315.jpg,art,video/render frame sequence,,1,2,1,1,"[pair d=133 high] her-left(green)=1@422,212 her-right(amber)=1@231,213",false,high,,
/workspace/shadowveil/reference/grok_build/artifacts/turn/fix/face-045.jpg,art,video/render frame sequence,045,1,1,1,0,"[pair d=29 medium] her-left(green)=1@202,98 her-right(amber)=0@-",false,medium,,
/workspace/shadowveil/reference/grok_build/artifacts/turn/fix/face-315.jpg,art,video/render frame sequence,315,1,1,0,1,"[pair d=30 medium] her-left(green)=0@- her-right(amber)=1@206,100",false,medium,,
/workspace/shadowveil/reference/grok_build/artifacts/turn/fix/src-head-045.png,art,video/render frame sequence,045,1,2,1,1,"[pair d=58 high] her-left(green)=1@166,212 her-right(amber)=1@80,216",false,high,,
/workspace/shadowveil/reference/grok_build/artifacts/turn/fix/src-head-315.png,art,video/render frame sequence,315,1,2,1,1,"[pair d=67 high] her-left(green)=1@291,226 her-right(amber)=1@196,226",false,high,,
/workspace/shadowveil/reference/grok_build/artifacts/turn/jump-1.6.jpg,art,other pose still (action/expression/hand/eye),,1,1,1,,"[single-green d=53 medium] her-left(green)=1@387,187",false,medium,,
/workspace/shadowveil/reference/grok_build/artifacts/turn/jump.png,art,other pose still (action/expression/hand/eye),,1,0,0,,[single-green d=58 medium] her-left(green)=0@-,false,medium,,
/workspace/shadowveil/reference/grok_build/artifacts/turn/kneel-1.6.jpg,art,part/layer (not full figure),,1,2,2,0,"[pair d=46 high] her-left(green)=2@418,458;420,465 her-right(amber)=0@-",false,high,,
/workspace/shadowveil/reference/grok_build/artifacts/turn/kneel-fixed.png,art,part/layer (not full figure),,1,2,2,0,"[pair d=43 medium] her-left(green)=2@420,460;422,467 her-right(amber)=0@-",false,medium,,
/workspace/shadowveil/reference/grok_build/artifacts/turn/lock/clean40-body.jpg,art,other/unclassified,,1,0,0,0,[pair d=36 medium] her-left(green)=0@- her-right(amber)=0@-,false,medium,,
/workspace/shadowveil/reference/grok_build/artifacts/turn/lock/clean40.jpg,art,other/unclassified,,1,2,1,1,"[pair d=53 high] her-left(green)=1@279,226 her-right(amber)=1@202,228",false,high,,
/workspace/shadowveil/reference/grok_build/artifacts/turn/lock/col-40-face.jpg,art,other pose still (action/expression/hand/eye),,1,0,0,0,[pair d=36 medium] her-left(green)=0@- her-right(amber)=0@-,false,medium,,
/workspace/shadowveil/reference/grok_build/artifacts/turn/lock/mesh48.jpg,art,other/unclassified,,1,1,0,1,"[pair d=46 high] her-left(green)=0@- her-right(amber)=1@208,226",false,high,,
/workspace/shadowveil/reference/grok_build/artifacts/turn/qa-eyes2.jpg,art,QA crop / contact sheet,,3,2;2;1,2;1,2,"[single-amber d=118 medium] her-right(amber)=2@132,176;222,216 | [single-green d=98 medium] her-left(green)=2@343,640;349,662 | [single-green d=75 medium] her-left(green)=1@342,176",false,medium,,
/workspace/shadowveil/reference/grok_build/assets/refs/face_closeup.png,art,other pose still (action/expression/hand/eye),,2,1;1,1,1,"[single-green d=67 medium] her-left(green)=1@162,268 | [single-amber d=48 medium] her-right(amber)=1@56,270",false,medium,,
/workspace/shadowveil/reference/grok_build/assets/refs/sheet2_0.png,art,other/unclassified,,2,1;1,1,1,"[single-green d=67 medium] her-left(green)=1@802,1188 | [single-amber d=48 medium] her-right(amber)=1@696,1190",false,medium,,
/workspace/shadowveil/reference/grok_build/assets/refs/sheet2_full.png,art,other/unclassified,,2,1;1,1,1,"[single-green d=67 medium] her-left(green)=1@802,1188 | [single-amber d=48 medium] her-right(amber)=1@696,1190",false,medium,,
/workspace/shadowveil/reference/grok_build/attachments/65485.webp,art,video/render frame sequence,,2,1;1,1,1,"[single-green d=67 medium] her-left(green)=1@802,1188 | [single-amber d=48 medium] her-right(amber)=1@696,1190",false,medium,,
/workspace/shadowveil/reference/grok_build/attachments/66514.jpg,art,video/render frame sequence,,1,2,1,1,"[pair d=50 high] her-left(green)=1@328,338 her-right(amber)=1@250,329",false,high,,
/workspace/shadowveil/reference/grok_build/attachments/66515.jpg,art,video/render frame sequence,,1,1,1,,"[single-green d=72 medium] her-left(green)=1@428,273",false,medium,,
/workspace/shadowveil/reference/grok_build/attachments/66566.jpg,art,video/render frame sequence,,1,1,1,,"[single-green d=72 medium] her-left(green)=1@412,210",false,medium,,
/workspace/shadowveil/reference/grok_build/attachments/66567.jpg,art,video/render frame sequence,,1,1,1,,"[single-green d=53 medium] her-left(green)=1@423,237",false,medium,,
/workspace/shadowveil/reference/grok_build/attachments/66569.jpg,art,video/render frame sequence,,1,1,0,1,"[pair d=57 high] her-left(green)=0@- her-right(amber)=1@292,208",false,high,,
/workspace/shadowveil/reference/grok_build/attachments/66570.jpg,art,video/render frame sequence,,2,1;0,1,0,"[single-green d=67 medium] her-left(green)=1@421,212 | [single-amber d=22 low] her-right(amber)=0@-",false,medium,,
/workspace/shadowveil/reference/grok_build/attachments/66573.jpg,art,video/render frame sequence,,1,3,1,2,"[pair d=90 high] her-left(green)=1@630,311 her-right(amber)=2@499,294;488,299",false,high,,
/workspace/shadowveil/reference/grok_build/attachments/66577.jpg,art,video/render frame sequence,,2,1;0,1,0,"[single-green d=55 medium] her-left(green)=1@291,218 | [single-amber d=30 low] her-right(amber)=0@-",false,medium,,
/workspace/shadowveil/reference/grok_build/public/clean-room/frames/angles-1.jpg,art,video/render frame sequence,,1,1,1,,"[single-green d=46 medium] her-left(green)=1@211,146",false,medium,,
/workspace/shadowveil/reference/grok_build/public/clean-room/frames/emo-2-1.jpg,art,video/render frame sequence,,1,0,0,0,[pair d=96 high] her-left(green)=0@- her-right(amber)=0@-,false,high,,
/workspace/shadowveil/reference/grok_build/public/clean-room/frames/emo-2-2.jpg,art,video/render frame sequence,,1,0,0,0,[pair d=87 high] her-left(green)=0@- her-right(amber)=0@-,false,high,,
/workspace/shadowveil/reference/grok_build/public/clean-room/frames/emo-2-3.jpg,art,video/render frame sequence,,1,0,0,0,[pair d=98 high] her-left(green)=0@- her-right(amber)=0@-,false,high,,
/workspace/shadowveil/reference/grok_build/public/clean-room/frames/faces-locked-1.jpg,art,video/render frame sequence,,1,2,1,1,"[pair d=86 high] her-left(green)=1@284,277 her-right(amber)=1@156,266",false,high,,
/workspace/shadowveil/reference/grok_build/public/clean-room/frames/faces-locked-6.jpg,art,video/render frame sequence,,1,1,1,0,"[pair d=84 high] her-left(green)=1@281,278 her-right(amber)=0@-",false,high,,
/workspace/shadowveil/reference/grok_build/public/clean-room/frames/lie-back-1.jpg,art,video/render frame sequence,180 (back),1,0,0,,[single-green d=79 medium] her-left(green)=0@-,false,medium,,
/workspace/shadowveil/reference/grok_build/public/clean-room/frames/life-1.jpg,art,video/render frame sequence,,1,0,0,0,[pair d=63 high] her-left(green)=0@- her-right(amber)=0@-,false,high,,
/workspace/shadowveil/reference/grok_build/public/clean-room/frames/loop-talk-2.jpg,art,video/render frame sequence,,2,3;2,3,2,"[single-green d=77 medium] her-left(green)=3@225,205;227,214;169,225 | [single-amber d=62 medium] her-right(amber)=2@128,206;169,225",false,medium,,
/workspace/shadowveil/reference/grok_build/public/clean-room/frames/loop-talk-4.jpg,art,video/render frame sequence,,2,4;2,4,2,"[single-green d=77 medium] her-left(green)=4@225,205;227,214;169,225;181,225 | [single-amber d=65 medium] her-right(amber)=2@128,206;169,225",false,medium,,
/workspace/shadowveil/reference/grok_build/public/clean-room/frames/motion-1.jpg,art,video/render frame sequence,,1,0,0,0,[pair d=74 high] her-left(green)=0@- her-right(amber)=0@-,false,high,,
/workspace/shadowveil/reference/grok_build/public/clean-room/frames/motion-3.jpg,art,video/render frame sequence,,2,1;0,1,0,"[single-green d=62 medium] her-left(green)=1@209,241 | [single-amber d=65 medium] her-right(amber)=0@-",false,medium,,
/workspace/shadowveil/reference/grok_build/public/clean-room/frames/motion-4.jpg,art,video/render frame sequence,,2,0;2,0,2,"[single-green d=60 medium] her-left(green)=0@- | [single-amber d=62 medium] her-right(amber)=2@177,245;189,245",false,medium,,
/workspace/shadowveil/reference/grok_build/public/clean-room/frames/reactions-1.jpg,art,video/render frame sequence,,1,0,0,0,[pair d=72 high] her-left(green)=0@- her-right(amber)=0@-,false,high,,
/workspace/shadowveil/reference/grok_build/public/clean-room/frames/reactions-2-1.jpg,art,video/render frame sequence,,1,2,,2,"[single-amber d=77 medium] her-right(amber)=2@168,243;178,242",false,medium,,
/workspace/shadowveil/reference/grok_build/public/clean-room/frames/reactions-2-2.jpg,art,video/render frame sequence,,1,0,0,0,[pair d=73 high] her-left(green)=0@- her-right(amber)=0@-,false,high,,
/workspace/shadowveil/reference/grok_build/public/clean-room/frames/reactions-2-3.jpg,art,video/render frame sequence,,1,0,0,0,[pair d=71 high] her-left(green)=0@- her-right(amber)=0@-,false,high,,
/workspace/shadowveil/reference/grok_build/public/clean-room/frames/reactions-2.jpg,art,video/render frame sequence,,1,0,0,0,[pair d=74 high] her-left(green)=0@- her-right(amber)=0@-,false,high,,
/workspace/shadowveil/reference/grok_build/public/clean-room/frames/reactions-3.jpg,art,video/render frame sequence,,4,0;0;0;0,0;0,0;0,[single-green d=58 medium] her-left(green)=0@- | [single-green d=50 medium] her-left(green)=0@- | [single-amber d=20 low] her-right(amber)=0@- | [single-amber d=22 low] her-right(amber)=0@-,false,medium,,
/workspace/shadowveil/reference/grok_build/public/clean-room/frames/reactions-4.jpg,art,video/render frame sequence,,1,0,0,0,[pair d=63 high] her-left(green)=0@- her-right(amber)=0@-,false,high,,
/workspace/shadowveil/reference/grok_build/public/clean-room/frames/set-16-1.jpg,art,video/render frame sequence,,1,1,1,,"[single-green d=46 medium] her-left(green)=1@282,136",false,medium,,
/workspace/shadowveil/reference/grok_build/public/clean-room/frames/sheet-1db5-1.jpg,art,video/render frame sequence,,2,3;2,3,2,"[single-green d=86 medium] her-left(green)=3@214,265;148,291;161,291 | [single-amber d=70 medium] her-right(amber)=2@92,264;148,291",false,medium,,
/workspace/shadowveil/reference/grok_build/public/clean-room/frames/sheet-1db5-11.jpg,art,video/render frame sequence,,3,3;2;1,3;2;1,,"[single-green d=86 medium] her-left(green)=3@78,245;136,263;149,263 | [single-green d=86 medium] her-left(green)=2@204,246;149,263 | [single-green d=46 medium] her-left(green)=1@204,246",false,medium,,
/workspace/shadowveil/reference/grok_build/public/clean-room/frames/sheet-1db5-12.jpg,art,video/render frame sequence,,1,1,1,,"[single-green d=74 medium] her-left(green)=1@137,311",false,medium,,
/workspace/shadowveil/reference/grok_build/public/clean-room/frames/sheet-1db5-2.jpg,art,video/render frame sequence,,3,3;1;0,3,1;0,"[single-green d=89 medium] her-left(green)=3@202,264;137,288;150,288 | [single-amber d=53 medium] her-right(amber)=1@81,262 | [single-amber d=36 low] her-right(amber)=0@-",false,medium,,
/workspace/shadowveil/reference/grok_build/public/clean-room/frames/sheet-1db5-3.jpg,art,video/render frame sequence,,3,3;0;0,3,0;0,"[single-green d=89 medium] her-left(green)=3@200,264;135,288;148,288 | [single-amber d=35 low] her-right(amber)=0@- | [single-amber d=26 low] her-right(amber)=0@-",false,medium,,
/workspace/shadowveil/reference/grok_build/public/clean-room/frames/sheet-1db5-4.jpg,art,video/render frame sequence,,3,3;1;0,3,1;0,"[single-green d=86 medium] her-left(green)=3@200,264;134,289;147,289 | [single-amber d=43 low] her-right(amber)=1@79,263 | [single-amber d=41 low] her-right(amber)=0@-",false,medium,,
/workspace/shadowveil/reference/grok_build/public/clean-room/frames/sheet-1db5-5.jpg,art,video/render frame sequence,,3,3;1;0,3,1;0,"[single-green d=86 medium] her-left(green)=3@203,266;138,292;151,292 | [single-amber d=38 low] her-right(amber)=1@83,265 | [single-amber d=26 low] her-right(amber)=0@-",false,medium,,
/workspace/shadowveil/reference/grok_build/public/clean-room/frames/sheet-1db5-6.jpg,art,video/render frame sequence,,3,3;0;0,3,0;0,"[single-green d=89 medium] her-left(green)=3@203,267;139,293;151,293 | [single-amber d=35 low] her-right(amber)=0@- | [single-amber d=26 low] her-right(amber)=0@-",false,medium,,
/workspace/shadowveil/reference/grok_build/public/clean-room/frames/sheet-1db5-7.jpg,art,video/render frame sequence,,2,3;2,3,2,"[single-green d=86 medium] her-left(green)=3@210,264;144,291;158,291 | [single-amber d=67 medium] her-right(amber)=2@88,263;144,291",false,medium,,
/workspace/shadowveil/reference/grok_build/public/clean-room/frames/sheet-1db5-9.jpg,art,video/render frame sequence,,3,3;2;0,3,2;0,"[single-green d=89 medium] her-left(green)=3@200,264;134,292;148,292 | [single-amber d=53 medium] her-right(amber)=2@78,264;75,276 | [single-amber d=36 low] her-right(amber)=0@-",false,medium,,
/workspace/shadowveil/reference/grok_build/public/clean-room/frames/sheet-9f8e-1.jpg,art,video/render frame sequence,,2,3;2,3,2,"[single-green d=86 medium] her-left(green)=3@273,238;210,262;222,262 | [single-amber d=65 medium] her-right(amber)=2@158,238;210,262",false,medium,,
/workspace/shadowveil/reference/grok_build/public/clean-room/frames/sheet-9f8e-2.jpg,art,video/render frame sequence,,3,3;1;0,3,1;0,"[single-green d=86 medium] her-left(green)=3@267,237;204,262;216,262 | [single-amber d=43 low] her-right(amber)=1@151,238 | [single-amber d=36 low] her-right(amber)=0@-",false,medium,,
/workspace/shadowveil/reference/grok_build/public/clean-room/frames/sheet-9f8e-4.jpg,art,video/render frame sequence,,1,3,3,,"[single-green d=84 medium] her-left(green)=3@271,246;207,272;220,272",false,medium,,
/workspace/shadowveil/reference/grok_build/public/clean-room/frames/sheet-9f8e-5.jpg,art,video/render frame sequence,,1,1,1,0,"[pair d=78 high] her-left(green)=1@273,243 her-right(amber)=0@-",false,high,,
/workspace/shadowveil/reference/grok_build/public/clean-room/frames/sheet-9f8e-6.jpg,art,video/render frame sequence,,3,3;1;0,3,1;0,"[single-green d=86 medium] her-left(green)=3@265,243;203,266;214,265 | [single-amber d=58 medium] her-right(amber)=1@151,243 | [single-amber d=38 low] her-right(amber)=0@-",false,medium,,
/workspace/shadowveil/reference/grok_build/public/clean-room/frames/sheet-9f8e-8.jpg,art,video/render frame sequence,,3,3;1;0,3,1;0,"[single-green d=89 medium] her-left(green)=3@271,243;208,267;220,267 | [single-amber d=43 low] her-right(amber)=1@157,244 | [single-amber d=36 low] her-right(amber)=0@-",false,medium,,
/workspace/shadowveil/reference/grok_build/public/clean-room/frames/sheet-aab0-2.jpg,art,video/render frame sequence,,1,1,1,,"[single-green d=46 medium] her-left(green)=1@161,139",false,medium,,
/workspace/shadowveil/reference/grok_build/public/clean-room/frames/sheet-aab0-4.jpg,art,video/render frame sequence,,2,0;1,0;1,,"[single-green d=31 low] her-left(green)=0@- | [single-green d=48 medium] her-left(green)=1@176,128",false,medium,,
/workspace/shadowveil/reference/grok_build/public/clean-room/hires/acts-2-1.jpg,art,other pose still (action/expression/hand/eye),,1,2,1,1,"[pair d=71 high] her-left(green)=1@615,236 her-right(amber)=1@510,247",false,high,,
/workspace/shadowveil/reference/grok_build/public/clean-room/hires/acts-2-2.jpg,art,other pose still (action/expression/hand/eye),,1,4,2,2,"[pair d=69 high] her-left(green)=2@604,268;607,277 her-right(amber)=2@506,269;502,277",false,high,,
/workspace/shadowveil/reference/grok_build/public/clean-room/hires/adjust-3.jpg,art,other pose still (action/expression/hand/eye),,1,2,1,1,"[pair d=73 high] her-left(green)=1@618,251 her-right(amber)=1@515,252",false,high,,
/workspace/shadowveil/reference/grok_build/public/clean-room/hires/adjust-4.jpg,art,other pose still (action/expression/hand/eye),,1,4,2,2,"[pair d=71 high] her-left(green)=2@612,250;612,260 her-right(amber)=2@510,251;506,260",false,high,,
/workspace/shadowveil/reference/grok_build/public/clean-room/hires/emo-2-1.jpg,art,other pose still (action/expression/hand/eye),,1,1,0,1,"[pair d=75 high] her-left(green)=0@- her-right(amber)=1@510,264",false,high,,
/workspace/shadowveil/reference/grok_build/public/clean-room/hires/emo-2-2.jpg,art,other pose still (action/expression/hand/eye),,1,0,0,0,[pair d=77 high] her-left(green)=0@- her-right(amber)=0@-,false,high,,
/workspace/shadowveil/reference/grok_build/public/clean-room/hires/emo-2-3.jpg,art,other pose still (action/expression/hand/eye),,1,0,0,0,[pair d=75 high] her-left(green)=0@- her-right(amber)=0@-,false,high,,
/workspace/shadowveil/reference/grok_build/public/clean-room/hires/emotions-1.jpg,art,other pose still (action/expression/hand/eye),,1,1,0,1,"[pair d=70 high] her-left(green)=0@- her-right(amber)=1@520,240",false,high,,
/workspace/shadowveil/reference/grok_build/public/clean-room/hires/emotions-2.jpg,art,other pose still (action/expression/hand/eye),,1,2,1,1,"[pair d=74 high] her-left(green)=1@616,245 her-right(amber)=1@511,246",false,high,,
/workspace/shadowveil/reference/grok_build/public/clean-room/hires/emotions-4.jpg,art,other pose still (action/expression/hand/eye),,1,1,1,0,"[pair d=74 high] her-left(green)=1@620,228 her-right(amber)=0@-",false,high,,
/workspace/shadowveil/reference/grok_build/public/clean-room/hires/emotions-5.jpg,art,other pose still (action/expression/hand/eye),,2,0;1,0,1,"[single-green d=74 medium] her-left(green)=0@- | [single-amber d=62 medium] her-right(amber)=1@496,238",false,medium,,
/workspace/shadowveil/reference/grok_build/public/clean-room/hires/emotions-6.jpg,art,other pose still (action/expression/hand/eye),,1,4,2,2,"[pair d=71 high] her-left(green)=2@612,223;615,233 her-right(amber)=2@508,224;502,233",false,high,,
/workspace/shadowveil/reference/grok_build/public/clean-room/hires/emotions-7.jpg,art,other pose still (action/expression/hand/eye),,1,2,2,0,"[pair d=71 high] her-left(green)=2@614,226;617,236 her-right(amber)=0@-",false,high,,
/workspace/shadowveil/reference/grok_build/public/clean-room/hires/faces-locked-1.jpg,art,other pose still (action/expression/hand/eye),,1,2,1,1,"[pair d=72 high] her-left(green)=1@628,266 her-right(amber)=1@523,255",false,high,,
/workspace/shadowveil/reference/grok_build/public/clean-room/hires/faces-locked-3.jpg,art,other pose still (action/expression/hand/eye),,1,2,2,0,"[pair d=78 high] her-left(green)=2@627,253;630,264 her-right(amber)=0@-",false,high,,
/workspace/shadowveil/reference/grok_build/public/clean-room/hires/faces-locked-4.jpg,art,other pose still (action/expression/hand/eye),,1,2,2,0,"[pair d=80 high] her-left(green)=2@627,256;630,267 her-right(amber)=0@-",false,high,,
/workspace/shadowveil/reference/grok_build/public/clean-room/hires/faces-locked-6.jpg,art,other pose still (action/expression/hand/eye),,1,1,1,0,"[pair d=74 high] her-left(green)=1@631,262 her-right(amber)=0@-",false,high,,
/workspace/shadowveil/reference/grok_build/public/clean-room/hires/getup-rise-1.jpg,art,other pose still (action/expression/hand/eye),,1,2,1,1,"[pair d=94 high] her-left(green)=1@642,481 her-right(amber)=1@507,481",false,high,,
/workspace/shadowveil/reference/grok_build/public/clean-room/hires/getup-rise-3.jpg,art,other pose still (action/expression/hand/eye),,2,3;2,2,3,"[single-amber d=86 medium] her-right(amber)=3@514,387;564,413;577,413 | [single-green d=84 medium] her-left(green)=2@564,413;577,413",false,medium,,
/workspace/shadowveil/reference/grok_build/public/clean-room/hires/getup-rise-4.jpg,art,other pose still (action/expression/hand/eye),,1,4,2,2,"[pair d=70 high] her-left(green)=2@622,241;626,252 her-right(amber)=2@520,242;513,250",false,high,,
/workspace/shadowveil/reference/grok_build/public/clean-room/hires/hygiene-2.jpg,art,other pose still (action/expression/hand/eye),,2,3;0,0,3,"[single-amber d=74 medium] her-right(amber)=3@511,243;556,266;568,265 | [single-green d=29 low] her-left(green)=0@-",false,medium,,
/workspace/shadowveil/reference/grok_build/public/clean-room/hires/idle-34-1.jpg,art,other pose still (action/expression/hand/eye),,1,4,2,2,"[pair d=67 high] her-left(green)=2@586,247;590,258 her-right(amber)=2@491,252;489,260",false,high,,
/workspace/shadowveil/reference/grok_build/public/clean-room/hires/idle-34-3.jpg,art,other pose still (action/expression/hand/eye),,1,4,2,2,"[pair d=67 high] her-left(green)=2@650,258;654,268 her-right(amber)=2@556,263;586,283",false,high,,
/workspace/shadowveil/reference/grok_build/public/clean-room/hires/idle-front-2.jpg,art,other pose still (action/expression/hand/eye),0 (front),1,4,2,2,"[pair d=71 high] her-left(green)=2@624,241;626,252 her-right(amber)=2@522,242;516,251",false,high,,
/workspace/shadowveil/reference/grok_build/public/clean-room/hires/idle-front-3.jpg,art,other pose still (action/expression/hand/eye),0 (front),1,2,1,1,"[pair d=71 high] her-left(green)=1@628,238 her-right(amber)=1@524,240",false,high,,
/workspace/shadowveil/reference/grok_build/public/clean-room/hires/idle-front-5.jpg,art,other pose still (action/expression/hand/eye),0 (front),1,4,2,2,"[pair d=72 high] her-left(green)=2@623,240;626,250 her-right(amber)=2@520,242;514,250",false,high,,
/workspace/shadowveil/reference/grok_build/public/clean-room/hires/idle-front-7.jpg,art,other pose still (action/expression/hand/eye),0 (front),1,4,2,2,"[pair d=73 high] her-left(green)=2@625,236;628,248 her-right(amber)=2@522,237;516,246",false,high,,
/workspace/shadowveil/reference/grok_build/public/clean-room/hires/idle-front-8.jpg,art,other pose still (action/expression/hand/eye),0 (front),1,3,1,2,"[pair d=71 high] her-left(green)=1@628,237 her-right(amber)=2@525,239;520,248",false,high,,
/workspace/shadowveil/reference/grok_build/public/clean-room/hires/inspect-1.jpg,art,other pose still (action/expression/hand/eye),,1,1,1,0,"[pair d=64 high] her-left(green)=1@590,260 her-right(amber)=0@-",false,high,,
/workspace/shadowveil/reference/grok_build/public/clean-room/hires/inspect-2.jpg,art,other pose still (action/expression/hand/eye),,1,1,1,0,"[pair d=67 high] her-left(green)=1@597,289 her-right(amber)=0@-",false,high,,
/workspace/shadowveil/reference/grok_build/public/clean-room/hires/interact-2.jpg,art,other pose still (action/expression/hand/eye),,1,0,0,0,[pair d=67 high] her-left(green)=0@- her-right(amber)=0@-,false,high,,
/workspace/shadowveil/reference/grok_build/public/clean-room/hires/lie-2-1.jpg,art,other pose still (action/expression/hand/eye),,1,0,,0,[single-amber d=60 medium] her-right(amber)=0@-,false,medium,,
/workspace/shadowveil/reference/grok_build/public/clean-room/hires/lie-2.jpg,art,other pose still (action/expression/hand/eye),,2,0;0,0,0,[single-green d=53 medium] her-left(green)=0@- | [single-amber d=53 medium] her-right(amber)=0@-,false,medium,,
/workspace/shadowveil/reference/grok_build/public/clean-room/hires/lie-4.jpg,art,other pose still (action/expression/hand/eye),,1,2,1,1,"[pair d=101 high] her-left(green)=1@657,477 her-right(amber)=1@514,478",false,high,,
/workspace/shadowveil/reference/grok_build/public/clean-room/hires/lie-back-1.jpg,art,other pose still (action/expression/hand/eye),180 (back),2,1;1,1,1,"[single-green d=70 medium] her-left(green)=1@223,904 | [single-amber d=57 medium] her-right(amber)=1@197,965",false,medium,,
/workspace/shadowveil/reference/grok_build/public/clean-room/hires/lie-front-1.jpg,art,other pose still (action/expression/hand/eye),0 (front),1,2,2,0,"[pair d=96 high] her-left(green)=2@320,768;324,784 her-right(amber)=0@-",false,high,,
/workspace/shadowveil/reference/grok_build/public/clean-room/hires/life-1.jpg,art,other pose still (action/expression/hand/eye),,1,0,0,0,[pair d=76 high] her-left(green)=0@- her-right(amber)=0@-,false,high,,
/workspace/shadowveil/reference/grok_build/public/clean-room/hires/loop-blink-3.jpg,art,other pose still (action/expression/hand/eye),,1,1,1,0,"[pair d=75 high] her-left(green)=1@626,248 her-right(amber)=0@-",false,high,,
/workspace/shadowveil/reference/grok_build/public/clean-room/hires/loop-nod-2.jpg,art,other pose still (action/expression/hand/eye),,3,3;1;0,3,1;0,"[single-green d=82 medium] her-left(green)=3@626,282;562,300;576,300 | [single-amber d=48 medium] her-right(amber)=1@519,274 | [single-amber d=35 low] her-right(amber)=0@-",false,medium,,
/workspace/shadowveil/reference/grok_build/public/clean-room/hires/loop-nod-4.jpg,art,other pose still (action/expression/hand/eye),,3,1;1;0,1;1,0,"[single-green d=55 medium] her-left(green)=1@622,273 | [single-green d=55 medium] her-left(green)=1@622,273 | [single-amber d=26 low] her-right(amber)=0@-",false,medium,,
/workspace/shadowveil/reference/grok_build/public/clean-room/hires/loop-talk-4.jpg,art,other pose still (action/expression/hand/eye),,2,3;0,3,0,"[single-green d=66 medium] her-left(green)=3@627,236;630,246;581,258 | [single-amber d=31 low] her-right(amber)=0@-",false,medium,,
/workspace/shadowveil/reference/grok_build/public/clean-room/hires/motion-1.jpg,art,other pose still (action/expression/hand/eye),,1,0,0,0,[pair d=78 high] her-left(green)=0@- her-right(amber)=0@-,false,high,,
/workspace/shadowveil/reference/grok_build/public/clean-room/hires/motion-2.jpg,art,other pose still (action/expression/hand/eye),,1,0,0,0,[pair d=76 high] her-left(green)=0@- her-right(amber)=0@-,false,high,,
/workspace/shadowveil/reference/grok_build/public/clean-room/hires/motion-3.jpg,art,other pose still (action/expression/hand/eye),,2,1;1,1,1,"[single-green d=65 medium] her-left(green)=1@594,277 | [single-amber d=58 medium] her-right(amber)=1@584,277",false,medium,,
/workspace/shadowveil/reference/grok_build/public/clean-room/hires/motion-4.jpg,art,other pose still (action/expression/hand/eye),,2,0;1,0,1,"[single-green d=62 medium] her-left(green)=0@- | [single-amber d=65 medium] her-right(amber)=1@573,280",false,medium,,
/workspace/shadowveil/reference/grok_build/public/clean-room/hires/reactions-1.jpg,art,other pose still (action/expression/hand/eye),,1,0,0,0,[pair d=79 high] her-left(green)=0@- her-right(amber)=0@-,false,high,,
/workspace/shadowveil/reference/grok_build/public/clean-room/hires/reactions-2-1.jpg,art,other pose still (action/expression/hand/eye),,1,0,0,0,[pair d=79 high] her-left(green)=0@- her-right(amber)=0@-,false,high,,
/workspace/shadowveil/reference/grok_build/public/clean-room/hires/reactions-2-2.jpg,art,other pose still (action/expression/hand/eye),,1,1,0,1,"[pair d=78 high] her-left(green)=0@- her-right(amber)=1@511,268",false,high,,
/workspace/shadowveil/reference/grok_build/public/clean-room/hires/reactions-2-3.jpg,art,other pose still (action/expression/hand/eye),,1,0,0,0,[pair d=71 high] her-left(green)=0@- her-right(amber)=0@-,false,high,,
/workspace/shadowveil/reference/grok_build/public/clean-room/hires/reactions-2.jpg,art,other pose still (action/expression/hand/eye),,1,0,0,0,[pair d=76 high] her-left(green)=0@- her-right(amber)=0@-,false,high,,
/workspace/shadowveil/reference/grok_build/public/clean-room/hires/reactions-3.jpg,art,other pose still (action/expression/hand/eye),,2,0;0,0;0,,[single-green d=55 medium] her-left(green)=0@- | [single-green d=43 low] her-left(green)=0@-,false,medium,,
/workspace/shadowveil/reference/grok_build/public/clean-room/hires/reactions-4.jpg,art,other pose still (action/expression/hand/eye),,1,0,0,0,[pair d=71 high] her-left(green)=0@- her-right(amber)=0@-,false,high,,
/workspace/shadowveil/reference/grok_build/public/clean-room/hires/set-16-10p1.jpg,art,other pose still (action/expression/hand/eye),,1,0,0,0,[pair d=116 high] her-left(green)=0@- her-right(amber)=0@-,false,high,,
/workspace/shadowveil/reference/grok_build/public/clean-room/hires/set-16-10p2.jpg,art,other pose still (action/expression/hand/eye),,1,2,1,1,"[pair d=63 high] her-left(green)=1@601,382 her-right(amber)=1@506,383",false,high,,
/workspace/shadowveil/reference/grok_build/public/clean-room/hires/set-16-11p1.jpg,art,other pose still (action/expression/hand/eye),,1,4,2,2,"[pair d=71 high] her-left(green)=2@663,216;666,224 her-right(amber)=2@565,228;550,240",false,high,,
/workspace/shadowveil/reference/grok_build/public/clean-room/hires/set-16-11p2.jpg,art,other pose still (action/expression/hand/eye),,1,1,0,1,"[pair d=74 high] her-left(green)=0@- her-right(amber)=1@547,273",false,high,,
/workspace/shadowveil/reference/grok_build/public/clean-room/hires/set-16-12.jpg,art,other pose still (action/expression/hand/eye),,1,0,0,0,[pair d=68 high] her-left(green)=0@- her-right(amber)=0@-,false,high,,
/workspace/shadowveil/reference/grok_build/public/clean-room/hires/set-16-5.jpg,art,other pose still (action/expression/hand/eye),,1,2,2,0,"[pair d=85 high] her-left(green)=2@642,287;645,299 her-right(amber)=0@-",false,high,,
/workspace/shadowveil/reference/grok_build/public/clean-room/hires/set-16-6.jpg,art,other pose still (action/expression/hand/eye),,1,2,2,0,"[pair d=75 high] her-left(green)=2@584,319;585,330 her-right(amber)=0@-",false,high,,
/workspace/shadowveil/reference/grok_build/public/clean-room/hires/set-16-8.jpg,art,other pose still (action/expression/hand/eye),,1,2,1,1,"[pair d=90 high] her-left(green)=1@680,276 her-right(amber)=1@549,277",false,high,,
/workspace/shadowveil/reference/grok_build/public/clean-room/hires/set-17-2.jpg,art,other pose still (action/expression/hand/eye),,1,2,1,1,"[pair d=61 high] her-left(green)=1@579,332 her-right(amber)=1@498,352",false,high,,
/workspace/shadowveil/reference/grok_build/public/clean-room/hires/set-17-3.jpg,art,other pose still (action/expression/hand/eye),,1,2,2,0,"[pair d=70 high] her-left(green)=2@613,247;616,257 her-right(amber)=0@-",false,high,,
/workspace/shadowveil/reference/grok_build/public/clean-room/hires/set-17-4.jpg,art,other pose still (action/expression/hand/eye),,1,4,2,2,"[pair d=97 high] her-left(green)=2@629,294;632,307 her-right(amber)=2@492,295;480,304",false,high,,
/workspace/shadowveil/reference/grok_build/public/clean-room/hires/set-17-6.jpg,art,other pose still (action/expression/hand/eye),,1,0,0,0,[pair d=62 high] her-left(green)=0@- her-right(amber)=0@-,false,high,,
/workspace/shadowveil/reference/grok_build/public/clean-room/hires/set-17-8.jpg,art,other pose still (action/expression/hand/eye),,1,2,,2,"[single-amber d=82 medium] her-right(amber)=2@409,455;403,467",false,medium,,
/workspace/shadowveil/reference/grok_build/public/clean-room/hires/set-18-1p2.jpg,art,other pose still (action/expression/hand/eye),,1,2,1,1,"[pair d=71 high] her-left(green)=1@609,224 her-right(amber)=1@502,225",false,high,,
/workspace/shadowveil/reference/grok_build/public/clean-room/hires/set-18-2p1.jpg,art,other pose still (action/expression/hand/eye),,1,2,2,0,"[pair d=60 high] her-left(green)=2@623,296;625,305 her-right(amber)=0@-",false,high,,
/workspace/shadowveil/reference/grok_build/public/clean-room/hires/set-18-3p2.jpg,art,other pose still (action/expression/hand/eye),,2,0;1,0,1,"[single-green d=66 medium] her-left(green)=0@- | [single-amber d=77 medium] her-right(amber)=1@388,422",false,medium,,
/workspace/shadowveil/reference/grok_build/public/clean-room/hires/set-18-4p1.jpg,art,other pose still (action/expression/hand/eye),,1,1,1,0,"[pair d=71 high] her-left(green)=1@647,222 her-right(amber)=0@-",false,high,,
/workspace/shadowveil/reference/grok_build/public/clean-room/hires/sheet-1947-2.jpg,art,other pose still (action/expression/hand/eye),,1,2,1,1,"[pair d=98 high] her-left(green)=1@475,499 her-right(amber)=1@342,534",false,high,,
/workspace/shadowveil/reference/grok_build/public/clean-room/hires/sheet-1947-2b.jpg,art,other pose still (action/expression/hand/eye),,1,1,1,,"[single-green d=96 medium] her-left(green)=1@374,542",false,medium,,
/workspace/shadowveil/reference/grok_build/public/clean-room/hires/sheet-1947-4.jpg,art,other pose still (action/expression/hand/eye),,1,2,1,1,"[pair d=65 high] her-left(green)=1@549,236 her-right(amber)=1@475,239",false,high,,
/workspace/shadowveil/reference/grok_build/public/clean-room/hires/sheet-1947-5.jpg,art,other pose still (action/expression/hand/eye),,1,1,1,0,"[pair d=65 high] her-left(green)=1@600,262 her-right(amber)=0@-",false,high,,
/workspace/shadowveil/reference/grok_build/public/clean-room/hires/sheet-1db5-1.jpg,art,other pose still (action/expression/hand/eye),,1,2,1,1,"[pair d=74 high] her-left(green)=1@627,267 her-right(amber)=1@514,266",false,high,,
/workspace/shadowveil/reference/grok_build/public/clean-room/hires/sheet-1db5-10.jpg,art,other pose still (action/expression/hand/eye),,2,1;2,1,2,"[single-green d=50 medium] her-left(green)=1@624,275 | [single-amber d=58 medium] her-right(amber)=2@515,275;564,299",false,medium,,
/workspace/shadowveil/reference/grok_build/public/clean-room/hires/sheet-1db5-11.jpg,art,other pose still (action/expression/hand/eye),,1,2,1,1,"[pair d=72 high] her-left(green)=1@625,239 her-right(amber)=1@516,239",false,high,,
/workspace/shadowveil/reference/grok_build/public/clean-room/hires/sheet-1db5-12.jpg,art,other pose still (action/expression/hand/eye),,2,1;0,1,0,"[single-green d=70 medium] her-left(green)=1@577,314 | [single-amber d=62 medium] her-right(amber)=0@-",false,medium,,
/workspace/shadowveil/reference/grok_build/public/clean-room/hires/sheet-1db5-2.jpg,art,other pose still (action/expression/hand/eye),,1,2,1,1,"[pair d=77 high] her-left(green)=1@626,286 her-right(amber)=1@513,286",false,high,,
/workspace/shadowveil/reference/grok_build/public/clean-room/hires/sheet-1db5-3.jpg,art,other pose still (action/expression/hand/eye),,1,2,1,1,"[pair d=75 high] her-left(green)=1@626,280 her-right(amber)=1@515,279",false,high,,
/workspace/shadowveil/reference/grok_build/public/clean-room/hires/sheet-1db5-4.jpg,art,other pose still (action/expression/hand/eye),,1,2,1,1,"[pair d=76 high] her-left(green)=1@626,272 her-right(amber)=1@512,272",false,high,,
/workspace/shadowveil/reference/grok_build/public/clean-room/hires/sheet-1db5-5.jpg,art,other pose still (action/expression/hand/eye),,1,2,1,1,"[pair d=73 high] her-left(green)=1@628,268 her-right(amber)=1@517,267",false,high,,
/workspace/shadowveil/reference/grok_build/public/clean-room/hires/sheet-1db5-6.jpg,art,other pose still (action/expression/hand/eye),,1,4,1,3,"[pair d=74 high] her-left(green)=1@626,269 her-right(amber)=3@516,269;509,279;514,286",false,high,,
/workspace/shadowveil/reference/grok_build/public/clean-room/hires/sheet-1db5-7.jpg,art,other pose still (action/expression/hand/eye),,1,1,1,0,"[pair d=78 high] her-left(green)=1@630,278 her-right(amber)=0@-",false,high,,
/workspace/shadowveil/reference/grok_build/public/clean-room/hires/sheet-1db5-8.jpg,art,other pose still (action/expression/hand/eye),,1,1,1,0,"[pair d=74 high] her-left(green)=1@628,273 her-right(amber)=0@-",false,high,,
/workspace/shadowveil/reference/grok_build/public/clean-room/hires/sheet-1db5-9.jpg,art,other pose still (action/expression/hand/eye),,1,2,1,1,"[pair d=76 high] her-left(green)=1@626,270 her-right(amber)=1@515,270",false,high,,
/workspace/shadowveil/reference/grok_build/public/clean-room/hires/sheet-9f8e-1.jpg,art,other pose still (action/expression/hand/eye),,1,1,1,0,"[pair d=76 high] her-left(green)=1@628,266 her-right(amber)=0@-",false,high,,
/workspace/shadowveil/reference/grok_build/public/clean-room/hires/sheet-9f8e-2.jpg,art,other pose still (action/expression/hand/eye),,1,2,1,1,"[pair d=73 high] her-left(green)=1@624,255 her-right(amber)=1@510,269",false,high,,
/workspace/shadowveil/reference/grok_build/public/clean-room/hires/sheet-9f8e-3.jpg,art,other pose still (action/expression/hand/eye),,1,1,0,1,"[pair d=81 high] her-left(green)=0@- her-right(amber)=1@497,281",false,high,,
/workspace/shadowveil/reference/grok_build/public/clean-room/hires/sheet-9f8e-4.jpg,art,other pose still (action/expression/hand/eye),,1,3,1,2,"[pair d=82 high] her-left(green)=1@628,276 her-right(amber)=2@510,276;510,288",false,high,,
/workspace/shadowveil/reference/grok_build/public/clean-room/hires/sheet-9f8e-5.jpg,art,other pose still (action/expression/hand/eye),,1,1,1,0,"[pair d=73 high] her-left(green)=1@626,257 her-right(amber)=0@-",false,high,,
/workspace/shadowveil/reference/grok_build/public/clean-room/hires/sheet-9f8e-6.jpg,art,other pose still (action/expression/hand/eye),,1,2,1,1,"[pair d=76 high] her-left(green)=1@628,263 her-right(amber)=1@514,264",false,high,,
/workspace/shadowveil/reference/grok_build/public/clean-room/hires/sheet-9f8e-7.jpg,art,other pose still (action/expression/hand/eye),,1,2,1,1,"[pair d=72 high] her-left(green)=1@615,252 her-right(amber)=1@505,240",false,high,,
/workspace/shadowveil/reference/grok_build/public/clean-room/hires/sheet-9f8e-8.jpg,art,other pose still (action/expression/hand/eye),,1,2,2,0,"[pair d=74 high] her-left(green)=2@624,252;633,261 her-right(amber)=0@-",false,high,,
/workspace/shadowveil/reference/grok_build/public/clean-room/hires/sheet-aab0-1.jpg,art,other pose still (action/expression/hand/eye),,1,4,2,2,"[pair d=72 high] her-left(green)=2@621,250;621,262 her-right(amber)=2@518,251;513,260",false,high,,
/workspace/shadowveil/reference/grok_build/public/clean-room/hires/sheet-aab0-5.jpg,art,other pose still (action/expression/hand/eye),,1,4,2,2,"[pair d=69 high] her-left(green)=2@619,241;622,251 her-right(amber)=2@520,242;514,253",false,high,,
/workspace/shadowveil/reference/grok_build/public/clean-room/hires/sit-more-3.jpg,art,other pose still (action/expression/hand/eye),,1,2,1,1,"[pair d=96 high] her-left(green)=1@676,304 her-right(amber)=1@537,305",false,high,,
/workspace/shadowveil/reference/grok_build/public/clean-room/hires/talk-ah.jpg,art,other pose still (action/expression/hand/eye),,1,3,,3,"[single-amber d=74 medium] her-right(amber)=3@522,228;566,250;579,250",false,medium,,
/workspace/shadowveil/reference/grok_build/public/clean-room/hires/talk-eh.jpg,art,other pose still (action/expression/hand/eye),,1,3,,3,"[single-amber d=74 medium] her-right(amber)=3@522,228;566,250;578,250",false,medium,,
/workspace/shadowveil/reference/grok_build/public/clean-room/hires/turnaround-2.jpg,art,turnaround/rotation still,,1,1,1,0,"[pair d=59 high] her-left(green)=1@576,234 her-right(amber)=0@-",false,high,,
/workspace/shadowveil/reference/grok_build/public/clean-room/hires/turnaround-4.jpg,art,turnaround/rotation still,,1,0,0,0,[pair d=53 high] her-left(green)=0@- her-right(amber)=0@-,false,high,,
/workspace/shadowveil/reference/grok_build/public/clean-room/layers/anim/apose-turn.png,art,other pose still (action/expression/hand/eye),0 (A-pose front),1,1,1,,"[single-green d=50 medium] her-left(green)=1@392,191",false,medium,,
/workspace/shadowveil/reference/grok_build/public/clean-room/layers/anim/getup.png,art,other pose still (action/expression/hand/eye),,1,4,2,2,"[pair d=68 high] her-left(green)=2@422,410;425,418 her-right(amber)=2@325,411;321,420",false,high,,
/workspace/shadowveil/reference/grok_build/public/clean-room/layers/anim/glare.png,art,other pose still (action/expression/hand/eye),,2,1;2,1,2,"[single-green d=50 medium] her-left(green)=1@386,171 | [single-amber d=50 medium] her-right(amber)=2@346,156;377,171",false,medium,,
/workspace/shadowveil/reference/grok_build/public/clean-room/layers/anim/hem.png,art,other pose still (action/expression/hand/eye),,1,2,1,1,"[pair d=48 high] her-left(green)=1@413,161 her-right(amber)=1@343,162",false,high,,
/workspace/shadowveil/reference/grok_build/public/clean-room/layers/anim/hip.png,art,other pose still (action/expression/hand/eye),,1,1,1,0,"[pair d=49 high] her-left(green)=1@392,168 her-right(amber)=0@-",false,high,,
/workspace/shadowveil/reference/grok_build/public/clean-room/layers/anim/kneel.png,art,other pose still (action/expression/hand/eye),,1,2,2,0,"[pair d=43 medium] her-left(green)=2@420,460;422,467 her-right(amber)=0@-",false,medium,,
/workspace/shadowveil/reference/grok_build/public/clean-room/layers/anim/point.png,art,other pose still (action/expression/hand/eye),,1,1,1,0,"[pair d=49 high] her-left(green)=1@375,166 her-right(amber)=0@-",false,high,,
/workspace/shadowveil/reference/grok_build/public/clean-room/layers/anim/shrug.png,art,other pose still (action/expression/hand/eye),,1,2,1,1,"[pair d=48 high] her-left(green)=1@408,150 her-right(amber)=1@339,151",false,high,,
/workspace/shadowveil/reference/grok_build/public/clean-room/layers/anim/smirk.png,art,other pose still (action/expression/hand/eye),,2,2;1,1,2,"[single-amber d=50 medium] her-right(amber)=2@326,178;358,181 | [single-green d=48 medium] her-left(green)=1@398,155",false,medium,,
/workspace/shadowveil/reference/grok_build/public/clean-room/layers/anim/strap.png,art,other pose still (action/expression/hand/eye),,2,0;1,0,1,"[single-green d=58 medium] her-left(green)=0@- | [single-amber d=26 low] her-right(amber)=1@344,168",false,medium,,
/workspace/shadowveil/reference/grok_build/public/clean-room/layers/anim/talk.png,art,other pose still (action/expression/hand/eye),,1,3,,3,"[single-amber d=50 medium] her-right(amber)=3@348,148;378,160;386,160",false,medium,,
/workspace/shadowveil/reference/grok_build/public/clean-room/layers/anim/wave.png,art,other pose still (action/expression/hand/eye),,1,3,3,,"[single-green d=50 medium] her-left(green)=3@411,159;378,172;370,173",false,medium,,
/workspace/shadowveil/reference/grok_build/public/clean-room/layers/rotation/turn-045.png,art,turnaround/rotation still,045,1,2,1,1,"[pair d=58 high] her-left(green)=1@666,242 her-right(amber)=1@580,246",false,eyeballed,"Eyeballed: amber side 1 (ok), green side only 1 mark (canonical 2). artifacts/turn/fix/eyes-045.jpg still shows 2 there.",
/workspace/shadowveil/reference/grok_build/public/clean-room/layers/rotation/turn-090.png,art,turnaround/rotation still,090,1,0,0,,[single-green d=48 medium] her-left(green)=0@-,false,eyeballed,Eyeballed: profile shows her left (green) cheek with 0 marks (canonical 2).,
/workspace/shadowveil/reference/grok_build/public/clean-room/layers/rotation/turn-315.png,art,turnaround/rotation still,315,1,2,1,1,"[pair d=67 high] her-left(green)=1@771,266 her-right(amber)=1@676,266",false,eyeballed,"Eyeballed: amber side 1 (ok), green side only 1 mark (canonical 2).",
/workspace/shadowveil/reference/grok_build/public/clean-room/sheets/emo-2.jpg,art,other pose still (action/expression/hand/eye),,3,0;0;0,0;0;0,0;0;0,[pair d=96 high] her-left(green)=0@- her-right(amber)=0@- | [pair d=98 high] her-left(green)=0@- her-right(amber)=0@- | [pair d=86 high] her-left(green)=0@- her-right(amber)=0@-,false,high,,
/workspace/shadowveil/reference/grok_build/public/clean-room/sheets/extreme-brace.jpg,art,other pose still (action/expression/hand/eye),,2,3;2,3,2,"[single-green d=84 medium] her-left(green)=3@489,222;430,246;442,246 | [single-amber d=65 medium] her-right(amber)=2@385,224;430,246",false,medium,,
/workspace/shadowveil/reference/grok_build/public/clean-room/sheets/extreme-drive.jpg,art,other pose still (action/expression/hand/eye),,2,1;1,1,1,"[single-green d=74 medium] her-left(green)=1@438,303 | [single-amber d=55 medium] her-right(amber)=1@334,293",false,medium,,
/workspace/shadowveil/reference/grok_build/public/clean-room/sheets/extreme-fall.jpg,art,other pose still (action/expression/hand/eye),,2,0;1,0,1,"[single-green d=53 medium] her-left(green)=0@- | [single-amber d=53 medium] her-right(amber)=1@299,310",false,medium,,
/workspace/shadowveil/reference/grok_build/public/clean-room/sheets/extreme-front-kick.jpg,art,other pose still (action/expression/hand/eye),0 (front),1,4,4,,"[single-green d=77 medium] her-left(green)=4@579,201;581,211;524,223;535,223",false,medium,,
/workspace/shadowveil/reference/grok_build/public/clean-room/sheets/extreme-front-run.jpg,art,other pose still (action/expression/hand/eye),0 (front),1,2,,2,"[single-amber d=70 medium] her-right(amber)=2@224,213;267,234",false,medium,,
/workspace/shadowveil/reference/grok_build/public/clean-room/sheets/extreme-hop.jpg,art,other pose still (action/expression/hand/eye),,1,4,2,2,"[pair d=68 high] her-left(green)=2@395,375;399,386 her-right(amber)=2@298,377;296,387",false,high,,
/workspace/shadowveil/reference/grok_build/public/clean-room/sheets/extreme-lunge.jpg,art,other pose still (action/expression/hand/eye),,2,1;1,1,1,"[single-amber d=70 medium] her-right(amber)=1@613,388 | [single-green d=55 medium] her-left(green)=1@710,382",false,medium,,
/workspace/shadowveil/reference/grok_build/public/clean-room/sheets/extreme-spin.jpg,art,other pose still (action/expression/hand/eye),,1,2,1,1,"[pair d=61 high] her-left(green)=1@560,286 her-right(amber)=1@476,280",false,high,,
/workspace/shadowveil/reference/grok_build/public/clean-room/sheets/extreme-squat.jpg,art,other pose still (action/expression/hand/eye),,2,3;1,3,1,"[single-green d=77 medium] her-left(green)=3@348,225;350,236;299,250 | [single-amber d=60 medium] her-right(amber)=1@239,226",false,medium,,
/workspace/shadowveil/reference/grok_build/public/clean-room/sheets/faces-locked.jpg,art,other pose still (action/expression/hand/eye),,7,3;2;3;3;3;3;1,2;1;2;2;2;2;1,1;1;1;1;1;1;0,"[pair d=84 high] her-left(green)=2@1592,745;1596,758 her-right(amber)=1@1469,749 | [pair d=86 high] her-left(green)=1@312,287 her-right(amber)=1@184,276 | [pair d=86 high] her-left(green)=2@1162,749;1166,762 her-right(amber)=1@1040,752 | [pair d=90 high] her-left(green)=2@1592,274;1596,286 her-right(amber)=1@1469,276 | [pair d=90 high] her-left(green)=2@1162,274;1166,286 her-right(amber)=1@1039,276 | [pair d=86 high] her-left(green)=2@307,744;311,758 her-right(amber)=1@184,745 | [pair d=84 high] her-left(green)=1@740,763 her-right(amber)=0@-",false,high,,
/workspace/shadowveil/reference/grok_build/public/clean-room/sheets/faces-locked.png,art,other pose still (action/expression/hand/eye),,6,3;3;3;3;3;1,2;2;2;2;2;1,1;1;1;1;1;0,"[pair d=84 high] her-left(green)=2@1592,745;1596,758 her-right(amber)=1@1469,749 | [pair d=86 high] her-left(green)=2@1162,749;1166,762 her-right(amber)=1@1040,752 | [pair d=90 high] her-left(green)=2@1592,274;1596,286 her-right(amber)=1@1469,276 | [pair d=90 high] her-left(green)=2@1162,274;1166,286 her-right(amber)=1@1039,276 | [pair d=86 high] her-left(green)=2@307,744;311,758 her-right(amber)=1@184,745 | [pair d=84 high] her-left(green)=1@740,763 her-right(amber)=0@-",false,high,,
/workspace/shadowveil/reference/grok_build/public/clean-room/sheets/getup-rise.png,art,other pose still (action/expression/hand/eye),,5,2;0;0;0;1,1;0;0;0;0,1;0;0;0;1,"[pair d=32 medium] her-left(green)=1@792,525 her-right(amber)=1@746,526 | [pair d=30 medium] her-left(green)=0@- her-right(amber)=0@- | [pair d=30 medium] her-left(green)=0@- her-right(amber)=0@- | [pair d=32 medium] her-left(green)=0@- her-right(amber)=0@- | [pair d=32 medium] her-left(green)=0@- her-right(amber)=1@464,504",false,medium,,
/workspace/shadowveil/reference/grok_build/public/clean-room/sheets/getup.png,art,other pose still (action/expression/hand/eye),,5,0;1;2;1;0,0;0;1;0;0,0;1;1;1;0,"[pair d=34 medium] her-left(green)=0@- her-right(amber)=0@- | [pair d=35 medium] her-left(green)=0@- her-right(amber)=1@1055,488 | [pair d=33 medium] her-left(green)=1@800,495 her-right(amber)=1@751,496 | [pair d=33 medium] her-left(green)=0@- her-right(amber)=1@148,480 | [pair d=32 medium] her-left(green)=0@- her-right(amber)=0@-",false,medium,,
/workspace/shadowveil/reference/grok_build/public/clean-room/sheets/jump-3.jpg,art,other pose still (action/expression/hand/eye),,1,2,2,0,"[pair d=83 high] her-left(green)=2@652,310;656,321 her-right(amber)=0@-",false,high,,
/workspace/shadowveil/reference/grok_build/public/clean-room/sheets/jump-6.jpg,art,other pose still (action/expression/hand/eye),,1,2,2,0,"[pair d=112 high] her-left(green)=2@406,394;410,410 her-right(amber)=0@-",false,high,,
/workspace/shadowveil/reference/grok_build/public/clean-room/sheets/lie-back.jpg,art,other pose still (action/expression/hand/eye),180 (back),1,0,0,,[single-green d=79 medium] her-left(green)=0@-,false,medium,,
/workspace/shadowveil/reference/grok_build/public/clean-room/sheets/lie-front.jpg,art,other pose still (action/expression/hand/eye),0 (front),1,2,2,0,"[pair d=89 high] her-left(green)=2@326,322;331,336 her-right(amber)=0@-",false,high,,
/workspace/shadowveil/reference/grok_build/public/clean-room/sheets/life.jpg,art,other pose still (action/expression/hand/eye),,3,3;3;0,2;2;0,1;1;0,"[pair d=59 high] her-left(green)=2@670,208;672,217 her-right(amber)=1@585,210 | [pair d=58 high] her-left(green)=2@1080,198;1082,208 her-right(amber)=1@996,200 | [pair d=63 high] her-left(green)=0@- her-right(amber)=0@-",false,high,,
/workspace/shadowveil/reference/grok_build/public/clean-room/sheets/loop-talk.jpg,art,other pose still (action/expression/hand/eye),,4,3;3;2;2,2;2;2;2,1;1;0;0,"[pair d=68 high] her-left(green)=2@946,200;949,208 her-right(amber)=1@849,201 | [pair d=66 high] her-left(green)=2@225,200;227,210 her-right(amber)=1@127,202 | [pair d=68 high] her-left(green)=2@1308,205;1310,214 her-right(amber)=0@- | [pair d=67 high] her-left(green)=2@586,205;588,214 her-right(amber)=0@-",false,high,,
/workspace/shadowveil/reference/grok_build/public/clean-room/sheets/motion.jpg,art,other pose still (action/expression/hand/eye),,1,0,0,0,[pair d=74 high] her-left(green)=0@- her-right(amber)=0@-,false,high,,
/workspace/shadowveil/reference/grok_build/public/clean-room/sheets/play-point.jpg,art,other pose still (action/expression/hand/eye),,1,2,2,0,"[pair d=72 high] her-left(green)=2@562,249;561,260 her-right(amber)=0@-",false,high,,
/workspace/shadowveil/reference/grok_build/public/clean-room/sheets/play-smirk.jpg,art,other pose still (action/expression/hand/eye),,1,4,4,,"[single-green d=89 medium] her-left(green)=4@622,238;625,248;560,262;574,262",false,medium,,
/workspace/shadowveil/reference/grok_build/public/clean-room/sheets/play-tongue.jpg,art,other pose still (action/expression/hand/eye),,2,2;2,2,2,"[single-green d=53 medium] her-left(green)=2@624,242;626,253 | [single-amber d=77 medium] her-right(amber)=2@511,242;559,265",false,medium,,
/workspace/shadowveil/reference/grok_build/public/clean-room/sheets/play.jpg,art,other pose still (action/expression/hand/eye),,1,0,0,0,[pair d=165 high] her-left(green)=0@- her-right(amber)=0@-,false,high,,
/workspace/shadowveil/reference/grok_build/public/clean-room/sheets/reactions-2.jpg,art,other pose still (action/expression/hand/eye),,2,0;0,0;0,0;0,[pair d=73 high] her-left(green)=0@- her-right(amber)=0@- | [pair d=71 high] her-left(green)=0@- her-right(amber)=0@-,false,high,,
/workspace/shadowveil/reference/grok_build/public/clean-room/sheets/reactions.jpg,art,other pose still (action/expression/hand/eye),,3,1;0;0,0;0;0,1;0;0,"[pair d=73 high] her-left(green)=0@- her-right(amber)=1@480,244 | [pair d=71 high] her-left(green)=0@- her-right(amber)=0@- | [pair d=64 high] her-left(green)=0@- her-right(amber)=0@-",false,high,,
/workspace/shadowveil/reference/grok_build/public/clean-room/sheets/set-16.jpg,art,other pose still (action/expression/hand/eye),,3,1;0;1,1;0;1,,"[single-green d=48 medium] her-left(green)=1@282,136 | [single-green d=48 medium] her-left(green)=0@- | [single-green d=31 low] her-left(green)=1@1744,138",false,medium,,
/workspace/shadowveil/reference/grok_build/public/clean-room/sheets/set-17.jpg,art,other pose still (action/expression/hand/eye),,4,1;1;1;1,1;1,1;1,"[single-green d=50 medium] her-left(green)=1@345,1382 | [single-amber d=43 low] her-right(amber)=1@1468,1380 | [single-amber d=38 low] her-right(amber)=1@279,1379 | [single-green d=36 low] her-left(green)=1@828,762",false,medium,,
/workspace/shadowveil/reference/grok_build/public/clean-room/sheets/sheet-1db5.jpg,art,other pose still (action/expression/hand/eye),,5,2;2;2;2;2,1;1;1;1;1,1;1;1;1;1,"[pair d=82 high] her-left(green)=1@523,281 her-right(amber)=1@402,280 | [pair d=81 high] her-left(green)=1@236,282 her-right(amber)=1@114,281 | [pair d=82 high] her-left(green)=1@809,743 her-right(amber)=1@688,743 | [pair d=81 high] her-left(green)=1@1096,281 her-right(amber)=1@975,280 | [pair d=82 high] her-left(green)=1@232,743 her-right(amber)=1@110,742",false,high,,
/workspace/shadowveil/reference/grok_build/public/clean-room/sheets/sheet-9f8e.jpg,art,other pose still (action/expression/hand/eye),,3,1;1;2,1;1;1,0;0;1,"[pair d=79 high] her-left(green)=1@305,719 her-right(amber)=0@- | [pair d=78 high] her-left(green)=1@305,249 her-right(amber)=0@- | [pair d=81 high] her-left(green)=1@1154,719 her-right(amber)=1@1036,708",false,high,,
/workspace/shadowveil/reference/grok_build/public/clean-room/sheets/sheet-aab0.jpg,art,other pose still (action/expression/hand/eye),,4,1;1;0;1,1;1;0;1,,"[single-green d=48 medium] her-left(green)=1@1065,141 | [single-green d=43 low] her-left(green)=1@483,152 | [single-green d=46 medium] her-left(green)=0@- | [single-green d=43 low] her-left(green)=1@222,139",false,medium,,
/workspace/shadowveil/reference/grok_build/public/clean-room/tpose.png,art,turnaround/rotation still,0 (T-pose front),1,2,1,1,"[pair d=67 high] her-left(green)=1@731,238 her-right(amber)=1@635,240",false,high,,
/workspace/shadowveil/reference/grok_build/public/puppet/emotions/shock.png,art,other pose still (action/expression/hand/eye),,2,1;0,1,0,"[single-green d=119 medium] her-left(green)=1@474,385 | [single-amber d=72 medium] her-right(amber)=0@-",false,medium,,
/workspace/shadowveil/reference/grok_build/public/puppet/head.png,art,other/unclassified,,1,3,3,,"[single-green d=216 medium] her-left(green)=3@538,724;530,753;542,782",false,medium,,
/workspace/shadowveil/reference/grok_build/public/puppet/ref-face.png,art,other pose still (action/expression/hand/eye),,2,1;1,1,1,"[single-green d=67 medium] her-left(green)=1@162,268 | [single-amber d=48 medium] her-right(amber)=1@56,270",false,medium,,
/workspace/shadowveil/reference/grok_build/screenshots/app-builder-preview.png,art,QA crop / contact sheet,,1,0,0,0,[pair d=28 medium] her-left(green)=0@- her-right(amber)=0@-,false,medium,,
/workspace/shadowveil/reference/grok_build_captures/stills/brace_t5.3s.png,art,other pose still (action/expression/hand/eye),,1,2,1,1,"[pair d=50 high] her-left(green)=1@335,140 her-right(amber)=1@263,141",false,high,,
/workspace/shadowveil/reference/grok_build_captures/stills/clasp_t5.3s.png,art,other pose still (action/expression/hand/eye),,1,1,0,1,"[pair d=39 medium] her-left(green)=0@- her-right(amber)=1@270,126",false,medium,,
/workspace/shadowveil/reference/grok_build_captures/stills/gasp_t0.5s.png,art,other pose still (action/expression/hand/eye),,2,1;0,1,0,"[single-green d=50 medium] her-left(green)=1@296,149 | [single-amber d=31 low] her-right(amber)=0@-",false,medium,,
/workspace/shadowveil/reference/grok_build_captures/stills/gasp_t3.0s.png,art,other pose still (action/expression/hand/eye),,1,0,0,,[single-green d=50 medium] her-left(green)=0@-,false,medium,,
/workspace/shadowveil/reference/grok_build_captures/stills/gasp_t5.3s.png,art,other pose still (action/expression/hand/eye),,1,1,1,,"[single-green d=50 medium] her-left(green)=1@295,150",false,medium,,
/workspace/shadowveil/reference/grok_build_captures/stills/getup_t0.5s.png,art,other pose still (action/expression/hand/eye),,1,0,0,0,[pair d=29 medium MIRRORED] her-left(green)=0@-,false,medium,,
/workspace/shadowveil/reference/grok_build_captures/stills/getup_t3.0s.png,art,other pose still (action/expression/hand/eye),,3,0;0;0,0,0;0,[single-green d=46 medium] her-left(green)=0@- | [single-amber d=34 low] her-right(amber)=0@- | [single-amber d=31 low] her-right(amber)=0@-,false,medium,,
/workspace/shadowveil/reference/grok_build_captures/stills/getup_t5.3s.png,art,other pose still (action/expression/hand/eye),,1,0,0,0,[pair d=42 medium] her-left(green)=0@- her-right(amber)=0@-,false,medium,,
/workspace/shadowveil/reference/grok_build_captures/stills/glare_t3.0s.png,art,other pose still (action/expression/hand/eye),,1,0,0,0,[pair d=36 medium] her-left(green)=0@- her-right(amber)=0@-,false,medium,,
/workspace/shadowveil/reference/grok_build_captures/stills/glare_t5.3s.png,art,other pose still (action/expression/hand/eye),,1,1,0,1,"[pair d=39 medium] her-left(green)=0@- her-right(amber)=1@280,121",false,medium,,
/workspace/shadowveil/reference/grok_build_captures/stills/hem_t3.0s.png,art,other pose still (action/expression/hand/eye),,2,0;0,0,0,[single-green d=46 medium] her-left(green)=0@- | [single-amber d=19 low] her-right(amber)=0@-,false,medium,,
/workspace/shadowveil/reference/grok_build_captures/stills/hem_t5.3s.png,art,other pose still (action/expression/hand/eye),,1,2,1,1,"[pair d=38 medium] her-left(green)=1@323,125 her-right(amber)=1@268,125",false,medium,,
/workspace/shadowveil/reference/grok_build_captures/stills/hip_t0.5s.png,art,other pose still (action/expression/hand/eye),,1,1,0,1,"[pair d=38 medium] her-left(green)=0@- her-right(amber)=1@270,134",false,medium,,
/workspace/shadowveil/reference/grok_build_captures/stills/hip_t3.0s.png,art,other pose still (action/expression/hand/eye),,1,1,1,0,"[pair d=39 medium] her-left(green)=1@308,136 her-right(amber)=0@-",false,medium,,
/workspace/shadowveil/reference/grok_build_captures/stills/hip_t5.3s.png,art,other pose still (action/expression/hand/eye),,1,0,0,0,[pair d=39 medium] her-left(green)=0@- her-right(amber)=0@-,false,medium,,
/workspace/shadowveil/reference/grok_build_captures/stills/idle_t5.3s.png,art,other pose still (action/expression/hand/eye),,1,0,,0,[single-amber d=79 medium] her-right(amber)=0@-,false,medium,,
/workspace/shadowveil/reference/grok_build_captures/stills/jump_t0.5s.png,art,other pose still (action/expression/hand/eye),,1,0,0,,[single-green d=46 medium] her-left(green)=0@-,false,medium,,
/workspace/shadowveil/reference/grok_build_captures/stills/jump_t3.0s.png,art,other pose still (action/expression/hand/eye),,1,0,0,,[single-green d=48 medium] her-left(green)=0@-,false,medium,,
/workspace/shadowveil/reference/grok_build_captures/stills/jump_t5.3s.png,art,other pose still (action/expression/hand/eye),,2,0;0,0,0,[single-green d=46 medium] her-left(green)=0@- | [single-amber d=22 low] her-right(amber)=0@-,false,medium,,
/workspace/shadowveil/reference/grok_build_captures/stills/look_t5.3s.png,art,other pose still (action/expression/hand/eye),,1,0,,0,[single-amber d=46 medium] her-right(amber)=0@-,false,medium,,
/workspace/shadowveil/reference/grok_build_captures/stills/nod_t5.3s.png,art,other pose still (action/expression/hand/eye),,1,1,0,1,"[pair d=39 medium] her-left(green)=0@- her-right(amber)=1@270,121",false,medium,,
/workspace/shadowveil/reference/grok_build_captures/stills/point_t3.0s.png,art,other pose still (action/expression/hand/eye),,1,0,0,0,[pair d=39 medium] her-left(green)=0@- her-right(amber)=0@-,false,medium,,
/workspace/shadowveil/reference/grok_build_captures/stills/point_t5.3s.png,art,other pose still (action/expression/hand/eye),,1,0,0,0,[pair d=39 medium] her-left(green)=0@- her-right(amber)=0@-,false,medium,,
/workspace/shadowveil/reference/grok_build_captures/stills/sad_t5.3s.png,art,other pose still (action/expression/hand/eye),,1,0,0,,[single-green d=48 medium] her-left(green)=0@-,false,medium,,
/workspace/shadowveil/reference/grok_build_captures/stills/shrug_t0.5s.png,art,other pose still (action/expression/hand/eye),,1,0,0,0,[pair d=38 medium] her-left(green)=0@- her-right(amber)=0@-,false,medium,,
/workspace/shadowveil/reference/grok_build_captures/stills/shrug_t3.0s.png,art,other pose still (action/expression/hand/eye),,1,0,0,0,[pair d=38 medium] her-left(green)=0@- her-right(amber)=0@-,false,medium,,
/workspace/shadowveil/reference/grok_build_captures/stills/shrug_t5.3s.png,art,other pose still (action/expression/hand/eye),,1,1,1,0,"[pair d=38 medium] her-left(green)=1@320,114 her-right(amber)=0@-",false,medium,,
/workspace/shadowveil/reference/grok_build_captures/stills/smirk_t0.5s.png,art,other pose still (action/expression/hand/eye),,1,1,1,,"[single-green d=46 medium] her-left(green)=1@323,127",false,medium,,
/workspace/shadowveil/reference/grok_build_captures/stills/smirk_t5.3s.png,art,other pose still (action/expression/hand/eye),,1,2,1,1,"[pair d=40 medium] her-left(green)=1@324,126 her-right(amber)=1@266,126",false,medium,,
/workspace/shadowveil/reference/grok_build_captures/stills/startle_t3.0s.png,art,other pose still (action/expression/hand/eye),,1,0,0,,[single-green d=48 medium] her-left(green)=0@-,false,medium,,
/workspace/shadowveil/reference/grok_build_captures/stills/startle_t5.3s.png,art,other pose still (action/expression/hand/eye),,1,1,1,,"[single-green d=48 medium] her-left(green)=1@295,121",false,medium,,
/workspace/shadowveil/reference/grok_build_captures/stills/stop_t0.5s.png,art,other pose still (action/expression/hand/eye),,1,1,0,1,"[pair d=39 medium] her-left(green)=0@- her-right(amber)=1@268,118",false,medium,,
/workspace/shadowveil/reference/grok_build_captures/stills/stop_t3.0s.png,art,other pose still (action/expression/hand/eye),,1,0,0,0,[pair d=38 medium] her-left(green)=0@- her-right(amber)=0@-,false,medium,,
/workspace/shadowveil/reference/grok_build_captures/stills/stop_t5.3s.png,art,other pose still (action/expression/hand/eye),,1,0,0,0,[pair d=39 medium] her-left(green)=0@- her-right(amber)=0@-,false,medium,,
/workspace/shadowveil/reference/grok_build_captures/stills/sway_t5.3s.png,art,other pose still (action/expression/hand/eye),,1,0,0,0,[pair d=37 medium] her-left(green)=0@- her-right(amber)=0@-,false,medium,,
/workspace/shadowveil/reference/grok_build_captures/stills/tongue_t0.5s.png,art,part/layer (not full figure),,1,1,1,,"[single-green d=48 medium] her-left(green)=1@326,126",false,medium,,
/workspace/shadowveil/reference/grok_build_captures/stills/walk_t0.5s.png,art,other pose still (action/expression/hand/eye),,2,0;0,,0;0,[single-amber d=66 medium] her-right(amber)=0@- | [single-amber d=84 medium] her-right(amber)=0@-,false,medium,,
/workspace/shadowveil/reference/grok_build_captures/stills/worry_t3.0s.png,art,other pose still (action/expression/hand/eye),,1,0,0,0,[pair d=40 medium] her-left(green)=0@- her-right(amber)=0@-,false,medium,,
/workspace/shadowveil/reference/grok_build_captures/stills/worry_t5.3s.png,art,other pose still (action/expression/hand/eye),,1,0,0,0,[pair d=40 medium] her-left(green)=0@- her-right(amber)=0@-,false,medium,,
/workspace/shadowveil/reference/grok_build_captures/stills/yawn_t3.0s.png,art,other pose still (action/expression/hand/eye),,1,1,1,0,"[pair d=39 medium] her-left(green)=1@321,114 her-right(amber)=0@-",false,medium,,
/workspace/shadowveil/reference/grok_build_captures/stills/yawn_t5.3s.png,art,other pose still (action/expression/hand/eye),,1,0,0,0,[pair d=39 medium] her-left(green)=0@- her-right(amber)=0@-,false,medium,,
/workspace/shadowveil/reference/grok_build_captures/tabs/stills_Base.png,art,other pose still (action/expression/hand/eye),,2,0;0,0;0,0;0,[pair d=30 medium] her-left(green)=0@- her-right(amber)=0@- | [pair d=29 medium] her-left(green)=0@- her-right(amber)=0@-,false,medium,,
/workspace/shadowveil/reference/grok_build_captures/tabs/stills_Face.png,art,other pose still (action/expression/hand/eye),,2,0;0,0;0,0;0,[pair d=37 medium] her-left(green)=0@- her-right(amber)=0@- | [pair d=39 medium] her-left(green)=0@- her-right(amber)=0@-,false,medium,,
/workspace/shadowveil/reference/grok_build_captures/tabs/stills_Ground.png,art,other pose still (action/expression/hand/eye),,1,1,1,0,"[pair d=55 high] her-left(green)=1@339,476 her-right(amber)=0@-",false,high,,
/workspace/shadowveil/reference/grok_build_captures/tabs/stills_Idle.png,art,other pose still (action/expression/hand/eye),,2,1;1,0;1,1;0,"[pair d=38 medium] her-left(green)=0@- her-right(amber)=1@272,400 | [pair d=37 medium] her-left(green)=1@325,1358 her-right(amber)=0@-",false,medium,,
/workspace/shadowveil/reference/grok_build_captures/tabs/stills_Loops.png,art,other pose still (action/expression/hand/eye),,1,1,1,0,"[pair d=38 medium] her-left(green)=1@325,1348 her-right(amber)=0@-",false,medium,,
/workspace/shadowveil/reference/grok_build_captures/tabs/stills_Older.png,art,other pose still (action/expression/hand/eye),,2,1;0,1;0,0;0,"[pair d=40 medium] her-left(green)=1@327,417 her-right(amber)=0@- | [pair d=38 medium] her-left(green)=0@- her-right(amber)=0@-",false,medium,,
/workspace/shadowveil/reference/grok_build_captures/tabs/stills_Playful.png,art,other pose still (action/expression/hand/eye),,4,1;1;1;1,1;1,1;1,"[single-green d=46 medium] her-left(green)=1@325,1362 | [single-green d=43 low] her-left(green)=1@324,404 | [single-amber d=41 low] her-right(amber)=1@266,405 | [single-amber d=22 low] her-right(amber)=1@267,1358",false,medium,,
/workspace/shadowveil/reference/test_sheet_expressions.jpg,art,other pose still (action/expression/hand/eye),,3,1;1;2,1;1;1,0;0;1,"[pair d=79 high] her-left(green)=1@305,719 her-right(amber)=0@- | [pair d=78 high] her-left(green)=1@305,249 her-right(amber)=0@- | [pair d=81 high] her-left(green)=1@1154,719 her-right(amber)=1@1036,708",false,high,,
/workspace/shadowveil/reference/test_sheet_face_shapes.jpg,art,other pose still (action/expression/hand/eye),,5,2;2;2;2;2,1;1;1;1;1,1;1;1;1;1,"[pair d=82 high] her-left(green)=1@523,281 her-right(amber)=1@402,280 | [pair d=81 high] her-left(green)=1@236,282 her-right(amber)=1@114,281 | [pair d=82 high] her-left(green)=1@809,743 her-right(amber)=1@688,743 | [pair d=81 high] her-left(green)=1@1096,281 her-right(amber)=1@975,280 | [pair d=82 high] her-left(green)=1@232,743 her-right(amber)=1@110,742",false,high,,
/workspace/shadowveil/reference/test_sheet_gestures.jpg,art,other pose still (action/expression/hand/eye),,4,1;1;0;1,1;1;0;1,,"[single-green d=48 medium] her-left(green)=1@1065,141 | [single-green d=43 low] her-left(green)=1@483,152 | [single-green d=46 medium] her-left(green)=0@- | [single-green d=43 low] her-left(green)=1@222,139",false,medium,,
/workspace/shadowveil/reference/tpose.png,art,turnaround/rotation still,0 (T-pose front),1,2,1,1,"[pair d=67 high] her-left(green)=1@731,238 her-right(amber)=1@635,240",false,high,,
/workspace/shadowveil/views/tpose/base.png,art,turnaround/rotation still,0 (T-pose front),1,2,1,1,"[pair d=67 high] her-left(green)=1@731,238 her-right(amber)=1@635,240",false,high,,
/workspace/gb/turn_faces.png,art,other pose still (action/expression/hand/eye),,1,0,0,0,[pair d=11 low] her-left(green)=0@- her-right(amber)=0@-,uncertain,low,,
/workspace/shadowveil-hair/side.png,art,turnaround/rotation still,side profile,1,0,0,,[single-green d=35 low] her-left(green)=0@-,uncertain,low,,
/workspace/shadowveil/body_tools/idle/resim/keys_idle_arm_settle_left/rest.png,art,other pose still (action/expression/hand/eye),,1,0,0,,[single-green d=35 low] her-left(green)=0@-,uncertain,low,,
/workspace/shadowveil/body_tools/idle/resim/keys_idle_arm_settle_right/rest.png,art,other pose still (action/expression/hand/eye),,1,0,,0,[single-amber d=24 low] her-right(amber)=0@-,uncertain,low,,
/workspace/shadowveil/body_tools/idle/resim/keys_idle_weight_shift_left/rest.png,art,other pose still (action/expression/hand/eye),,1,0,0,,[single-green d=35 low] her-left(green)=0@-,uncertain,low,,
/workspace/shadowveil/body_tools/idle/resim/keys_idle_weight_shift_right/rest.png,art,other pose still (action/expression/hand/eye),,1,0,,0,[single-amber d=24 low] her-right(amber)=0@-,uncertain,low,,
/workspace/shadowveil/hair/backup_pre_quality/base_body/left.png,art,turnaround/rotation still,left profile,1,0,0,,[single-green d=35 low] her-left(green)=0@-,uncertain,low,,
/workspace/shadowveil/hair/backup_pre_quality/base_body/right.png,art,turnaround/rotation still,right profile,1,0,,0,[single-amber d=24 low] her-right(amber)=0@-,uncertain,low,,
/workspace/shadowveil/reference/apose_turn/frames/f009.png,art,video/render frame sequence,,1,0,0,0,[pair d=16 low MIRRORED] her-left(green)=0@- her-right(amber)=0@-,uncertain,low,,
/workspace/shadowveil/reference/apose_turn/frames/f024.png,art,video/render frame sequence,,1,0,0,0,[pair d=18 low MIRRORED] her-left(green)=0@- her-right(amber)=0@-,uncertain,low,,
/workspace/shadowveil/reference/apose_turn/frames/f026.png,art,video/render frame sequence,,1,0,0,0,[pair d=16 low MIRRORED] her-left(green)=0@- her-right(amber)=0@-,uncertain,low,,
/workspace/shadowveil/reference/apose_turn/frames/f027.png,art,video/render frame sequence,,1,0,0,0,[pair d=17 low MIRRORED] her-left(green)=0@- her-right(amber)=0@-,uncertain,low,,
/workspace/shadowveil/reference/apose_turn/frames/f028.png,art,video/render frame sequence,,1,0,0,0,[pair d=17 low MIRRORED] her-left(green)=0@- her-right(amber)=0@-,uncertain,low,,
/workspace/shadowveil/reference/apose_turn/frames/f032.png,art,video/render frame sequence,,1,0,0,0,[pair d=18 low MIRRORED] her-left(green)=0@- her-right(amber)=0@-,uncertain,low,,
/workspace/shadowveil/reference/apose_turn/frames/f033.png,art,video/render frame sequence,,1,0,0,0,[pair d=17 low MIRRORED] her-left(green)=0@- her-right(amber)=0@-,uncertain,low,,
/workspace/shadowveil/reference/apose_turn/frames/f036.png,art,video/render frame sequence,,1,1,1,0,"[pair d=23 low] her-left(green)=1@380,184 her-right(amber)=0@-",uncertain,low,,
/workspace/shadowveil/reference/apose_turn/frames/f038.png,art,video/render frame sequence,,1,0,0,0,[pair d=17 low MIRRORED] her-left(green)=0@- her-right(amber)=0@-,uncertain,low,,
/workspace/shadowveil/reference/apose_turn/frames/f040.png,art,video/render frame sequence,,1,2,2,,"[single-green d=41 low] her-left(green)=2@373,184;375,191",uncertain,low,,
/workspace/shadowveil/reference/apose_turn/frames/f042.png,art,video/render frame sequence,,1,2,2,,"[single-green d=41 low] her-left(green)=2@370,184;372,192",uncertain,low,,
/workspace/shadowveil/reference/apose_turn/frames/f043.png,art,video/render frame sequence,,1,2,2,,"[single-green d=38 low] her-left(green)=2@368,184;370,192",uncertain,low,,
/workspace/shadowveil/reference/apose_turn/frames/f045.png,art,video/render frame sequence,,1,0,0,0,[pair d=17 low MIRRORED] her-left(green)=0@- her-right(amber)=0@-,uncertain,low,,
/workspace/shadowveil/reference/apose_turn/frames/f046.png,art,video/render frame sequence,,1,2,2,,"[single-green d=34 low] her-left(green)=2@362,184;364,191",uncertain,low,,
/workspace/shadowveil/reference/apose_turn/frames/f047.png,art,video/render frame sequence,,1,2,2,,"[single-green d=36 low] her-left(green)=2@360,184;362,192",uncertain,low,,
/workspace/shadowveil/reference/apose_turn/frames/f048.png,art,video/render frame sequence,,1,2,2,,"[single-green d=36 low] her-left(green)=2@358,184;360,192",uncertain,low,,
/workspace/shadowveil/reference/apose_turn/frames/f049.png,art,video/render frame sequence,,1,2,2,,"[single-green d=36 low] her-left(green)=2@357,184;359,191",uncertain,low,,
/workspace/shadowveil/reference/apose_turn/frames/f051.png,art,video/render frame sequence,,1,2,2,,"[single-green d=34 low] her-left(green)=2@353,184;356,192",uncertain,low,,
/workspace/shadowveil/reference/apose_turn/frames/f053.png,art,video/render frame sequence,,1,0,0,0,[pair d=12 low] her-left(green)=0@- her-right(amber)=0@-,uncertain,low,,
/workspace/shadowveil/reference/apose_turn/frames/f172.png,art,video/render frame sequence,,1,0,,0,[single-amber d=43 low] her-right(amber)=0@-,uncertain,low,,
/workspace/shadowveil/reference/apose_turn/frames/f183.png,art,video/render frame sequence,,1,0,,0,[single-amber d=34 low] her-right(amber)=0@-,uncertain,low,,
/workspace/shadowveil/reference/apose_turn/frames/f196.png,art,video/render frame sequence,,1,0,0,,[single-green d=29 low] her-left(green)=0@-,uncertain,low,,
/workspace/shadowveil/reference/apose_turn/frames/f198.png,art,video/render frame sequence,,1,0,0,,[single-green d=34 low] her-left(green)=0@-,uncertain,low,,
/workspace/shadowveil/reference/apose_turn/frames/f199.png,art,video/render frame sequence,,1,0,0,,[single-green d=38 low] her-left(green)=0@-,uncertain,low,,
/workspace/shadowveil/reference/apose_turn/frames/f200.png,art,video/render frame sequence,,1,0,0,,[single-green d=34 low] her-left(green)=0@-,uncertain,low,,
/workspace/shadowveil/reference/apose_turn/frames/f201.png,art,video/render frame sequence,,1,1,1,,"[single-green d=41 low] her-left(green)=1@402,199",uncertain,low,,
/workspace/shadowveil/reference/apose_turn/frames/f202.png,art,video/render frame sequence,,1,0,0,,[single-green d=34 low] her-left(green)=0@-,uncertain,low,,
/workspace/shadowveil/reference/apose_turn/frames/f204.png,art,video/render frame sequence,,1,0,0,,[single-green d=43 low] her-left(green)=0@-,uncertain,low,,
/workspace/shadowveil/reference/apose_turn/frames/f209.png,art,video/render frame sequence,,1,1,,1,"[single-amber d=22 low] her-right(amber)=1@362,186",uncertain,low,,
/workspace/shadowveil/reference/approved_turnaround.jpg,art,turnaround/rotation still,,2,0;1,0;1,,"[single-green d=43 low] her-left(green)=0@- | [single-green d=43 low] her-left(green)=1@710,136",uncertain,low,,
/workspace/shadowveil/reference/batch1/base_turnaround_e843956d.jpg,art,turnaround/rotation still,,2,0;1,0;1,,"[single-green d=43 low] her-left(green)=0@- | [single-green d=43 low] her-left(green)=1@710,136",uncertain,low,,
/workspace/shadowveil/reference/batch1/left.png,art,turnaround/rotation still,left profile,1,0,0,,[single-green d=35 low] her-left(green)=0@-,uncertain,low,,
/workspace/shadowveil/reference/batch1/right.png,art,turnaround/rotation still,right profile,1,0,,0,[single-amber d=24 low] her-right(amber)=0@-,uncertain,low,,
/workspace/shadowveil/reference/batch2/test_sheet_19472abf.jpg,art,other pose still (action/expression/hand/eye),,4,0;0;0;0,0;0;0;0,,[single-green d=41 low] her-left(green)=0@- | [single-green d=41 low] her-left(green)=0@- | [single-green d=41 low] her-left(green)=0@- | [single-green d=22 low] her-left(green)=0@-,uncertain,low,,
/workspace/shadowveil/reference/grok_build/artifacts/imagine_images/09973acd-6292-428c-be2f-2946c4f265a0.jpg,art,other pose still (action/expression/hand/eye),,1,0,0,,[single-green d=24 low] her-left(green)=0@-,uncertain,low,,
/workspace/shadowveil/reference/grok_build/artifacts/imagine_images/19472abf-6962-4987-a8a9-6354a392d9e4.jpg,art,other pose still (action/expression/hand/eye),,4,0;0;0;0,0;0;0;0,,[single-green d=41 low] her-left(green)=0@- | [single-green d=41 low] her-left(green)=0@- | [single-green d=41 low] her-left(green)=0@- | [single-green d=22 low] her-left(green)=0@-,uncertain,low,,
/workspace/shadowveil/reference/grok_build/artifacts/imagine_images/2ea0b32b-91d9-4d66-a3bd-bfb5d70679d6.jpg,art,other pose still (action/expression/hand/eye),,1,0,,0,[single-amber d=41 low] her-right(amber)=0@-,uncertain,low,,
/workspace/shadowveil/reference/grok_build/artifacts/imagine_images/346f59f2-42e8-4fd8-a87e-8df360228f8d.jpg,art,other pose still (action/expression/hand/eye),,2,0;0,0;0,,[single-green d=34 low] her-left(green)=0@- | [single-green d=22 low] her-left(green)=0@-,uncertain,low,,
/workspace/shadowveil/reference/grok_build/artifacts/imagine_images/351b772b-0984-4850-99ea-c05c7448d7ff.jpg,art,other pose still (action/expression/hand/eye),,1,0,0,,[single-green d=22 low] her-left(green)=0@-,uncertain,low,,
/workspace/shadowveil/reference/grok_build/artifacts/imagine_images/4ce26785-42ef-42e8-afa8-c54a702b5b17.jpg,art,other pose still (action/expression/hand/eye),,1,0,0,,[single-green d=31 low] her-left(green)=0@-,uncertain,low,,
/workspace/shadowveil/reference/grok_build/artifacts/imagine_images/56a94ac3-667a-406b-9ca6-7d8ca3355d55.jpg,art,other pose still (action/expression/hand/eye),,2,1;0,,1;0,"[single-amber d=38 low] her-right(amber)=1@392,422 | [single-amber d=36 low] her-right(amber)=0@-",uncertain,low,,
/workspace/shadowveil/reference/grok_build/artifacts/imagine_images/6069a04a-ef67-4b2f-9f7b-70bd0f25f1a9.jpg,art,other pose still (action/expression/hand/eye),,1,0,0,,[single-green d=26 low] her-left(green)=0@-,uncertain,low,,
/workspace/shadowveil/reference/grok_build/artifacts/imagine_images/65e0acce-fef8-4c8e-9bc4-785dea6acbbe.jpg,art,other pose still (action/expression/hand/eye),,1,0,0,,[single-green d=26 low] her-left(green)=0@-,uncertain,low,,
/workspace/shadowveil/reference/grok_build/artifacts/imagine_images/6e5cb760-8831-4445-a3f6-b41fa58b1057.jpg,art,other pose still (action/expression/hand/eye),,1,0,0,,[single-green d=31 low] her-left(green)=0@-,uncertain,low,,
/workspace/shadowveil/reference/grok_build/artifacts/imagine_images/729d89be-a94c-4c29-8917-93529b98e3a8.jpg,art,other pose still (action/expression/hand/eye),,2,1;1,1,1,"[single-green d=40 low] her-left(green)=1@604,248 | [single-amber d=29 low] her-right(amber)=1@518,260",uncertain,low,,
/workspace/shadowveil/reference/grok_build/artifacts/imagine_images/7cd75d5d-65d9-46e0-894b-090d25edf038.jpg,art,other pose still (action/expression/hand/eye),,1,0,,0,[single-amber d=24 low] her-right(amber)=0@-,uncertain,low,,
/workspace/shadowveil/reference/grok_build/artifacts/imagine_images/7d6b8c9c-86a4-4f97-9ec0-c822e72e9b8e.jpg,art,other pose still (action/expression/hand/eye),,1,0,0,,[single-green d=26 low] her-left(green)=0@-,uncertain,low,,
/workspace/shadowveil/reference/grok_build/artifacts/imagine_images/818b22b9-ff38-41bf-a2b1-e2fdee6fb243.jpg,art,other pose still (action/expression/hand/eye),,1,0,,0,[single-amber d=18 low] her-right(amber)=0@-,uncertain,low,,
/workspace/shadowveil/reference/grok_build/artifacts/imagine_images/863454e1-98aa-48f9-9509-96998e45b334.jpg,art,other pose still (action/expression/hand/eye),,2,0;0,0,0,[single-green d=41 low] her-left(green)=0@- | [single-amber d=31 low] her-right(amber)=0@-,uncertain,low,,
/workspace/shadowveil/reference/grok_build/artifacts/imagine_images/86dab711-f852-4019-a7dc-34a69a0388a9.jpg,art,other pose still (action/expression/hand/eye),,1,0,0,,[single-green d=35 low] her-left(green)=0@-,uncertain,low,,
/workspace/shadowveil/reference/grok_build/artifacts/imagine_images/8a282bfa-2d8d-4a64-adcd-305e3a30f9ea.jpg,art,other pose still (action/expression/hand/eye),,1,0,0,,[single-green d=22 low] her-left(green)=0@-,uncertain,low,,
/workspace/shadowveil/reference/grok_build/artifacts/imagine_images/92dd4093-08aa-49f6-be7a-8560b585bd71.jpg,art,other pose still (action/expression/hand/eye),,1,1,1,,"[single-green d=31 low] her-left(green)=1@567,225",uncertain,low,,
/workspace/shadowveil/reference/grok_build/artifacts/imagine_images/93930931-77ea-41cd-9627-ce0d10ad0b8e.jpg,art,other pose still (action/expression/hand/eye),,1,1,,1,"[single-amber d=38 low] her-right(amber)=1@667,221",uncertain,low,,
/workspace/shadowveil/reference/grok_build/artifacts/imagine_images/9f9098f9-6129-4a9d-8b46-d602a40ecafc.jpg,art,other pose still (action/expression/hand/eye),,1,1,,1,"[single-amber d=34 low] her-right(amber)=1@653,222",uncertain,low,,
/workspace/shadowveil/reference/grok_build/artifacts/imagine_images/a71be9a4-d093-4174-998a-777c1685df84.jpg,art,other pose still (action/expression/hand/eye),,1,0,0,,[single-green d=24 low] her-left(green)=0@-,uncertain,low,,
/workspace/shadowveil/reference/grok_build/artifacts/imagine_images/bd33c711-5b74-48b3-b6df-592a8d957171.jpg,art,other pose still (action/expression/hand/eye),,2,1;0,0,1,"[single-amber d=41 low] her-right(amber)=1@572,283 | [single-green d=34 low] her-left(green)=0@-",uncertain,low,,
/workspace/shadowveil/reference/grok_build/artifacts/imagine_images/c1007cb2-7a3d-415b-abc1-d38c4e1f2520.jpg,art,other pose still (action/expression/hand/eye),,1,0,0,,[single-green d=29 low] her-left(green)=0@-,uncertain,low,,
/workspace/shadowveil/reference/grok_build/artifacts/imagine_images/c2182cc0-0700-4365-b697-29b6e1922fa8.jpg,art,other pose still (action/expression/hand/eye),,2,0;0,,0;0,[single-amber d=20 low] her-right(amber)=0@- | [single-amber d=22 low] her-right(amber)=0@-,uncertain,low,,
/workspace/shadowveil/reference/grok_build/artifacts/imagine_images/c69d92d8-7986-4939-aca8-032c126a8a3c.jpg,art,other pose still (action/expression/hand/eye),,1,0,0,,[single-green d=35 low] her-left(green)=0@-,uncertain,low,,
/workspace/shadowveil/reference/grok_build/artifacts/imagine_images/d10f4307-3a07-4173-845e-6f34845781f3.jpg,art,other pose still (action/expression/hand/eye),,1,0,,0,[single-amber d=31 low] her-right(amber)=0@-,uncertain,low,,
/workspace/shadowveil/reference/grok_build/artifacts/imagine_images/e843956d-1e25-414e-8793-341da4274435.jpg,art,other pose still (action/expression/hand/eye),,2,0;1,0;1,,"[single-green d=43 low] her-left(green)=0@- | [single-green d=43 low] her-left(green)=1@710,136",uncertain,low,,
/workspace/shadowveil/reference/grok_build/artifacts/imagine_images/ea93dfdb-c6b4-4415-8ff4-42ecd505b03e.jpg,art,other pose still (action/expression/hand/eye),,1,1,,1,"[single-amber d=41 low] her-right(amber)=1@481,228",uncertain,low,,
/workspace/shadowveil/reference/grok_build/artifacts/imagine_images/eba1654c-25d8-4d2d-a8d2-2b3ae6eb79d6.jpg,art,other pose still (action/expression/hand/eye),,1,0,0,,[single-green d=22 low] her-left(green)=0@-,uncertain,low,,
/workspace/shadowveil/reference/grok_build/artifacts/imagine_images/ecfde5c8-472e-4793-bfa9-8498bfa889da.jpg,art,other pose still (action/expression/hand/eye),,1,0,0,,[single-green d=22 low] her-left(green)=0@-,uncertain,low,,
/workspace/shadowveil/reference/grok_build/artifacts/imagine_images/fc4cbc4e-b9f5-4e50-abdd-d0d585ca75e0.jpg,art,other pose still (action/expression/hand/eye),,4,0;0;0;0,0;0;0;0,,[single-green d=36 low] her-left(green)=0@- | [single-green d=24 low] her-left(green)=0@- | [single-green d=29 low] her-left(green)=0@- | [single-green d=31 low] her-left(green)=0@-,uncertain,low,,
/workspace/shadowveil/reference/grok_build/artifacts/turn/f-walk.png,art,other pose still (action/expression/hand/eye),,1,0,0,,[single-green d=31 low] her-left(green)=0@-,uncertain,low,,
/workspace/shadowveil/reference/grok_build/artifacts/turn/face-270.jpg,art,video/render frame sequence,270,1,1,,1,"[single-amber d=38 low] her-right(amber)=1@391,208",uncertain,low,,
/workspace/shadowveil/reference/grok_build/artifacts/turn/fig0.jpg,art,QA crop / contact sheet,,1,1,1,,"[single-green d=43 low] her-left(green)=1@127,145",uncertain,low,,
/workspace/shadowveil/reference/grok_build/artifacts/turn/fig1.jpg,art,QA crop / contact sheet,,1,1,1,,"[single-green d=43 low] her-left(green)=1@118,136",uncertain,low,,
/workspace/shadowveil/reference/grok_build/artifacts/turn/heads/head-000.jpg,art,part/layer (not full figure),000,1,0,0,,[single-green d=41 low] her-left(green)=0@-,uncertain,low,,
/workspace/shadowveil/reference/grok_build/artifacts/turn/heads/head-045.jpg,art,part/layer (not full figure),045,1,1,1,,"[single-green d=38 low] her-left(green)=1@118,132",uncertain,low,,
/workspace/shadowveil/reference/grok_build/artifacts/turn/idle.png,art,other pose still (action/expression/hand/eye),,1,0,0,0,[pair d=19 low MIRRORED] her-left(green)=0@- her-right(amber)=0@-,uncertain,low,,
/workspace/shadowveil/reference/grok_build/artifacts/turn/jump-fixed.png,art,other pose still (action/expression/hand/eye),,1,0,0,,[single-green d=38 low] her-left(green)=0@-,uncertain,low,,
/workspace/shadowveil/reference/grok_build/artifacts/turn/key-eaten-head.png,art,QA crop / contact sheet,,1,0,0,0,[pair d=16 low MIRRORED] her-left(green)=0@- her-right(amber)=0@-,uncertain,low,,
/workspace/shadowveil/reference/grok_build/artifacts/turn/key-eaten.png,art,QA crop / contact sheet,,1,0,0,0,[pair d=16 low MIRRORED] her-left(green)=0@- her-right(amber)=0@-,uncertain,low,,
/workspace/shadowveil/reference/grok_build/artifacts/turn/key-head.png,art,QA crop / contact sheet,,1,0,0,0,[pair d=16 low MIRRORED] her-left(green)=0@- her-right(amber)=0@-,uncertain,low,,
/workspace/shadowveil/reference/grok_build/artifacts/turn/key-overlay.png,art,QA crop / contact sheet,,1,0,0,0,[pair d=16 low MIRRORED] her-left(green)=0@- her-right(amber)=0@-,uncertain,low,,
/workspace/shadowveil/reference/grok_build/artifacts/turn/key-recovered-head.png,art,QA crop / contact sheet,,1,0,0,0,[pair d=16 low MIRRORED] her-left(green)=0@- her-right(amber)=0@-,uncertain,low,,
/workspace/shadowveil/reference/grok_build/artifacts/turn/keycheck.png,art,QA crop / contact sheet,,1,0,0,0,[pair d=16 low MIRRORED] her-left(green)=0@- her-right(amber)=0@-,uncertain,low,,
/workspace/shadowveil/reference/grok_build/artifacts/turn/left.jpg,art,turnaround/rotation still,left profile,1,1,1,,"[single-green d=22 low] her-left(green)=1@354,182",uncertain,low,,
/workspace/shadowveil/reference/grok_build/artifacts/turn/lock/clean-40-body.jpg,art,other/unclassified,,1,1,1,,"[single-green d=36 low] her-left(green)=1@232,112",uncertain,low,,
/workspace/shadowveil/reference/grok_build/artifacts/turn/m-all.png,art,QA crop / contact sheet,,1,0,0,0,[pair d=10 low MIRRORED] her-left(green)=0@- her-right(amber)=0@-,uncertain,low,,
/workspace/shadowveil/reference/grok_build/artifacts/turn/profile-left-bust.jpg,art,other/unclassified,left profile,1,1,1,,"[single-green d=22 low] her-left(green)=1@354,182",uncertain,low,,
/workspace/shadowveil/reference/grok_build/artifacts/turn/qa-heads.jpg,art,QA crop / contact sheet,,3,1;1;1,1;1;1,,"[single-green d=26 low] her-left(green)=1@251,299 | [single-green d=24 low] her-left(green)=1@252,97 | [single-green d=18 low] her-left(green)=1@92,298",uncertain,low,,
/workspace/shadowveil/reference/grok_build/artifacts/turn/video-holes.png,art,QA crop / contact sheet,,1,0,0,0,[pair d=16 low MIRRORED] her-left(green)=0@- her-right(amber)=0@-,uncertain,low,,
/workspace/shadowveil/reference/grok_build/attachments/66574.jpg,art,video/render frame sequence,,1,0,,0,[single-amber d=35 low] her-right(amber)=0@-,uncertain,low,,
/workspace/shadowveil/reference/grok_build/attachments/67689.jpg,art,video/render frame sequence,,4,0;0;0;0,0;0;0;0,,[single-green d=34 low] her-left(green)=0@- | [single-green d=38 low] her-left(green)=0@- | [single-green d=29 low] her-left(green)=0@- | [single-green d=31 low] her-left(green)=0@-,uncertain,low,,
/workspace/shadowveil/reference/grok_build/public/clean-room/frames/angles-2.jpg,art,video/render frame sequence,,1,1,1,,"[single-green d=24 low] her-left(green)=1@205,137",uncertain,low,,
/workspace/shadowveil/reference/grok_build/public/clean-room/frames/loop-nod-2.jpg,art,video/render frame sequence,,2,0;0,0,0,[single-green d=19 low] her-left(green)=0@- | [single-amber d=18 low] her-right(amber)=0@-,uncertain,low,,
/workspace/shadowveil/reference/grok_build/public/clean-room/frames/loop-nod-4.jpg,art,video/render frame sequence,,2,0;0,0,0,[single-green d=24 low] her-left(green)=0@- | [single-amber d=22 low] her-right(amber)=0@-,uncertain,low,,
/workspace/shadowveil/reference/grok_build/public/clean-room/frames/set-16-2.jpg,art,video/render frame sequence,,1,1,1,,"[single-green d=24 low] her-left(green)=1@227,135",uncertain,low,,
/workspace/shadowveil/reference/grok_build/public/clean-room/frames/set-16-3.jpg,art,video/render frame sequence,,1,1,,1,"[single-amber d=18 low] her-right(amber)=1@230,122",uncertain,low,,
/workspace/shadowveil/reference/grok_build/public/clean-room/frames/set-16-4.jpg,art,video/render frame sequence,,1,1,1,,"[single-green d=26 low] her-left(green)=1@269,138",uncertain,low,,
/workspace/shadowveil/reference/grok_build/public/clean-room/frames/set-17-5.jpg,art,video/render frame sequence,,1,0,,0,[single-amber d=19 low] her-right(amber)=0@-,uncertain,low,,
/workspace/shadowveil/reference/grok_build/public/clean-room/frames/set-17-7.jpg,art,video/render frame sequence,,1,1,,1,"[single-amber d=24 low] her-right(amber)=1@229,136",uncertain,low,,
/workspace/shadowveil/reference/grok_build/public/clean-room/frames/set-17-9.jpg,art,video/render frame sequence,,1,1,,1,"[single-amber d=26 low] her-right(amber)=1@232,138",uncertain,low,,
/workspace/shadowveil/reference/grok_build/public/clean-room/frames/sheet-1947-2.jpg,art,video/render frame sequence,,1,1,1,,"[single-green d=24 low] her-left(green)=1@120,450",uncertain,low,,
/workspace/shadowveil/reference/grok_build/public/clean-room/frames/sheet-1947-5.jpg,art,video/render frame sequence,,1,1,1,,"[single-green d=22 low] her-left(green)=1@136,128",uncertain,low,,
/workspace/shadowveil/reference/grok_build/public/clean-room/frames/sheet-aab0-1.jpg,art,video/render frame sequence,,1,1,1,,"[single-green d=43 low] her-left(green)=1@186,126",uncertain,low,,
/workspace/shadowveil/reference/grok_build/public/clean-room/frames/sheet-aab0-3.jpg,art,video/render frame sequence,,1,1,1,,"[single-green d=31 low] her-left(green)=1@147,129",uncertain,low,,
/workspace/shadowveil/reference/grok_build/public/clean-room/frames/sheet-aab0-5.jpg,art,video/render frame sequence,,1,1,1,,"[single-green d=26 low] her-left(green)=1@144,128",uncertain,low,,
/workspace/shadowveil/reference/grok_build/public/clean-room/frames/turnaround-1.jpg,art,video/render frame sequence,,1,1,1,,"[single-green d=43 low] her-left(green)=1@207,145",uncertain,low,,
/workspace/shadowveil/reference/grok_build/public/clean-room/frames/turnaround-2.jpg,art,video/render frame sequence,,1,1,1,,"[single-green d=43 low] her-left(green)=1@202,136",uncertain,low,,
/workspace/shadowveil/reference/grok_build/public/clean-room/front.jpg,art,turnaround/rotation still,0 (front),1,0,0,,[single-green d=43 low] her-left(green)=0@-,uncertain,low,,
/workspace/shadowveil/reference/grok_build/public/clean-room/front.png,art,turnaround/rotation still,0 (front),1,0,0,,[single-green d=43 low] her-left(green)=0@-,uncertain,low,,
/workspace/shadowveil/reference/grok_build/public/clean-room/hires/idle-34-2.jpg,art,other pose still (action/expression/hand/eye),,1,1,,1,"[single-amber d=38 low] her-right(amber)=1@483,239",uncertain,low,,
/workspace/shadowveil/reference/grok_build/public/clean-room/hires/idle-back-4.jpg,art,other pose still (action/expression/hand/eye),180 (back),1,0,0,,[single-green d=35 low] her-left(green)=0@-,uncertain,low,,
/workspace/shadowveil/reference/grok_build/public/clean-room/hires/idle-side-1.jpg,art,other pose still (action/expression/hand/eye),side profile,1,0,0,0,[pair d=19 low MIRRORED] her-left(green)=0@- her-right(amber)=0@-,uncertain,low,,
/workspace/shadowveil/reference/grok_build/public/clean-room/hires/idle-side-3.jpg,art,other pose still (action/expression/hand/eye),side profile,1,0,,0,[single-amber d=40 low] her-right(amber)=0@-,uncertain,low,,
/workspace/shadowveil/reference/grok_build/public/clean-room/hires/set-17-1.jpg,art,other pose still (action/expression/hand/eye),,1,0,0,,[single-green d=31 low] her-left(green)=0@-,uncertain,low,,
/workspace/shadowveil/reference/grok_build/public/clean-room/hires/turnaround-3.jpg,art,turnaround/rotation still,,1,0,,0,[single-amber d=31 low] her-right(amber)=0@-,uncertain,low,,
/workspace/shadowveil/reference/grok_build/public/clean-room/hires/walk-play-1.jpg,art,other pose still (action/expression/hand/eye),,1,0,0,0,[pair d=21 low MIRRORED] her-left(green)=0@- her-right(amber)=0@-,uncertain,low,,
/workspace/shadowveil/reference/grok_build/public/clean-room/hires/walk-play-2.jpg,art,other pose still (action/expression/hand/eye),,1,0,0,0,[pair d=12 low MIRRORED] her-left(green)=0@- her-right(amber)=0@-,uncertain,low,,
/workspace/shadowveil/reference/grok_build/public/clean-room/layers/anim/brace.png,art,other pose still (action/expression/hand/eye),,1,0,0,,[single-green d=29 low] her-left(green)=0@-,uncertain,low,,
/workspace/shadowveil/reference/grok_build/public/clean-room/layers/anim/cheeks.png,art,other pose still (action/expression/hand/eye),,2,0;0,0;0,0;0,[pair d=18 low] her-left(green)=0@- her-right(amber)=0@- | [pair d=17 low MIRRORED] her-left(green)=0@-,uncertain,low,,
/workspace/shadowveil/reference/grok_build/public/clean-room/layers/anim/dodge.png,art,other pose still (action/expression/hand/eye),,1,0,0,,[single-green d=31 low] her-left(green)=0@-,uncertain,low,,
/workspace/shadowveil/reference/grok_build/public/clean-room/layers/anim/idle-long.png,art,other pose still (action/expression/hand/eye),,2,2;0,0,2,"[single-amber d=43 low] her-right(amber)=2@348,142;377,153 | [single-green d=24 low] her-left(green)=0@-",uncertain,low,,
/workspace/shadowveil/reference/grok_build/public/clean-room/layers/anim/idle.png,art,other pose still (action/expression/hand/eye),,1,0,0,0,[pair d=19 low MIRRORED] her-left(green)=0@- her-right(amber)=0@-,uncertain,low,,
/workspace/shadowveil/reference/grok_build/public/clean-room/layers/anim/inspect.png,art,other pose still (action/expression/hand/eye),,1,0,0,,[single-green d=29 low] her-left(green)=0@-,uncertain,low,,
/workspace/shadowveil/reference/grok_build/public/clean-room/layers/anim/jump.png,art,other pose still (action/expression/hand/eye),,1,0,0,,[single-green d=38 low] her-left(green)=0@-,uncertain,low,,
/workspace/shadowveil/reference/grok_build/public/clean-room/layers/anim/ready.png,art,other pose still (action/expression/hand/eye),,3,2;1;1,2,1;1,"[single-green d=41 low] her-left(green)=2@458,158;426,176 | [single-amber d=34 low] her-right(amber)=1@387,157 | [single-amber d=34 low] her-right(amber)=1@387,157",uncertain,low,,
/workspace/shadowveil/reference/grok_build/public/clean-room/layers/anim/side.png,art,other pose still (action/expression/hand/eye),side profile,1,0,0,,[single-green d=22 low] her-left(green)=0@-,uncertain,low,,
/workspace/shadowveil/reference/grok_build/public/clean-room/layers/anim/squat.png,art,other pose still (action/expression/hand/eye),,1,0,,0,[single-amber d=26 low] her-right(amber)=0@-,uncertain,low,,
/workspace/shadowveil/reference/grok_build/public/clean-room/layers/anim/startle.png,art,other pose still (action/expression/hand/eye),,1,0,,0,[single-amber d=24 low] her-right(amber)=0@-,uncertain,low,,
/workspace/shadowveil/reference/grok_build/public/clean-room/layers/anim/stop.png,art,other pose still (action/expression/hand/eye),,1,0,0,0,[pair d=17 low MIRRORED] her-left(green)=0@- her-right(amber)=0@-,uncertain,low,,
/workspace/shadowveil/reference/grok_build/public/clean-room/layers/anim/walk.png,art,other pose still (action/expression/hand/eye),,1,0,0,,[single-green d=31 low] her-left(green)=0@-,uncertain,low,,
/workspace/shadowveil/reference/grok_build/public/clean-room/left.png,art,turnaround/rotation still,left profile,1,0,0,,[single-green d=35 low] her-left(green)=0@-,uncertain,low,,
/workspace/shadowveil/reference/grok_build/public/clean-room/right.png,art,turnaround/rotation still,right profile,1,0,,0,[single-amber d=24 low] her-right(amber)=0@-,uncertain,low,,
/workspace/shadowveil/reference/grok_build/public/clean-room/sheets/emotions.jpg,art,other pose still (action/expression/hand/eye),,2,0;0,0;0,,[single-green d=36 low] her-left(green)=0@- | [single-green d=31 low] her-left(green)=0@-,uncertain,low,,
/workspace/shadowveil/reference/grok_build/public/clean-room/sheets/extreme-front-kick-2.jpg,art,other pose still (action/expression/hand/eye),0 (front),1,0,0,,[single-green d=24 low] her-left(green)=0@-,uncertain,low,,
/workspace/shadowveil/reference/grok_build/public/clean-room/sheets/getup-rise.jpg,art,other pose still (action/expression/hand/eye),,1,0,0,,[single-green d=26 low] her-left(green)=0@-,uncertain,low,,
/workspace/shadowveil/reference/grok_build/public/clean-room/sheets/getup.jpg,art,other pose still (action/expression/hand/eye),,4,1;0;0;0,1;0;0;0,,"[single-green d=36 low] her-left(green)=1@1376,183 | [single-green d=41 low] her-left(green)=0@- | [single-green d=38 low] her-left(green)=0@- | [single-green d=41 low] her-left(green)=0@-",uncertain,low,,
/workspace/shadowveil/reference/grok_build/public/clean-room/sheets/idle-front.jpg,art,other pose still (action/expression/hand/eye),0 (front),4,0;0;0;0,0;0;0;0,,[single-green d=31 low] her-left(green)=0@- | [single-green d=31 low] her-left(green)=0@- | [single-green d=31 low] her-left(green)=0@- | [single-green d=29 low] her-left(green)=0@-,uncertain,low,,
/workspace/shadowveil/reference/grok_build/public/clean-room/sheets/interact.jpg,art,other pose still (action/expression/hand/eye),,1,0,0,,[single-green d=29 low] her-left(green)=0@-,uncertain,low,,
/workspace/shadowveil/reference/grok_build/public/clean-room/sheets/set-18.jpg,art,other pose still (action/expression/hand/eye),,2,1;0,0,1,"[single-amber d=22 low] her-right(amber)=1@215,127 | [single-green d=22 low] her-left(green)=0@-",uncertain,low,,
/workspace/shadowveil/reference/grok_build/public/clean-room/sheets/sheet-1947.jpg,art,other pose still (action/expression/hand/eye),,4,0;0;0;0,0;0;0;0,,[single-green d=41 low] her-left(green)=0@- | [single-green d=41 low] her-left(green)=0@- | [single-green d=41 low] her-left(green)=0@- | [single-green d=22 low] her-left(green)=0@-,uncertain,low,,
/workspace/shadowveil/reference/grok_build/public/clean-room/sheets/turnaround.jpg,art,turnaround/rotation still,,2,0;1,0;1,,"[single-green d=43 low] her-left(green)=0@- | [single-green d=43 low] her-left(green)=1@710,136",uncertain,low,,
/workspace/shadowveil/reference/grok_build/public/clean-room/three.jpg,art,turnaround/rotation still,3/4,1,1,1,,"[single-green d=41 low] her-left(green)=1@120,128",uncertain,low,,
/workspace/shadowveil/reference/grok_build/public/clean-room/three.png,art,turnaround/rotation still,3/4,1,1,1,,"[single-green d=41 low] her-left(green)=1@120,128",uncertain,low,,
/workspace/shadowveil/reference/grok_build/public/puppet/repo/look/09.png,art,video/render frame sequence,,1,0,0,,[single-green d=22 low] her-left(green)=0@-,uncertain,low,,
/workspace/shadowveil/reference/grok_build/public/puppet/repo/stand/09.png,art,video/render frame sequence,,1,0,0,,[single-green d=22 low] her-left(green)=0@-,uncertain,low,,
/workspace/shadowveil/reference/grok_build/screenshots/app-builder-preview-mobile.png,art,QA crop / contact sheet,,1,0,0,,[single-green d=24 low] her-left(green)=0@-,uncertain,low,,
/workspace/shadowveil/reference/grok_build_captures/page_cleanroom.png,art,QA crop / contact sheet,,1,0,,0,[single-amber d=41 low] her-right(amber)=0@-,uncertain,low,,
/workspace/shadowveil/reference/grok_build_captures/page_root.png,art,QA crop / contact sheet,,1,0,,0,[single-amber d=41 low] her-right(amber)=0@-,uncertain,low,,
/workspace/shadowveil/reference/grok_build_captures/stills/angry_t0.5s.png,art,other pose still (action/expression/hand/eye),,2,0;0,0,0,[single-green d=41 low] her-left(green)=0@- | [single-amber d=31 low] her-right(amber)=0@-,uncertain,low,,
/workspace/shadowveil/reference/grok_build_captures/stills/angry_t3.0s.png,art,other pose still (action/expression/hand/eye),,1,0,0,,[single-green d=41 low] her-left(green)=0@-,uncertain,low,,
/workspace/shadowveil/reference/grok_build_captures/stills/angry_t5.3s.png,art,other pose still (action/expression/hand/eye),,2,0;0,0,0,[single-green d=43 low] her-left(green)=0@- | [single-amber d=34 low] her-right(amber)=0@-,uncertain,low,,
/workspace/shadowveil/reference/grok_build_captures/stills/back_t3.0s.png,art,other pose still (action/expression/hand/eye),180 (back),1,0,,0,[single-amber d=40 low] her-right(amber)=0@-,uncertain,low,,
/workspace/shadowveil/reference/grok_build_captures/stills/brace_t3.0s.png,art,other pose still (action/expression/hand/eye),,2,0;0,0;0,,[single-green d=22 low] her-left(green)=0@- | [single-green d=24 low] her-left(green)=0@-,uncertain,low,,
/workspace/shadowveil/reference/grok_build_captures/stills/cheeks_t0.5s.png,art,other pose still (action/expression/hand/eye),,1,0,,0,[single-amber d=41 low] her-right(amber)=0@-,uncertain,low,,
/workspace/shadowveil/reference/grok_build_captures/stills/cheeks_t3.0s.png,art,other pose still (action/expression/hand/eye),,1,0,,0,[single-amber d=38 low] her-right(amber)=0@-,uncertain,low,,
/workspace/shadowveil/reference/grok_build_captures/stills/cheeks_t5.3s.png,art,other pose still (action/expression/hand/eye),,2,0;0,,0;0,[single-amber d=43 low] her-right(amber)=0@- | [single-amber d=43 low] her-right(amber)=0@-,uncertain,low,,
/workspace/shadowveil/reference/grok_build_captures/stills/clasp_t3.0s.png,art,other pose still (action/expression/hand/eye),,2,0;1,1,0,"[single-amber d=43 low] her-right(amber)=0@- | [single-green d=24 low] her-left(green)=1@325,125",uncertain,low,,
/workspace/shadowveil/reference/grok_build_captures/stills/dodge_t0.5s.png,art,other pose still (action/expression/hand/eye),,1,0,0,,[single-green d=31 low] her-left(green)=0@-,uncertain,low,,
/workspace/shadowveil/reference/grok_build_captures/stills/glare_t0.5s.png,art,other pose still (action/expression/hand/eye),,2,1;0,0,1,"[single-amber d=41 low] her-right(amber)=1@270,122 | [single-green d=38 low] her-left(green)=0@-",uncertain,low,,
/workspace/shadowveil/reference/grok_build_captures/stills/hem_t0.5s.png,art,other pose still (action/expression/hand/eye),,1,1,1,,"[single-green d=43 low] her-left(green)=1@323,126",uncertain,low,,
/workspace/shadowveil/reference/grok_build_captures/stills/idle-long_t0.5s.png,art,other pose still (action/expression/hand/eye),,1,1,,1,"[single-amber d=43 low] her-right(amber)=1@272,114",uncertain,low,,
/workspace/shadowveil/reference/grok_build_captures/stills/idle-long_t9.3s.png,art,other pose still (action/expression/hand/eye),,1,2,,2,"[single-amber d=43 low] her-right(amber)=2@268,121;291,132",uncertain,low,,
/workspace/shadowveil/reference/grok_build_captures/stills/idle_t3.0s.png,art,other pose still (action/expression/hand/eye),,1,1,,1,"[single-amber d=43 low] her-right(amber)=1@307,129",uncertain,low,,
/workspace/shadowveil/reference/grok_build_captures/stills/inspect_t3.0s.png,art,other pose still (action/expression/hand/eye),,1,0,0,,[single-green d=41 low] her-left(green)=0@-,uncertain,low,,
/workspace/shadowveil/reference/grok_build_captures/stills/inspect_t5.3s.png,art,other pose still (action/expression/hand/eye),,1,0,,0,[single-amber d=26 low] her-right(amber)=0@-,uncertain,low,,
/workspace/shadowveil/reference/grok_build_captures/stills/kick_t0.5s.png,art,other pose still (action/expression/hand/eye),,1,0,0,,[single-green d=22 low] her-left(green)=0@-,uncertain,low,,
/workspace/shadowveil/reference/grok_build_captures/stills/kick_t3.0s.png,art,other pose still (action/expression/hand/eye),,1,0,0,,[single-green d=24 low] her-left(green)=0@-,uncertain,low,,
/workspace/shadowveil/reference/grok_build_captures/stills/kick_t5.3s.png,art,other pose still (action/expression/hand/eye),,1,0,,0,[single-amber d=22 low] her-right(amber)=0@-,uncertain,low,,
/workspace/shadowveil/reference/grok_build_captures/stills/look_t3.0s.png,art,other pose still (action/expression/hand/eye),,1,0,,0,[single-amber d=43 low] her-right(amber)=0@-,uncertain,low,,
/workspace/shadowveil/reference/grok_build_captures/stills/point_t0.5s.png,art,other pose still (action/expression/hand/eye),,3,0;0;0,0;0,0,[single-amber d=43 low] her-right(amber)=0@- | [single-green d=31 low] her-left(green)=0@- | [single-green d=31 low] her-left(green)=0@-,uncertain,low,,
/workspace/shadowveil/reference/grok_build_captures/stills/ready_t0.5s.png,art,other pose still (action/expression/hand/eye),,1,0,,0,[single-amber d=41 low] her-right(amber)=0@-,uncertain,low,,
/workspace/shadowveil/reference/grok_build_captures/stills/ready_t3.0s.png,art,other pose still (action/expression/hand/eye),,2,0;2,0,2,"[single-green d=41 low] her-left(green)=0@- | [single-amber d=36 low] her-right(amber)=2@268,126;292,139",uncertain,low,,
/workspace/shadowveil/reference/grok_build_captures/stills/ready_t5.3s.png,art,other pose still (action/expression/hand/eye),,2,2;0,0,2,"[single-amber d=38 low] her-right(amber)=2@270,117;295,129 | [single-green d=31 low] her-left(green)=0@-",uncertain,low,,
/workspace/shadowveil/reference/grok_build_captures/stills/squat_t3.0s.png,art,other pose still (action/expression/hand/eye),,2,1;1,1,1,"[single-green d=43 low] her-left(green)=1@325,117 | [single-amber d=22 low] her-right(amber)=1@270,113",uncertain,low,,
/workspace/shadowveil/reference/grok_build_captures/stills/squat_t5.3s.png,art,other pose still (action/expression/hand/eye),,1,1,,1,"[single-amber d=29 low] her-right(amber)=1@270,132",uncertain,low,,
/workspace/shadowveil/reference/grok_build_captures/stills/strap_t0.5s.png,art,other pose still (action/expression/hand/eye),,1,0,0,,[single-green d=41 low] her-left(green)=0@-,uncertain,low,,
/workspace/shadowveil/reference/grok_build_captures/stills/strap_t3.0s.png,art,other pose still (action/expression/hand/eye),,1,0,0,,[single-green d=43 low] her-left(green)=0@-,uncertain,low,,
/workspace/shadowveil/reference/grok_build_captures/stills/strap_t5.3s.png,art,other pose still (action/expression/hand/eye),,2,1;1,1;1,,"[single-green d=34 low] her-left(green)=1@322,131 | [single-green d=31 low] her-left(green)=1@322,131",uncertain,low,,
/workspace/shadowveil/reference/grok_build_captures/stills/sway_t0.5s.png,art,other pose still (action/expression/hand/eye),,1,0,,0,[single-amber d=42 low] her-right(amber)=0@-,uncertain,low,,
/workspace/shadowveil/reference/grok_build_captures/stills/sway_t3.0s.png,art,other pose still (action/expression/hand/eye),,1,0,0,0,[pair d=14 low MIRRORED] her-left(green)=0@- her-right(amber)=0@-,uncertain,low,,
/workspace/shadowveil/reference/grok_build_captures/stills/talk_t0.5s.png,art,other pose still (action/expression/hand/eye),,1,1,,1,"[single-amber d=43 low] her-right(amber)=1@272,116",uncertain,low,,
/workspace/shadowveil/reference/grok_build_captures/stills/talk_t5.3s.png,art,other pose still (action/expression/hand/eye),,1,0,,0,[single-amber d=43 low] her-right(amber)=0@-,uncertain,low,,
/workspace/shadowveil/reference/grok_build_captures/stills/tongue_t3.0s.png,art,part/layer (not full figure),,1,0,0,0,[pair d=14 low] her-left(green)=0@- her-right(amber)=0@-,uncertain,low,,
/workspace/shadowveil/reference/grok_build_captures/stills/walk_t5.0s.png,art,other pose still (action/expression/hand/eye),,1,0,0,,[single-green d=26 low] her-left(green)=0@-,uncertain,low,,
/workspace/shadowveil/reference/grok_build_captures/stills/wave_t0.5s.png,art,other pose still (action/expression/hand/eye),,2,0;0,0;0,,[single-green d=31 low] her-left(green)=0@- | [single-green d=29 low] her-left(green)=0@-,uncertain,low,,
/workspace/shadowveil/reference/grok_build_captures/stills/wave_t5.3s.png,art,other pose still (action/expression/hand/eye),,1,0,0,,[single-green d=26 low] her-left(green)=0@-,uncertain,low,,
/workspace/shadowveil/reference/grok_build_captures/stills/worry_t0.5s.png,art,other pose still (action/expression/hand/eye),,1,1,1,,"[single-green d=41 low] her-left(green)=1@321,128",uncertain,low,,
/workspace/shadowveil/reference/left.png,art,turnaround/rotation still,left profile,1,0,0,,[single-green d=35 low] her-left(green)=0@-,uncertain,low,,
/workspace/shadowveil/reference/right.png,art,turnaround/rotation still,right profile,1,0,,0,[single-amber d=24 low] her-right(amber)=0@-,uncertain,low,,
/workspace/shadowveil/reference/test_sheet_poses.jpg,art,other pose still (action/expression/hand/eye),,4,0;0;0;0,0;0;0;0,,[single-green d=41 low] her-left(green)=0@- | [single-green d=41 low] her-left(green)=0@- | [single-green d=41 low] her-left(green)=0@- | [single-green d=22 low] her-left(green)=0@-,uncertain,low,,
/workspace/shadowveil/views/left/base.png,art,turnaround/rotation still,left profile,1,0,0,,[single-green d=35 low] her-left(green)=0@-,uncertain,low,,
/workspace/shadowveil/views/right/base.png,art,turnaround/rotation still,right profile,1,0,,0,[single-amber d=24 low] her-right(amber)=0@-,uncertain,low,,
/workspace/gb/wave20.png,art,other pose still (action/expression/hand/eye),,1,2,2,,"[single-green d=53 medium] her-left(green)=2@411,159;370,173",true,medium,,
/workspace/shadowveil-hair/front.png,art,turnaround/rotation still,0 (front),1,3,2,1,"[pair d=68 high] her-left(green)=2@731,244;734,255 her-right(amber)=1@632,247",true,high,,
/workspace/shadowveil/hair/backup_pre_quality/base_body/apose.png,art,turnaround/rotation still,0 (A-pose front),1,3,2,1,"[pair d=68 high] her-left(green)=2@731,244;734,255 her-right(amber)=1@632,247",true,high,,
/workspace/shadowveil/reference/apose.png,art,turnaround/rotation still,0 (A-pose front),1,3,2,1,"[pair d=68 high] her-left(green)=2@731,244;734,255 her-right(amber)=1@632,247",true,high,,
/workspace/shadowveil/reference/apose_turn/frames/f004.png,art,video/render frame sequence,,1,2,2,,"[single-green d=50 medium] her-left(green)=2@414,186;379,200",true,medium,,
/workspace/shadowveil/reference/apose_turn/frames/f006.png,art,video/render frame sequence,,1,2,2,,"[single-green d=48 medium] her-left(green)=2@414,186;378,200",true,medium,,
/workspace/shadowveil/reference/apose_turn/frames/f010.png,art,video/render frame sequence,,1,2,2,,"[single-green d=53 medium] her-left(green)=2@414,192;375,200",true,medium,,
/workspace/shadowveil/reference/apose_turn/frames/f011.png,art,video/render frame sequence,,1,2,2,,"[single-green d=53 medium] her-left(green)=2@413,192;374,200",true,medium,,
/workspace/shadowveil/reference/apose_turn/frames/f012.png,art,video/render frame sequence,,1,2,2,,"[single-green d=53 medium] her-left(green)=2@412,192;373,200",true,medium,,
/workspace/shadowveil/reference/apose_turn/frames/f013.png,art,video/render frame sequence,,1,2,2,,"[single-green d=55 medium] her-left(green)=2@412,192;372,200",true,medium,,
/workspace/shadowveil/reference/apose_turn/frames/f014.png,art,video/render frame sequence,,1,2,2,,"[single-green d=53 medium] her-left(green)=2@411,192;371,200",true,medium,,
/workspace/shadowveil/reference/apose_turn/frames/f015.png,art,video/render frame sequence,,1,2,2,,"[single-green d=53 medium] her-left(green)=2@410,192;370,200",true,medium,,
/workspace/shadowveil/reference/apose_turn/frames/f016.png,art,video/render frame sequence,,1,2,2,,"[single-green d=53 medium] her-left(green)=2@410,192;369,200",true,medium,,
/workspace/shadowveil/reference/apose_turn/frames/f019.png,art,video/render frame sequence,,1,2,2,,"[single-green d=53 medium] her-left(green)=2@406,192;366,200",true,medium,,
/workspace/shadowveil/reference/apose_turn/frames/f025.png,art,video/render frame sequence,,1,2,2,,"[single-green d=53 medium] her-left(green)=2@399,192;358,199",true,medium,,
/workspace/shadowveil/reference/apose_turn/frames/f041.png,art,video/render frame sequence,,1,2,2,,"[single-green d=46 medium] her-left(green)=2@374,192;340,200",true,medium,,
/workspace/shadowveil/reference/apose_turn/frames/f210.png,art,video/render frame sequence,,1,2,2,,"[single-green d=48 medium] her-left(green)=2@423,186;400,199",true,medium,,
/workspace/shadowveil/reference/apose_turn/frames/f212.png,art,video/render frame sequence,,1,2,2,,"[single-green d=48 medium] her-left(green)=2@422,186;398,199",true,medium,,
/workspace/shadowveil/reference/apose_turn/frames/f219.png,art,video/render frame sequence,,1,2,2,,"[single-green d=50 medium] her-left(green)=2@419,186;392,200",true,medium,,
/workspace/shadowveil/reference/apose_turn/frames/f222.png,art,video/render frame sequence,,2,2;1,2,1,"[single-green d=53 medium] her-left(green)=2@418,186;391,200 | [single-amber d=24 low] her-right(amber)=1@354,187",true,medium,,
/workspace/shadowveil/reference/apose_turn/frames/f224.png,art,video/render frame sequence,,2,2;1,2,1,"[single-green d=53 medium] her-left(green)=2@419,193;390,200 | [single-amber d=34 low] her-right(amber)=1@353,186",true,medium,,
/workspace/shadowveil/reference/apose_turn/frames/f228.png,art,video/render frame sequence,,2,2;1,2,1,"[single-green d=53 medium] her-left(green)=2@416,186;388,200 | [single-amber d=26 low] her-right(amber)=1@352,186",true,medium,,
/workspace/shadowveil/reference/batch1/apose.png,art,turnaround/rotation still,0 (A-pose front),1,3,2,1,"[pair d=68 high] her-left(green)=2@731,244;734,255 her-right(amber)=1@632,247",true,high,,
/workspace/shadowveil/reference/grok_build/artifacts/imagine_images/0f823f56-6892-4a3e-b630-704d84055956.jpg,art,other pose still (action/expression/hand/eye),,1,3,2,1,"[pair d=71 high] her-left(green)=2@617,237;620,248 her-right(amber)=1@516,238",true,high,,
/workspace/shadowveil/reference/grok_build/artifacts/imagine_images/1b1ed577-b4be-469d-855a-8fbca57d76fb.jpg,art,other pose still (action/expression/hand/eye),,1,3,2,1,"[pair d=41 medium] her-left(green)=2@320,148;322,154 her-right(amber)=1@262,149",true,medium,,
/workspace/shadowveil/reference/grok_build/artifacts/imagine_images/1fde070f-70f2-4a54-84b9-9dc971cb962d.jpg,art,other pose still (action/expression/hand/eye),,1,3,2,1,"[pair d=212 high] her-left(green)=2@862,683;872,716 her-right(amber)=1@556,689",true,high,,
/workspace/shadowveil/reference/grok_build/artifacts/imagine_images/2042adc8-15eb-4223-a1b7-935fbeec797f.jpg,art,other pose still (action/expression/hand/eye),,1,3,2,1,"[pair d=71 high] her-left(green)=2@628,292;630,302 her-right(amber)=1@526,294",true,high,,
/workspace/shadowveil/reference/grok_build/artifacts/imagine_images/21d8a07a-8d46-410f-9d6a-3bcb6bee7a4d.jpg,art,other pose still (action/expression/hand/eye),,1,3,2,1,"[pair d=67 high] her-left(green)=2@623,240;625,250 her-right(amber)=1@526,242",true,high,,
/workspace/shadowveil/reference/grok_build/artifacts/imagine_images/21eb3801-f622-4a34-b9cb-902b8d788f08.jpg,art,other pose still (action/expression/hand/eye),,1,3,2,1,"[pair d=67 high] her-left(green)=2@623,240;626,250 her-right(amber)=1@526,242",true,high,,
/workspace/shadowveil/reference/grok_build/artifacts/imagine_images/23e39f15-3232-4197-8516-0fa30619c053.jpg,art,other pose still (action/expression/hand/eye),,1,3,2,1,"[pair d=66 high] her-left(green)=2@623,240;626,250 her-right(amber)=1@526,242",true,high,,
/workspace/shadowveil/reference/grok_build/artifacts/imagine_images/25ba1a4d-6d14-41e4-af2c-9c9b3eea50dd.jpg,art,other pose still (action/expression/hand/eye),,1,3,2,1,"[pair d=83 high] her-left(green)=2@652,310;656,321 her-right(amber)=1@531,311",true,high,,
/workspace/shadowveil/reference/grok_build/artifacts/imagine_images/29d12776-ca61-4915-8b14-2cd43244224f.jpg,art,other pose still (action/expression/hand/eye),,1,3,2,1,"[pair d=66 high] her-left(green)=2@623,240;626,250 her-right(amber)=1@527,242",true,high,,
/workspace/shadowveil/reference/grok_build/artifacts/imagine_images/29f8e360-3afa-4ce2-9775-d7e48338b885.jpg,art,other pose still (action/expression/hand/eye),,1,3,2,1,"[pair d=136 high] her-left(green)=2@682,496;688,516 her-right(amber)=1@489,498",true,high,,
/workspace/shadowveil/reference/grok_build/artifacts/imagine_images/2b0271da-8e5d-45a8-9ab5-80f358e40186.jpg,art,other pose still (action/expression/hand/eye),,3,1;1;0,1,1;0,"[single-green d=40 low] her-left(green)=1@621,283 | [single-amber d=46 medium] her-right(amber)=1@525,284 | [single-amber d=36 low] her-right(amber)=0@-",true,medium,,
/workspace/shadowveil/reference/grok_build/artifacts/imagine_images/2d1eeb04-41f3-476c-a0f9-4e48f3ffcebf.jpg,art,other pose still (action/expression/hand/eye),,1,3,2,1,"[pair d=58 high] her-left(green)=2@615,306;618,315 her-right(amber)=1@532,308",true,high,,
/workspace/shadowveil/reference/grok_build/artifacts/imagine_images/2faaca79-1e53-4b8b-a58b-5305e1d31f47.jpg,art,other pose still (action/expression/hand/eye),,2,2;1,2,1,"[single-green d=70 medium] her-left(green)=2@594,246;598,256 | [single-amber d=31 low] her-right(amber)=1@512,246",true,medium,,
/workspace/shadowveil/reference/grok_build/artifacts/imagine_images/30a25fe0-3f1d-4d87-9303-62dfc366b7b0.jpg,art,other pose still (action/expression/hand/eye),,1,3,2,1,"[pair d=66 high] her-left(green)=2@612,249;616,258 her-right(amber)=1@519,272",true,high,,
/workspace/shadowveil/reference/grok_build/artifacts/imagine_images/30b3d26c-923c-4f69-813f-5b6ed674849f.jpg,art,other pose still (action/expression/hand/eye),,1,3,2,1,"[pair d=89 high] her-left(green)=2@651,285;655,297 her-right(amber)=1@524,286",true,high,,
/workspace/shadowveil/reference/grok_build/artifacts/imagine_images/3395b6ea-d7f9-46e9-af5f-f9b1cd518cce.jpg,art,other pose still (action/expression/hand/eye),,1,3,2,1,"[pair d=66 high] her-left(green)=2@623,240;625,250 her-right(amber)=1@526,241",true,high,,
/workspace/shadowveil/reference/grok_build/artifacts/imagine_images/37795a44-bca6-4701-a63c-f83a47b30ebf.jpg,art,other pose still (action/expression/hand/eye),,1,3,2,1,"[pair d=67 high] her-left(green)=2@623,240;625,250 her-right(amber)=1@526,242",true,high,,
/workspace/shadowveil/reference/grok_build/artifacts/imagine_images/3b2319c1-61cd-4de6-86f7-9f4fdc114878.jpg,art,other pose still (action/expression/hand/eye),,1,3,2,1,"[pair d=66 high] her-left(green)=2@622,240;625,250 her-right(amber)=1@526,241",true,high,,
/workspace/shadowveil/reference/grok_build/artifacts/imagine_images/3b5177c2-c880-48c9-a48c-3f2a1d58efad.jpg,art,other pose still (action/expression/hand/eye),,2,2;1,2,1,"[single-green d=70 medium] her-left(green)=2@618,247;575,263 | [single-amber d=53 medium] her-right(amber)=1@519,254",true,medium,,
/workspace/shadowveil/reference/grok_build/artifacts/imagine_images/3d5dd946-f16d-41bf-8776-59f7b6722140.jpg,art,other pose still (action/expression/hand/eye),,1,3,2,1,"[pair d=92 high] her-left(green)=2@649,483;652,496 her-right(amber)=1@516,485",true,high,,
/workspace/shadowveil/reference/grok_build/artifacts/imagine_images/460f108a-afd0-4d05-b259-5ac4db4bde44.jpg,art,other pose still (action/expression/hand/eye),,1,3,2,1,"[pair d=74 high] her-left(green)=2@629,324;631,335 her-right(amber)=1@522,326",true,high,,
/workspace/shadowveil/reference/grok_build/artifacts/imagine_images/4967d0b5-b14d-4df7-a8fa-334a6b6a4920.jpg,art,other pose still (action/expression/hand/eye),,1,3,2,1,"[pair d=66 high] her-left(green)=2@623,240;625,250 her-right(amber)=1@526,241",true,high,,
/workspace/shadowveil/reference/grok_build/artifacts/imagine_images/4dfd0e68-fd75-4681-a545-596b68e0338c.jpg,art,other pose still (action/expression/hand/eye),,1,3,2,1,"[pair d=67 high] her-left(green)=2@623,241;625,251 her-right(amber)=1@526,242",true,high,,
/workspace/shadowveil/reference/grok_build/artifacts/imagine_images/4ea397d6-965d-457f-b51f-8f7e2e50c58b.jpg,art,other pose still (action/expression/hand/eye),,1,3,2,1,"[pair d=95 high] her-left(green)=2@654,468;656,482 her-right(amber)=1@517,463",true,high,,
/workspace/shadowveil/reference/grok_build/artifacts/imagine_images/4f4d0d9a-8641-4f8e-8c0b-ed9358c1e690.jpg,art,other pose still (action/expression/hand/eye),,1,3,2,1,"[pair d=67 high] her-left(green)=2@624,263;626,272 her-right(amber)=1@526,264",true,high,,
/workspace/shadowveil/reference/grok_build/artifacts/imagine_images/51f712de-95ad-483e-a143-97062a8a47ea.jpg,art,other pose still (action/expression/hand/eye),,1,3,2,1,"[pair d=67 high] her-left(green)=2@624,242;626,252 her-right(amber)=1@527,244",true,high,,
/workspace/shadowveil/reference/grok_build/artifacts/imagine_images/55f5268c-79c8-4614-8676-81172296ad89.jpg,art,other pose still (action/expression/hand/eye),,1,3,2,1,"[pair d=67 high] her-left(green)=2@623,240;626,249 her-right(amber)=1@526,241",true,high,,
/workspace/shadowveil/reference/grok_build/artifacts/imagine_images/56210e03-2885-495e-95e1-add7ab3f079d.jpg,art,other pose still (action/expression/hand/eye),,1,3,2,1,"[pair d=70 high] her-left(green)=2@630,306;632,316 her-right(amber)=1@528,308",true,high,,
/workspace/shadowveil/reference/grok_build/artifacts/imagine_images/587c1ad3-e76a-456c-9e9c-f01af2d7937a.jpg,art,other pose still (action/expression/hand/eye),,1,3,2,1,"[pair d=78 high] her-left(green)=2@617,427;620,438 her-right(amber)=1@505,428",true,high,,
/workspace/shadowveil/reference/grok_build/artifacts/imagine_images/5a944aa9-1d9f-4606-8fa4-2bb83fbaccb5.jpg,art,other pose still (action/expression/hand/eye),,1,3,2,1,"[pair d=66 high] her-left(green)=2@623,240;625,250 her-right(amber)=1@526,241",true,high,,
/workspace/shadowveil/reference/grok_build/artifacts/imagine_images/5d233cbd-f79a-4303-8fff-25f2a6d61145.jpg,art,other pose still (action/expression/hand/eye),,1,3,2,1,"[pair d=75 high] her-left(green)=2@614,435;617,446 her-right(amber)=1@506,437",true,high,,
/workspace/shadowveil/reference/grok_build/artifacts/imagine_images/60f422db-ecfe-4b3c-b8ac-e5983c12a843.jpg,art,other pose still (action/expression/hand/eye),,1,3,2,1,"[pair d=66 high] her-left(green)=2@623,240;626,250 her-right(amber)=1@526,242",true,high,,
/workspace/shadowveil/reference/grok_build/artifacts/imagine_images/69eed438-d80c-49b7-9cac-ec52a5969f6e.jpg,art,other pose still (action/expression/hand/eye),,1,3,2,1,"[pair d=66 high] her-left(green)=2@624,240;626,250 her-right(amber)=1@526,241",true,high,,
/workspace/shadowveil/reference/grok_build/artifacts/imagine_images/6c3fdb4d-dab9-47de-a7fe-3dc15688418c.jpg,art,other pose still (action/expression/hand/eye),,1,3,2,1,"[pair d=72 high] her-left(green)=2@608,244;611,254 her-right(amber)=1@507,270",true,high,,
/workspace/shadowveil/reference/grok_build/artifacts/imagine_images/6da7ce02-70dc-4eb2-b7d4-8304bbbcec45.jpg,art,other pose still (action/expression/hand/eye),,1,3,2,1,"[pair d=106 high] her-left(green)=2@654,368;657,384 her-right(amber)=1@499,370",true,high,,
/workspace/shadowveil/reference/grok_build/artifacts/imagine_images/73098d1c-3797-40f8-8c77-c8f94f5910b1.jpg,art,other pose still (action/expression/hand/eye),,1,3,2,1,"[pair d=71 high] her-left(green)=2@622,245;625,254 her-right(amber)=1@521,246",true,high,,
/workspace/shadowveil/reference/grok_build/artifacts/imagine_images/79618c58-7697-4ea3-9be7-ef28b16eb401.jpg,art,other pose still (action/expression/hand/eye),,1,3,2,1,"[pair d=67 high] her-left(green)=2@623,240;626,250 her-right(amber)=1@526,242",true,high,,
/workspace/shadowveil/reference/grok_build/artifacts/imagine_images/7d678cf3-c9d7-4860-b252-c2d2d4553e35.jpg,art,other pose still (action/expression/hand/eye),,1,3,2,1,"[pair d=67 high] her-left(green)=2@623,239;625,249 her-right(amber)=1@526,240",true,high,,
/workspace/shadowveil/reference/grok_build/artifacts/imagine_images/7df89cf1-a63b-4cae-893e-ede392948964.jpg,art,other pose still (action/expression/hand/eye),,1,1,,1,"[single-amber d=67 medium] her-right(amber)=1@734,333",true,medium,,
/workspace/shadowveil/reference/grok_build/artifacts/imagine_images/7fb02093-b2c3-49b1-ab4b-0b6134782fa6.jpg,art,other pose still (action/expression/hand/eye),,1,1,,1,"[single-amber d=72 medium] her-right(amber)=1@527,274",true,medium,,
/workspace/shadowveil/reference/grok_build/artifacts/imagine_images/7fef9b6c-06f4-4cb3-8d66-fd21cc373b47.jpg,art,other pose still (action/expression/hand/eye),,1,3,2,1,"[pair d=73 high] her-left(green)=2@628,230;630,240 her-right(amber)=1@524,236",true,high,,
/workspace/shadowveil/reference/grok_build/artifacts/imagine_images/8401e76d-be96-42f1-ba37-683deafaffe8.jpg,art,other pose still (action/expression/hand/eye),,1,1,,1,"[single-amber d=55 medium] her-right(amber)=1@534,259",true,medium,,
/workspace/shadowveil/reference/grok_build/artifacts/imagine_images/84428b4d-3b93-4196-9e89-d609f221d636.jpg,art,other pose still (action/expression/hand/eye),,1,2,2,,"[single-green d=66 medium] her-left(green)=2@652,302;655,314",true,medium,,
/workspace/shadowveil/reference/grok_build/artifacts/imagine_images/8467eff0-ba38-4f50-bd1c-57008cfbbaf7.jpg,art,other pose still (action/expression/hand/eye),,2,2;1,2,1,"[single-green d=274 medium] her-left(green)=2@723,891;763,891 | [single-amber d=233 medium] her-right(amber)=1@723,891",true,medium,,
/workspace/shadowveil/reference/grok_build/artifacts/imagine_images/87c5f22d-eec4-4eb9-acc2-a773cc2f8105.jpg,art,other pose still (action/expression/hand/eye),,1,3,2,1,"[pair d=67 high] her-left(green)=2@623,240;626,250 her-right(amber)=1@526,241",true,high,,
/workspace/shadowveil/reference/grok_build/artifacts/imagine_images/8e221f22-bba4-491a-a882-175b89e25347.jpg,art,other pose still (action/expression/hand/eye),,1,3,2,1,"[pair d=67 high] her-left(green)=2@623,242;625,251 her-right(amber)=1@526,243",true,high,,
/workspace/shadowveil/reference/grok_build/artifacts/imagine_images/8f426193-aedc-4162-a046-4fab324dd3c2.jpg,art,other pose still (action/expression/hand/eye),,1,3,2,1,"[pair d=66 high] her-left(green)=2@623,240;625,250 her-right(amber)=1@526,241",true,high,,
/workspace/shadowveil/reference/grok_build/artifacts/imagine_images/95593635-1832-41dd-85ea-2806acb646b7.jpg,art,other pose still (action/expression/hand/eye),,1,3,2,1,"[pair d=68 high] her-left(green)=2@624,240;627,251 her-right(amber)=1@525,243",true,high,,
/workspace/shadowveil/reference/grok_build/artifacts/imagine_images/97d3f24b-e9e2-4922-8a78-ab96bebb2cd3.jpg,art,other pose still (action/expression/hand/eye),,1,3,2,1,"[pair d=70 high] her-left(green)=2@624,234;628,244 her-right(amber)=1@517,245",true,high,,
/workspace/shadowveil/reference/grok_build/artifacts/imagine_images/9c898080-d06e-4b04-9c80-a4e363d44ceb.jpg,art,other pose still (action/expression/hand/eye),,1,3,2,1,"[pair d=65 high] her-left(green)=2@623,240;625,250 her-right(amber)=1@526,241",true,high,,
/workspace/shadowveil/reference/grok_build/artifacts/imagine_images/9e04175f-a733-4fda-91cb-303f0f18d586.jpg,art,other pose still (action/expression/hand/eye),,1,3,2,1,"[pair d=67 high] her-left(green)=2@623,239;625,249 her-right(amber)=1@526,241",true,high,,
/workspace/shadowveil/reference/grok_build/artifacts/imagine_images/9e2b04b7-50d8-4ca5-bdbc-3bd79f4280a0.jpg,art,other pose still (action/expression/hand/eye),,1,3,2,1,"[pair d=67 high] her-left(green)=2@622,242;625,250 her-right(amber)=1@526,243",true,high,,
/workspace/shadowveil/reference/grok_build/artifacts/imagine_images/9fdab4af-87ee-47bd-978c-6fab1ce4b492.jpg,art,other pose still (action/expression/hand/eye),,1,3,2,1,"[pair d=61 high] her-left(green)=2@594,242;598,252 her-right(amber)=1@508,246",true,high,,
/workspace/shadowveil/reference/grok_build/artifacts/imagine_images/a0c1ef9d-1886-4003-b6fc-78088963fb5d.jpg,art,other pose still (action/expression/hand/eye),,1,3,2,1,"[pair d=66 high] her-left(green)=2@623,241;625,250 her-right(amber)=1@526,242",true,high,,
/workspace/shadowveil/reference/grok_build/artifacts/imagine_images/a2bb2827-680f-41a8-9261-e589f12757a9.jpg,art,other pose still (action/expression/hand/eye),,1,3,2,1,"[pair d=196 high] her-left(green)=2@860,652;868,684 her-right(amber)=1@576,659",true,high,,
/workspace/shadowveil/reference/grok_build/artifacts/imagine_images/a540c335-794c-4fb0-ab91-9a64efcf3cb2.jpg,art,other pose still (action/expression/hand/eye),,1,3,2,1,"[pair d=71 high] her-left(green)=2@619,243;622,253 her-right(amber)=1@518,244",true,high,,
/workspace/shadowveil/reference/grok_build/artifacts/imagine_images/a70e68ba-2b2c-4b45-91fd-5c3d3c6168cc.jpg,art,other pose still (action/expression/hand/eye),,1,3,2,1,"[pair d=66 high] her-left(green)=2@623,241;626,250 her-right(amber)=1@526,243",true,high,,
/workspace/shadowveil/reference/grok_build/artifacts/imagine_images/a77dcdf6-e371-498c-a999-9d940149c748.jpg,art,other pose still (action/expression/hand/eye),,1,3,2,1,"[pair d=66 high] her-left(green)=2@623,240;626,250 her-right(amber)=1@526,242",true,high,,
/workspace/shadowveil/reference/grok_build/artifacts/imagine_images/ac794926-b3ba-4685-adfd-4f8c370ad1f2.jpg,art,other pose still (action/expression/hand/eye),,1,3,2,1,"[pair d=66 high] her-left(green)=2@623,240;625,249 her-right(amber)=1@526,241",true,high,,
/workspace/shadowveil/reference/grok_build/artifacts/imagine_images/acb70545-7a51-451a-8a2b-a822c74a6727.jpg,art,other pose still (action/expression/hand/eye),,1,3,2,1,"[pair d=85 high] her-left(green)=2@644,288;646,299 her-right(amber)=1@522,288",true,high,,
/workspace/shadowveil/reference/grok_build/artifacts/imagine_images/aebaa7e1-4649-4ab7-811d-391c5a499a88.jpg,art,other pose still (action/expression/hand/eye),,1,3,2,1,"[pair d=66 high] her-left(green)=2@623,240;625,250 her-right(amber)=1@526,241",true,high,,
/workspace/shadowveil/reference/grok_build/artifacts/imagine_images/b1d08480-792d-4051-8b30-6af748acd7d1.jpg,art,other pose still (action/expression/hand/eye),,1,3,2,1,"[pair d=73 high] her-left(green)=2@633,324;636,334 her-right(amber)=1@529,325",true,high,,
/workspace/shadowveil/reference/grok_build/artifacts/imagine_images/b7e0cdc0-efa5-42ce-b898-aeafce873d7f.jpg,art,other pose still (action/expression/hand/eye),,1,3,2,1,"[pair d=66 high] her-left(green)=2@622,240;624,250 her-right(amber)=1@525,241",true,high,,
/workspace/shadowveil/reference/grok_build/artifacts/imagine_images/bbebceb4-904d-4141-8b91-1bc4230824f1.jpg,art,other pose still (action/expression/hand/eye),,1,3,2,1,"[pair d=67 high] her-left(green)=2@623,240;626,250 her-right(amber)=1@526,242",true,high,,
/workspace/shadowveil/reference/grok_build/artifacts/imagine_images/bc2ff1a8-f249-4199-9b0a-9ddd0da9f5c0.jpg,art,other pose still (action/expression/hand/eye),,1,3,2,1,"[pair d=73 high] her-left(green)=2@626,252;629,263 her-right(amber)=1@521,254",true,high,,
/workspace/shadowveil/reference/grok_build/artifacts/imagine_images/c25b5717-f713-4194-94fd-b820b766fd6a.jpg,art,other pose still (action/expression/hand/eye),,1,3,2,1,"[pair d=91 high] her-left(green)=2@630,350;636,365 her-right(amber)=1@502,356",true,high,,
/workspace/shadowveil/reference/grok_build/artifacts/imagine_images/c72e13ba-c471-43d0-9daa-bcb113257e49.jpg,art,other pose still (action/expression/hand/eye),,1,3,2,1,"[pair d=78 high] her-left(green)=2@634,592;638,603 her-right(amber)=1@522,593",true,high,,
/workspace/shadowveil/reference/grok_build/artifacts/imagine_images/c91b6f3d-ed22-4ab7-9be8-45d11c01de9a.jpg,art,other pose still (action/expression/hand/eye),,1,3,2,1,"[pair d=85 high] her-left(green)=2@642,409;645,421 her-right(amber)=1@519,410",true,high,,
/workspace/shadowveil/reference/grok_build/artifacts/imagine_images/cc15b25a-4f30-46b1-99aa-7e984f8d6086.jpg,art,other pose still (action/expression/hand/eye),,1,3,2,1,"[pair d=67 high] her-left(green)=2@623,240;625,249 her-right(amber)=1@526,241",true,high,,
/workspace/shadowveil/reference/grok_build/artifacts/imagine_images/ccffbd97-9257-4872-bc28-3894c98b4630.jpg,art,other pose still (action/expression/hand/eye),,1,3,2,1,"[pair d=67 high] her-left(green)=2@623,240;626,249 her-right(amber)=1@526,241",true,high,,
/workspace/shadowveil/reference/grok_build/artifacts/imagine_images/d059ae25-cf6e-484c-b02c-f41462cd5861.jpg,art,other pose still (action/expression/hand/eye),,1,3,2,1,"[pair d=66 high] her-left(green)=2@622,239;625,249 her-right(amber)=1@526,241",true,high,,
/workspace/shadowveil/reference/grok_build/artifacts/imagine_images/d2d244fd-745d-4774-8f6f-e5229cb72961.jpg,art,other pose still (action/expression/hand/eye),,1,3,2,1,"[pair d=82 high] her-left(green)=2@635,432;638,444 her-right(amber)=1@517,434",true,high,,
/workspace/shadowveil/reference/grok_build/artifacts/imagine_images/d82375cd-0292-425d-8979-3959360f3bdd.jpg,art,other pose still (action/expression/hand/eye),,1,3,2,1,"[pair d=87 high] her-left(green)=2@626,291;630,303 her-right(amber)=1@501,292",true,high,,
/workspace/shadowveil/reference/grok_build/artifacts/imagine_images/dbf09e37-9f52-4d1a-a12e-ad919495042c.jpg,art,other pose still (action/expression/hand/eye),,1,3,2,1,"[pair d=81 high] her-left(green)=2@633,528;637,540 her-right(amber)=1@518,530",true,high,,
/workspace/shadowveil/reference/grok_build/artifacts/imagine_images/de0bc7fb-b37b-4362-aa85-7e8738d4922e.jpg,art,other pose still (action/expression/hand/eye),,1,2,2,,"[single-green d=82 medium] her-left(green)=2@616,239;567,257",true,medium,,
/workspace/shadowveil/reference/grok_build/artifacts/imagine_images/de7fdce0-d291-4609-af2f-81432d5434cb.jpg,art,other pose still (action/expression/hand/eye),,1,3,2,1,"[pair d=67 high] her-left(green)=2@623,244;625,253 her-right(amber)=1@526,244",true,high,,
/workspace/shadowveil/reference/grok_build/artifacts/imagine_images/e0225f97-9810-4492-9e6e-9c49b7b3db4f.jpg,art,other pose still (action/expression/hand/eye),,1,3,2,1,"[pair d=67 high] her-left(green)=2@623,240;625,249 her-right(amber)=1@526,241",true,high,,
/workspace/shadowveil/reference/grok_build/artifacts/imagine_images/e26ee113-1668-46a1-901c-7a7ee757a19f.jpg,art,other pose still (action/expression/hand/eye),,1,3,2,1,"[pair d=78 high] her-left(green)=2@636,333;639,344 her-right(amber)=1@522,334",true,high,,
/workspace/shadowveil/reference/grok_build/artifacts/imagine_images/e8708d58-95be-4df5-9a0b-54afb64482b8.jpg,art,other pose still (action/expression/hand/eye),,1,3,2,1,"[pair d=75 high] her-left(green)=2@924,260;928,272 her-right(amber)=1@816,262",true,high,,
/workspace/shadowveil/reference/grok_build/artifacts/imagine_images/ea6e69ff-9bdc-4b6b-9f02-31959e7bad85.jpg,art,other pose still (action/expression/hand/eye),,1,1,,1,"[single-amber d=46 medium] her-right(amber)=1@534,269",true,medium,,
/workspace/shadowveil/reference/grok_build/artifacts/imagine_images/ea7a6440-32f9-4b21-a1d2-16a31c9c67c8.jpg,art,other pose still (action/expression/hand/eye),,1,1,,1,"[single-amber d=55 medium] her-right(amber)=1@575,239",true,medium,,
/workspace/shadowveil/reference/grok_build/artifacts/imagine_images/ed6e8a8d-50ce-46b7-8855-62eac224056c.jpg,art,other pose still (action/expression/hand/eye),,1,3,2,1,"[pair d=205 high] her-left(green)=2@863,663;872,695 her-right(amber)=1@567,669",true,high,,
/workspace/shadowveil/reference/grok_build/artifacts/imagine_images/f384595b-37e0-4cfc-9e7e-dc4d43d5f117.jpg,art,other pose still (action/expression/hand/eye),,1,1,,1,"[single-amber d=70 medium] her-right(amber)=1@516,258",true,medium,,
/workspace/shadowveil/reference/grok_build/artifacts/imagine_images/f4b38a84-bb37-4939-b259-59693ec1fee8.jpg,art,other pose still (action/expression/hand/eye),,1,3,2,1,"[pair d=68 high] her-left(green)=2@631,412;635,422 her-right(amber)=1@534,414",true,high,,
/workspace/shadowveil/reference/grok_build/artifacts/imagine_images/f56d2cf4-213f-45c3-bfb3-3851947982e3.jpg,art,other pose still (action/expression/hand/eye),,1,1,,1,"[single-amber d=202 medium] her-right(amber)=1@723,890",true,medium,,
/workspace/shadowveil/reference/grok_build/artifacts/imagine_images/f7a6f23d-f77a-406f-8fc1-ffe02ae2f37e.jpg,art,other pose still (action/expression/hand/eye),,1,3,2,1,"[pair d=97 high] her-left(green)=2@676,304;680,317 her-right(amber)=1@537,305",true,high,,
/workspace/shadowveil/reference/grok_build/artifacts/imagine_images/fa6615ed-83de-4fb1-9763-015e7e108de6.jpg,art,other pose still (action/expression/hand/eye),,1,3,2,1,"[pair d=67 high] her-left(green)=2@623,240;626,251 her-right(amber)=1@526,242",true,high,,
/workspace/shadowveil/reference/grok_build/artifacts/imagine_images/fdb2b27f-5ac5-4759-9c45-9790f8330e9d.jpg,art,other pose still (action/expression/hand/eye),,1,3,2,1,"[pair d=66 high] her-left(green)=2@623,239;625,249 her-right(amber)=1@526,241",true,high,,
/workspace/shadowveil/reference/grok_build/artifacts/turn/apose-holes.png,art,QA crop / contact sheet,0 (A-pose front),1,3,2,1,"[pair d=68 high] her-left(green)=2@524,222;527,233 her-right(amber)=1@425,225",true,high,,
/workspace/shadowveil/reference/grok_build/artifacts/turn/apose.jpg,art,turnaround/rotation still,0 (A-pose front),2,2;1,2,1,"[single-green d=50 medium] her-left(green)=2@415,190;417,197 | [single-amber d=36 low] her-right(amber)=1@352,192",true,medium,,
/workspace/shadowveil/reference/grok_build/artifacts/turn/eyes-mark.png,art,QA crop / contact sheet,,1,3,2,1,"[pair d=68 high] her-left(green)=2@211,94;214,105 her-right(amber)=1@112,97",true,high,,
/workspace/shadowveil/reference/grok_build/artifacts/turn/face-000.jpg,art,video/render frame sequence,000,1,3,2,1,"[pair d=68 high] her-left(green)=2@301,224;304,235 her-right(amber)=1@202,226",true,high,,
/workspace/shadowveil/reference/grok_build/artifacts/turn/fix/eyes-000.jpg,art,video/render frame sequence,,1,3,2,1,"[pair d=136 high] her-left(green)=2@423,209;429,230 her-right(amber)=1@225,214",true,high,,
/workspace/shadowveil/reference/grok_build/artifacts/turn/fix/eyes-270.jpg,art,video/render frame sequence,,1,1,,1,"[single-amber d=75 medium] her-right(amber)=1@403,176",true,medium,,
/workspace/shadowveil/reference/grok_build/artifacts/turn/fix/src-head-000.png,art,video/render frame sequence,000,1,3,2,1,"[pair d=68 high] her-left(green)=2@231,224;234,235 her-right(amber)=1@132,227",true,high,,
/workspace/shadowveil/reference/grok_build/artifacts/turn/lock/clean-40.jpg,art,other/unclassified,,2,3;3,2;2,1;1,"[pair d=45 high] her-left(green)=2@231,224;234,235 her-right(amber)=1@165,236 | [pair d=52 high] her-left(green)=2@163,226;165,236 her-right(amber)=1@87,228",true,high,,
/workspace/shadowveil/reference/grok_build/artifacts/turn/lock/col28-face.jpg,art,other pose still (action/expression/hand/eye),,1,3,2,1,"[pair d=60 high] her-left(green)=2@300,224;302,235 her-right(amber)=1@212,227",true,high,,
/workspace/shadowveil/reference/grok_build/artifacts/turn/lock/col40-face.jpg,art,other pose still (action/expression/hand/eye),,1,3,2,1,"[pair d=53 high] her-left(green)=2@340,224;342,235 her-right(amber)=1@263,227",true,high,,
/workspace/shadowveil/reference/grok_build/artifacts/turn/lock/mesh-48.jpg,art,other/unclassified,,2,2;1,2,1,"[single-green d=70 medium] her-left(green)=2@155,224;157,235 | [single-amber d=40 low] her-right(amber)=1@88,226",true,medium,,
/workspace/shadowveil/reference/grok_build/artifacts/turn/lock/mesh32.jpg,art,other/unclassified,,1,3,2,1,"[pair d=58 high] her-left(green)=2@267,224;269,235 her-right(amber)=1@182,227",true,high,,
/workspace/shadowveil/reference/grok_build/artifacts/turn/lock/y-45_k000115-face.jpg,art,other pose still (action/expression/hand/eye),,1,3,2,1,"[pair d=48 high] her-left(green)=2@338,234;340,245 her-right(amber)=1@268,236",true,high,,
/workspace/shadowveil/reference/grok_build/artifacts/turn/lock/y45_k00007-face.jpg,art,other pose still (action/expression/hand/eye),,1,3,2,1,"[pair d=49 high] her-left(green)=2@336,234;338,245 her-right(amber)=1@266,236",true,high,,
/workspace/shadowveil/reference/grok_build/artifacts/turn/lock/y45_k000115-face.jpg,art,other pose still (action/expression/hand/eye),,1,3,2,1,"[pair d=48 high] her-left(green)=2@336,234;338,245 her-right(amber)=1@265,236",true,high,,
/workspace/shadowveil/reference/grok_build/artifacts/turn/t0.4.jpg,art,QA crop / contact sheet,,1,2,2,,"[single-green d=50 medium] her-left(green)=2@413,192;374,200",true,medium,,
/workspace/shadowveil/reference/grok_build/artifacts/turn/tongue.png,art,other/unclassified,,1,3,2,1,"[pair d=53 high] her-left(green)=2@416,160;418,168 her-right(amber)=1@340,160",true,high,,
/workspace/shadowveil/reference/grok_build/artifacts/turn/wave-iris.png,art,part/layer (not full figure),,1,2,2,,"[single-green d=79 medium] her-left(green)=2@58,42;63,57",true,medium,,
/workspace/shadowveil/reference/grok_build/attachments/66571.jpg,art,video/render frame sequence,,1,2,2,,"[single-green d=70 medium] her-left(green)=2@420,225;368,244",true,medium,,
/workspace/shadowveil/reference/grok_build/public/clean-room/apose.png,art,turnaround/rotation still,0 (A-pose front),1,3,2,1,"[pair d=68 high] her-left(green)=2@731,244;734,255 her-right(amber)=1@632,247",true,high,,
/workspace/shadowveil/reference/grok_build/public/clean-room/apose.src.png,art,turnaround/rotation still,0 (A-pose front),1,3,2,1,"[pair d=68 high] her-left(green)=2@624,240;627,251 her-right(amber)=1@525,243",true,high,,
/workspace/shadowveil/reference/grok_build/public/clean-room/frames/faces-locked-3.jpg,art,video/render frame sequence,,1,3,2,1,"[pair d=91 high] her-left(green)=2@276,264;280,276 her-right(amber)=1@153,266",true,high,,
/workspace/shadowveil/reference/grok_build/public/clean-room/frames/faces-locked-4.jpg,art,video/render frame sequence,,1,3,2,1,"[pair d=90 high] her-left(green)=2@276,264;280,276 her-right(amber)=1@153,266",true,high,,
/workspace/shadowveil/reference/grok_build/public/clean-room/frames/faces-locked-5.jpg,art,video/render frame sequence,,1,3,2,1,"[pair d=86 high] her-left(green)=2@279,259;283,273 her-right(amber)=1@156,260",true,high,,
/workspace/shadowveil/reference/grok_build/public/clean-room/frames/faces-locked-7.jpg,art,video/render frame sequence,,1,3,2,1,"[pair d=85 high] her-left(green)=2@276,264;280,276 her-right(amber)=1@154,267",true,high,,
/workspace/shadowveil/reference/grok_build/public/clean-room/frames/faces-locked-8.jpg,art,video/render frame sequence,,1,3,2,1,"[pair d=84 high] her-left(green)=2@276,260;280,274 her-right(amber)=1@153,264",true,high,,
/workspace/shadowveil/reference/grok_build/public/clean-room/frames/idle-sway-1.jpg,art,video/render frame sequence,,1,3,2,1,"[pair d=66 high] her-left(green)=2@240,212;242,222 her-right(amber)=1@143,214",true,high,,
/workspace/shadowveil/reference/grok_build/public/clean-room/frames/idle-sway-2.jpg,art,video/render frame sequence,,1,3,2,1,"[pair d=67 high] her-left(green)=2@259,212;262,222 her-right(amber)=1@162,214",true,high,,
/workspace/shadowveil/reference/grok_build/public/clean-room/frames/idle-sway-3.jpg,art,video/render frame sequence,,1,3,2,1,"[pair d=66 high] her-left(green)=2@254,212;256,222 her-right(amber)=1@157,214",true,high,,
/workspace/shadowveil/reference/grok_build/public/clean-room/frames/idle-sway-4.jpg,art,video/render frame sequence,,1,3,2,1,"[pair d=67 high] her-left(green)=2@265,212;268,222 her-right(amber)=1@168,214",true,high,,
/workspace/shadowveil/reference/grok_build/public/clean-room/frames/lie-front-1.jpg,art,video/render frame sequence,0 (front),2,2;1,2,1,"[single-green d=96 medium] her-left(green)=2@326,322;331,336 | [single-amber d=74 medium] her-right(amber)=1@202,327",true,medium,,
/workspace/shadowveil/reference/grok_build/public/clean-room/frames/life-2.jpg,art,video/render frame sequence,,1,3,2,1,"[pair d=59 high] her-left(green)=2@247,193;250,202 her-right(amber)=1@162,195",true,high,,
/workspace/shadowveil/reference/grok_build/public/clean-room/frames/life-3.jpg,art,video/render frame sequence,,1,3,2,1,"[pair d=58 high] her-left(green)=2@272,184;274,193 her-right(amber)=1@188,186",true,high,,
/workspace/shadowveil/reference/grok_build/public/clean-room/frames/loop-blink-1.jpg,art,video/render frame sequence,,1,3,2,1,"[pair d=67 high] her-left(green)=2@225,200;227,210 her-right(amber)=1@128,202",true,high,,
/workspace/shadowveil/reference/grok_build/public/clean-room/frames/loop-look-2.jpg,art,video/render frame sequence,,1,3,2,1,"[pair d=68 high] her-left(green)=2@227,197;229,207 her-right(amber)=1@129,199",true,high,,
/workspace/shadowveil/reference/grok_build/public/clean-room/frames/loop-look-3.jpg,art,video/render frame sequence,,1,1,,1,"[single-amber d=46 medium] her-right(amber)=1@177,206",true,medium,,
/workspace/shadowveil/reference/grok_build/public/clean-room/frames/loop-look-4.jpg,art,video/render frame sequence,,1,3,2,1,"[pair d=68 high] her-left(green)=2@227,197;229,207 her-right(amber)=1@129,199",true,high,,
/workspace/shadowveil/reference/grok_build/public/clean-room/frames/loop-nod-1.jpg,art,video/render frame sequence,,1,3,2,1,"[pair d=67 high] her-left(green)=2@224,200;226,209 her-right(amber)=1@127,201",true,high,,
/workspace/shadowveil/reference/grok_build/public/clean-room/frames/loop-nod-3.jpg,art,video/render frame sequence,,1,3,2,1,"[pair d=66 high] her-left(green)=2@224,200;226,209 her-right(amber)=1@127,201",true,high,,
/workspace/shadowveil/reference/grok_build/public/clean-room/frames/loop-talk-1.jpg,art,video/render frame sequence,,1,3,2,1,"[pair d=67 high] her-left(green)=2@225,200;227,210 her-right(amber)=1@128,202",true,high,,
/workspace/shadowveil/reference/grok_build/public/clean-room/frames/loop-talk-3.jpg,art,video/render frame sequence,,1,3,2,1,"[pair d=68 high] her-left(green)=2@224,200;227,208 her-right(amber)=1@127,201",true,high,,
/workspace/shadowveil/reference/grok_build/public/clean-room/frames/sheet-1db5-10.jpg,art,video/render frame sequence,,2,2;1,2,1,"[single-green d=74 medium] her-left(green)=2@199,264;147,292 | [single-amber d=62 medium] her-right(amber)=1@78,264",true,medium,,
/workspace/shadowveil/reference/grok_build/public/clean-room/frames/sheet-9f8e-7.jpg,art,video/render frame sequence,,3,2;1;0,2,1;0,"[single-green d=79 medium] her-left(green)=2@272,243;216,259 | [single-amber d=44 low] her-right(amber)=1@154,232 | [single-amber d=31 low] her-right(amber)=0@-",true,medium,,
/workspace/shadowveil/reference/grok_build/public/clean-room/hires/acts-2-3.jpg,art,other pose still (action/expression/hand/eye),,1,3,2,1,"[pair d=70 high] her-left(green)=2@624,234;628,244 her-right(amber)=1@517,245",true,high,,
/workspace/shadowveil/reference/grok_build/public/clean-room/hires/acts-2-4.jpg,art,other pose still (action/expression/hand/eye),,1,3,2,1,"[pair d=71 high] her-left(green)=2@616,238;620,248 her-right(amber)=1@515,238",true,high,,
/workspace/shadowveil/reference/grok_build/public/clean-room/hires/adjust-2.jpg,art,other pose still (action/expression/hand/eye),,1,3,2,1,"[pair d=71 high] her-left(green)=2@618,244;621,253 her-right(amber)=1@516,245",true,high,,
/workspace/shadowveil/reference/grok_build/public/clean-room/hires/angles-1.jpg,art,turnaround/rotation still,,1,3,2,1,"[pair d=72 high] her-left(green)=2@625,244;628,254 her-right(amber)=1@523,245",true,high,,
/workspace/shadowveil/reference/grok_build/public/clean-room/hires/angles-2.jpg,art,turnaround/rotation still,,1,3,2,1,"[pair d=63 high] her-left(green)=2@580,238;584,249 her-right(amber)=1@489,241",true,high,,
/workspace/shadowveil/reference/grok_build/public/clean-room/hires/emotions-3.jpg,art,other pose still (action/expression/hand/eye),,1,3,2,1,"[pair d=73 high] her-left(green)=2@628,230;630,240 her-right(amber)=1@524,236",true,high,,
/workspace/shadowveil/reference/grok_build/public/clean-room/hires/emotions-8.jpg,art,other pose still (action/expression/hand/eye),,1,3,2,1,"[pair d=72 high] her-left(green)=2@623,226;626,235 her-right(amber)=1@519,226",true,high,,
/workspace/shadowveil/reference/grok_build/public/clean-room/hires/faces-locked-2.jpg,art,other pose still (action/expression/hand/eye),,1,3,2,1,"[pair d=74 high] her-left(green)=2@626,252;629,263 her-right(amber)=1@521,254",true,high,,
/workspace/shadowveil/reference/grok_build/public/clean-room/hires/faces-locked-5.jpg,art,other pose still (action/expression/hand/eye),,1,3,2,1,"[pair d=74 high] her-left(green)=2@625,245;629,256 her-right(amber)=1@521,246",true,high,,
/workspace/shadowveil/reference/grok_build/public/clean-room/hires/faces-locked-7.jpg,art,other pose still (action/expression/hand/eye),,1,3,2,1,"[pair d=76 high] her-left(green)=2@628,262;632,273 her-right(amber)=1@520,264",true,high,,
/workspace/shadowveil/reference/grok_build/public/clean-room/hires/faces-locked-8.jpg,art,other pose still (action/expression/hand/eye),,1,3,2,1,"[pair d=73 high] her-left(green)=2@625,251;629,263 her-right(amber)=1@518,255",true,high,,
/workspace/shadowveil/reference/grok_build/public/clean-room/hires/getup-rise-2.jpg,art,other pose still (action/expression/hand/eye),,1,3,2,1,"[pair d=99 high] her-left(green)=2@646,536;652,549 her-right(amber)=1@503,537",true,high,,
/workspace/shadowveil/reference/grok_build/public/clean-room/hires/hygiene-1.jpg,art,other pose still (action/expression/hand/eye),,1,3,2,1,"[pair d=71 high] her-left(green)=2@606,234;608,244 her-right(amber)=1@506,235",true,high,,
/workspace/shadowveil/reference/grok_build/public/clean-room/hires/hygiene-3.jpg,art,other pose still (action/expression/hand/eye),,1,3,2,1,"[pair d=73 high] her-left(green)=2@622,238;626,249 her-right(amber)=1@520,240",true,high,,
/workspace/shadowveil/reference/grok_build/public/clean-room/hires/idle-front-1.jpg,art,other pose still (action/expression/hand/eye),0 (front),1,3,2,1,"[pair d=73 high] her-left(green)=2@628,230;631,241 her-right(amber)=1@524,232",true,high,,
/workspace/shadowveil/reference/grok_build/public/clean-room/hires/idle-front-4.jpg,art,other pose still (action/expression/hand/eye),0 (front),1,3,2,1,"[pair d=71 high] her-left(green)=2@627,239;629,250 her-right(amber)=1@524,240",true,high,,
/workspace/shadowveil/reference/grok_build/public/clean-room/hires/idle-front-6.jpg,art,other pose still (action/expression/hand/eye),0 (front),1,3,2,1,"[pair d=73 high] her-left(green)=2@621,242;623,251 her-right(amber)=1@518,242",true,high,,
/workspace/shadowveil/reference/grok_build/public/clean-room/hires/idle-sway-1.jpg,art,other pose still (action/expression/hand/eye),,1,3,2,1,"[pair d=72 high] her-left(green)=2@623,239;626,250 her-right(amber)=1@519,241",true,high,,
/workspace/shadowveil/reference/grok_build/public/clean-room/hires/idle-sway-2.jpg,art,other pose still (action/expression/hand/eye),,1,3,2,1,"[pair d=72 high] her-left(green)=2@616,236;619,246 her-right(amber)=1@513,237",true,high,,
/workspace/shadowveil/reference/grok_build/public/clean-room/hires/idle-sway-3.jpg,art,other pose still (action/expression/hand/eye),,1,3,2,1,"[pair d=71 high] her-left(green)=2@620,236;623,246 her-right(amber)=1@517,237",true,high,,
/workspace/shadowveil/reference/grok_build/public/clean-room/hires/idle-sway-4.jpg,art,other pose still (action/expression/hand/eye),,1,3,2,1,"[pair d=73 high] her-left(green)=2@628,240;630,252 her-right(amber)=1@522,242",true,high,,
/workspace/shadowveil/reference/grok_build/public/clean-room/hires/inspect-3.jpg,art,other pose still (action/expression/hand/eye),,1,3,2,1,"[pair d=63 high] her-left(green)=2@581,254;584,264 her-right(amber)=1@521,273",true,high,,
/workspace/shadowveil/reference/grok_build/public/clean-room/hires/interact-1.jpg,art,other pose still (action/expression/hand/eye),,1,3,2,1,"[pair d=71 high] her-left(green)=2@619,243;622,253 her-right(amber)=1@518,244",true,high,,
/workspace/shadowveil/reference/grok_build/public/clean-room/hires/interact-3.jpg,art,other pose still (action/expression/hand/eye),,1,3,2,1,"[pair d=72 high] her-left(green)=2@608,244;611,254 her-right(amber)=1@507,270",true,high,,
/workspace/shadowveil/reference/grok_build/public/clean-room/hires/life-2.jpg,art,other pose still (action/expression/hand/eye),,1,3,2,1,"[pair d=71 high] her-left(green)=2@626,259;629,270 her-right(amber)=1@523,261",true,high,,
/workspace/shadowveil/reference/grok_build/public/clean-room/hires/life-3.jpg,art,other pose still (action/expression/hand/eye),,1,3,2,1,"[pair d=73 high] her-left(green)=2@628,251;632,263 her-right(amber)=1@522,253",true,high,,
/workspace/shadowveil/reference/grok_build/public/clean-room/hires/loop-blink-1.jpg,art,other pose still (action/expression/hand/eye),,1,3,2,1,"[pair d=71 high] her-left(green)=2@625,228;627,239 her-right(amber)=1@522,229",true,high,,
/workspace/shadowveil/reference/grok_build/public/clean-room/hires/loop-blink-2.jpg,art,other pose still (action/expression/hand/eye),,2,1;2,2,1,"[single-amber d=50 medium] her-right(amber)=1@520,225 | [single-green d=38 low] her-left(green)=2@623,224;625,234",true,medium,,
/workspace/shadowveil/reference/grok_build/public/clean-room/hires/loop-look-1.jpg,art,other pose still (action/expression/hand/eye),,1,2,2,,"[single-green d=58 medium] her-left(green)=2@537,238;541,248",true,medium,,
/workspace/shadowveil/reference/grok_build/public/clean-room/hires/loop-look-2.jpg,art,other pose still (action/expression/hand/eye),,1,3,2,1,"[pair d=72 high] her-left(green)=2@625,222;627,233 her-right(amber)=1@521,224",true,high,,
/workspace/shadowveil/reference/grok_build/public/clean-room/hires/loop-look-3.jpg,art,other pose still (action/expression/hand/eye),,1,1,0,1,"[pair d=60 high] her-right(amber)=1@565,233",true,high,,
/workspace/shadowveil/reference/grok_build/public/clean-room/hires/loop-look-4.jpg,art,other pose still (action/expression/hand/eye),,1,3,2,1,"[pair d=71 high] her-left(green)=2@625,225;628,235 her-right(amber)=1@522,226",true,high,,
/workspace/shadowveil/reference/grok_build/public/clean-room/hires/loop-nod-1.jpg,art,other pose still (action/expression/hand/eye),,1,3,2,1,"[pair d=75 high] her-left(green)=2@625,231;628,241 her-right(amber)=1@518,232",true,high,,
/workspace/shadowveil/reference/grok_build/public/clean-room/hires/loop-nod-3.jpg,art,other pose still (action/expression/hand/eye),,1,3,2,1,"[pair d=72 high] her-left(green)=2@624,235;626,245 her-right(amber)=1@518,236",true,high,,
/workspace/shadowveil/reference/grok_build/public/clean-room/hires/loop-talk-1.jpg,art,other pose still (action/expression/hand/eye),,1,3,2,1,"[pair d=72 high] her-left(green)=2@626,227;628,238 her-right(amber)=1@522,229",true,high,,
/workspace/shadowveil/reference/grok_build/public/clean-room/hires/loop-talk-2.jpg,art,other pose still (action/expression/hand/eye),,1,3,2,1,"[pair d=72 high] her-left(green)=2@624,239;626,249 her-right(amber)=1@520,240",true,high,,
/workspace/shadowveil/reference/grok_build/public/clean-room/hires/loop-talk-3.jpg,art,other pose still (action/expression/hand/eye),,1,3,2,1,"[pair d=72 high] her-left(green)=2@624,230;627,239 her-right(amber)=1@520,231",true,high,,
/workspace/shadowveil/reference/grok_build/public/clean-room/hires/set-16-1.jpg,art,other pose still (action/expression/hand/eye),,1,3,2,1,"[pair d=107 high] her-left(green)=2@651,379;655,394 her-right(amber)=1@496,381",true,high,,
/workspace/shadowveil/reference/grok_build/public/clean-room/hires/set-16-2.jpg,art,other pose still (action/expression/hand/eye),,1,3,2,1,"[pair d=115 high] her-left(green)=2@638,361;642,378 her-right(amber)=1@472,364",true,high,,
/workspace/shadowveil/reference/grok_build/public/clean-room/hires/set-16-3.jpg,art,other pose still (action/expression/hand/eye),,1,3,2,1,"[pair d=102 high] her-left(green)=2@659,319;662,333 her-right(amber)=1@513,321",true,high,,
/workspace/shadowveil/reference/grok_build/public/clean-room/hires/set-16-4.jpg,art,other pose still (action/expression/hand/eye),,1,3,2,1,"[pair d=119 high] her-left(green)=2@708,368;713,386 her-right(amber)=1@538,370",true,high,,
/workspace/shadowveil/reference/grok_build/public/clean-room/hires/set-16-7.jpg,art,other pose still (action/expression/hand/eye),,1,3,2,1,"[pair d=82 high] her-left(green)=2@646,257;648,270 her-right(amber)=1@529,258",true,high,,
/workspace/shadowveil/reference/grok_build/public/clean-room/hires/set-16-9p1.jpg,art,other pose still (action/expression/hand/eye),,2,2;0,2,0,"[single-green d=62 medium] her-left(green)=2@774,262;775,275 | [single-amber d=41 low] her-right(amber)=0@-",true,medium,,
/workspace/shadowveil/reference/grok_build/public/clean-room/hires/set-16-9p2.jpg,art,other pose still (action/expression/hand/eye),,1,3,2,1,"[pair d=77 high] her-left(green)=2@617,245;620,255 her-right(amber)=1@507,246",true,high,,
/workspace/shadowveil/reference/grok_build/public/clean-room/hires/set-17-5.jpg,art,other pose still (action/expression/hand/eye),,1,3,2,1,"[pair d=105 high] her-left(green)=2@458,415;462,431 her-right(amber)=1@306,418",true,high,,
/workspace/shadowveil/reference/grok_build/public/clean-room/hires/set-17-7.jpg,art,other pose still (action/expression/hand/eye),,1,3,2,1,"[pair d=118 high] her-left(green)=2@691,384;694,402 her-right(amber)=1@522,378",true,high,,
/workspace/shadowveil/reference/grok_build/public/clean-room/hires/set-17-9.jpg,art,other pose still (action/expression/hand/eye),,1,3,2,1,"[pair d=114 high] her-left(green)=2@661,396;665,413 her-right(amber)=1@497,398",true,high,,
/workspace/shadowveil/reference/grok_build/public/clean-room/hires/set-18-1p1.jpg,art,other pose still (action/expression/hand/eye),,1,3,2,1,"[pair d=115 high] her-left(green)=2@654,386;657,401 her-right(amber)=1@490,388",true,high,,
/workspace/shadowveil/reference/grok_build/public/clean-room/hires/set-18-2p2.jpg,art,other pose still (action/expression/hand/eye),,1,3,2,1,"[pair d=87 high] her-left(green)=2@626,291;630,303 her-right(amber)=1@501,292",true,high,,
/workspace/shadowveil/reference/grok_build/public/clean-room/hires/set-18-4p2.jpg,art,other pose still (action/expression/hand/eye),,1,3,2,1,"[pair d=89 high] her-left(green)=2@651,285;655,297 her-right(amber)=1@524,286",true,high,,
/workspace/shadowveil/reference/grok_build/public/clean-room/hires/sheet-1947-1.jpg,art,other pose still (action/expression/hand/eye),,2,2;0,2,0,"[single-green d=115 medium] her-left(green)=2@748,502;674,550 | [single-amber d=24 low] her-right(amber)=0@-",true,medium,,
/workspace/shadowveil/reference/grok_build/public/clean-room/hires/sheet-aab0-2.jpg,art,other pose still (action/expression/hand/eye),,1,3,2,1,"[pair d=72 high] her-left(green)=2@626,234;632,247 her-right(amber)=1@519,257",true,high,,
/workspace/shadowveil/reference/grok_build/public/clean-room/hires/sheet-aab0-3.jpg,art,other pose still (action/expression/hand/eye),,1,3,2,1,"[pair d=72 high] her-left(green)=2@603,247;604,257 her-right(amber)=1@500,248",true,high,,
/workspace/shadowveil/reference/grok_build/public/clean-room/hires/sheet-aab0-4.jpg,art,other pose still (action/expression/hand/eye),,2,3;3,2;2,1;1,"[pair d=71 high] her-left(green)=2@881,241;886,252 her-right(amber)=1@780,244 | [pair d=72 high] her-left(green)=2@348,239;353,250 her-right(amber)=1@239,250",true,high,,
/workspace/shadowveil/reference/grok_build/public/clean-room/hires/turnaround-1.jpg,art,turnaround/rotation still,,1,3,2,1,"[pair d=68 high] her-left(green)=2@625,239;628,250 her-right(amber)=1@527,241",true,high,,
/workspace/shadowveil/reference/grok_build/public/clean-room/layers/anim/clasp.png,art,other pose still (action/expression/hand/eye),,1,3,2,1,"[pair d=49 high] her-left(green)=2@416,160;418,167 her-right(amber)=1@346,161",true,high,,
/workspace/shadowveil/reference/grok_build/public/clean-room/layers/anim/gasp.png,art,other pose still (action/expression/hand/eye),,1,1,,1,"[single-amber d=48 medium] her-right(amber)=1@378,190",true,medium,,
/workspace/shadowveil/reference/grok_build/public/clean-room/layers/anim/tongue.png,art,other pose still (action/expression/hand/eye),,1,3,2,1,"[pair d=53 high] her-left(green)=2@416,160;418,168 her-right(amber)=1@340,160",true,high,,
/workspace/shadowveil/reference/grok_build/public/clean-room/layers/rotation/turn-000.png,art,turnaround/rotation still,000,1,3,2,1,"[pair d=68 high] her-left(green)=2@731,244;734,255 her-right(amber)=1@632,247",true,eyeballed,"CANONICAL. Eyeballed: 1 mark under her right (amber) eye, 2 marks under her left (green) eye (viewer-right) plus a faint 1-2 px speck just inside them.",
/workspace/shadowveil/reference/grok_build/public/clean-room/layers/rotation/turn-270.png,art,turnaround/rotation still,270,1,1,,1,"[single-amber d=43 low] her-right(amber)=1@821,228",true,eyeballed,"Eyeballed: profile shows her right (amber) cheek with 1 mark (canonical 1). Detector confidence was low (profile iris), verified by eye.",
/workspace/shadowveil/reference/grok_build/public/clean-room/sheets/angles.jpg,art,turnaround/rotation still,,2,2;1,2;1,,"[single-green d=46 medium] her-left(green)=2@320,148;294,160 | [single-green d=41 low] her-left(green)=1@700,152",true,medium,,
/workspace/shadowveil/reference/grok_build/public/clean-room/sheets/angles.png,art,turnaround/rotation still,,1,3,2,1,"[pair d=41 medium] her-left(green)=2@320,148;322,154 her-right(amber)=1@262,149",true,medium,,
/workspace/shadowveil/reference/grok_build/public/clean-room/sheets/idle-sway.jpg,art,other pose still (action/expression/hand/eye),,4,3;3;3;3,2;2;2;2,1;1;1;1,"[pair d=66 high] her-left(green)=2@260,232;262,241 her-right(amber)=1@163,233 | [pair d=66 high] her-left(green)=2@692,232;694,241 her-right(amber)=1@595,233 | [pair d=66 high] her-left(green)=2@1124,232;1126,241 her-right(amber)=1@1027,233 | [pair d=66 high] her-left(green)=2@1556,232;1558,241 her-right(amber)=1@1459,233",true,high,,
/workspace/shadowveil/reference/grok_build/public/clean-room/sheets/jump-1.jpg,art,other pose still (action/expression/hand/eye),,1,3,2,1,"[pair d=105 high] her-left(green)=2@654,368;657,384 her-right(amber)=1@499,370",true,high,,
/workspace/shadowveil/reference/grok_build/public/clean-room/sheets/jump-2.jpg,art,other pose still (action/expression/hand/eye),,1,3,2,1,"[pair d=84 high] her-left(green)=2@644,287;646,299 her-right(amber)=1@522,288",true,high,,
/workspace/shadowveil/reference/grok_build/public/clean-room/sheets/jump-action.jpg,art,other pose still (action/expression/hand/eye),,4,1;1;1;1,1;1,1;1,"[single-amber d=46 medium] her-right(amber)=1@228,150 | [single-amber d=46 medium] her-right(amber)=1@1175,862 | [single-green d=38 low] her-left(green)=1@298,150 | [single-green d=36 low] her-left(green)=1@1362,116",true,medium,,
/workspace/shadowveil/reference/grok_build/public/clean-room/sheets/loop-blink.jpg,art,other pose still (action/expression/hand/eye),,1,3,2,1,"[pair d=66 high] her-left(green)=2@225,200;227,210 her-right(amber)=1@127,202",true,high,,
/workspace/shadowveil/reference/grok_build/public/clean-room/sheets/loop-look.jpg,art,other pose still (action/expression/hand/eye),,2,3;3,2;2,1;1,"[pair d=67 high] her-left(green)=2@589,197;591,207 her-right(amber)=1@491,199 | [pair d=67 high] her-left(green)=2@1315,197;1317,207 her-right(amber)=1@1217,199",true,high,,
/workspace/shadowveil/reference/grok_build/public/clean-room/sheets/loop-nod.jpg,art,other pose still (action/expression/hand/eye),,2,3;3,2;2,1;1,"[pair d=67 high] her-left(green)=2@224,200;226,209 her-right(amber)=1@127,201 | [pair d=67 high] her-left(green)=2@946,200;948,209 her-right(amber)=1@849,201",true,high,,
/workspace/shadowveil/reference/grok_build/public/clean-room/sheets/play-wave.jpg,art,other pose still (action/expression/hand/eye),,1,2,2,,"[single-green d=48 medium] her-left(green)=2@611,228;616,239",true,medium,,
/workspace/shadowveil/reference/grok_build/public/clean-room/tpose.src.png,art,turnaround/rotation still,0 (T-pose front),1,3,2,1,"[pair d=58 high] her-left(green)=2@615,306;618,315 her-right(amber)=1@532,308",true,high,,
/workspace/shadowveil/reference/grok_build_captures/tabs/stills_Extreme.png,art,other pose still (action/expression/hand/eye),,3,2;0;0,2;0,0,"[single-green d=62 medium] her-left(green)=2@369,1337;328,1356 | [single-green d=31 low] her-left(green)=0@- | [single-amber d=31 low] her-right(amber)=0@-",true,medium,,
/workspace/shadowveil/views/apose/base.png,art,turnaround/rotation still,0 (A-pose front),1,3,2,1,"[pair d=68 high] her-left(green)=2@731,244;734,255 her-right(amber)=1@632,247",true,high,,
/workspace/gb/d_point.png,art,other pose still (action/expression/hand/eye),,0,,,,,n/a,,,
/workspace/gb/d_point0.png,art,other pose still (action/expression/hand/eye),,0,,,,,n/a,,,
/workspace/gb/d_wave.png,art,other pose still (action/expression/hand/eye),,0,,,,,n/a,,,
/workspace/gb/ov_wave.png,art,other pose still (action/expression/hand/eye),,0,,,,,n/a,,,
/workspace/gb/ov_wave2.png,art,other pose still (action/expression/hand/eye),,0,,,,,n/a,,,
/workspace/gb/s_wave_point.png,art,other pose still (action/expression/hand/eye),,0,,,,,n/a,,,
/workspace/gb/sh_dodge_kick.png,art,other pose still (action/expression/hand/eye),,0,,,,,n/a,,,
/workspace/gb/sh_gasp_angry.png,art,other pose still (action/expression/hand/eye),,0,,,,,n/a,,,
/workspace/gb/sh_idle-long_walk.png,art,other pose still (action/expression/hand/eye),,0,,,,,n/a,,,
/workspace/gb/sh_run_jump.png,art,other pose still (action/expression/hand/eye),,0,,,,,n/a,,,
/workspace/gb/sh_sit.png,art,other pose still (action/expression/hand/eye),,0,,,,,n/a,,,
/workspace/gb/sh_smirk_idle.png,art,other pose still (action/expression/hand/eye),,0,,,,,n/a,,,
/workspace/gb/sh_talk_sway.png,art,other pose still (action/expression/hand/eye),,0,,,,,n/a,,,
/workspace/gb/sh_wave_point.png,art,other pose still (action/expression/hand/eye),,0,,,,,n/a,,,
/workspace/shadowveil-hair/back.png,art,turnaround/rotation still,180 (back),0,,,,,n/a,,,
/workspace/shadowveil/hair/backup_pre_quality/base_body/back.png,art,turnaround/rotation still,180 (back),0,,,,,n/a,,,
/workspace/shadowveil/reference/REJECTED_walk_sheet.jpg,art,other pose still (action/expression/hand/eye),,0,,,,,n/a,,,
/workspace/shadowveil/reference/apose_turn/frames/f044.png,art,video/render frame sequence,,0,,,,,n/a,,,
/workspace/shadowveil/reference/apose_turn/frames/f050.png,art,video/render frame sequence,,0,,,,,n/a,,,
/workspace/shadowveil/reference/apose_turn/frames/f052.png,art,video/render frame sequence,,0,,,,,n/a,,,
/workspace/shadowveil/reference/apose_turn/frames/f054.png,art,video/render frame sequence,,0,,,,,n/a,,,
/workspace/shadowveil/reference/apose_turn/frames/f055.png,art,video/render frame sequence,,0,,,,,n/a,,,
/workspace/shadowveil/reference/apose_turn/frames/f056.png,art,video/render frame sequence,,0,,,,,n/a,,,
/workspace/shadowveil/reference/apose_turn/frames/f057.png,art,video/render frame sequence,,0,,,,,n/a,,,
/workspace/shadowveil/reference/apose_turn/frames/f058.png,art,video/render frame sequence,,0,,,,,n/a,,,
/workspace/shadowveil/reference/apose_turn/frames/f059.png,art,video/render frame sequence,,0,,,,,n/a,,,
/workspace/shadowveil/reference/apose_turn/frames/f060.png,art,video/render frame sequence,,0,,,,,n/a,,,
/workspace/shadowveil/reference/apose_turn/frames/f061.png,art,video/render frame sequence,,0,,,,,n/a,,,
/workspace/shadowveil/reference/apose_turn/frames/f062.png,art,video/render frame sequence,,0,,,,,n/a,,,
/workspace/shadowveil/reference/apose_turn/frames/f063.png,art,video/render frame sequence,,0,,,,,n/a,,,
/workspace/shadowveil/reference/apose_turn/frames/f064.png,art,video/render frame sequence,,0,,,,,n/a,,,
/workspace/shadowveil/reference/apose_turn/frames/f065.png,art,video/render frame sequence,,0,,,,,n/a,,,
/workspace/shadowveil/reference/apose_turn/frames/f066.png,art,video/render frame sequence,,0,,,,,n/a,,,
/workspace/shadowveil/reference/apose_turn/frames/f067.png,art,video/render frame sequence,,0,,,,,n/a,,,
/workspace/shadowveil/reference/apose_turn/frames/f068.png,art,video/render frame sequence,,0,,,,,n/a,,,
/workspace/shadowveil/reference/apose_turn/frames/f069.png,art,video/render frame sequence,,0,,,,,n/a,,,
/workspace/shadowveil/reference/apose_turn/frames/f070.png,art,video/render frame sequence,,0,,,,,n/a,,,
/workspace/shadowveil/reference/apose_turn/frames/f071.png,art,video/render frame sequence,,0,,,,,n/a,,,
/workspace/shadowveil/reference/apose_turn/frames/f072.png,art,video/render frame sequence,,0,,,,,n/a,,,
/workspace/shadowveil/reference/apose_turn/frames/f073.png,art,video/render frame sequence,,0,,,,,n/a,,,
/workspace/shadowveil/reference/apose_turn/frames/f074.png,art,video/render frame sequence,,0,,,,,n/a,,,
/workspace/shadowveil/reference/apose_turn/frames/f075.png,art,video/render frame sequence,,0,,,,,n/a,,,
/workspace/shadowveil/reference/apose_turn/frames/f076.png,art,video/render frame sequence,,0,,,,,n/a,,,
/workspace/shadowveil/reference/apose_turn/frames/f077.png,art,video/render frame sequence,,0,,,,,n/a,,,
/workspace/shadowveil/reference/apose_turn/frames/f078.png,art,video/render frame sequence,,0,,,,,n/a,,,
/workspace/shadowveil/reference/apose_turn/frames/f079.png,art,video/render frame sequence,,0,,,,,n/a,,,
/workspace/shadowveil/reference/apose_turn/frames/f080.png,art,video/render frame sequence,,0,,,,,n/a,,,
/workspace/shadowveil/reference/apose_turn/frames/f081.png,art,video/render frame sequence,,0,,,,,n/a,,,
/workspace/shadowveil/reference/apose_turn/frames/f082.png,art,video/render frame sequence,,0,,,,,n/a,,,
/workspace/shadowveil/reference/apose_turn/frames/f083.png,art,video/render frame sequence,,0,,,,,n/a,,,
/workspace/shadowveil/reference/apose_turn/frames/f084.png,art,video/render frame sequence,,0,,,,,n/a,,,
/workspace/shadowveil/reference/apose_turn/frames/f085.png,art,video/render frame sequence,,0,,,,,n/a,,,
/workspace/shadowveil/reference/apose_turn/frames/f086.png,art,video/render frame sequence,,0,,,,,n/a,,,
/workspace/shadowveil/reference/apose_turn/frames/f087.png,art,video/render frame sequence,,0,,,,,n/a,,,
/workspace/shadowveil/reference/apose_turn/frames/f088.png,art,video/render frame sequence,,0,,,,,n/a,,,
/workspace/shadowveil/reference/apose_turn/frames/f089.png,art,video/render frame sequence,,0,,,,,n/a,,,
/workspace/shadowveil/reference/apose_turn/frames/f090.png,art,video/render frame sequence,,0,,,,,n/a,,,
/workspace/shadowveil/reference/apose_turn/frames/f091.png,art,video/render frame sequence,,0,,,,,n/a,,,
/workspace/shadowveil/reference/apose_turn/frames/f092.png,art,video/render frame sequence,,0,,,,,n/a,,,
/workspace/shadowveil/reference/apose_turn/frames/f093.png,art,video/render frame sequence,,0,,,,,n/a,,,
/workspace/shadowveil/reference/apose_turn/frames/f094.png,art,video/render frame sequence,,0,,,,,n/a,,,
/workspace/shadowveil/reference/apose_turn/frames/f095.png,art,video/render frame sequence,,0,,,,,n/a,,,
/workspace/shadowveil/reference/apose_turn/frames/f096.png,art,video/render frame sequence,,0,,,,,n/a,,,
/workspace/shadowveil/reference/apose_turn/frames/f097.png,art,video/render frame sequence,,0,,,,,n/a,,,
/workspace/shadowveil/reference/apose_turn/frames/f098.png,art,video/render frame sequence,,0,,,,,n/a,,,
/workspace/shadowveil/reference/apose_turn/frames/f099.png,art,video/render frame sequence,,0,,,,,n/a,,,
/workspace/shadowveil/reference/apose_turn/frames/f100.png,art,video/render frame sequence,,0,,,,,n/a,,,
/workspace/shadowveil/reference/apose_turn/frames/f101.png,art,video/render frame sequence,,0,,,,,n/a,,,
/workspace/shadowveil/reference/apose_turn/frames/f102.png,art,video/render frame sequence,,0,,,,,n/a,,,
/workspace/shadowveil/reference/apose_turn/frames/f103.png,art,video/render frame sequence,,0,,,,,n/a,,,
/workspace/shadowveil/reference/apose_turn/frames/f104.png,art,video/render frame sequence,,0,,,,,n/a,,,
/workspace/shadowveil/reference/apose_turn/frames/f105.png,art,video/render frame sequence,,0,,,,,n/a,,,
/workspace/shadowveil/reference/apose_turn/frames/f106.png,art,video/render frame sequence,,0,,,,,n/a,,,
/workspace/shadowveil/reference/apose_turn/frames/f107.png,art,video/render frame sequence,,0,,,,,n/a,,,
/workspace/shadowveil/reference/apose_turn/frames/f108.png,art,video/render frame sequence,,0,,,,,n/a,,,
/workspace/shadowveil/reference/apose_turn/frames/f109.png,art,video/render frame sequence,,0,,,,,n/a,,,
/workspace/shadowveil/reference/apose_turn/frames/f110.png,art,video/render frame sequence,,0,,,,,n/a,,,
/workspace/shadowveil/reference/apose_turn/frames/f111.png,art,video/render frame sequence,,0,,,,,n/a,,,
/workspace/shadowveil/reference/apose_turn/frames/f112.png,art,video/render frame sequence,,0,,,,,n/a,,,
/workspace/shadowveil/reference/apose_turn/frames/f113.png,art,video/render frame sequence,,0,,,,,n/a,,,
/workspace/shadowveil/reference/apose_turn/frames/f114.png,art,video/render frame sequence,,0,,,,,n/a,,,
/workspace/shadowveil/reference/apose_turn/frames/f115.png,art,video/render frame sequence,,0,,,,,n/a,,,
/workspace/shadowveil/reference/apose_turn/frames/f116.png,art,video/render frame sequence,,0,,,,,n/a,,,
/workspace/shadowveil/reference/apose_turn/frames/f117.png,art,video/render frame sequence,,0,,,,,n/a,,,
/workspace/shadowveil/reference/apose_turn/frames/f118.png,art,video/render frame sequence,,0,,,,,n/a,,,
/workspace/shadowveil/reference/apose_turn/frames/f119.png,art,video/render frame sequence,,0,,,,,n/a,,,
/workspace/shadowveil/reference/apose_turn/frames/f120.png,art,video/render frame sequence,,0,,,,,n/a,,,
/workspace/shadowveil/reference/apose_turn/frames/f121.png,art,video/render frame sequence,,0,,,,,n/a,,,
/workspace/shadowveil/reference/apose_turn/frames/f122.png,art,video/render frame sequence,,0,,,,,n/a,,,
/workspace/shadowveil/reference/apose_turn/frames/f123.png,art,video/render frame sequence,,0,,,,,n/a,,,
/workspace/shadowveil/reference/apose_turn/frames/f124.png,art,video/render frame sequence,,0,,,,,n/a,,,
/workspace/shadowveil/reference/apose_turn/frames/f125.png,art,video/render frame sequence,,0,,,,,n/a,,,
/workspace/shadowveil/reference/apose_turn/frames/f126.png,art,video/render frame sequence,,0,,,,,n/a,,,
/workspace/shadowveil/reference/apose_turn/frames/f127.png,art,video/render frame sequence,,0,,,,,n/a,,,
/workspace/shadowveil/reference/apose_turn/frames/f128.png,art,video/render frame sequence,,0,,,,,n/a,,,
/workspace/shadowveil/reference/apose_turn/frames/f129.png,art,video/render frame sequence,,0,,,,,n/a,,,
/workspace/shadowveil/reference/apose_turn/frames/f130.png,art,video/render frame sequence,,0,,,,,n/a,,,
/workspace/shadowveil/reference/apose_turn/frames/f131.png,art,video/render frame sequence,,0,,,,,n/a,,,
/workspace/shadowveil/reference/apose_turn/frames/f132.png,art,video/render frame sequence,,0,,,,,n/a,,,
/workspace/shadowveil/reference/apose_turn/frames/f133.png,art,video/render frame sequence,,0,,,,,n/a,,,
/workspace/shadowveil/reference/apose_turn/frames/f134.png,art,video/render frame sequence,,0,,,,,n/a,,,
/workspace/shadowveil/reference/apose_turn/frames/f135.png,art,video/render frame sequence,,0,,,,,n/a,,,
/workspace/shadowveil/reference/apose_turn/frames/f136.png,art,video/render frame sequence,,0,,,,,n/a,,,
/workspace/shadowveil/reference/apose_turn/frames/f137.png,art,video/render frame sequence,,0,,,,,n/a,,,
/workspace/shadowveil/reference/apose_turn/frames/f138.png,art,video/render frame sequence,,0,,,,,n/a,,,
/workspace/shadowveil/reference/apose_turn/frames/f139.png,art,video/render frame sequence,,0,,,,,n/a,,,
/workspace/shadowveil/reference/apose_turn/frames/f140.png,art,video/render frame sequence,,0,,,,,n/a,,,
/workspace/shadowveil/reference/apose_turn/frames/f141.png,art,video/render frame sequence,,0,,,,,n/a,,,
/workspace/shadowveil/reference/apose_turn/frames/f142.png,art,video/render frame sequence,,0,,,,,n/a,,,
/workspace/shadowveil/reference/apose_turn/frames/f143.png,art,video/render frame sequence,,0,,,,,n/a,,,
/workspace/shadowveil/reference/apose_turn/frames/f144.png,art,video/render frame sequence,,0,,,,,n/a,,,
/workspace/shadowveil/reference/apose_turn/frames/f145.png,art,video/render frame sequence,,0,,,,,n/a,,,
/workspace/shadowveil/reference/apose_turn/frames/f146.png,art,video/render frame sequence,,0,,,,,n/a,,,
/workspace/shadowveil/reference/apose_turn/frames/f147.png,art,video/render frame sequence,,0,,,,,n/a,,,
/workspace/shadowveil/reference/apose_turn/frames/f148.png,art,video/render frame sequence,,0,,,,,n/a,,,
/workspace/shadowveil/reference/apose_turn/frames/f149.png,art,video/render frame sequence,,0,,,,,n/a,,,
/workspace/shadowveil/reference/apose_turn/frames/f150.png,art,video/render frame sequence,,0,,,,,n/a,,,
/workspace/shadowveil/reference/apose_turn/frames/f151.png,art,video/render frame sequence,,0,,,,,n/a,,,
/workspace/shadowveil/reference/apose_turn/frames/f152.png,art,video/render frame sequence,,0,,,,,n/a,,,
/workspace/shadowveil/reference/apose_turn/frames/f153.png,art,video/render frame sequence,,0,,,,,n/a,,,
/workspace/shadowveil/reference/apose_turn/frames/f154.png,art,video/render frame sequence,,0,,,,,n/a,,,
/workspace/shadowveil/reference/apose_turn/frames/f155.png,art,video/render frame sequence,,0,,,,,n/a,,,
/workspace/shadowveil/reference/apose_turn/frames/f156.png,art,video/render frame sequence,,0,,,,,n/a,,,
/workspace/shadowveil/reference/apose_turn/frames/f157.png,art,video/render frame sequence,,0,,,,,n/a,,,
/workspace/shadowveil/reference/apose_turn/frames/f158.png,art,video/render frame sequence,,0,,,,,n/a,,,
/workspace/shadowveil/reference/apose_turn/frames/f159.png,art,video/render frame sequence,,0,,,,,n/a,,,
/workspace/shadowveil/reference/apose_turn/frames/f160.png,art,video/render frame sequence,,0,,,,,n/a,,,
/workspace/shadowveil/reference/apose_turn/frames/f161.png,art,video/render frame sequence,,0,,,,,n/a,,,
/workspace/shadowveil/reference/apose_turn/frames/f162.png,art,video/render frame sequence,,0,,,,,n/a,,,
/workspace/shadowveil/reference/apose_turn/frames/f163.png,art,video/render frame sequence,,0,,,,,n/a,,,
/workspace/shadowveil/reference/apose_turn/frames/f164.png,art,video/render frame sequence,,0,,,,,n/a,,,
/workspace/shadowveil/reference/apose_turn/frames/f165.png,art,video/render frame sequence,,0,,,,,n/a,,,
/workspace/shadowveil/reference/apose_turn/frames/f166.png,art,video/render frame sequence,,0,,,,,n/a,,,
/workspace/shadowveil/reference/apose_turn/frames/f167.png,art,video/render frame sequence,,0,,,,,n/a,,,
/workspace/shadowveil/reference/apose_turn/frames/f168.png,art,video/render frame sequence,,0,,,,,n/a,,,
/workspace/shadowveil/reference/apose_turn/frames/f169.png,art,video/render frame sequence,,0,,,,,n/a,,,
/workspace/shadowveil/reference/apose_turn/frames/f170.png,art,video/render frame sequence,,0,,,,,n/a,,,
/workspace/shadowveil/reference/apose_turn/frames/f171.png,art,video/render frame sequence,,0,,,,,n/a,,,
/workspace/shadowveil/reference/apose_turn/frames/f173.png,art,video/render frame sequence,,0,,,,,n/a,,,
/workspace/shadowveil/reference/apose_turn/frames/f174.png,art,video/render frame sequence,,0,,,,,n/a,,,
/workspace/shadowveil/reference/apose_turn/frames/f175.png,art,video/render frame sequence,,0,,,,,n/a,,,
/workspace/shadowveil/reference/apose_turn/frames/f176.png,art,video/render frame sequence,,0,,,,,n/a,,,
/workspace/shadowveil/reference/apose_turn/frames/f177.png,art,video/render frame sequence,,0,,,,,n/a,,,
/workspace/shadowveil/reference/apose_turn/frames/f178.png,art,video/render frame sequence,,0,,,,,n/a,,,
/workspace/shadowveil/reference/apose_turn/frames/f179.png,art,video/render frame sequence,,0,,,,,n/a,,,
/workspace/shadowveil/reference/apose_turn/frames/f180.png,art,video/render frame sequence,,0,,,,,n/a,,,
/workspace/shadowveil/reference/apose_turn/frames/f181.png,art,video/render frame sequence,,0,,,,,n/a,,,
/workspace/shadowveil/reference/apose_turn/frames/f182.png,art,video/render frame sequence,,0,,,,,n/a,,,
/workspace/shadowveil/reference/apose_turn/frames/f184.png,art,video/render frame sequence,,0,,,,,n/a,,,
/workspace/shadowveil/reference/apose_turn/frames/f185.png,art,video/render frame sequence,,0,,,,,n/a,,,
/workspace/shadowveil/reference/apose_turn/frames/f186.png,art,video/render frame sequence,,0,,,,,n/a,,,
/workspace/shadowveil/reference/apose_turn/frames/f187.png,art,video/render frame sequence,,0,,,,,n/a,,,
/workspace/shadowveil/reference/apose_turn/frames/f188.png,art,video/render frame sequence,,0,,,,,n/a,,,
/workspace/shadowveil/reference/apose_turn/frames/f189.png,art,video/render frame sequence,,0,,,,,n/a,,,
/workspace/shadowveil/reference/apose_turn/frames/f190.png,art,video/render frame sequence,,0,,,,,n/a,,,
/workspace/shadowveil/reference/apose_turn/frames/f191.png,art,video/render frame sequence,,0,,,,,n/a,,,
/workspace/shadowveil/reference/apose_turn/frames/f192.png,art,video/render frame sequence,,0,,,,,n/a,,,
/workspace/shadowveil/reference/apose_turn/frames/f193.png,art,video/render frame sequence,,0,,,,,n/a,,,
/workspace/shadowveil/reference/apose_turn/frames/f194.png,art,video/render frame sequence,,0,,,,,n/a,,,
/workspace/shadowveil/reference/apose_turn/frames/f195.png,art,video/render frame sequence,,0,,,,,n/a,,,
/workspace/shadowveil/reference/apose_turn/frames/f197.png,art,video/render frame sequence,,0,,,,,n/a,,,
/workspace/shadowveil/reference/apose_turn/frames/f205.png,art,video/render frame sequence,,0,,,,,n/a,,,
/workspace/shadowveil/reference/apose_turn/frames/f211.png,art,video/render frame sequence,,0,,,,,n/a,,,
/workspace/shadowveil/reference/apose_turn/frames/f213.png,art,video/render frame sequence,,0,,,,,n/a,,,
/workspace/shadowveil/reference/back.png,art,turnaround/rotation still,180 (back),0,,,,,n/a,,,
/workspace/shadowveil/reference/batch1/back.png,art,turnaround/rotation still,180 (back),0,,,,,n/a,,,
/workspace/shadowveil/reference/batch2/test_sheet_d6485cd6.jpg,art,other pose still (action/expression/hand/eye),,0,,,,,n/a,,,
/workspace/shadowveil/reference/grok_build/artifacts/imagine_images/00f70f87-3de6-4a64-b4f0-9dd822fe8b52.jpg,art,other pose still (action/expression/hand/eye),,0,,,,,n/a,,,
/workspace/shadowveil/reference/grok_build/artifacts/imagine_images/015ddc2c-ba5e-4b29-9ac9-7fc9d9b68f38.jpg,art,other pose still (action/expression/hand/eye),,0,,,,,n/a,,,
/workspace/shadowveil/reference/grok_build/artifacts/imagine_images/0412fe57-add0-49db-bea6-5dc36c5524ca.jpg,art,other pose still (action/expression/hand/eye),,0,,,,,n/a,,,
/workspace/shadowveil/reference/grok_build/artifacts/imagine_images/05cf79d2-20b3-4171-a038-4e87495654d9.jpg,art,other pose still (action/expression/hand/eye),,0,,,,,n/a,,,
/workspace/shadowveil/reference/grok_build/artifacts/imagine_images/06215c7e-6580-49bd-8fd6-90d87f3ae1c6.jpg,art,other pose still (action/expression/hand/eye),,0,,,,,n/a,,,
/workspace/shadowveil/reference/grok_build/artifacts/imagine_images/09028795-9895-4d1f-a702-60c5c2673469.jpg,art,other pose still (action/expression/hand/eye),,0,,,,,n/a,,,
/workspace/shadowveil/reference/grok_build/artifacts/imagine_images/0a370e71-1eb3-4b20-81b1-ac556afd140f.jpg,art,other pose still (action/expression/hand/eye),,0,,,,,n/a,,,
/workspace/shadowveil/reference/grok_build/artifacts/imagine_images/0a38ca6a-bbc5-4ae8-b9f3-c05c374ac2bc.jpg,art,other pose still (action/expression/hand/eye),,0,,,,,n/a,,,
/workspace/shadowveil/reference/grok_build/artifacts/imagine_images/0a71b0b8-1063-4d0e-99b8-4c6e0ba1e33f.jpg,art,other pose still (action/expression/hand/eye),,0,,,,,n/a,,,
/workspace/shadowveil/reference/grok_build/artifacts/imagine_images/0e180f4e-86ec-4b4f-b607-9c3005bc9460.jpg,art,other pose still (action/expression/hand/eye),,0,,,,,n/a,,,
/workspace/shadowveil/reference/grok_build/artifacts/imagine_images/0e32510b-93b4-4980-b73a-de61a8307591.jpg,art,other pose still (action/expression/hand/eye),,0,,,,,n/a,,,
/workspace/shadowveil/reference/grok_build/artifacts/imagine_images/0e5c9728-c224-4f1f-b560-39fa0fdcc854.jpg,art,other pose still (action/expression/hand/eye),,0,,,,,n/a,,,
/workspace/shadowveil/reference/grok_build/artifacts/imagine_images/0eae08b3-fb6d-4f53-856d-16b0233d4a76.jpg,art,other pose still (action/expression/hand/eye),,0,,,,,n/a,,,
/workspace/shadowveil/reference/grok_build/artifacts/imagine_images/0ed1e1bd-8dd3-423d-bbff-6eec0f54e05c.jpg,art,other pose still (action/expression/hand/eye),,0,,,,,n/a,,,
/workspace/shadowveil/reference/grok_build/artifacts/imagine_images/0feea3dc-4753-4601-8568-e987bf393046.jpg,art,other pose still (action/expression/hand/eye),,0,,,,,n/a,,,
/workspace/shadowveil/reference/grok_build/artifacts/imagine_images/101e776e-ae0e-4cb5-b5e9-877ca7a10ceb.jpg,art,other pose still (action/expression/hand/eye),,0,,,,,n/a,,,
/workspace/shadowveil/reference/grok_build/artifacts/imagine_images/104ba0d2-95d8-4a1a-8dae-d7c7b1cae8ac.jpg,art,other pose still (action/expression/hand/eye),,0,,,,,n/a,,,
/workspace/shadowveil/reference/grok_build/artifacts/imagine_images/110a14af-b9a3-4ff9-8a36-a292d5c91d66.jpg,art,other pose still (action/expression/hand/eye),,0,,,,,n/a,,,
/workspace/shadowveil/reference/grok_build/artifacts/imagine_images/115af67d-98c6-4882-92f7-b86c49e2f8b7.jpg,art,other pose still (action/expression/hand/eye),,0,,,,,n/a,,,
/workspace/shadowveil/reference/grok_build/artifacts/imagine_images/12a979fa-81c3-471e-a5e2-ce039cee974a.jpg,art,other pose still (action/expression/hand/eye),,0,,,,,n/a,,,
/workspace/shadowveil/reference/grok_build/artifacts/imagine_images/12cd9436-02d3-45c0-bc34-92d335295085.jpg,art,other pose still (action/expression/hand/eye),,0,,,,,n/a,,,
/workspace/shadowveil/reference/grok_build/artifacts/imagine_images/1336ff0a-ac2e-4be9-9198-7a74bff57a34.jpg,art,other pose still (action/expression/hand/eye),,0,,,,,n/a,,,
/workspace/shadowveil/reference/grok_build/artifacts/imagine_images/13b7ea9e-7a57-4dfc-aeb2-20403a987be9.jpg,art,other pose still (action/expression/hand/eye),,0,,,,,n/a,,,
/workspace/shadowveil/reference/grok_build/artifacts/imagine_images/14c4c6bc-b7f3-467a-983c-9759d987b7c8.jpg,art,other pose still (action/expression/hand/eye),,0,,,,,n/a,,,
/workspace/shadowveil/reference/grok_build/artifacts/imagine_images/1685da25-c56a-473b-b6cf-4e9927ff9cff.jpg,art,other pose still (action/expression/hand/eye),,0,,,,,n/a,,,
/workspace/shadowveil/reference/grok_build/artifacts/imagine_images/17c49704-f85e-4510-91eb-4a3736e1b846.jpg,art,other pose still (action/expression/hand/eye),,0,,,,,n/a,,,
/workspace/shadowveil/reference/grok_build/artifacts/imagine_images/181bd55f-7da9-445c-9d0a-b96babd8e144.jpg,art,other pose still (action/expression/hand/eye),,0,,,,,n/a,,,
/workspace/shadowveil/reference/grok_build/artifacts/imagine_images/182e389f-0cb9-4fbe-9a8a-57bfe086b008.jpg,art,other pose still (action/expression/hand/eye),,0,,,,,n/a,,,
/workspace/shadowveil/reference/grok_build/artifacts/imagine_images/18b1ba36-4b25-4304-9dc9-ebb87b589a87.jpg,art,other pose still (action/expression/hand/eye),,0,,,,,n/a,,,
/workspace/shadowveil/reference/grok_build/artifacts/imagine_images/19630b46-a34a-4179-869c-b21bdae61546.jpg,art,other pose still (action/expression/hand/eye),,0,,,,,n/a,,,
/workspace/shadowveil/reference/grok_build/artifacts/imagine_images/1ad56372-29e9-4c7a-9f65-65e646ec3abc.jpg,art,other pose still (action/expression/hand/eye),,0,,,,,n/a,,,
/workspace/shadowveil/reference/grok_build/artifacts/imagine_images/1c3bbff2-aff4-40d6-b95b-7a5eb34f00aa.jpg,art,other pose still (action/expression/hand/eye),,0,,,,,n/a,,,
/workspace/shadowveil/reference/grok_build/artifacts/imagine_images/1d9c2df4-f60a-4bff-b995-1370e07508f5.jpg,art,other pose still (action/expression/hand/eye),,0,,,,,n/a,,,
/workspace/shadowveil/reference/grok_build/artifacts/imagine_images/1f99db37-e832-4637-9bd3-2e55ba00de44.jpg,art,other pose still (action/expression/hand/eye),,0,,,,,n/a,,,
/workspace/shadowveil/reference/grok_build/artifacts/imagine_images/20182391-d26e-492a-bec0-8706969a84d9.jpg,art,other pose still (action/expression/hand/eye),,0,,,,,n/a,,,
/workspace/shadowveil/reference/grok_build/artifacts/imagine_images/221e15f4-a933-466e-a766-112baf75a1c8.jpg,art,other pose still (action/expression/hand/eye),,0,,,,,n/a,,,
/workspace/shadowveil/reference/grok_build/artifacts/imagine_images/22a01a46-55e2-45ff-a230-5fa931db6738.jpg,art,other pose still (action/expression/hand/eye),,0,,,,,n/a,,,
/workspace/shadowveil/reference/grok_build/artifacts/imagine_images/239e90ea-73d2-483e-b383-0270fc6d925b.jpg,art,other pose still (action/expression/hand/eye),,0,,,,,n/a,,,
/workspace/shadowveil/reference/grok_build/artifacts/imagine_images/244f7341-66ac-4c68-a6e2-b493e386a550.jpg,art,other pose still (action/expression/hand/eye),,0,,,,,n/a,,,
/workspace/shadowveil/reference/grok_build/artifacts/imagine_images/26c196e4-0ccf-4bc5-a14c-b438ed83ceeb.jpg,art,other pose still (action/expression/hand/eye),,0,,,,,n/a,,,
/workspace/shadowveil/reference/grok_build/artifacts/imagine_images/2759a434-4c25-4739-88af-1fec2cb2ebc1.jpg,art,other pose still (action/expression/hand/eye),,0,,,,,n/a,,,
/workspace/shadowveil/reference/grok_build/artifacts/imagine_images/29585337-ca5a-4e99-8ff9-8e5332a3c03b.jpg,art,other pose still (action/expression/hand/eye),,0,,,,,n/a,,,
/workspace/shadowveil/reference/grok_build/artifacts/imagine_images/29db3fc1-8d96-4c16-be7b-7cfe1d25200b.jpg,art,other pose still (action/expression/hand/eye),,0,,,,,n/a,,,
/workspace/shadowveil/reference/grok_build/artifacts/imagine_images/2b516449-d877-4fa6-96ad-2a2618d28927.jpg,art,other pose still (action/expression/hand/eye),,0,,,,,n/a,,,
/workspace/shadowveil/reference/grok_build/artifacts/imagine_images/2cc7ff70-2aa9-4c00-b2b1-4723ada37e54.jpg,art,other pose still (action/expression/hand/eye),,0,,,,,n/a,,,
/workspace/shadowveil/reference/grok_build/artifacts/imagine_images/2d2be4ce-1f4a-46ed-bb63-1ca898b3d2c8.jpg,art,other pose still (action/expression/hand/eye),,0,,,,,n/a,,,
/workspace/shadowveil/reference/grok_build/artifacts/imagine_images/2f8eacc1-313f-4576-8693-6e48c14242da.jpg,art,other pose still (action/expression/hand/eye),,0,,,,,n/a,,,
/workspace/shadowveil/reference/grok_build/artifacts/imagine_images/31ce7b95-84c5-432a-b1b4-6944fc73056f.jpg,art,other pose still (action/expression/hand/eye),,0,,,,,n/a,,,
/workspace/shadowveil/reference/grok_build/artifacts/imagine_images/322b117c-753d-4708-bbcc-a140c9f1e3b7.jpg,art,other pose still (action/expression/hand/eye),,0,,,,,n/a,,,
/workspace/shadowveil/reference/grok_build/artifacts/imagine_images/32329802-d2a1-4456-b126-bd0b14ad6098.jpg,art,other pose still (action/expression/hand/eye),,0,,,,,n/a,,,
/workspace/shadowveil/reference/grok_build/artifacts/imagine_images/32e7a42c-6a84-48a2-9afa-232bcbb71b42.jpg,art,other pose still (action/expression/hand/eye),,0,,,,,n/a,,,
/workspace/shadowveil/reference/grok_build/artifacts/imagine_images/334710d9-b587-4924-bb83-9924a5d20703.jpg,art,other pose still (action/expression/hand/eye),,0,,0,0,,n/a,,,
/workspace/shadowveil/reference/grok_build/artifacts/imagine_images/342c654e-97ae-4fc1-bb18-2722a005ee61.jpg,art,other pose still (action/expression/hand/eye),,0,,,,,n/a,,,
/workspace/shadowveil/reference/grok_build/artifacts/imagine_images/3a8fc726-cdd6-4920-b7b2-3a051140a9da.jpg,art,other pose still (action/expression/hand/eye),,0,,,,,n/a,,,
/workspace/shadowveil/reference/grok_build/artifacts/imagine_images/3df8ded0-6754-4d96-89bc-af07d1812ccf.jpg,art,other pose still (action/expression/hand/eye),,0,,,,,n/a,,,
/workspace/shadowveil/reference/grok_build/artifacts/imagine_images/3e2b792d-1022-4281-83a7-d806d4e14fde.jpg,art,other pose still (action/expression/hand/eye),,0,,,,,n/a,,,
/workspace/shadowveil/reference/grok_build/artifacts/imagine_images/3ff4e1a9-805b-4143-bd38-fbed10d48460.jpg,art,other pose still (action/expression/hand/eye),,0,,,,,n/a,,,
/workspace/shadowveil/reference/grok_build/artifacts/imagine_images/433ff231-0718-4850-af17-f86f2b2ecb07.jpg,art,other pose still (action/expression/hand/eye),,0,,,,,n/a,,,
/workspace/shadowveil/reference/grok_build/artifacts/imagine_images/4494afe2-10ed-448b-8c81-c5e1b9aedf35.jpg,art,other pose still (action/expression/hand/eye),,0,,,,,n/a,,,
/workspace/shadowveil/reference/grok_build/artifacts/imagine_images/4635f60b-d038-477e-af8d-96cab05576c1.jpg,art,other pose still (action/expression/hand/eye),,0,,,,,n/a,,,
/workspace/shadowveil/reference/grok_build/artifacts/imagine_images/47736a18-a920-4f07-9663-f3fef968afbe.jpg,art,other pose still (action/expression/hand/eye),,0,,,,,n/a,,,
/workspace/shadowveil/reference/grok_build/artifacts/imagine_images/47bdb540-6626-46e6-a86a-304aad23134e.jpg,art,other pose still (action/expression/hand/eye),,0,,,,,n/a,,,
/workspace/shadowveil/reference/grok_build/artifacts/imagine_images/47c76b62-a4f8-4de2-88e6-089059bd0e0b.jpg,art,other pose still (action/expression/hand/eye),,0,,,,,n/a,,,
/workspace/shadowveil/reference/grok_build/artifacts/imagine_images/4921b9c9-ac4d-4b48-85c3-193c67e9f98e.jpg,art,other pose still (action/expression/hand/eye),,0,,,,,n/a,,,
/workspace/shadowveil/reference/grok_build/artifacts/imagine_images/4a39f5b9-9070-45d1-a111-7454ea7aa62b.jpg,art,other pose still (action/expression/hand/eye),,0,,,,,n/a,,,
/workspace/shadowveil/reference/grok_build/artifacts/imagine_images/4bd1e6d2-d178-4dfd-9ab2-8a882822a40d.jpg,art,other pose still (action/expression/hand/eye),,0,,,,,n/a,,,
/workspace/shadowveil/reference/grok_build/artifacts/imagine_images/4cbfd0b8-e88b-4772-acbd-b70e50ec589b.jpg,art,other pose still (action/expression/hand/eye),,0,,,,,n/a,,,
/workspace/shadowveil/reference/grok_build/artifacts/imagine_images/4f0aca08-06a9-499a-a9ab-f71586a3bc59.jpg,art,other pose still (action/expression/hand/eye),,0,,,,,n/a,,,
/workspace/shadowveil/reference/grok_build/artifacts/imagine_images/51684f07-0b2c-4326-b569-1f64aa5f4ca2.jpg,art,other pose still (action/expression/hand/eye),,0,,,,,n/a,,,
/workspace/shadowveil/reference/grok_build/artifacts/imagine_images/523150e5-aa4c-4129-9465-c862473e15b0.jpg,art,other pose still (action/expression/hand/eye),,0,,,,,n/a,,,
/workspace/shadowveil/reference/grok_build/artifacts/imagine_images/524025f7-44a3-4392-81d9-6d1c493bb51e.jpg,art,other pose still (action/expression/hand/eye),,0,,,,,n/a,,,
/workspace/shadowveil/reference/grok_build/artifacts/imagine_images/55f6fc0a-1445-46dd-9725-012c652a1f8c.jpg,art,other pose still (action/expression/hand/eye),,0,,,,,n/a,,,
/workspace/shadowveil/reference/grok_build/artifacts/imagine_images/56ac3bae-f858-4a2c-830d-a607cdc56245.jpg,art,other pose still (action/expression/hand/eye),,0,,,,,n/a,,,
/workspace/shadowveil/reference/grok_build/artifacts/imagine_images/572bd7db-142f-4d89-a7d3-249d83c416a2.jpg,art,other pose still (action/expression/hand/eye),,0,,,,,n/a,,,
/workspace/shadowveil/reference/grok_build/artifacts/imagine_images/57c192cb-a571-431f-83e2-f63d7f22555b.jpg,art,other pose still (action/expression/hand/eye),,0,,,,,n/a,,,
/workspace/shadowveil/reference/grok_build/artifacts/imagine_images/57de64dc-88a7-4d0b-8764-fdb6bd7fc925.jpg,art,other pose still (action/expression/hand/eye),,0,,,,,n/a,,,
/workspace/shadowveil/reference/grok_build/artifacts/imagine_images/58c82317-b8c1-4a52-a2b0-b9618f6b5cb6.jpg,art,other pose still (action/expression/hand/eye),,0,,,,,n/a,,,
/workspace/shadowveil/reference/grok_build/artifacts/imagine_images/59017d06-f974-43f1-bc8b-3dacbad891ac.jpg,art,other pose still (action/expression/hand/eye),,0,,,,,n/a,,,
/workspace/shadowveil/reference/grok_build/artifacts/imagine_images/5ac37c42-e233-43a3-a93c-4032a779a27d.jpg,art,other pose still (action/expression/hand/eye),,0,,,,,n/a,,,
/workspace/shadowveil/reference/grok_build/artifacts/imagine_images/5b523cb4-a128-4521-92f1-f6bbccd69842.jpg,art,other pose still (action/expression/hand/eye),,0,,,,,n/a,,,
/workspace/shadowveil/reference/grok_build/artifacts/imagine_images/5df575e1-d21f-45ec-8a39-f620519f3979.jpg,art,other pose still (action/expression/hand/eye),,0,,,,,n/a,,,
/workspace/shadowveil/reference/grok_build/artifacts/imagine_images/60880211-c217-4183-9c0d-435b8efa6454.jpg,art,other pose still (action/expression/hand/eye),,0,,,,,n/a,,,
/workspace/shadowveil/reference/grok_build/artifacts/imagine_images/611fe510-7609-429d-a440-80122478bb60.jpg,art,other pose still (action/expression/hand/eye),,0,,,,,n/a,,,
/workspace/shadowveil/reference/grok_build/artifacts/imagine_images/6187370c-1296-4ce1-bec7-157ca756f81f.jpg,art,other pose still (action/expression/hand/eye),,0,,,,,n/a,,,
/workspace/shadowveil/reference/grok_build/artifacts/imagine_images/6260746c-52c2-4f83-98b6-27584a34c7a8.jpg,art,other pose still (action/expression/hand/eye),,0,,,,,n/a,,,
/workspace/shadowveil/reference/grok_build/artifacts/imagine_images/6480079c-ba66-42f8-8200-b9d184bb2599.jpg,art,other pose still (action/expression/hand/eye),,0,,,,,n/a,,,
/workspace/shadowveil/reference/grok_build/artifacts/imagine_images/67a592e1-c0eb-4bb9-a93c-3339c627324d.jpg,art,other pose still (action/expression/hand/eye),,0,,,,,n/a,,,
/workspace/shadowveil/reference/grok_build/artifacts/imagine_images/69f325b3-e8a4-4899-a33e-0ade8f0d55e8.jpg,art,other pose still (action/expression/hand/eye),,0,,,,,n/a,,,
/workspace/shadowveil/reference/grok_build/artifacts/imagine_images/6b2aa036-1a98-4f60-bb03-c04a19a760cc.jpg,art,other pose still (action/expression/hand/eye),,0,,,,,n/a,,,
/workspace/shadowveil/reference/grok_build/artifacts/imagine_images/6bc5796f-60cf-40e5-ac7a-927edfc454eb.jpg,art,other pose still (action/expression/hand/eye),,0,,,,,n/a,,,
/workspace/shadowveil/reference/grok_build/artifacts/imagine_images/6c4096f4-b0cc-47f4-8323-1e84b7c7c391.jpg,art,other pose still (action/expression/hand/eye),,0,,,,,n/a,,,
/workspace/shadowveil/reference/grok_build/artifacts/imagine_images/6cbc37ae-038d-4acf-bdc8-b2a3b1680f61.jpg,art,other pose still (action/expression/hand/eye),,0,,,,,n/a,,,
/workspace/shadowveil/reference/grok_build/artifacts/imagine_images/6de6aca8-df99-4246-9df7-6ad36e478284.jpg,art,other pose still (action/expression/hand/eye),,0,,,,,n/a,,,
/workspace/shadowveil/reference/grok_build/artifacts/imagine_images/6e27cb63-1274-4b7b-8fa8-b5f34a15ecca.jpg,art,other pose still (action/expression/hand/eye),,0,,,,,n/a,,,
/workspace/shadowveil/reference/grok_build/artifacts/imagine_images/7128d1ed-d4e3-45a7-b942-b2285d9b9bcb.jpg,art,other pose still (action/expression/hand/eye),,0,,,,,n/a,,,
/workspace/shadowveil/reference/grok_build/artifacts/imagine_images/721fd619-4ba1-4d2f-9679-64cb66c424e0.jpg,art,other pose still (action/expression/hand/eye),,0,,,,,n/a,,,
/workspace/shadowveil/reference/grok_build/artifacts/imagine_images/75872052-fa4c-4482-90d1-e959abd029dd.jpg,art,other pose still (action/expression/hand/eye),,0,,,,,n/a,,,
/workspace/shadowveil/reference/grok_build/artifacts/imagine_images/773d11eb-8bd2-42e7-b18b-dc8f8e0742ce.jpg,art,other pose still (action/expression/hand/eye),,0,,,,,n/a,,,
/workspace/shadowveil/reference/grok_build/artifacts/imagine_images/77dc77f2-ecad-4881-90b7-041af4a77da7.jpg,art,other pose still (action/expression/hand/eye),,0,,,,,n/a,,,
/workspace/shadowveil/reference/grok_build/artifacts/imagine_images/8182b16b-5adb-46b1-8b5d-e0a810e10f63.jpg,art,other pose still (action/expression/hand/eye),,0,,,,,n/a,,,
/workspace/shadowveil/reference/grok_build/artifacts/imagine_images/82abbcec-9ee4-4e3c-bde3-0f04dd3318f5.jpg,art,other pose still (action/expression/hand/eye),,0,,,,,n/a,,,
/workspace/shadowveil/reference/grok_build/artifacts/imagine_images/84146192-c8d5-4970-9b12-f92ae89197c1.jpg,art,other pose still (action/expression/hand/eye),,0,,,,,n/a,,,
/workspace/shadowveil/reference/grok_build/artifacts/imagine_images/843a958f-8405-49a7-8c3f-008f915611ef.jpg,art,other pose still (action/expression/hand/eye),,0,,,,,n/a,,,
/workspace/shadowveil/reference/grok_build/artifacts/imagine_images/8863be78-5e90-4144-b769-1a6c363490d6.jpg,art,other pose still (action/expression/hand/eye),,0,,,,,n/a,,,
/workspace/shadowveil/reference/grok_build/artifacts/imagine_images/88835380-41fb-4183-8e5f-c3c9ee3044fd.jpg,art,other pose still (action/expression/hand/eye),,0,,,,,n/a,,,
/workspace/shadowveil/reference/grok_build/artifacts/imagine_images/8904e786-c698-4ca6-b90f-70f18a4f92d1.jpg,art,other pose still (action/expression/hand/eye),,0,,,,,n/a,,,
/workspace/shadowveil/reference/grok_build/artifacts/imagine_images/895373e4-7451-4e70-92b3-a978dcc22467.jpg,art,other pose still (action/expression/hand/eye),,0,,,,,n/a,,,
/workspace/shadowveil/reference/grok_build/artifacts/imagine_images/8ca3dae0-d598-4aae-b4dc-4cccbe03c1d4.jpg,art,other pose still (action/expression/hand/eye),,0,,,,,n/a,,,
/workspace/shadowveil/reference/grok_build/artifacts/imagine_images/8ce14cfc-fbdc-4577-a32d-ab9132eef5ef.jpg,art,other pose still (action/expression/hand/eye),,0,,,,,n/a,,,
/workspace/shadowveil/reference/grok_build/artifacts/imagine_images/8f1a99fc-1390-4e71-8305-8df8a4d7a404.jpg,art,other pose still (action/expression/hand/eye),,0,,,,,n/a,,,
/workspace/shadowveil/reference/grok_build/artifacts/imagine_images/8f65735d-27be-41c6-ad40-ccae92c1a211.jpg,art,other pose still (action/expression/hand/eye),,0,,,,,n/a,,,
/workspace/shadowveil/reference/grok_build/artifacts/imagine_images/944fa452-3b05-4e29-841e-d75f8a51ddb7.jpg,art,other pose still (action/expression/hand/eye),,0,,,,,n/a,,,
/workspace/shadowveil/reference/grok_build/artifacts/imagine_images/977e5fe0-ba57-4a05-aa05-c70160413a01.jpg,art,other pose still (action/expression/hand/eye),,0,,,,,n/a,,,
/workspace/shadowveil/reference/grok_build/artifacts/imagine_images/984cd0f3-ac66-45b3-afff-be2d2390882d.jpg,art,other pose still (action/expression/hand/eye),,0,,,,,n/a,,,
/workspace/shadowveil/reference/grok_build/artifacts/imagine_images/9accfea2-0075-4e68-aabb-9ace56684054.jpg,art,other pose still (action/expression/hand/eye),,0,,,,,n/a,,,
/workspace/shadowveil/reference/grok_build/artifacts/imagine_images/9c412501-0740-4b9c-8302-6ecaf95dcbc9.jpg,art,other pose still (action/expression/hand/eye),,0,,,,,n/a,,,
/workspace/shadowveil/reference/grok_build/artifacts/imagine_images/9c7eae14-38b0-44ca-a9de-38afcc6c5850.jpg,art,other pose still (action/expression/hand/eye),,0,,,,,n/a,,,
/workspace/shadowveil/reference/grok_build/artifacts/imagine_images/9d149d5b-1548-464d-8b73-476aa18da9c6.jpg,art,other pose still (action/expression/hand/eye),,0,,,,,n/a,,,
/workspace/shadowveil/reference/grok_build/artifacts/imagine_images/9dbb4912-d047-40fc-964c-a12f28aa50ba.jpg,art,other pose still (action/expression/hand/eye),,0,,,,,n/a,,,
/workspace/shadowveil/reference/grok_build/artifacts/imagine_images/a11860e8-b6ee-4281-a1b0-4c962b4334de.jpg,art,other pose still (action/expression/hand/eye),,0,,,,,n/a,,,
/workspace/shadowveil/reference/grok_build/artifacts/imagine_images/a15f042e-d593-4f8d-86a4-a4942f8c3943.jpg,art,other pose still (action/expression/hand/eye),,0,,,,,n/a,,,
/workspace/shadowveil/reference/grok_build/artifacts/imagine_images/a1871836-d89e-4cba-98f2-cc2d237ea32d.jpg,art,other pose still (action/expression/hand/eye),,0,,,,,n/a,,,
/workspace/shadowveil/reference/grok_build/artifacts/imagine_images/a2ac1840-197e-4d9c-962d-75892565c9c3.jpg,art,other pose still (action/expression/hand/eye),,0,,,,,n/a,,,
/workspace/shadowveil/reference/grok_build/artifacts/imagine_images/a2ec80b4-9ade-4cee-afb9-9aaa0389fa1f.jpg,art,other pose still (action/expression/hand/eye),,0,,,,,n/a,,,
/workspace/shadowveil/reference/grok_build/artifacts/imagine_images/a7a54ea6-336b-4212-a912-8a9d4d3134a2.jpg,art,other pose still (action/expression/hand/eye),,0,,,,,n/a,,,
/workspace/shadowveil/reference/grok_build/artifacts/imagine_images/a81ab785-54c4-4549-8d28-7322e612a79e.jpg,art,other pose still (action/expression/hand/eye),,0,,,,,n/a,,,
/workspace/shadowveil/reference/grok_build/artifacts/imagine_images/a8d409c1-a129-430f-87b1-54d3b065823b.jpg,art,other pose still (action/expression/hand/eye),,0,,,,,n/a,,,
/workspace/shadowveil/reference/grok_build/artifacts/imagine_images/aa12d633-271b-4438-8ede-3087da60fca7.jpg,art,other pose still (action/expression/hand/eye),,0,,,,,n/a,,,
/workspace/shadowveil/reference/grok_build/artifacts/imagine_images/acbba529-9b71-4864-8a9f-30f6512e408d.jpg,art,other pose still (action/expression/hand/eye),,0,,,,,n/a,,,
/workspace/shadowveil/reference/grok_build/artifacts/imagine_images/ad9303ba-24f2-4bcd-94fe-d42d709be328.jpg,art,other pose still (action/expression/hand/eye),,0,,,,,n/a,,,
/workspace/shadowveil/reference/grok_build/artifacts/imagine_images/aedff7e2-7a05-40f6-a007-00212a899dc8.jpg,art,other pose still (action/expression/hand/eye),,0,,,,,n/a,,,
/workspace/shadowveil/reference/grok_build/artifacts/imagine_images/af835057-a4f6-4efd-8b95-6c8eed79fce2.jpg,art,other pose still (action/expression/hand/eye),,0,,,,,n/a,,,
/workspace/shadowveil/reference/grok_build/artifacts/imagine_images/af945fd2-95e2-4f2a-85a2-1e76c7be15d9.jpg,art,other pose still (action/expression/hand/eye),,0,,,,,n/a,,,
/workspace/shadowveil/reference/grok_build/artifacts/imagine_images/afc99b5b-bfdf-4fef-84ba-8c41328619d2.jpg,art,other pose still (action/expression/hand/eye),,0,,,,,n/a,,,
/workspace/shadowveil/reference/grok_build/artifacts/imagine_images/b2ddc738-d917-4b0e-83f2-279d1df0b7b2.jpg,art,other pose still (action/expression/hand/eye),,0,,,,,n/a,,,
/workspace/shadowveil/reference/grok_build/artifacts/imagine_images/b5475a8b-a817-4c1c-a57e-4f6bd9221509.jpg,art,other pose still (action/expression/hand/eye),,0,,,,,n/a,,,
/workspace/shadowveil/reference/grok_build/artifacts/imagine_images/b5a96a6e-3edf-4a80-ba51-61547bb6080b.jpg,art,other pose still (action/expression/hand/eye),,0,,,,,n/a,,,
/workspace/shadowveil/reference/grok_build/artifacts/imagine_images/b8bb5773-e6b7-43f7-8318-27ae864026bb.jpg,art,other pose still (action/expression/hand/eye),,0,,,,,n/a,,,
/workspace/shadowveil/reference/grok_build/artifacts/imagine_images/ba201b2c-c4ba-4e02-9921-6eaa0aacd974.jpg,art,other pose still (action/expression/hand/eye),,0,,,,,n/a,,,
/workspace/shadowveil/reference/grok_build/artifacts/imagine_images/ba531c9a-e8e3-42d2-9573-9e72363a2a3d.jpg,art,other pose still (action/expression/hand/eye),,0,,,,,n/a,,,
/workspace/shadowveil/reference/grok_build/artifacts/imagine_images/bd39605b-d40e-486b-aa2f-721b0610f8b1.jpg,art,other pose still (action/expression/hand/eye),,0,,,,,n/a,,,
/workspace/shadowveil/reference/grok_build/artifacts/imagine_images/bea907a9-6bfc-4742-907d-3c40c672e2ce.jpg,art,other pose still (action/expression/hand/eye),,0,,,,,n/a,,,
/workspace/shadowveil/reference/grok_build/artifacts/imagine_images/bfb895c9-0698-48f1-8604-e2af8c28d0c0.jpg,art,other pose still (action/expression/hand/eye),,0,,,,,n/a,,,
/workspace/shadowveil/reference/grok_build/artifacts/imagine_images/c05d4fd2-b299-43da-b0a0-ba886f6079f1.jpg,art,other pose still (action/expression/hand/eye),,0,,,,,n/a,,,
/workspace/shadowveil/reference/grok_build/artifacts/imagine_images/c1e48cc3-ac5b-4f0d-8ea1-14f5b25a909c.jpg,art,other pose still (action/expression/hand/eye),,0,,,,,n/a,,,
/workspace/shadowveil/reference/grok_build/artifacts/imagine_images/c20363cf-b12d-4caf-a3b5-0383da245497.jpg,art,other pose still (action/expression/hand/eye),,0,,,,,n/a,,,
/workspace/shadowveil/reference/grok_build/artifacts/imagine_images/c262706d-bca0-4c8a-9229-9f0abcbd2ebf.jpg,art,other pose still (action/expression/hand/eye),,0,,,,,n/a,,,
/workspace/shadowveil/reference/grok_build/artifacts/imagine_images/c2b33008-6441-41e8-b7a3-e62acfda00d3.jpg,art,other pose still (action/expression/hand/eye),,0,,,,,n/a,,,
/workspace/shadowveil/reference/grok_build/artifacts/imagine_images/c4e7842b-2504-4ecf-bbc6-dca543359687.jpg,art,other pose still (action/expression/hand/eye),,0,,,,,n/a,,,
/workspace/shadowveil/reference/grok_build/artifacts/imagine_images/c5f16149-3fa3-4b3d-b513-6dda2e2c4c9f.jpg,art,other pose still (action/expression/hand/eye),,0,,,,,n/a,,,
/workspace/shadowveil/reference/grok_build/artifacts/imagine_images/c62286e8-0755-4fba-8baa-694f9787c640.jpg,art,other pose still (action/expression/hand/eye),,0,,,,,n/a,,,
/workspace/shadowveil/reference/grok_build/artifacts/imagine_images/c655ff9e-2e59-4aa1-af8c-cde39342984a.jpg,art,other pose still (action/expression/hand/eye),,0,,,,,n/a,,,
/workspace/shadowveil/reference/grok_build/artifacts/imagine_images/c851ca40-40bc-43f9-95db-65dc48d84ee1.jpg,art,other pose still (action/expression/hand/eye),,0,,,,,n/a,,,
/workspace/shadowveil/reference/grok_build/artifacts/imagine_images/c9fee60a-2307-429c-a6b9-526269a0a08e.jpg,art,other pose still (action/expression/hand/eye),,0,,,,,n/a,,,
/workspace/shadowveil/reference/grok_build/artifacts/imagine_images/cb529f48-27a9-4a37-98b4-3cecee746c47.jpg,art,other pose still (action/expression/hand/eye),,0,,,,,n/a,,,
/workspace/shadowveil/reference/grok_build/artifacts/imagine_images/cb792990-aba2-42bd-aeea-0814a047ca52.jpg,art,other pose still (action/expression/hand/eye),,0,,,,,n/a,,,
/workspace/shadowveil/reference/grok_build/artifacts/imagine_images/cbc79bc9-79de-4036-a42c-b47ccdc51a6e.jpg,art,other pose still (action/expression/hand/eye),,0,,,,,n/a,,,
/workspace/shadowveil/reference/grok_build/artifacts/imagine_images/ccefcc2f-edab-4c64-ba66-40cfa40f8e86.jpg,art,other pose still (action/expression/hand/eye),,0,,,,,n/a,,,
/workspace/shadowveil/reference/grok_build/artifacts/imagine_images/d11b49a9-a40b-4264-96f4-bbfa9039beff.jpg,art,other pose still (action/expression/hand/eye),,0,,,,,n/a,,,
/workspace/shadowveil/reference/grok_build/artifacts/imagine_images/d18780a3-06e8-402d-8faa-23f008c5755f.jpg,art,other pose still (action/expression/hand/eye),,0,,,,,n/a,,,
/workspace/shadowveil/reference/grok_build/artifacts/imagine_images/d24c9eb7-c2fa-4f7e-af37-78d7b7f5f3a5.jpg,art,other pose still (action/expression/hand/eye),,0,,,,,n/a,,,
/workspace/shadowveil/reference/grok_build/artifacts/imagine_images/d2bb1020-c936-44de-89b3-fff96471cb77.jpg,art,other pose still (action/expression/hand/eye),,0,,,,,n/a,,,
/workspace/shadowveil/reference/grok_build/artifacts/imagine_images/d2bd9772-fb64-4a1a-9424-2df9ca49d0f9.jpg,art,other pose still (action/expression/hand/eye),,0,,,,,n/a,,,
/workspace/shadowveil/reference/grok_build/artifacts/imagine_images/d2e9d3a1-733a-4ab3-9489-c441f26d9657.jpg,art,other pose still (action/expression/hand/eye),,0,,,,,n/a,,,
/workspace/shadowveil/reference/grok_build/artifacts/imagine_images/d6485cd6-7969-44dd-9f2e-2f1feddad997.jpg,art,other pose still (action/expression/hand/eye),,0,,,,,n/a,,,
/workspace/shadowveil/reference/grok_build/artifacts/imagine_images/d7787fce-c19f-4b50-ac51-8f1ace400327.jpg,art,other pose still (action/expression/hand/eye),,0,,,,,n/a,,,
/workspace/shadowveil/reference/grok_build/artifacts/imagine_images/d9d472e6-17ba-4fdf-95a5-686fa0edaeb1.jpg,art,other pose still (action/expression/hand/eye),,0,,,,,n/a,,,
/workspace/shadowveil/reference/grok_build/artifacts/imagine_images/dadfbb0e-d3fe-4b2a-832a-7db23dc0d3ef.jpg,art,other pose still (action/expression/hand/eye),,0,,,,,n/a,,,
/workspace/shadowveil/reference/grok_build/artifacts/imagine_images/dbc2de8f-1965-4b29-bed8-a3d10e9ff147.jpg,art,other pose still (action/expression/hand/eye),,0,,,,,n/a,,,
/workspace/shadowveil/reference/grok_build/artifacts/imagine_images/dbea6426-d0ee-4739-9b36-f61036b97da0.jpg,art,other pose still (action/expression/hand/eye),,0,,,,,n/a,,,
/workspace/shadowveil/reference/grok_build/artifacts/imagine_images/dc8a14e3-8fae-41c7-918c-27734447c3a1.jpg,art,other pose still (action/expression/hand/eye),,0,,,,,n/a,,,
/workspace/shadowveil/reference/grok_build/artifacts/imagine_images/de335fa3-77e7-427b-b193-b7d42fdfc1ba.jpg,art,other pose still (action/expression/hand/eye),,0,,,,,n/a,,,
/workspace/shadowveil/reference/grok_build/artifacts/imagine_images/e18676dd-0b68-4a9b-8e33-673b53897ea9.jpg,art,other pose still (action/expression/hand/eye),,0,,,,,n/a,,,
/workspace/shadowveil/reference/grok_build/artifacts/imagine_images/e204c290-64c4-445e-9c0b-c0d8efe950e6.jpg,art,other pose still (action/expression/hand/eye),,0,,,,,n/a,,,
/workspace/shadowveil/reference/grok_build/artifacts/imagine_images/e3ca90ac-39c1-46dc-a7e5-f68175553f8c.jpg,art,other pose still (action/expression/hand/eye),,0,,,,,n/a,,,
/workspace/shadowveil/reference/grok_build/artifacts/imagine_images/e5a548ea-1cfd-4b36-832b-d2c6392e7c4d.jpg,art,other pose still (action/expression/hand/eye),,0,,,,,n/a,,,
/workspace/shadowveil/reference/grok_build/artifacts/imagine_images/e74bd106-b9d8-4d9c-b64f-3da1426a88d8.jpg,art,other pose still (action/expression/hand/eye),,0,,,,,n/a,,,
/workspace/shadowveil/reference/grok_build/artifacts/imagine_images/e853fbb5-ea18-436e-9c1c-d9864964cbec.jpg,art,other pose still (action/expression/hand/eye),,0,,,,,n/a,,,
/workspace/shadowveil/reference/grok_build/artifacts/imagine_images/ea2a37da-de98-432f-8a38-aa7331668f7a.jpg,art,other pose still (action/expression/hand/eye),,0,,,,,n/a,,,
/workspace/shadowveil/reference/grok_build/artifacts/imagine_images/eaa042c4-1963-45b4-9eeb-809c2b9f7143.jpg,art,other pose still (action/expression/hand/eye),,0,,,,,n/a,,,
/workspace/shadowveil/reference/grok_build/artifacts/imagine_images/eb365be8-e107-4ee9-8114-d4cc1edcbe96.jpg,art,other pose still (action/expression/hand/eye),,0,,,,,n/a,,,
/workspace/shadowveil/reference/grok_build/artifacts/imagine_images/ec6d2a33-3282-4bd0-a0a5-7d3f4f9f90f6.jpg,art,other pose still (action/expression/hand/eye),,0,,,,,n/a,,,
/workspace/shadowveil/reference/grok_build/artifacts/imagine_images/ecad8733-bc2d-4d2a-b565-cce6a22c6559.jpg,art,other pose still (action/expression/hand/eye),,0,,,,,n/a,,,
/workspace/shadowveil/reference/grok_build/artifacts/imagine_images/ed260fa6-6dc2-4f30-99d4-280b6d952ef9.jpg,art,other pose still (action/expression/hand/eye),,0,,,,,n/a,,,
/workspace/shadowveil/reference/grok_build/artifacts/imagine_images/edd19f9d-598c-4bab-854a-d8d61dfe7446.jpg,art,other pose still (action/expression/hand/eye),,0,,,,,n/a,,,
/workspace/shadowveil/reference/grok_build/artifacts/imagine_images/eede5ed7-07fa-44de-879a-a5465e41ccea.jpg,art,other pose still (action/expression/hand/eye),,0,,,,,n/a,,,
/workspace/shadowveil/reference/grok_build/artifacts/imagine_images/ef4019f6-9061-4e7b-a9ca-c2764fae60a6.jpg,art,other pose still (action/expression/hand/eye),,0,,,,,n/a,,,
/workspace/shadowveil/reference/grok_build/artifacts/imagine_images/ef9bc533-4e9f-4225-a8dd-9d738a97892d.jpg,art,other pose still (action/expression/hand/eye),,0,,,,,n/a,,,
/workspace/shadowveil/reference/grok_build/artifacts/imagine_images/f02722e6-a5aa-4743-8ad0-35e9f25f0fb9.jpg,art,other pose still (action/expression/hand/eye),,0,,,,,n/a,,,
/workspace/shadowveil/reference/grok_build/artifacts/imagine_images/f0898c99-0210-4a69-81cf-b57f4a3b7cc6.jpg,art,other pose still (action/expression/hand/eye),,0,,,,,n/a,,,
/workspace/shadowveil/reference/grok_build/artifacts/imagine_images/f121be34-6542-402a-80ae-09a6c4699db8.jpg,art,other pose still (action/expression/hand/eye),,0,,,,,n/a,,,
/workspace/shadowveil/reference/grok_build/artifacts/imagine_images/f267e7a1-16da-4dc3-b2bc-8ba0539a7661.jpg,art,other pose still (action/expression/hand/eye),,0,,,,,n/a,,,
/workspace/shadowveil/reference/grok_build/artifacts/imagine_images/f57147e0-a0cb-42c9-88eb-2ae4d858cc06.jpg,art,other pose still (action/expression/hand/eye),,0,,,,,n/a,,,
/workspace/shadowveil/reference/grok_build/artifacts/imagine_images/f61addd8-7a4f-41e1-81b0-11a4035d214e.jpg,art,other pose still (action/expression/hand/eye),,0,,,,,n/a,,,
/workspace/shadowveil/reference/grok_build/artifacts/imagine_images/f7621490-55fc-4ba9-b364-2fb661894bb5.jpg,art,other pose still (action/expression/hand/eye),,0,,,,,n/a,,,
/workspace/shadowveil/reference/grok_build/artifacts/imagine_images/f8d281b5-00fb-4dcb-bf48-8673fc0a204e.jpg,art,other pose still (action/expression/hand/eye),,0,,,,,n/a,,,
/workspace/shadowveil/reference/grok_build/artifacts/imagine_images/fc919611-5e5e-435f-8b94-10a02fbe62e9.jpg,art,other pose still (action/expression/hand/eye),,0,,,,,n/a,,,
/workspace/shadowveil/reference/grok_build/artifacts/imagine_images/fdf21241-f481-42df-b2fb-b6e92c3a9004.jpg,art,other pose still (action/expression/hand/eye),,0,,,,,n/a,,,
/workspace/shadowveil/reference/grok_build/artifacts/imagine_images/ffef78c8-33db-4e96-9817-de6325b286a9.jpg,art,other pose still (action/expression/hand/eye),,0,,,,,n/a,,,
/workspace/shadowveil/reference/grok_build/artifacts/imagine_images/shadowveil-ref-a.png,art,other pose still (action/expression/hand/eye),,0,,,,,n/a,,,
/workspace/shadowveil/reference/grok_build/artifacts/turn/angle-contact.jpg,art,QA crop / contact sheet,,0,,,,,n/a,,,
/workspace/shadowveil/reference/grok_build/artifacts/turn/apose-rot-qa.jpg,art,QA crop / contact sheet,0 (A-pose front),0,,,,,n/a,,,
/workspace/shadowveil/reference/grok_build/artifacts/turn/back.jpg,art,turnaround/rotation still,180 (back),0,,,,,n/a,,,
/workspace/shadowveil/reference/grok_build/artifacts/turn/back.png,art,turnaround/rotation still,180 (back),0,,,,,n/a,,,
/workspace/shadowveil/reference/grok_build/artifacts/turn/bangs-back.jpg,art,part/layer (not full figure),180 (back),0,,,,,n/a,,,
/workspace/shadowveil/reference/grok_build/artifacts/turn/bangs-front.jpg,art,part/layer (not full figure),0 (front),0,,,,,n/a,,,
/workspace/shadowveil/reference/grok_build/artifacts/turn/chk-angry.jpg,art,QA crop / contact sheet,,0,,,,,n/a,,,
/workspace/shadowveil/reference/grok_build/artifacts/turn/chk-back4.jpg,art,QA crop / contact sheet,180 (back),0,,,,,n/a,,,
/workspace/shadowveil/reference/grok_build/artifacts/turn/chk-face.jpg,art,QA crop / contact sheet,,0,,,,,n/a,,,
/workspace/shadowveil/reference/grok_build/artifacts/turn/chk-look.jpg,art,QA crop / contact sheet,,0,,,,,n/a,,,
/workspace/shadowveil/reference/grok_build/artifacts/turn/chk-wave.jpg,art,QA crop / contact sheet,,0,,,,,n/a,,,
/workspace/shadowveil/reference/grok_build/artifacts/turn/eye-apose.png,art,other pose still (action/expression/hand/eye),0 (A-pose front),0,,0,0,,n/a,,,
/workspace/shadowveil/reference/grok_build/artifacts/turn/eye-face.png,art,other pose still (action/expression/hand/eye),,0,,0,0,,n/a,,,
/workspace/shadowveil/reference/grok_build/artifacts/turn/eyes-full.jpg,art,other/unclassified,,0,,,,,n/a,,,
/workspace/shadowveil/reference/grok_build/artifacts/turn/f-idle.png,art,other pose still (action/expression/hand/eye),,0,,,,,n/a,,,
/workspace/shadowveil/reference/grok_build/artifacts/turn/fig2.jpg,art,QA crop / contact sheet,,0,,,,,n/a,,,
/workspace/shadowveil/reference/grok_build/artifacts/turn/fig3.jpg,art,QA crop / contact sheet,,0,,,,,n/a,,,
/workspace/shadowveil/reference/grok_build/artifacts/turn/final-apose.png,art,other pose still (action/expression/hand/eye),0 (A-pose front),0,,0,0,,n/a,,,
/workspace/shadowveil/reference/grok_build/artifacts/turn/final-face.png,art,other pose still (action/expression/hand/eye),,0,,0,0,,n/a,,,
/workspace/shadowveil/reference/grok_build/artifacts/turn/fix/face-090.jpg,art,video/render frame sequence,090,0,,,,,n/a,,,
/workspace/shadowveil/reference/grok_build/artifacts/turn/fix/face-135.jpg,art,video/render frame sequence,135,0,,,,,n/a,,,
/workspace/shadowveil/reference/grok_build/artifacts/turn/fix/face-180.jpg,art,video/render frame sequence,180,0,,,,,n/a,,,
/workspace/shadowveil/reference/grok_build/artifacts/turn/fix/face-225.jpg,art,video/render frame sequence,225,0,,,,,n/a,,,
/workspace/shadowveil/reference/grok_build/artifacts/turn/fix/face-270.jpg,art,video/render frame sequence,270,0,,,,,n/a,,,
/workspace/shadowveil/reference/grok_build/artifacts/turn/fix/src-handL-000.png,art,video/render frame sequence,,0,,,,,n/a,,,
/workspace/shadowveil/reference/grok_build/artifacts/turn/fix/src-handL-045.png,art,video/render frame sequence,,0,,,,,n/a,,,
/workspace/shadowveil/reference/grok_build/artifacts/turn/fix/src-handR-045.png,art,video/render frame sequence,,0,,,,,n/a,,,
/workspace/shadowveil/reference/grok_build/artifacts/turn/h2-apose.jpg,art,other pose still (action/expression/hand/eye),0 (A-pose front),0,,,,,n/a,,,
/workspace/shadowveil/reference/grok_build/artifacts/turn/h2-back.jpg,art,other/unclassified,180 (back),0,,,,,n/a,,,
/workspace/shadowveil/reference/grok_build/artifacts/turn/h2-face.jpg,art,other pose still (action/expression/hand/eye),,0,,,,,n/a,,,
/workspace/shadowveil/reference/grok_build/artifacts/turn/h2-sheet.jpg,art,other/unclassified,,0,,,,,n/a,,,
/workspace/shadowveil/reference/grok_build/artifacts/turn/hair-135-check.jpg,art,QA crop / contact sheet,135,0,,,,,n/a,,,
/workspace/shadowveil/reference/grok_build/artifacts/turn/hair-all.jpg,art,other/unclassified,,0,,,,,n/a,,,
/workspace/shadowveil/reference/grok_build/artifacts/turn/hair-bangs.jpg,art,part/layer (not full figure),,0,,,,,n/a,,,
/workspace/shadowveil/reference/grok_build/artifacts/turn/hair-clean.jpg,art,other/unclassified,,0,,,,,n/a,,,
/workspace/shadowveil/reference/grok_build/artifacts/turn/hair-core.jpg,art,other/unclassified,,0,,,,,n/a,,,
/workspace/shadowveil/reference/grok_build/artifacts/turn/hair-locked.jpg,art,other/unclassified,,0,,,,,n/a,,,
/workspace/shadowveil/reference/grok_build/artifacts/turn/hair-now.jpg,art,other/unclassified,,0,,,,,n/a,,,
/workspace/shadowveil/reference/grok_build/artifacts/turn/hair-regen-qa.jpg,art,QA crop / contact sheet,,0,,,,,n/a,,,
/workspace/shadowveil/reference/grok_build/artifacts/turn/hair-tight.jpg,art,other/unclassified,,0,,,,,n/a,,,
/workspace/shadowveil/reference/grok_build/artifacts/turn/hand-l.png,art,part/layer (not full figure),,0,,,,,n/a,,,
/workspace/shadowveil/reference/grok_build/artifacts/turn/hand-r.png,art,part/layer (not full figure),,0,,,,,n/a,,,
/workspace/shadowveil/reference/grok_build/artifacts/turn/hands-000.jpg,art,video/render frame sequence,,0,,,,,n/a,,,
/workspace/shadowveil/reference/grok_build/artifacts/turn/hands-045.jpg,art,video/render frame sequence,,0,,,,,n/a,,,
/workspace/shadowveil/reference/grok_build/artifacts/turn/hands-180.jpg,art,video/render frame sequence,,0,,,,,n/a,,,
/workspace/shadowveil/reference/grok_build/artifacts/turn/hands-315.jpg,art,video/render frame sequence,,0,,,,,n/a,,,
/workspace/shadowveil/reference/grok_build/artifacts/turn/heads/head-090.jpg,art,part/layer (not full figure),090,0,,,,,n/a,,,
/workspace/shadowveil/reference/grok_build/artifacts/turn/heads/head-180.jpg,art,part/layer (not full figure),180,0,,,,,n/a,,,
/workspace/shadowveil/reference/grok_build/artifacts/turn/heads/head-270.jpg,art,part/layer (not full figure),270,0,,,,,n/a,,,
/workspace/shadowveil/reference/grok_build/artifacts/turn/hier-apose.jpg,art,other pose still (action/expression/hand/eye),0 (A-pose front),0,,,,,n/a,,,
/workspace/shadowveil/reference/grok_build/artifacts/turn/hier-back.jpg,art,other/unclassified,180 (back),0,,,,,n/a,,,
/workspace/shadowveil/reference/grok_build/artifacts/turn/hier-face.jpg,art,other pose still (action/expression/hand/eye),,0,,,,,n/a,,,
/workspace/shadowveil/reference/grok_build/artifacts/turn/hip-045.jpg,art,video/render frame sequence,,0,,,,,n/a,,,
/workspace/shadowveil/reference/grok_build/artifacts/turn/hip-090.jpg,art,video/render frame sequence,,0,,,,,n/a,,,
/workspace/shadowveil/reference/grok_build/artifacts/turn/hip-180.jpg,art,video/render frame sequence,,0,,,,,n/a,,,
/workspace/shadowveil/reference/grok_build/artifacts/turn/hip-270.jpg,art,video/render frame sequence,,0,,,,,n/a,,,
/workspace/shadowveil/reference/grok_build/artifacts/turn/hole-scan.jpg,art,QA crop / contact sheet,,0,,,,,n/a,,,
/workspace/shadowveil/reference/grok_build/artifacts/turn/jump-bot.jpg,art,other pose still (action/expression/hand/eye),,0,,,,,n/a,,,
/workspace/shadowveil/reference/grok_build/artifacts/turn/jump-top.jpg,art,other pose still (action/expression/hand/eye),,0,,,,,n/a,,,
/workspace/shadowveil/reference/grok_build/artifacts/turn/key-recovered-hands.png,art,QA crop / contact sheet,,0,,,,,n/a,,,
/workspace/shadowveil/reference/grok_build/artifacts/turn/kick.png,art,other pose still (action/expression/hand/eye),,0,,,,,n/a,,,
/workspace/shadowveil/reference/grok_build/artifacts/turn/knee045.png,art,video/render frame sequence,045,0,,,,,n/a,,,
/workspace/shadowveil/reference/grok_build/artifacts/turn/knee045b.png,art,part/layer (not full figure),045,0,,,,,n/a,,,
/workspace/shadowveil/reference/grok_build/artifacts/turn/knee315.png,art,video/render frame sequence,315,0,,,,,n/a,,,
/workspace/shadowveil/reference/grok_build/artifacts/turn/knee315b.png,art,part/layer (not full figure),315,0,,,,,n/a,,,
/workspace/shadowveil/reference/grok_build/artifacts/turn/knee315c.png,art,part/layer (not full figure),315,0,,,,,n/a,,,
/workspace/shadowveil/reference/grok_build/artifacts/turn/knee315d.png,art,part/layer (not full figure),315,0,,,,,n/a,,,
/workspace/shadowveil/reference/grok_build/artifacts/turn/knee315e.png,art,part/layer (not full figure),315,0,,,,,n/a,,,
/workspace/shadowveil/reference/grok_build/artifacts/turn/kneel-0.4.jpg,art,part/layer (not full figure),,0,,,,,n/a,,,
/workspace/shadowveil/reference/grok_build/artifacts/turn/kneel-plate.jpg,art,part/layer (not full figure),,0,,,,,n/a,,,
/workspace/shadowveil/reference/grok_build/artifacts/turn/kneel.png,art,part/layer (not full figure),,0,,,,,n/a,,,
/workspace/shadowveil/reference/grok_build/artifacts/turn/layer-off.jpg,art,QA crop / contact sheet,,0,,,,,n/a,,,
/workspace/shadowveil/reference/grok_build/artifacts/turn/layer-test.jpg,art,QA crop / contact sheet,,0,,,,,n/a,,,
/workspace/shadowveil/reference/grok_build/artifacts/turn/layer-test2.jpg,art,QA crop / contact sheet,,0,,,,,n/a,,,
/workspace/shadowveil/reference/grok_build/artifacts/turn/layer-test3.jpg,art,QA crop / contact sheet,,0,,,,,n/a,,,
/workspace/shadowveil/reference/grok_build/artifacts/turn/lock/col-40-full.jpg,art,other/unclassified,,0,,,,,n/a,,,
/workspace/shadowveil/reference/grok_build/artifacts/turn/lock/col28-full.jpg,art,other/unclassified,,0,,,,,n/a,,,
/workspace/shadowveil/reference/grok_build/artifacts/turn/lock/col40-full.jpg,art,other/unclassified,,0,,,,,n/a,,,
/workspace/shadowveil/reference/grok_build/artifacts/turn/lock/hand-000L.jpg,art,part/layer (not full figure),,0,,,,,n/a,,,
/workspace/shadowveil/reference/grok_build/artifacts/turn/lock/hand-000R.jpg,art,part/layer (not full figure),,0,,,,,n/a,,,
/workspace/shadowveil/reference/grok_build/artifacts/turn/lock/hand-045L.jpg,art,part/layer (not full figure),,0,,,,,n/a,,,
/workspace/shadowveil/reference/grok_build/artifacts/turn/lock/hand-045R.jpg,art,part/layer (not full figure),,0,,,,,n/a,,,
/workspace/shadowveil/reference/grok_build/artifacts/turn/lock/hand-315L.jpg,art,part/layer (not full figure),,0,,,,,n/a,,,
/workspace/shadowveil/reference/grok_build/artifacts/turn/lock/hand-315R.jpg,art,part/layer (not full figure),,0,,,,,n/a,,,
/workspace/shadowveil/reference/grok_build/artifacts/turn/lock/y-45_k000115-full.jpg,art,other/unclassified,,0,,,,,n/a,,,
/workspace/shadowveil/reference/grok_build/artifacts/turn/lock/y45_k00007-full.jpg,art,other/unclassified,,0,,,,,n/a,,,
/workspace/shadowveil/reference/grok_build/artifacts/turn/lock/y45_k000115-full.jpg,art,other/unclassified,,0,,,,,n/a,,,
/workspace/shadowveil/reference/grok_build/artifacts/turn/m-eyes.png,art,QA crop / contact sheet,,0,,,,,n/a,,,
/workspace/shadowveil/reference/grok_build/artifacts/turn/m-hair.png,art,QA crop / contact sheet,,0,,,,,n/a,,,
/workspace/shadowveil/reference/grok_build/artifacts/turn/mask-talk.jpg,art,part/layer (not full figure),,0,,,,,n/a,,,
/workspace/shadowveil/reference/grok_build/artifacts/turn/mask-walk.jpg,art,part/layer (not full figure),,0,,,,,n/a,,,
/workspace/shadowveil/reference/grok_build/artifacts/turn/masks.jpg,art,part/layer (not full figure),,0,,,,,n/a,,,
/workspace/shadowveil/reference/grok_build/artifacts/turn/off-body.jpg,art,QA crop / contact sheet,,0,,,,,n/a,,,
/workspace/shadowveil/reference/grok_build/artifacts/turn/off-eyes.jpg,art,QA crop / contact sheet,,0,,,,,n/a,,,
/workspace/shadowveil/reference/grok_build/artifacts/turn/off-face.jpg,art,QA crop / contact sheet,,0,,,,,n/a,,,
/workspace/shadowveil/reference/grok_build/artifacts/turn/off-hair.jpg,art,QA crop / contact sheet,,0,,,,,n/a,,,
/workspace/shadowveil/reference/grok_build/artifacts/turn/only-hair.jpg,art,QA crop / contact sheet,,0,,,,,n/a,,,
/workspace/shadowveil/reference/grok_build/artifacts/turn/play-all.png,art,other/unclassified,,0,,,,,n/a,,,
/workspace/shadowveil/reference/grok_build/artifacts/turn/play-noeyes.png,art,QA crop / contact sheet,,0,,,,,n/a,,,
/workspace/shadowveil/reference/grok_build/artifacts/turn/play-nohair.png,art,QA crop / contact sheet,,0,,,,,n/a,,,
/workspace/shadowveil/reference/grok_build/artifacts/turn/profile-right-bust.jpg,art,other/unclassified,right profile,0,,,,,n/a,,,
/workspace/shadowveil/reference/grok_build/artifacts/turn/qa-backs.jpg,art,QA crop / contact sheet,,0,,,,,n/a,,,
/workspace/shadowveil/reference/grok_build/artifacts/turn/qa-eyes.jpg,art,QA crop / contact sheet,,0,,,,,n/a,,,
/workspace/shadowveil/reference/grok_build/artifacts/turn/qa-faces.jpg,art,QA crop / contact sheet,,0,,,,,n/a,,,
/workspace/shadowveil/reference/grok_build/artifacts/turn/qa-hands.jpg,art,QA crop / contact sheet,,0,,,,,n/a,,,
/workspace/shadowveil/reference/grok_build/artifacts/turn/qa-wave1.jpg,art,QA crop / contact sheet,,0,,0,0,,n/a,,,
/workspace/shadowveil/reference/grok_build/artifacts/turn/refit-qa.jpg,art,QA crop / contact sheet,,0,,,,,n/a,,,
/workspace/shadowveil/reference/grok_build/artifacts/turn/rig-blink.png,art,other pose still (action/expression/hand/eye),,0,,0,0,,n/a,,,
/workspace/shadowveil/reference/grok_build/artifacts/turn/rig-look.png,art,other/unclassified,,0,,0,0,,n/a,,,
/workspace/shadowveil/reference/grok_build/artifacts/turn/rig-parts.jpg,art,part/layer (not full figure),,0,,,,,n/a,,,
/workspace/shadowveil/reference/grok_build/artifacts/turn/rig-real.jpg,art,other/unclassified,,0,,,,,n/a,,,
/workspace/shadowveil/reference/grok_build/artifacts/turn/right.jpg,art,turnaround/rotation still,right profile,0,,,,,n/a,,,
/workspace/shadowveil/reference/grok_build/artifacts/turn/rot-samples.jpg,art,QA crop / contact sheet,,0,,,,,n/a,,,
/workspace/shadowveil/reference/grok_build/artifacts/turn/skel.jpg,art,other/unclassified,,0,,,,,n/a,,,
/workspace/shadowveil/reference/grok_build/artifacts/turn/smirk-col.jpg,art,other pose still (action/expression/hand/eye),,0,,,,,n/a,,,
/workspace/shadowveil/reference/grok_build/artifacts/turn/split-apose.jpg,art,other pose still (action/expression/hand/eye),0 (A-pose front),0,,,,,n/a,,,
/workspace/shadowveil/reference/grok_build/artifacts/turn/t2.8.jpg,art,QA crop / contact sheet,,0,,,,,n/a,,,
/workspace/shadowveil/reference/grok_build/artifacts/turn/t8.8.jpg,art,QA crop / contact sheet,,0,,,,,n/a,,,
/workspace/shadowveil/reference/grok_build/artifacts/turn/turn-sheet.jpg,art,other/unclassified,,0,,,,,n/a,,,
/workspace/shadowveil/reference/grok_build/artifacts/turn/worry.png,art,other/unclassified,,0,,,,,n/a,,,
/workspace/shadowveil/reference/grok_build/assets/refs/anatomy.png,art,other/unclassified,,0,,,,,n/a,,,
/workspace/shadowveil/reference/grok_build/assets/refs/back.png,art,turnaround/rotation still,180 (back),0,,,,,n/a,,,
/workspace/shadowveil/reference/grok_build/assets/refs/feet_detail.png,art,other/unclassified,,0,,,,,n/a,,,
/workspace/shadowveil/reference/grok_build/assets/refs/front.png,art,turnaround/rotation still,0 (front),0,,,,,n/a,,,
/workspace/shadowveil/reference/grok_build/assets/refs/hinge.png,art,other/unclassified,,0,,,,,n/a,,,
/workspace/shadowveil/reference/grok_build/assets/refs/sheet1_0.png,art,other/unclassified,,0,,,,,n/a,,,
/workspace/shadowveil/reference/grok_build/assets/refs/sheet1_1.png,art,other/unclassified,,0,,,,,n/a,,,
/workspace/shadowveil/reference/grok_build/assets/refs/sheet1_full.png,art,other/unclassified,,0,,,,,n/a,,,
/workspace/shadowveil/reference/grok_build/assets/refs/side.png,art,turnaround/rotation still,side profile,0,,,,,n/a,,,
/workspace/shadowveil/reference/grok_build/assets/refs/threequarter.png,art,turnaround/rotation still,3/4,0,,,,,n/a,,,
/workspace/shadowveil/reference/grok_build/attachments/1789685243563.jpeg,art,video/render frame sequence,,0,,,,,n/a,,,
/workspace/shadowveil/reference/grok_build/attachments/1790720982482.jpeg,art,video/render frame sequence,,0,,,,,n/a,,,
/workspace/shadowveil/reference/grok_build/attachments/1790724208687.jpeg,art,video/render frame sequence,,0,,,,,n/a,,,
/workspace/shadowveil/reference/grok_build/attachments/65477.jpg,art,video/render frame sequence,,0,,,,,n/a,,,
/workspace/shadowveil/reference/grok_build/attachments/65479.jpg,art,video/render frame sequence,,0,,,,,n/a,,,
/workspace/shadowveil/reference/grok_build/attachments/65481.jpg,art,video/render frame sequence,,0,,,,,n/a,,,
/workspace/shadowveil/reference/grok_build/attachments/65484.webp,art,video/render frame sequence,,0,,,,,n/a,,,
/workspace/shadowveil/reference/grok_build/attachments/65532.jpg,art,video/render frame sequence,,0,,,,,n/a,,,
/workspace/shadowveil/reference/grok_build/attachments/65538.jpg,art,video/render frame sequence,,0,,,,,n/a,,,
/workspace/shadowveil/reference/grok_build/attachments/65540.jpg,art,video/render frame sequence,,0,,,,,n/a,,,
/workspace/shadowveil/reference/grok_build/attachments/65542.jpg,art,video/render frame sequence,,0,,,,,n/a,,,
/workspace/shadowveil/reference/grok_build/attachments/65544.jpg,art,video/render frame sequence,,0,,,,,n/a,,,
/workspace/shadowveil/reference/grok_build/attachments/65631.jpg,art,video/render frame sequence,,0,,,,,n/a,,,
/workspace/shadowveil/reference/grok_build/attachments/65633.jpg,art,video/render frame sequence,,0,,,,,n/a,,,
/workspace/shadowveil/reference/grok_build/attachments/65639.jpg,art,video/render frame sequence,,0,,,,,n/a,,,
/workspace/shadowveil/reference/grok_build/attachments/65641.jpg,art,video/render frame sequence,,0,,,,,n/a,,,
/workspace/shadowveil/reference/grok_build/attachments/66501.jpg,art,video/render frame sequence,,0,,,,,n/a,,,
/workspace/shadowveil/reference/grok_build/attachments/66502.jpg,art,video/render frame sequence,,0,,,,,n/a,,,
/workspace/shadowveil/reference/grok_build/attachments/66568.jpg,art,video/render frame sequence,,0,,,,,n/a,,,
/workspace/shadowveil/reference/grok_build/attachments/66572.jpg,art,video/render frame sequence,,0,,,,,n/a,,,
/workspace/shadowveil/reference/grok_build/attachments/66575.jpg,art,video/render frame sequence,,0,,,,,n/a,,,
/workspace/shadowveil/reference/grok_build/attachments/66587.jpg,art,video/render frame sequence,,0,,,,,n/a,,,
/workspace/shadowveil/reference/grok_build/attachments/66589.jpg,art,video/render frame sequence,,0,,,,,n/a,,,
/workspace/shadowveil/reference/grok_build/attachments/66592.jpg,art,video/render frame sequence,,0,,,,,n/a,,,
/workspace/shadowveil/reference/grok_build/attachments/66603.webp,art,video/render frame sequence,,0,,,,,n/a,,,
/workspace/shadowveil/reference/grok_build/attachments/67022.jpg,art,video/render frame sequence,,0,,,,,n/a,,,
/workspace/shadowveil/reference/grok_build/attachments/67197.png,art,video/render frame sequence,,0,,,,,n/a,,,
/workspace/shadowveil/reference/grok_build/attachments/67200.jpg,art,video/render frame sequence,,0,,,,,n/a,,,
/workspace/shadowveil/reference/grok_build/attachments/67202.jpg,art,video/render frame sequence,,0,,,,,n/a,,,
/workspace/shadowveil/reference/grok_build/attachments/67369.jpg,art,video/render frame sequence,,0,,,,,n/a,,,
/workspace/shadowveil/reference/grok_build/attachments/67371.jpg,art,video/render frame sequence,,0,,,,,n/a,,,
/workspace/shadowveil/reference/grok_build/attachments/67375.jpg,art,video/render frame sequence,,0,,,,,n/a,,,
/workspace/shadowveil/reference/grok_build/attachments/67379.jpg,art,video/render frame sequence,,0,,,,,n/a,,,
/workspace/shadowveil/reference/grok_build/attachments/67391.jpg,art,video/render frame sequence,,0,,,,,n/a,,,
/workspace/shadowveil/reference/grok_build/attachments/67393.jpg,art,video/render frame sequence,,0,,,,,n/a,,,
/workspace/shadowveil/reference/grok_build/attachments/67395.jpg,art,video/render frame sequence,,0,,,,,n/a,,,
/workspace/shadowveil/reference/grok_build/attachments/67397.jpg,art,video/render frame sequence,,0,,,,,n/a,,,
/workspace/shadowveil/reference/grok_build/attachments/67399.jpg,art,video/render frame sequence,,0,,,,,n/a,,,
/workspace/shadowveil/reference/grok_build/attachments/67401.jpg,art,video/render frame sequence,,0,,,,,n/a,,,
/workspace/shadowveil/reference/grok_build/attachments/67403.jpg,art,video/render frame sequence,,0,,,,,n/a,,,
/workspace/shadowveil/reference/grok_build/attachments/67405.jpg,art,video/render frame sequence,,0,,,,,n/a,,,
/workspace/shadowveil/reference/grok_build/attachments/67407.jpg,art,video/render frame sequence,,0,,,,,n/a,,,
/workspace/shadowveil/reference/grok_build/attachments/67409.jpg,art,video/render frame sequence,,0,,,,,n/a,,,
/workspace/shadowveil/reference/grok_build/attachments/67412.jpg,art,video/render frame sequence,,0,,,,,n/a,,,
/workspace/shadowveil/reference/grok_build/attachments/67665.jpg,art,video/render frame sequence,,0,,,,,n/a,,,
/workspace/shadowveil/reference/grok_build/attachments/67667.jpg,art,video/render frame sequence,,0,,,,,n/a,,,
/workspace/shadowveil/reference/grok_build/attachments/67669.jpg,art,video/render frame sequence,,0,,,,,n/a,,,
/workspace/shadowveil/reference/grok_build/attachments/67679.jpg,art,video/render frame sequence,,0,,,,,n/a,,,
/workspace/shadowveil/reference/grok_build/attachments/67681.jpg,art,video/render frame sequence,,0,,,,,n/a,,,
/workspace/shadowveil/reference/grok_build/attachments/67683.jpg,art,video/render frame sequence,,0,,,,,n/a,,,
/workspace/shadowveil/reference/grok_build/attachments/67685.jpg,art,video/render frame sequence,,0,,,,,n/a,,,
/workspace/shadowveil/reference/grok_build/attachments/67687.jpg,art,video/render frame sequence,,0,,,,,n/a,,,
/workspace/shadowveil/reference/grok_build/attachments/Screenshot_20260917_160259_Samsung Browser.jpg,art,QA crop / contact sheet,,0,,,,,n/a,,,
/workspace/shadowveil/reference/grok_build/attachments/Screenshot_20260917_162732_Samsung Browser.jpg,art,QA crop / contact sheet,,0,,,,,n/a,,,
/workspace/shadowveil/reference/grok_build/attachments/Screenshot_20260917_163526_Samsung Browser.jpg,art,QA crop / contact sheet,,0,,,,,n/a,,,
/workspace/shadowveil/reference/grok_build/attachments/image.png,art,other pose still (action/expression/hand/eye),,0,,,,,n/a,,,
/workspace/shadowveil/reference/grok_build/driver-work/public/catalog-views/48ba4faf9045baac59c6.png,art,other/unclassified,,0,,,,,n/a,,,
/workspace/shadowveil/reference/grok_build/driver-work/public/catalog-views/cff7d8f7da882463c78b.png,art,other/unclassified,,0,,,,,n/a,,,
/workspace/shadowveil/reference/grok_build/driver-work/public/catalog-views/e0628ddf8c351b3b9425.png,art,other/unclassified,,0,,,,,n/a,,,
/workspace/shadowveil/reference/grok_build/driver-work/public/pose-v5/front-clean.png,art,other pose still (action/expression/hand/eye),0 (front),0,,,,,n/a,,,
/workspace/shadowveil/reference/grok_build/driver-work/public/pose-v5/reference-back.png,art,other pose still (action/expression/hand/eye),180 (back),0,,,,,n/a,,,
/workspace/shadowveil/reference/grok_build/driver-work/public/pose-v5/reference-qtr.png,art,other pose still (action/expression/hand/eye),,0,,,,,n/a,,,
/workspace/shadowveil/reference/grok_build/driver-work/public/pose-v5/reference-side.png,art,other pose still (action/expression/hand/eye),side profile,0,,,,,n/a,,,
/workspace/shadowveil/reference/grok_build/driver-work/public/pose-v5/torso.png,art,part/layer (not full figure),,0,,,,,n/a,,,
/workspace/shadowveil/reference/grok_build/freebuff/Shadowveil_Freebuff_Handoff/driver-source/public/pose-v5/front-clean.png,art,other pose still (action/expression/hand/eye),0 (front),0,,,,,n/a,,,
/workspace/shadowveil/reference/grok_build/freebuff/Shadowveil_Freebuff_Handoff/driver-source/public/pose-v5/reference-back.png,art,other pose still (action/expression/hand/eye),180 (back),0,,,,,n/a,,,
/workspace/shadowveil/reference/grok_build/freebuff/Shadowveil_Freebuff_Handoff/driver-source/public/pose-v5/reference-qtr.png,art,other pose still (action/expression/hand/eye),,0,,,,,n/a,,,
/workspace/shadowveil/reference/grok_build/freebuff/Shadowveil_Freebuff_Handoff/driver-source/public/pose-v5/reference-side.png,art,other pose still (action/expression/hand/eye),side profile,0,,,,,n/a,,,
/workspace/shadowveil/reference/grok_build/freebuff/Shadowveil_Freebuff_Handoff/driver-source/public/pose-v5/torso.png,art,part/layer (not full figure),,0,,,,,n/a,,,
/workspace/shadowveil/reference/grok_build/freebuff/Shadowveil_Freebuff_Handoff/prior-reports/Shadowveil_Corrected_Catalog_Crop_Evidence.jpg,art,QA crop / contact sheet,,0,,,,,n/a,,,
/workspace/shadowveil/reference/grok_build/public/__grok/icon-180.png,art,reference (own find),,0,,,,,n/a,,,
/workspace/shadowveil/reference/grok_build/public/__grok/install/assets/homescreen/ob-ipad.png,art,other/unclassified,,0,,,,,n/a,,,
/workspace/shadowveil/reference/grok_build/public/__grok/install/assets/homescreen/ob-phone.png,art,other/unclassified,,0,,,,,n/a,,,
/workspace/shadowveil/reference/grok_build/public/clean-room/back.jpg,art,turnaround/rotation still,180 (back),0,,,,,n/a,,,
/workspace/shadowveil/reference/grok_build/public/clean-room/back.png,art,turnaround/rotation still,180 (back),0,,,,,n/a,,,
/workspace/shadowveil/reference/grok_build/public/clean-room/frames/acts-2-1.jpg,art,video/render frame sequence,,0,,,,,n/a,,,
/workspace/shadowveil/reference/grok_build/public/clean-room/frames/acts-2-2.jpg,art,video/render frame sequence,,0,,,,,n/a,,,
/workspace/shadowveil/reference/grok_build/public/clean-room/frames/acts-2-3.jpg,art,video/render frame sequence,,0,,,,,n/a,,,
/workspace/shadowveil/reference/grok_build/public/clean-room/frames/acts-2-4.jpg,art,video/render frame sequence,,0,,,,,n/a,,,
/workspace/shadowveil/reference/grok_build/public/clean-room/frames/adjust-2.jpg,art,video/render frame sequence,,0,,,,,n/a,,,
/workspace/shadowveil/reference/grok_build/public/clean-room/frames/adjust-3.jpg,art,video/render frame sequence,,0,,,,,n/a,,,
/workspace/shadowveil/reference/grok_build/public/clean-room/frames/adjust-4.jpg,art,video/render frame sequence,,0,,,,,n/a,,,
/workspace/shadowveil/reference/grok_build/public/clean-room/frames/adjust-back-1.jpg,art,video/render frame sequence,180 (back),0,,,,,n/a,,,
/workspace/shadowveil/reference/grok_build/public/clean-room/frames/adjust-back-2.jpg,art,video/render frame sequence,180 (back),0,,,,,n/a,,,
/workspace/shadowveil/reference/grok_build/public/clean-room/frames/angles-3.jpg,art,video/render frame sequence,,0,,,,,n/a,,,
/workspace/shadowveil/reference/grok_build/public/clean-room/frames/angles-4.jpg,art,video/render frame sequence,,0,,,,,n/a,,,
/workspace/shadowveil/reference/grok_build/public/clean-room/frames/emotions-1.jpg,art,video/render frame sequence,,0,,,,,n/a,,,
/workspace/shadowveil/reference/grok_build/public/clean-room/frames/emotions-2.jpg,art,video/render frame sequence,,0,,,,,n/a,,,
/workspace/shadowveil/reference/grok_build/public/clean-room/frames/emotions-3.jpg,art,video/render frame sequence,,0,,,,,n/a,,,
/workspace/shadowveil/reference/grok_build/public/clean-room/frames/emotions-4.jpg,art,video/render frame sequence,,0,,,,,n/a,,,
/workspace/shadowveil/reference/grok_build/public/clean-room/frames/emotions-5.jpg,art,video/render frame sequence,,0,,,,,n/a,,,
/workspace/shadowveil/reference/grok_build/public/clean-room/frames/emotions-6.jpg,art,video/render frame sequence,,0,,,,,n/a,,,
/workspace/shadowveil/reference/grok_build/public/clean-room/frames/emotions-7.jpg,art,video/render frame sequence,,0,,,,,n/a,,,
/workspace/shadowveil/reference/grok_build/public/clean-room/frames/emotions-8.jpg,art,video/render frame sequence,,0,,,,,n/a,,,
/workspace/shadowveil/reference/grok_build/public/clean-room/frames/faces-locked-2.jpg,art,video/render frame sequence,,0,,,,,n/a,,,
/workspace/shadowveil/reference/grok_build/public/clean-room/frames/getup-rise-1.jpg,art,video/render frame sequence,,0,,,,,n/a,,,
/workspace/shadowveil/reference/grok_build/public/clean-room/frames/getup-rise-2.jpg,art,video/render frame sequence,,0,,,,,n/a,,,
/workspace/shadowveil/reference/grok_build/public/clean-room/frames/getup-rise-3.jpg,art,video/render frame sequence,,0,,,,,n/a,,,
/workspace/shadowveil/reference/grok_build/public/clean-room/frames/getup-rise-4.jpg,art,video/render frame sequence,,0,,,,,n/a,,,
/workspace/shadowveil/reference/grok_build/public/clean-room/frames/hygiene-1.jpg,art,video/render frame sequence,,0,,,,,n/a,,,
/workspace/shadowveil/reference/grok_build/public/clean-room/frames/hygiene-2.jpg,art,video/render frame sequence,,0,,,,,n/a,,,
/workspace/shadowveil/reference/grok_build/public/clean-room/frames/hygiene-3.jpg,art,video/render frame sequence,,0,,,,,n/a,,,
/workspace/shadowveil/reference/grok_build/public/clean-room/frames/idle-34-1.jpg,art,video/render frame sequence,,0,,,,,n/a,,,
/workspace/shadowveil/reference/grok_build/public/clean-room/frames/idle-34-2.jpg,art,video/render frame sequence,,0,,,,,n/a,,,
/workspace/shadowveil/reference/grok_build/public/clean-room/frames/idle-34-3.jpg,art,video/render frame sequence,,0,,,,,n/a,,,
/workspace/shadowveil/reference/grok_build/public/clean-room/frames/idle-back-1.jpg,art,video/render frame sequence,180 (back),0,,,,,n/a,,,
/workspace/shadowveil/reference/grok_build/public/clean-room/frames/idle-back-2.jpg,art,video/render frame sequence,180 (back),0,,,,,n/a,,,
/workspace/shadowveil/reference/grok_build/public/clean-room/frames/idle-back-3.jpg,art,video/render frame sequence,180 (back),0,,,,,n/a,,,
/workspace/shadowveil/reference/grok_build/public/clean-room/frames/idle-back-4.jpg,art,video/render frame sequence,180 (back),0,,,,,n/a,,,
/workspace/shadowveil/reference/grok_build/public/clean-room/frames/idle-front-1.jpg,art,video/render frame sequence,0 (front),0,,,,,n/a,,,
/workspace/shadowveil/reference/grok_build/public/clean-room/frames/idle-front-2.jpg,art,video/render frame sequence,0 (front),0,,,,,n/a,,,
/workspace/shadowveil/reference/grok_build/public/clean-room/frames/idle-front-3.jpg,art,video/render frame sequence,0 (front),0,,,,,n/a,,,
/workspace/shadowveil/reference/grok_build/public/clean-room/frames/idle-front-4.jpg,art,video/render frame sequence,0 (front),0,,,,,n/a,,,
/workspace/shadowveil/reference/grok_build/public/clean-room/frames/idle-front-5.jpg,art,video/render frame sequence,0 (front),0,,,,,n/a,,,
/workspace/shadowveil/reference/grok_build/public/clean-room/frames/idle-front-6.jpg,art,video/render frame sequence,0 (front),0,,,,,n/a,,,
/workspace/shadowveil/reference/grok_build/public/clean-room/frames/idle-front-7.jpg,art,video/render frame sequence,0 (front),0,,,,,n/a,,,
/workspace/shadowveil/reference/grok_build/public/clean-room/frames/idle-front-8.jpg,art,video/render frame sequence,0 (front),0,,,,,n/a,,,
/workspace/shadowveil/reference/grok_build/public/clean-room/frames/idle-side-1.jpg,art,video/render frame sequence,side profile,0,,,,,n/a,,,
/workspace/shadowveil/reference/grok_build/public/clean-room/frames/idle-side-3.jpg,art,video/render frame sequence,side profile,0,,,,,n/a,,,
/workspace/shadowveil/reference/grok_build/public/clean-room/frames/inspect-2.jpg,art,video/render frame sequence,,0,,,,,n/a,,,
/workspace/shadowveil/reference/grok_build/public/clean-room/frames/interact-1.jpg,art,video/render frame sequence,,0,,,,,n/a,,,
/workspace/shadowveil/reference/grok_build/public/clean-room/frames/lie-1.jpg,art,video/render frame sequence,,0,,,,,n/a,,,
/workspace/shadowveil/reference/grok_build/public/clean-room/frames/lie-2-1.jpg,art,video/render frame sequence,,0,,,,,n/a,,,
/workspace/shadowveil/reference/grok_build/public/clean-room/frames/lie-2.jpg,art,video/render frame sequence,,0,,,,,n/a,,,
/workspace/shadowveil/reference/grok_build/public/clean-room/frames/lie-3.jpg,art,video/render frame sequence,,0,,,,,n/a,,,
/workspace/shadowveil/reference/grok_build/public/clean-room/frames/lie-4.jpg,art,video/render frame sequence,,0,,,,,n/a,,,
/workspace/shadowveil/reference/grok_build/public/clean-room/frames/loop-blink-2.jpg,art,video/render frame sequence,,0,,,,,n/a,,,
/workspace/shadowveil/reference/grok_build/public/clean-room/frames/loop-blink-3.jpg,art,video/render frame sequence,,0,,,,,n/a,,,
/workspace/shadowveil/reference/grok_build/public/clean-room/frames/loop-blink-4.jpg,art,video/render frame sequence,,0,,,,,n/a,,,
/workspace/shadowveil/reference/grok_build/public/clean-room/frames/loop-look-1.jpg,art,video/render frame sequence,,0,,,,,n/a,,,
/workspace/shadowveil/reference/grok_build/public/clean-room/frames/motion-2.jpg,art,video/render frame sequence,,0,,,,,n/a,,,
/workspace/shadowveil/reference/grok_build/public/clean-room/frames/set-16-10p1.jpg,art,video/render frame sequence,,0,,,,,n/a,,,
/workspace/shadowveil/reference/grok_build/public/clean-room/frames/set-16-10p2.jpg,art,video/render frame sequence,,0,,,,,n/a,,,
/workspace/shadowveil/reference/grok_build/public/clean-room/frames/set-16-11p1.jpg,art,video/render frame sequence,,0,,,,,n/a,,,
/workspace/shadowveil/reference/grok_build/public/clean-room/frames/set-16-11p2.jpg,art,video/render frame sequence,,0,,,,,n/a,,,
/workspace/shadowveil/reference/grok_build/public/clean-room/frames/set-16-12.jpg,art,video/render frame sequence,,0,,,,,n/a,,,
/workspace/shadowveil/reference/grok_build/public/clean-room/frames/set-16-5.jpg,art,video/render frame sequence,,0,,,,,n/a,,,
/workspace/shadowveil/reference/grok_build/public/clean-room/frames/set-16-6.jpg,art,video/render frame sequence,,0,,,,,n/a,,,
/workspace/shadowveil/reference/grok_build/public/clean-room/frames/set-16-7.jpg,art,video/render frame sequence,,0,,,,,n/a,,,
/workspace/shadowveil/reference/grok_build/public/clean-room/frames/set-16-8.jpg,art,video/render frame sequence,,0,,,,,n/a,,,
/workspace/shadowveil/reference/grok_build/public/clean-room/frames/set-16-9p1.jpg,art,video/render frame sequence,,0,,,,,n/a,,,
/workspace/shadowveil/reference/grok_build/public/clean-room/frames/set-16-9p2.jpg,art,video/render frame sequence,,0,,,,,n/a,,,
/workspace/shadowveil/reference/grok_build/public/clean-room/frames/set-17-1.jpg,art,video/render frame sequence,,0,,,,,n/a,,,
/workspace/shadowveil/reference/grok_build/public/clean-room/frames/set-17-2.jpg,art,video/render frame sequence,,0,,,,,n/a,,,
/workspace/shadowveil/reference/grok_build/public/clean-room/frames/set-17-3.jpg,art,video/render frame sequence,,0,,,,,n/a,,,
/workspace/shadowveil/reference/grok_build/public/clean-room/frames/set-17-4.jpg,art,video/render frame sequence,,0,,,,,n/a,,,
/workspace/shadowveil/reference/grok_build/public/clean-room/frames/set-17-6.jpg,art,video/render frame sequence,,0,,,,,n/a,,,
/workspace/shadowveil/reference/grok_build/public/clean-room/frames/set-17-8.jpg,art,video/render frame sequence,,0,,,,,n/a,,,
/workspace/shadowveil/reference/grok_build/public/clean-room/frames/set-18-1p1.jpg,art,video/render frame sequence,,0,,,,,n/a,,,
/workspace/shadowveil/reference/grok_build/public/clean-room/frames/set-18-1p2.jpg,art,video/render frame sequence,,0,,,,,n/a,,,
/workspace/shadowveil/reference/grok_build/public/clean-room/frames/set-18-2p1.jpg,art,video/render frame sequence,,0,,,,,n/a,,,
/workspace/shadowveil/reference/grok_build/public/clean-room/frames/set-18-2p2.jpg,art,video/render frame sequence,,0,,,,,n/a,,,
/workspace/shadowveil/reference/grok_build/public/clean-room/frames/set-18-3p1.jpg,art,video/render frame sequence,,0,,,,,n/a,,,
/workspace/shadowveil/reference/grok_build/public/clean-room/frames/set-18-3p2.jpg,art,video/render frame sequence,,0,,,,,n/a,,,
/workspace/shadowveil/reference/grok_build/public/clean-room/frames/set-18-4p1.jpg,art,video/render frame sequence,,0,,,,,n/a,,,
/workspace/shadowveil/reference/grok_build/public/clean-room/frames/set-18-4p2.jpg,art,video/render frame sequence,,0,,,,,n/a,,,
/workspace/shadowveil/reference/grok_build/public/clean-room/frames/sheet-1947-1.jpg,art,video/render frame sequence,,0,,,,,n/a,,,
/workspace/shadowveil/reference/grok_build/public/clean-room/frames/sheet-1947-3.jpg,art,video/render frame sequence,,0,,,,,n/a,,,
/workspace/shadowveil/reference/grok_build/public/clean-room/frames/sheet-1947-4.jpg,art,video/render frame sequence,,0,,,,,n/a,,,
/workspace/shadowveil/reference/grok_build/public/clean-room/frames/sheet-1db5-8.jpg,art,video/render frame sequence,,0,,,,,n/a,,,
/workspace/shadowveil/reference/grok_build/public/clean-room/frames/sheet-9f8e-3.jpg,art,video/render frame sequence,,0,,,,,n/a,,,
/workspace/shadowveil/reference/grok_build/public/clean-room/frames/sit-more-1.jpg,art,video/render frame sequence,,0,,,,,n/a,,,
/workspace/shadowveil/reference/grok_build/public/clean-room/frames/sit-more-2.jpg,art,video/render frame sequence,,0,,,,,n/a,,,
/workspace/shadowveil/reference/grok_build/public/clean-room/frames/sit-more-3.jpg,art,video/render frame sequence,,0,,,,,n/a,,,
/workspace/shadowveil/reference/grok_build/public/clean-room/frames/turnaround-3.jpg,art,video/render frame sequence,,0,,,,,n/a,,,
/workspace/shadowveil/reference/grok_build/public/clean-room/frames/turnaround-4.jpg,art,video/render frame sequence,,0,,,,,n/a,,,
/workspace/shadowveil/reference/grok_build/public/clean-room/frames/walk-play-1.jpg,art,video/render frame sequence,,0,,,,,n/a,,,
/workspace/shadowveil/reference/grok_build/public/clean-room/frames/walk-play-2.jpg,art,video/render frame sequence,,0,,,,,n/a,,,
/workspace/shadowveil/reference/grok_build/public/clean-room/frames/walk-play-3.jpg,art,video/render frame sequence,,0,,,,,n/a,,,
/workspace/shadowveil/reference/grok_build/public/clean-room/frames/walk-play-4.jpg,art,video/render frame sequence,,0,,,,,n/a,,,
/workspace/shadowveil/reference/grok_build/public/clean-room/hires/adjust-1.jpg,art,other pose still (action/expression/hand/eye),,0,,,,,n/a,,,
/workspace/shadowveil/reference/grok_build/public/clean-room/hires/adjust-back-1.jpg,art,other pose still (action/expression/hand/eye),180 (back),0,,,,,n/a,,,
/workspace/shadowveil/reference/grok_build/public/clean-room/hires/adjust-back-2.jpg,art,other pose still (action/expression/hand/eye),180 (back),0,,,,,n/a,,,
/workspace/shadowveil/reference/grok_build/public/clean-room/hires/angles-3.jpg,art,turnaround/rotation still,,0,,,,,n/a,,,
/workspace/shadowveil/reference/grok_build/public/clean-room/hires/angles-4.jpg,art,turnaround/rotation still,,0,,,,,n/a,,,
/workspace/shadowveil/reference/grok_build/public/clean-room/hires/blink-shut.jpg,art,other pose still (action/expression/hand/eye),,0,,,,,n/a,,,
/workspace/shadowveil/reference/grok_build/public/clean-room/hires/idle-back-1.jpg,art,other pose still (action/expression/hand/eye),180 (back),0,,,,,n/a,,,
/workspace/shadowveil/reference/grok_build/public/clean-room/hires/idle-back-2.jpg,art,other pose still (action/expression/hand/eye),180 (back),0,,,,,n/a,,,
/workspace/shadowveil/reference/grok_build/public/clean-room/hires/idle-back-3.jpg,art,other pose still (action/expression/hand/eye),180 (back),0,,,,,n/a,,,
/workspace/shadowveil/reference/grok_build/public/clean-room/hires/idle-side-2.jpg,art,other pose still (action/expression/hand/eye),side profile,0,,,,,n/a,,,
/workspace/shadowveil/reference/grok_build/public/clean-room/hires/idle-side-4.jpg,art,other pose still (action/expression/hand/eye),side profile,0,,,,,n/a,,,
/workspace/shadowveil/reference/grok_build/public/clean-room/hires/lie-1.jpg,art,other pose still (action/expression/hand/eye),,0,,,,,n/a,,,
/workspace/shadowveil/reference/grok_build/public/clean-room/hires/lie-3.jpg,art,other pose still (action/expression/hand/eye),,0,,,,,n/a,,,
/workspace/shadowveil/reference/grok_build/public/clean-room/hires/loop-blink-4.jpg,art,other pose still (action/expression/hand/eye),,0,,,,,n/a,,,
/workspace/shadowveil/reference/grok_build/public/clean-room/hires/set-18-3p1.jpg,art,other pose still (action/expression/hand/eye),,0,,,,,n/a,,,
/workspace/shadowveil/reference/grok_build/public/clean-room/hires/sheet-1947-3.jpg,art,other pose still (action/expression/hand/eye),,0,,,,,n/a,,,
/workspace/shadowveil/reference/grok_build/public/clean-room/hires/sit-more-1.jpg,art,other pose still (action/expression/hand/eye),,0,,,,,n/a,,,
/workspace/shadowveil/reference/grok_build/public/clean-room/hires/sit-more-2.jpg,art,other pose still (action/expression/hand/eye),,0,,,,,n/a,,,
/workspace/shadowveil/reference/grok_build/public/clean-room/hires/walk-play-3.jpg,art,other pose still (action/expression/hand/eye),,0,,,,,n/a,,,
/workspace/shadowveil/reference/grok_build/public/clean-room/hires/walk-play-4.jpg,art,other pose still (action/expression/hand/eye),,0,,,,,n/a,,,
/workspace/shadowveil/reference/grok_build/public/clean-room/layers/anim/angry.png,art,other pose still (action/expression/hand/eye),,0,,,,,n/a,,,
/workspace/shadowveil/reference/grok_build/public/clean-room/layers/anim/back.png,art,other pose still (action/expression/hand/eye),180 (back),0,,,,,n/a,,,
/workspace/shadowveil/reference/grok_build/public/clean-room/layers/anim/kick.png,art,other pose still (action/expression/hand/eye),,0,,,,,n/a,,,
/workspace/shadowveil/reference/grok_build/public/clean-room/layers/anim/look.png,art,other pose still (action/expression/hand/eye),,0,,,,,n/a,,,
/workspace/shadowveil/reference/grok_build/public/clean-room/layers/anim/nod.png,art,other pose still (action/expression/hand/eye),,0,,,,,n/a,,,
/workspace/shadowveil/reference/grok_build/public/clean-room/layers/anim/run.png,art,other pose still (action/expression/hand/eye),,0,,,,,n/a,,,
/workspace/shadowveil/reference/grok_build/public/clean-room/layers/anim/sad.png,art,other pose still (action/expression/hand/eye),,0,,,,,n/a,,,
/workspace/shadowveil/reference/grok_build/public/clean-room/layers/anim/sit.png,art,other pose still (action/expression/hand/eye),,0,,,,,n/a,,,
/workspace/shadowveil/reference/grok_build/public/clean-room/layers/anim/stumble.png,art,other pose still (action/expression/hand/eye),,0,,,,,n/a,,,
/workspace/shadowveil/reference/grok_build/public/clean-room/layers/anim/sway.png,art,other pose still (action/expression/hand/eye),,0,,,,,n/a,,,
/workspace/shadowveil/reference/grok_build/public/clean-room/layers/anim/worry.png,art,other pose still (action/expression/hand/eye),,0,,,,,n/a,,,
/workspace/shadowveil/reference/grok_build/public/clean-room/layers/anim/yawn.png,art,other pose still (action/expression/hand/eye),,0,,,,,n/a,,,
/workspace/shadowveil/reference/grok_build/public/clean-room/layers/hair/hair-000.jpg,art,part/layer (not full figure),000,0,,,,,n/a,,,
/workspace/shadowveil/reference/grok_build/public/clean-room/layers/hair/hair-000.png,art,part/layer (not full figure),000,0,,,,,n/a,,,
/workspace/shadowveil/reference/grok_build/public/clean-room/layers/hair/hair-045.jpg,art,part/layer (not full figure),045,0,,,,,n/a,,,
/workspace/shadowveil/reference/grok_build/public/clean-room/layers/hair/hair-045.png,art,part/layer (not full figure),045,0,,,,,n/a,,,
/workspace/shadowveil/reference/grok_build/public/clean-room/layers/hair/hair-090.jpg,art,part/layer (not full figure),090,0,,,,,n/a,,,
/workspace/shadowveil/reference/grok_build/public/clean-room/layers/hair/hair-090.png,art,part/layer (not full figure),090,0,,,,,n/a,,,
/workspace/shadowveil/reference/grok_build/public/clean-room/layers/hair/hair-135.jpg,art,part/layer (not full figure),135,0,,,,,n/a,,,
/workspace/shadowveil/reference/grok_build/public/clean-room/layers/hair/hair-135.png,art,part/layer (not full figure),135,0,,,,,n/a,,,
/workspace/shadowveil/reference/grok_build/public/clean-room/layers/hair/hair-180.jpg,art,part/layer (not full figure),180,0,,,,,n/a,,,
/workspace/shadowveil/reference/grok_build/public/clean-room/layers/hair/hair-180.png,art,part/layer (not full figure),180,0,,,,,n/a,,,
/workspace/shadowveil/reference/grok_build/public/clean-room/layers/hair/hair-225.jpg,art,part/layer (not full figure),225,0,,,,,n/a,,,
/workspace/shadowveil/reference/grok_build/public/clean-room/layers/hair/hair-225.png,art,part/layer (not full figure),225,0,,,,,n/a,,,
/workspace/shadowveil/reference/grok_build/public/clean-room/layers/hair/hair-270.jpg,art,part/layer (not full figure),270,0,,,,,n/a,,,
/workspace/shadowveil/reference/grok_build/public/clean-room/layers/hair/hair-270.png,art,part/layer (not full figure),270,0,,,,,n/a,,,
/workspace/shadowveil/reference/grok_build/public/clean-room/layers/hair/hair-315.jpg,art,part/layer (not full figure),315,0,,,,,n/a,,,
/workspace/shadowveil/reference/grok_build/public/clean-room/layers/hair/hair-315.png,art,part/layer (not full figure),315,0,,,,,n/a,,,
/workspace/shadowveil/reference/grok_build/public/clean-room/layers/rotation/turn-135.png,art,turnaround/rotation still,135,0,,,,,n/a,eyeballed,"Back three-quarter; face turned away, marks not visible (expected).",
/workspace/shadowveil/reference/grok_build/public/clean-room/layers/rotation/turn-180.png,art,turnaround/rotation still,180,0,,,,,n/a,eyeballed,Back; marks not visible (expected).,
/workspace/shadowveil/reference/grok_build/public/clean-room/layers/rotation/turn-225.png,art,turnaround/rotation still,225,0,,,,,n/a,eyeballed,Back three-quarter; marks not visible (expected).,
/workspace/shadowveil/reference/grok_build/public/clean-room/sheets/acts-2.jpg,art,other pose still (action/expression/hand/eye),,0,,,,,n/a,,,
/workspace/shadowveil/reference/grok_build/public/clean-room/sheets/adjust-back.jpg,art,other pose still (action/expression/hand/eye),180 (back),0,,,,,n/a,,,
/workspace/shadowveil/reference/grok_build/public/clean-room/sheets/adjust.jpg,art,other pose still (action/expression/hand/eye),,0,,,,,n/a,,,
/workspace/shadowveil/reference/grok_build/public/clean-room/sheets/extreme-back-dodge.jpg,art,other pose still (action/expression/hand/eye),180 (back),0,,,,,n/a,,,
/workspace/shadowveil/reference/grok_build/public/clean-room/sheets/extreme-back-fall.jpg,art,other pose still (action/expression/hand/eye),180 (back),0,,,,,n/a,,,
/workspace/shadowveil/reference/grok_build/public/clean-room/sheets/extreme-back-kick-2.jpg,art,other pose still (action/expression/hand/eye),180 (back),0,,,,,n/a,,,
/workspace/shadowveil/reference/grok_build/public/clean-room/sheets/extreme-back-kick.jpg,art,other pose still (action/expression/hand/eye),180 (back),0,,,,,n/a,,,
/workspace/shadowveil/reference/grok_build/public/clean-room/sheets/extreme-back-run.jpg,art,other pose still (action/expression/hand/eye),180 (back),0,,,,,n/a,,,
/workspace/shadowveil/reference/grok_build/public/clean-room/sheets/extreme-back-squat.jpg,art,other pose still (action/expression/hand/eye),180 (back),0,,,,,n/a,,,
/workspace/shadowveil/reference/grok_build/public/clean-room/sheets/extreme-back-up.jpg,art,other pose still (action/expression/hand/eye),180 (back),0,,,,,n/a,,,
/workspace/shadowveil/reference/grok_build/public/clean-room/sheets/extreme-dodge.jpg,art,other pose still (action/expression/hand/eye),,0,,,,,n/a,,,
/workspace/shadowveil/reference/grok_build/public/clean-room/sheets/extreme-kick.jpg,art,other pose still (action/expression/hand/eye),,0,,,,,n/a,,,
/workspace/shadowveil/reference/grok_build/public/clean-room/sheets/extreme-knee.jpg,art,part/layer (not full figure),,0,,,,,n/a,,,
/workspace/shadowveil/reference/grok_build/public/clean-room/sheets/extreme-left-sprint.jpg,art,other pose still (action/expression/hand/eye),left profile,0,,,,,n/a,,,
/workspace/shadowveil/reference/grok_build/public/clean-room/sheets/extreme-right-kick.jpg,art,other pose still (action/expression/hand/eye),right profile,0,,,,,n/a,,,
/workspace/shadowveil/reference/grok_build/public/clean-room/sheets/extreme-right-stumble.jpg,art,other pose still (action/expression/hand/eye),right profile,0,,,,,n/a,,,
/workspace/shadowveil/reference/grok_build/public/clean-room/sheets/extreme-side-dodge.jpg,art,other pose still (action/expression/hand/eye),side profile,0,,,,,n/a,,,
/workspace/shadowveil/reference/grok_build/public/clean-room/sheets/extreme-side-fall.jpg,art,other pose still (action/expression/hand/eye),side profile,0,,,,,n/a,,,
/workspace/shadowveil/reference/grok_build/public/clean-room/sheets/extreme-slide.jpg,art,part/layer (not full figure),,0,,,,,n/a,,,
/workspace/shadowveil/reference/grok_build/public/clean-room/sheets/extreme-sprint-2.jpg,art,other pose still (action/expression/hand/eye),,0,,,,,n/a,,,
/workspace/shadowveil/reference/grok_build/public/clean-room/sheets/extreme-sprint.jpg,art,other pose still (action/expression/hand/eye),,0,,,,,n/a,,,
/workspace/shadowveil/reference/grok_build/public/clean-room/sheets/extreme-stumble.jpg,art,other pose still (action/expression/hand/eye),,0,,,,,n/a,,,
/workspace/shadowveil/reference/grok_build/public/clean-room/sheets/extreme-turn.jpg,art,other pose still (action/expression/hand/eye),,0,,,,,n/a,,,
/workspace/shadowveil/reference/grok_build/public/clean-room/sheets/extreme-twist.jpg,art,other pose still (action/expression/hand/eye),,0,,,,,n/a,,,
/workspace/shadowveil/reference/grok_build/public/clean-room/sheets/hygiene.jpg,art,other pose still (action/expression/hand/eye),,0,,,,,n/a,,,
/workspace/shadowveil/reference/grok_build/public/clean-room/sheets/idle-34.jpg,art,other pose still (action/expression/hand/eye),,0,,,,,n/a,,,
/workspace/shadowveil/reference/grok_build/public/clean-room/sheets/idle-back.jpg,art,other pose still (action/expression/hand/eye),180 (back),0,,,,,n/a,,,
/workspace/shadowveil/reference/grok_build/public/clean-room/sheets/idle-side.jpg,art,other pose still (action/expression/hand/eye),side profile,0,,,,,n/a,,,
/workspace/shadowveil/reference/grok_build/public/clean-room/sheets/idle.jpg,art,other pose still (action/expression/hand/eye),,0,,,,,n/a,,,
/workspace/shadowveil/reference/grok_build/public/clean-room/sheets/inspect.jpg,art,other pose still (action/expression/hand/eye),,0,,,,,n/a,,,
/workspace/shadowveil/reference/grok_build/public/clean-room/sheets/jump-4.jpg,art,other pose still (action/expression/hand/eye),,0,,,,,n/a,,,
/workspace/shadowveil/reference/grok_build/public/clean-room/sheets/jump-5.jpg,art,other pose still (action/expression/hand/eye),,0,,,,,n/a,,,
/workspace/shadowveil/reference/grok_build/public/clean-room/sheets/lie-2.jpg,art,other pose still (action/expression/hand/eye),,0,,,,,n/a,,,
/workspace/shadowveil/reference/grok_build/public/clean-room/sheets/lie.jpg,art,other pose still (action/expression/hand/eye),,0,,,,,n/a,,,
/workspace/shadowveil/reference/grok_build/public/clean-room/sheets/run-1.jpg,art,other pose still (action/expression/hand/eye),,0,,,,,n/a,,,
/workspace/shadowveil/reference/grok_build/public/clean-room/sheets/run-2.jpg,art,other pose still (action/expression/hand/eye),,0,,,,,n/a,,,
/workspace/shadowveil/reference/grok_build/public/clean-room/sheets/run-3.jpg,art,other pose still (action/expression/hand/eye),,0,,,,,n/a,,,
/workspace/shadowveil/reference/grok_build/public/clean-room/sheets/run-4.jpg,art,other pose still (action/expression/hand/eye),,0,,,,,n/a,,,
/workspace/shadowveil/reference/grok_build/public/clean-room/sheets/run-action.jpg,art,other pose still (action/expression/hand/eye),,0,,,,,n/a,,,
/workspace/shadowveil/reference/grok_build/public/clean-room/sheets/sit-more.jpg,art,other pose still (action/expression/hand/eye),,0,,,,,n/a,,,
/workspace/shadowveil/reference/grok_build/public/clean-room/sheets/walk-cycle.jpg,art,other pose still (action/expression/hand/eye),,0,,,,,n/a,,,
/workspace/shadowveil/reference/grok_build/public/clean-room/sheets/walk-cycle.png,art,other pose still (action/expression/hand/eye),,0,,,,,n/a,,,
/workspace/shadowveil/reference/grok_build/public/clean-room/sheets/walk-play.jpg,art,other pose still (action/expression/hand/eye),,0,,,,,n/a,,,
/workspace/shadowveil/reference/grok_build/public/clean-room/sheets/walk.jpg,art,other pose still (action/expression/hand/eye),,0,,,,,n/a,,,
/workspace/shadowveil/reference/grok_build/public/clean-room/side.jpg,art,turnaround/rotation still,side profile,0,,,,,n/a,,,
/workspace/shadowveil/reference/grok_build/public/clean-room/side.png,art,turnaround/rotation still,side profile,0,,,,,n/a,,,
/workspace/shadowveil/reference/grok_build/public/og.jpg,art,other/unclassified,,0,,,,,n/a,,,
/workspace/shadowveil/reference/grok_build/public/puppet/blink/closed.png,art,other pose still (action/expression/hand/eye),,0,,,,,n/a,,,
/workspace/shadowveil/reference/grok_build/public/puppet/blink/half.png,art,other pose still (action/expression/hand/eye),,0,,,,,n/a,,,
/workspace/shadowveil/reference/grok_build/public/puppet/blink/half2.png,art,other pose still (action/expression/hand/eye),,0,,,,,n/a,,,
/workspace/shadowveil/reference/grok_build/public/puppet/blink/open.png,art,other pose still (action/expression/hand/eye),,0,,,,,n/a,,,
/workspace/shadowveil/reference/grok_build/public/puppet/body-front.png,art,turnaround/rotation still,0 (front),0,,,,,n/a,,,
/workspace/shadowveil/reference/grok_build/public/puppet/body-threequarter.png,art,turnaround/rotation still,3/4,0,,,,,n/a,,,
/workspace/shadowveil/reference/grok_build/public/puppet/emotions/anger.png,art,other pose still (action/expression/hand/eye),,0,,,,,n/a,,,
/workspace/shadowveil/reference/grok_build/public/puppet/emotions/focus.png,art,other pose still (action/expression/hand/eye),,0,,,,,n/a,,,
/workspace/shadowveil/reference/grok_build/public/puppet/emotions/joy.png,art,other pose still (action/expression/hand/eye),,0,,,,,n/a,,,
/workspace/shadowveil/reference/grok_build/public/puppet/emotions/neutral.png,art,other pose still (action/expression/hand/eye),,0,,,,,n/a,,,
/workspace/shadowveil/reference/grok_build/public/puppet/emotions/smirk.png,art,other pose still (action/expression/hand/eye),,0,,,,,n/a,,,
/workspace/shadowveil/reference/grok_build/public/puppet/emotions/soft.png,art,other pose still (action/expression/hand/eye),,0,,,,,n/a,,,
/workspace/shadowveil/reference/grok_build/public/puppet/emotions/sorrow.png,art,other pose still (action/expression/hand/eye),,0,,,,,n/a,,,
/workspace/shadowveil/reference/grok_build/public/puppet/faces/anger.png,art,other pose still (action/expression/hand/eye),,0,,,,,n/a,,,
/workspace/shadowveil/reference/grok_build/public/puppet/faces/closed.png,art,other pose still (action/expression/hand/eye),,0,,,,,n/a,,,
/workspace/shadowveil/reference/grok_build/public/puppet/faces/focus.png,art,other pose still (action/expression/hand/eye),,0,,,,,n/a,,,
/workspace/shadowveil/reference/grok_build/public/puppet/faces/joy.png,art,other pose still (action/expression/hand/eye),,0,,,,,n/a,,,
/workspace/shadowveil/reference/grok_build/public/puppet/faces/neutral.png,art,other pose still (action/expression/hand/eye),,0,,,,,n/a,,,
/workspace/shadowveil/reference/grok_build/public/puppet/faces/shock.png,art,other pose still (action/expression/hand/eye),,0,,,,,n/a,,,
/workspace/shadowveil/reference/grok_build/public/puppet/faces/smirk.png,art,other pose still (action/expression/hand/eye),,0,,,,,n/a,,,
/workspace/shadowveil/reference/grok_build/public/puppet/faces/soft.png,art,other pose still (action/expression/hand/eye),,0,,,,,n/a,,,
/workspace/shadowveil/reference/grok_build/public/puppet/faces/sorrow.png,art,other pose still (action/expression/hand/eye),,0,,,,,n/a,,,
/workspace/shadowveil/reference/grok_build/public/puppet/head-blink.png,art,part/layer (not full figure),,0,,,,,n/a,,,
/workspace/shadowveil/reference/grok_build/public/puppet/hinge/0.png,art,part/layer (not full figure),,0,,,,,n/a,,,
/workspace/shadowveil/reference/grok_build/public/puppet/hinge/1.png,art,part/layer (not full figure),,0,,,,,n/a,,,
/workspace/shadowveil/reference/grok_build/public/puppet/hinge/2.png,art,part/layer (not full figure),,0,,,,,n/a,,,
/workspace/shadowveil/reference/grok_build/public/puppet/hinge/3.png,art,part/layer (not full figure),,0,,,,,n/a,,,
/workspace/shadowveil/reference/grok_build/public/puppet/hinge/4.png,art,part/layer (not full figure),,0,,,,,n/a,,,
/workspace/shadowveil/reference/grok_build/public/puppet/hinge/5.png,art,part/layer (not full figure),,0,,,,,n/a,,,
/workspace/shadowveil/reference/grok_build/public/puppet/hinge12/0.png,art,part/layer (not full figure),,0,,,,,n/a,,,
/workspace/shadowveil/reference/grok_build/public/puppet/hinge12/1.png,art,part/layer (not full figure),,0,,,,,n/a,,,
/workspace/shadowveil/reference/grok_build/public/puppet/hinge12/10.png,art,part/layer (not full figure),,0,,,,,n/a,,,
/workspace/shadowveil/reference/grok_build/public/puppet/hinge12/11.png,art,part/layer (not full figure),,0,,,,,n/a,,,
/workspace/shadowveil/reference/grok_build/public/puppet/hinge12/2.png,art,part/layer (not full figure),,0,,,,,n/a,,,
/workspace/shadowveil/reference/grok_build/public/puppet/hinge12/3.png,art,part/layer (not full figure),,0,,,,,n/a,,,
/workspace/shadowveil/reference/grok_build/public/puppet/hinge12/4.png,art,part/layer (not full figure),,0,,,,,n/a,,,
/workspace/shadowveil/reference/grok_build/public/puppet/hinge12/5.png,art,part/layer (not full figure),,0,,,,,n/a,,,
/workspace/shadowveil/reference/grok_build/public/puppet/hinge12/6.png,art,part/layer (not full figure),,0,,,,,n/a,,,
/workspace/shadowveil/reference/grok_build/public/puppet/hinge12/7.png,art,part/layer (not full figure),,0,,,,,n/a,,,
/workspace/shadowveil/reference/grok_build/public/puppet/hinge12/8.png,art,part/layer (not full figure),,0,,,,,n/a,,,
/workspace/shadowveil/reference/grok_build/public/puppet/hinge12/9.png,art,part/layer (not full figure),,0,,,,,n/a,,,
/workspace/shadowveil/reference/grok_build/public/puppet/idle/0.png,art,other pose still (action/expression/hand/eye),,0,,,,,n/a,,,
/workspace/shadowveil/reference/grok_build/public/puppet/idle/1.png,art,other pose still (action/expression/hand/eye),,0,,,,,n/a,,,
/workspace/shadowveil/reference/grok_build/public/puppet/idle/2.png,art,other pose still (action/expression/hand/eye),,0,,,,,n/a,,,
/workspace/shadowveil/reference/grok_build/public/puppet/idle/3.png,art,other pose still (action/expression/hand/eye),,0,,,,,n/a,,,
/workspace/shadowveil/reference/grok_build/public/puppet/parts/head.png,art,part/layer (not full figure),,0,,,,,n/a,,,
/workspace/shadowveil/reference/grok_build/public/puppet/parts/lower.png,art,part/layer (not full figure),,0,,,,,n/a,,,
/workspace/shadowveil/reference/grok_build/public/puppet/parts/pelvis.png,art,QA crop / contact sheet,,0,,,,,n/a,,,
/workspace/shadowveil/reference/grok_build/public/puppet/parts/torso.png,art,part/layer (not full figure),,0,,,,,n/a,,,
/workspace/shadowveil/reference/grok_build/public/puppet/parts/upper.png,art,part/layer (not full figure),,0,,,,,n/a,,,
/workspace/shadowveil/reference/grok_build/public/puppet/ref-back.png,art,other/unclassified,180 (back),0,,,,,n/a,,,
/workspace/shadowveil/reference/grok_build/public/puppet/ref-front.png,art,other/unclassified,0 (front),0,,,,,n/a,,,
/workspace/shadowveil/reference/grok_build/public/puppet/ref-hinge.png,art,other/unclassified,,0,,,,,n/a,,,
/workspace/shadowveil/reference/grok_build/public/puppet/ref-threequarter.png,art,other/unclassified,3/4,0,,,,,n/a,,,
/workspace/shadowveil/reference/grok_build/public/puppet/repo/crouch/00.png,art,video/render frame sequence,,0,,,,,n/a,,,
/workspace/shadowveil/reference/grok_build/public/puppet/repo/crouch/01.png,art,video/render frame sequence,,0,,,,,n/a,,,
/workspace/shadowveil/reference/grok_build/public/puppet/repo/crouch/02.png,art,video/render frame sequence,,0,,,,,n/a,,,
/workspace/shadowveil/reference/grok_build/public/puppet/repo/crouch/03.png,art,video/render frame sequence,,0,,,,,n/a,,,
/workspace/shadowveil/reference/grok_build/public/puppet/repo/crouch/04.png,art,video/render frame sequence,,0,,,,,n/a,,,
/workspace/shadowveil/reference/grok_build/public/puppet/repo/crouch/05.png,art,video/render frame sequence,,0,,,,,n/a,,,
/workspace/shadowveil/reference/grok_build/public/puppet/repo/crouch/06.png,art,video/render frame sequence,,0,,,,,n/a,,,
/workspace/shadowveil/reference/grok_build/public/puppet/repo/crouch/07.png,art,video/render frame sequence,,0,,,,,n/a,,,
/workspace/shadowveil/reference/grok_build/public/puppet/repo/crouch/08.png,art,video/render frame sequence,,0,,,,,n/a,,,
/workspace/shadowveil/reference/grok_build/public/puppet/repo/crouch/09.png,art,video/render frame sequence,,0,,,,,n/a,,,
/workspace/shadowveil/reference/grok_build/public/puppet/repo/crouch/10.png,art,video/render frame sequence,,0,,,,,n/a,,,
/workspace/shadowveil/reference/grok_build/public/puppet/repo/crouch/11.png,art,video/render frame sequence,,0,,,,,n/a,,,
/workspace/shadowveil/reference/grok_build/public/puppet/repo/extra/blink.png,art,other pose still (action/expression/hand/eye),,0,,,,,n/a,,,
/workspace/shadowveil/reference/grok_build/public/puppet/repo/extra/breath.png,art,other/unclassified,,0,,,,,n/a,,,
/workspace/shadowveil/reference/grok_build/public/puppet/repo/extra/joy.png,art,other/unclassified,,0,,,,,n/a,,,
/workspace/shadowveil/reference/grok_build/public/puppet/repo/extra/shift.png,art,other/unclassified,,0,,,,,n/a,,,
/workspace/shadowveil/reference/grok_build/public/puppet/repo/hinge/00.png,art,video/render frame sequence,,0,,,,,n/a,,,
/workspace/shadowveil/reference/grok_build/public/puppet/repo/hinge/01.png,art,video/render frame sequence,,0,,,,,n/a,,,
/workspace/shadowveil/reference/grok_build/public/puppet/repo/hinge/02.png,art,video/render frame sequence,,0,,,,,n/a,,,
/workspace/shadowveil/reference/grok_build/public/puppet/repo/hinge/03.png,art,video/render frame sequence,,0,,,,,n/a,,,
/workspace/shadowveil/reference/grok_build/public/puppet/repo/hinge/04.png,art,video/render frame sequence,,0,,,,,n/a,,,
/workspace/shadowveil/reference/grok_build/public/puppet/repo/hinge/05.png,art,video/render frame sequence,,0,,,,,n/a,,,
/workspace/shadowveil/reference/grok_build/public/puppet/repo/hinge/06.png,art,video/render frame sequence,,0,,,,,n/a,,,
/workspace/shadowveil/reference/grok_build/public/puppet/repo/hinge/07.png,art,video/render frame sequence,,0,,,,,n/a,,,
/workspace/shadowveil/reference/grok_build/public/puppet/repo/hinge/08.png,art,video/render frame sequence,,0,,,,,n/a,,,
/workspace/shadowveil/reference/grok_build/public/puppet/repo/hinge/09.png,art,video/render frame sequence,,0,,,,,n/a,,,
/workspace/shadowveil/reference/grok_build/public/puppet/repo/hinge/10.png,art,video/render frame sequence,,0,,,,,n/a,,,
/workspace/shadowveil/reference/grok_build/public/puppet/repo/hinge/11.png,art,video/render frame sequence,,0,,,,,n/a,,,
/workspace/shadowveil/reference/grok_build/public/puppet/repo/idle/00.png,art,video/render frame sequence,,0,,,,,n/a,,,
/workspace/shadowveil/reference/grok_build/public/puppet/repo/idle/01.png,art,video/render frame sequence,,0,,,,,n/a,,,
/workspace/shadowveil/reference/grok_build/public/puppet/repo/idle/02.png,art,video/render frame sequence,,0,,,,,n/a,,,
/workspace/shadowveil/reference/grok_build/public/puppet/repo/idle/03.png,art,video/render frame sequence,,0,,,,,n/a,,,
/workspace/shadowveil/reference/grok_build/public/puppet/repo/idle/04.png,art,video/render frame sequence,,0,,,,,n/a,,,
/workspace/shadowveil/reference/grok_build/public/puppet/repo/idle/05.png,art,video/render frame sequence,,0,,,,,n/a,,,
/workspace/shadowveil/reference/grok_build/public/puppet/repo/idle/06.png,art,video/render frame sequence,,0,,,,,n/a,,,
/workspace/shadowveil/reference/grok_build/public/puppet/repo/idle/07.png,art,video/render frame sequence,,0,,,,,n/a,,,
/workspace/shadowveil/reference/grok_build/public/puppet/repo/idle/08.png,art,video/render frame sequence,,0,,,,,n/a,,,
/workspace/shadowveil/reference/grok_build/public/puppet/repo/idle/09.png,art,video/render frame sequence,,0,,,,,n/a,,,
/workspace/shadowveil/reference/grok_build/public/puppet/repo/idle/10.png,art,video/render frame sequence,,0,,,,,n/a,,,
/workspace/shadowveil/reference/grok_build/public/puppet/repo/idle/11.png,art,video/render frame sequence,,0,,,,,n/a,,,
/workspace/shadowveil/reference/grok_build/public/puppet/repo/look/00.png,art,video/render frame sequence,,0,,,,,n/a,,,
/workspace/shadowveil/reference/grok_build/public/puppet/repo/look/01.png,art,video/render frame sequence,,0,,,,,n/a,,,
/workspace/shadowveil/reference/grok_build/public/puppet/repo/look/02.png,art,video/render frame sequence,,0,,,,,n/a,,,
/workspace/shadowveil/reference/grok_build/public/puppet/repo/look/03.png,art,video/render frame sequence,,0,,,,,n/a,,,
/workspace/shadowveil/reference/grok_build/public/puppet/repo/look/04.png,art,video/render frame sequence,,0,,,,,n/a,,,
/workspace/shadowveil/reference/grok_build/public/puppet/repo/look/05.png,art,video/render frame sequence,,0,,,,,n/a,,,
/workspace/shadowveil/reference/grok_build/public/puppet/repo/look/06.png,art,video/render frame sequence,,0,,,,,n/a,,,
/workspace/shadowveil/reference/grok_build/public/puppet/repo/look/07.png,art,video/render frame sequence,,0,,,,,n/a,,,
/workspace/shadowveil/reference/grok_build/public/puppet/repo/look/08.png,art,video/render frame sequence,,0,,,,,n/a,,,
/workspace/shadowveil/reference/grok_build/public/puppet/repo/look/10.png,art,video/render frame sequence,,0,,,,,n/a,,,
/workspace/shadowveil/reference/grok_build/public/puppet/repo/look/11.png,art,video/render frame sequence,,0,,,,,n/a,,,
/workspace/shadowveil/reference/grok_build/public/puppet/repo/reach/00.png,art,video/render frame sequence,,0,,,,,n/a,,,
/workspace/shadowveil/reference/grok_build/public/puppet/repo/reach/01.png,art,video/render frame sequence,,0,,,,,n/a,,,
/workspace/shadowveil/reference/grok_build/public/puppet/repo/reach/02.png,art,video/render frame sequence,,0,,,,,n/a,,,
/workspace/shadowveil/reference/grok_build/public/puppet/repo/reach/03.png,art,video/render frame sequence,,0,,,,,n/a,,,
/workspace/shadowveil/reference/grok_build/public/puppet/repo/reach/04.png,art,video/render frame sequence,,0,,,,,n/a,,,
/workspace/shadowveil/reference/grok_build/public/puppet/repo/reach/05.png,art,video/render frame sequence,,0,,,,,n/a,,,
/workspace/shadowveil/reference/grok_build/public/puppet/repo/reach/06.png,art,video/render frame sequence,,0,,,,,n/a,,,
/workspace/shadowveil/reference/grok_build/public/puppet/repo/reach/07.png,art,video/render frame sequence,,0,,,,,n/a,,,
/workspace/shadowveil/reference/grok_build/public/puppet/repo/reach/08.png,art,video/render frame sequence,,0,,,,,n/a,,,
/workspace/shadowveil/reference/grok_build/public/puppet/repo/reach/09.png,art,video/render frame sequence,,0,,,,,n/a,,,
/workspace/shadowveil/reference/grok_build/public/puppet/repo/reach/10.png,art,video/render frame sequence,,0,,,,,n/a,,,
/workspace/shadowveil/reference/grok_build/public/puppet/repo/reach/11.png,art,video/render frame sequence,,0,,,,,n/a,,,
/workspace/shadowveil/reference/grok_build/public/puppet/repo/stand/00.png,art,video/render frame sequence,,0,,,,,n/a,,,
/workspace/shadowveil/reference/grok_build/public/puppet/repo/stand/01.png,art,video/render frame sequence,,0,,,,,n/a,,,
/workspace/shadowveil/reference/grok_build/public/puppet/repo/stand/02.png,art,video/render frame sequence,,0,,,,,n/a,,,
/workspace/shadowveil/reference/grok_build/public/puppet/repo/stand/03.png,art,video/render frame sequence,,0,,,,,n/a,,,
/workspace/shadowveil/reference/grok_build/public/puppet/repo/stand/04.png,art,video/render frame sequence,,0,,,,,n/a,,,
/workspace/shadowveil/reference/grok_build/public/puppet/repo/stand/05.png,art,video/render frame sequence,,0,,,,,n/a,,,
/workspace/shadowveil/reference/grok_build/public/puppet/repo/stand/06.png,art,video/render frame sequence,,0,,,,,n/a,,,
/workspace/shadowveil/reference/grok_build/public/puppet/repo/stand/07.png,art,video/render frame sequence,,0,,,,,n/a,,,
/workspace/shadowveil/reference/grok_build/public/puppet/repo/stand/08.png,art,video/render frame sequence,,0,,,,,n/a,,,
/workspace/shadowveil/reference/grok_build/public/puppet/repo/stand/10.png,art,video/render frame sequence,,0,,,,,n/a,,,
/workspace/shadowveil/reference/grok_build/public/puppet/repo/stand/11.png,art,video/render frame sequence,,0,,,,,n/a,,,
/workspace/shadowveil/reference/grok_build/public/puppet/repo/walk/00.png,art,video/render frame sequence,,0,,,,,n/a,,,
/workspace/shadowveil/reference/grok_build/public/puppet/repo/walk/01.png,art,video/render frame sequence,,0,,,,,n/a,,,
/workspace/shadowveil/reference/grok_build/public/puppet/repo/walk/02.png,art,video/render frame sequence,,0,,,,,n/a,,,
/workspace/shadowveil/reference/grok_build/public/puppet/repo/walk/03.png,art,video/render frame sequence,,0,,,,,n/a,,,
/workspace/shadowveil/reference/grok_build/public/puppet/repo/walk/04.png,art,video/render frame sequence,,0,,,,,n/a,,,
/workspace/shadowveil/reference/grok_build/public/puppet/repo/walk/05.png,art,video/render frame sequence,,0,,,,,n/a,,,
/workspace/shadowveil/reference/grok_build/public/puppet/repo/walk/06.png,art,video/render frame sequence,,0,,,,,n/a,,,
/workspace/shadowveil/reference/grok_build/public/puppet/repo/walk/07.png,art,video/render frame sequence,,0,,,,,n/a,,,
/workspace/shadowveil/reference/grok_build/public/puppet/repo/walk/08.png,art,video/render frame sequence,,0,,,,,n/a,,,
/workspace/shadowveil/reference/grok_build/public/puppet/repo/walk/09.png,art,video/render frame sequence,,0,,,,,n/a,,,
/workspace/shadowveil/reference/grok_build/public/puppet/repo/walk/10.png,art,video/render frame sequence,,0,,,,,n/a,,,
/workspace/shadowveil/reference/grok_build/public/puppet/repo/walk/11.png,art,video/render frame sequence,,0,,,,,n/a,,,
/workspace/shadowveil/reference/grok_build/public/puppet/repo/wave/00.png,art,video/render frame sequence,,0,,,,,n/a,,,
/workspace/shadowveil/reference/grok_build/public/puppet/repo/wave/01.png,art,video/render frame sequence,,0,,,,,n/a,,,
/workspace/shadowveil/reference/grok_build/public/puppet/repo/wave/02.png,art,video/render frame sequence,,0,,,,,n/a,,,
/workspace/shadowveil/reference/grok_build/public/puppet/repo/wave/03.png,art,video/render frame sequence,,0,,,,,n/a,,,
/workspace/shadowveil/reference/grok_build/public/puppet/repo/wave/04.png,art,video/render frame sequence,,0,,,,,n/a,,,
/workspace/shadowveil/reference/grok_build/public/puppet/repo/wave/05.png,art,video/render frame sequence,,0,,,,,n/a,,,
/workspace/shadowveil/reference/grok_build/public/puppet/repo/wave/06.png,art,video/render frame sequence,,0,,,,,n/a,,,
/workspace/shadowveil/reference/grok_build/public/puppet/repo/wave/07.png,art,video/render frame sequence,,0,,,,,n/a,,,
/workspace/shadowveil/reference/grok_build/public/puppet/repo/wave/08.png,art,video/render frame sequence,,0,,,,,n/a,,,
/workspace/shadowveil/reference/grok_build/public/puppet/repo/wave/09.png,art,video/render frame sequence,,0,,,,,n/a,,,
/workspace/shadowveil/reference/grok_build/public/puppet/repo/wave/10.png,art,video/render frame sequence,,0,,,,,n/a,,,
/workspace/shadowveil/reference/grok_build/public/puppet/repo/wave/11.png,art,video/render frame sequence,,0,,,,,n/a,,,
/workspace/shadowveil/reference/grok_build/public/puppet/rig/back.png,art,part/layer (not full figure),180 (back),0,,,,,n/a,,,
/workspace/shadowveil/reference/grok_build/public/puppet/rig/breath.png,art,part/layer (not full figure),,0,,,,,n/a,,,
/workspace/shadowveil/reference/grok_build/public/puppet/rig/crouch.png,art,part/layer (not full figure),,0,,,,,n/a,,,
/workspace/shadowveil/reference/grok_build/public/puppet/rig/expr/anger.png,art,part/layer (not full figure),,0,,,,,n/a,,,
/workspace/shadowveil/reference/grok_build/public/puppet/rig/expr/blink.png,art,part/layer (not full figure),,0,,,,,n/a,,,
/workspace/shadowveil/reference/grok_build/public/puppet/rig/expr/focus.png,art,part/layer (not full figure),,0,,,,,n/a,,,
/workspace/shadowveil/reference/grok_build/public/puppet/rig/expr/joy.png,art,part/layer (not full figure),,0,,,,,n/a,,,
/workspace/shadowveil/reference/grok_build/public/puppet/rig/expr/neutral.png,art,part/layer (not full figure),,0,,,,,n/a,,,
/workspace/shadowveil/reference/grok_build/public/puppet/rig/expr/shock.png,art,part/layer (not full figure),,0,,,,,n/a,,,
/workspace/shadowveil/reference/grok_build/public/puppet/rig/expr/smirk.png,art,part/layer (not full figure),,0,,,,,n/a,,,
/workspace/shadowveil/reference/grok_build/public/puppet/rig/expr/soft.png,art,part/layer (not full figure),,0,,,,,n/a,,,
/workspace/shadowveil/reference/grok_build/public/puppet/rig/expr/sorrow.png,art,part/layer (not full figure),,0,,,,,n/a,,,
/workspace/shadowveil/reference/grok_build/public/puppet/rig/front.png,art,part/layer (not full figure),0 (front),0,,,,,n/a,,,
/workspace/shadowveil/reference/grok_build/public/puppet/rig/hinge-back.png,art,part/layer (not full figure),180 (back),0,,,,,n/a,,,
/workspace/shadowveil/reference/grok_build/public/puppet/rig/hinge-qtr.png,art,part/layer (not full figure),,0,,,,,n/a,,,
/workspace/shadowveil/reference/grok_build/public/puppet/rig/hinge-side.png,art,part/layer (not full figure),side profile,0,,,,,n/a,,,
/workspace/shadowveil/reference/grok_build/public/puppet/rig/hinge.png,art,part/layer (not full figure),,0,,,,,n/a,,,
/workspace/shadowveil/reference/grok_build/public/puppet/rig/qtr-back.png,art,part/layer (not full figure),180 (back),0,,,,,n/a,,,
/workspace/shadowveil/reference/grok_build/public/puppet/rig/qtr.png,art,part/layer (not full figure),,0,,,,,n/a,,,
/workspace/shadowveil/reference/grok_build/public/puppet/rig/reach-qtr.png,art,part/layer (not full figure),,0,,,,,n/a,,,
/workspace/shadowveil/reference/grok_build/public/puppet/rig/reach-side.png,art,part/layer (not full figure),side profile,0,,,,,n/a,,,
/workspace/shadowveil/reference/grok_build/public/puppet/rig/reach.png,art,part/layer (not full figure),,0,,,,,n/a,,,
/workspace/shadowveil/reference/grok_build/public/puppet/rig/shift.png,art,part/layer (not full figure),,0,,,,,n/a,,,
/workspace/shadowveil/reference/grok_build/public/puppet/rig/side.png,art,part/layer (not full figure),side profile,0,,,,,n/a,,,
/workspace/shadowveil/reference/grok_build/public/puppet/rig/wave-qtr.png,art,part/layer (not full figure),,0,,,,,n/a,,,
/workspace/shadowveil/reference/grok_build/public/puppet/rig/wave-side.png,art,part/layer (not full figure),side profile,0,,,,,n/a,,,
/workspace/shadowveil/reference/grok_build/public/puppet/rig/wave.png,art,part/layer (not full figure),,0,,,,,n/a,,,
/workspace/shadowveil/reference/grok_build/public/puppet/sheet/back-raw.png,art,other/unclassified,180 (back),0,,,,,n/a,,,
/workspace/shadowveil/reference/grok_build/public/puppet/sheet/front-raw.png,art,other/unclassified,0 (front),0,,,,,n/a,,,
/workspace/shadowveil/reference/grok_build/public/puppet/sheet/hinge-raw.png,art,other/unclassified,,0,,,,,n/a,,,
/workspace/shadowveil/reference/grok_build/public/puppet/sheet/qtr-raw.png,art,other/unclassified,,0,,,,,n/a,,,
/workspace/shadowveil/reference/grok_build/public/puppet/views/back.png,art,turnaround/rotation still,180 (back),0,,,,,n/a,,,
/workspace/shadowveil/reference/grok_build/public/puppet/views/front.png,art,turnaround/rotation still,0 (front),0,,,,,n/a,,,
/workspace/shadowveil/reference/grok_build/public/puppet/views/hinge-ref.png,art,other/unclassified,,0,,,,,n/a,,,
/workspace/shadowveil/reference/grok_build/public/puppet/views/side.png,art,turnaround/rotation still,side profile,0,,,,,n/a,,,
/workspace/shadowveil/reference/grok_build/public/puppet/views/threequarter.png,art,turnaround/rotation still,3/4,0,,,,,n/a,,,
/workspace/shadowveil/reference/grok_build/public/puppet/wave/0.png,art,other pose still (action/expression/hand/eye),,0,,,,,n/a,,,
/workspace/shadowveil/reference/grok_build/public/puppet/wave/1.png,art,other pose still (action/expression/hand/eye),,0,,,,,n/a,,,
/workspace/shadowveil/reference/grok_build/public/puppet/wave/2.png,art,other pose still (action/expression/hand/eye),,0,,,,,n/a,,,
/workspace/shadowveil/reference/grok_build/public/puppet/wave/3.png,art,other pose still (action/expression/hand/eye),,0,,,,,n/a,,,
/workspace/shadowveil/reference/grok_build/public/puppet/wave9/0.png,art,other pose still (action/expression/hand/eye),,0,,,,,n/a,,,
/workspace/shadowveil/reference/grok_build/public/puppet/wave9/1.png,art,other pose still (action/expression/hand/eye),,0,,,,,n/a,,,
/workspace/shadowveil/reference/grok_build/public/puppet/wave9/2.png,art,other pose still (action/expression/hand/eye),,0,,,,,n/a,,,
/workspace/shadowveil/reference/grok_build/public/puppet/wave9/3.png,art,other pose still (action/expression/hand/eye),,0,,,,,n/a,,,
/workspace/shadowveil/reference/grok_build/public/puppet/wave9/4.png,art,other pose still (action/expression/hand/eye),,0,,,,,n/a,,,
/workspace/shadowveil/reference/grok_build/public/puppet/wave9/5.png,art,other pose still (action/expression/hand/eye),,0,,,,,n/a,,,
/workspace/shadowveil/reference/grok_build/public/puppet/wave9/6.png,art,other pose still (action/expression/hand/eye),,0,,,,,n/a,,,
/workspace/shadowveil/reference/grok_build/public/puppet/wave9/7.png,art,other pose still (action/expression/hand/eye),,0,,,,,n/a,,,
/workspace/shadowveil/reference/grok_build/public/puppet/wave9/8.png,art,other pose still (action/expression/hand/eye),,0,,,,,n/a,,,
/workspace/shadowveil/reference/grok_build/screenshots/app-builder-built-mobile.png,art,QA crop / contact sheet,,0,,,,,n/a,,,
/workspace/shadowveil/reference/grok_build/screenshots/app-builder-built.png,art,QA crop / contact sheet,,0,,,,,n/a,,,
/workspace/shadowveil/reference/grok_build/screenshots/back-driver.png,art,QA crop / contact sheet,180 (back),0,,,,,n/a,,,
/workspace/shadowveil/reference/grok_build/screenshots/back.png,art,QA crop / contact sheet,180 (back),0,,,,,n/a,,,
/workspace/shadowveil/reference/grok_build/screenshots/clean-crouch.png,art,QA crop / contact sheet,,0,,,,,n/a,,,
/workspace/shadowveil/reference/grok_build/screenshots/clean-front.png,art,QA crop / contact sheet,0 (front),0,,,,,n/a,,,
/workspace/shadowveil/reference/grok_build/screenshots/clean-hinge.png,art,QA crop / contact sheet,,0,,,,,n/a,,,
/workspace/shadowveil/reference/grok_build/screenshots/clean-qtr.png,art,QA crop / contact sheet,,0,,,,,n/a,,,
/workspace/shadowveil/reference/grok_build/screenshots/clean-side.png,art,QA crop / contact sheet,side profile,0,,,,,n/a,,,
/workspace/shadowveil/reference/grok_build/screenshots/clean-wave.png,art,QA crop / contact sheet,,0,,,,,n/a,,,
/workspace/shadowveil/reference/grok_build/screenshots/crouch.png,art,QA crop / contact sheet,,0,,,,,n/a,,,
/workspace/shadowveil/reference/grok_build/screenshots/cutout-pose.png,art,QA crop / contact sheet,,0,,,,,n/a,,,
/workspace/shadowveil/reference/grok_build/screenshots/cutout-rest.png,art,QA crop / contact sheet,,0,,,,,n/a,,,
/workspace/shadowveil/reference/grok_build/screenshots/expr-anger.png,art,QA crop / contact sheet,,0,,,,,n/a,,,
/workspace/shadowveil/reference/grok_build/screenshots/expr-joy.png,art,QA crop / contact sheet,,0,,,,,n/a,,,
/workspace/shadowveil/reference/grok_build/screenshots/expr-neutral.png,art,QA crop / contact sheet,,0,,,,,n/a,,,
/workspace/shadowveil/reference/grok_build/screenshots/face-anger.png,art,QA crop / contact sheet,,0,,,,,n/a,,,
/workspace/shadowveil/reference/grok_build/screenshots/face-joy.png,art,QA crop / contact sheet,,0,,,,,n/a,,,
/workspace/shadowveil/reference/grok_build/screenshots/face-sorrow.png,art,QA crop / contact sheet,,0,,,,,n/a,,,
/workspace/shadowveil/reference/grok_build/screenshots/front-bent-off.png,art,QA crop / contact sheet,0 (front),0,,,,,n/a,,,
/workspace/shadowveil/reference/grok_build/screenshots/front-bent-on.png,art,QA crop / contact sheet,0 (front),0,,,,,n/a,,,
/workspace/shadowveil/reference/grok_build/screenshots/front-crop.png,art,QA crop / contact sheet,0 (front),0,,,,,n/a,,,
/workspace/shadowveil/reference/grok_build/screenshots/front-idle.png,art,QA crop / contact sheet,0 (front),0,,,,,n/a,,,
/workspace/shadowveil/reference/grok_build/screenshots/front-rest.png,art,QA crop / contact sheet,0 (front),0,,,,,n/a,,,
/workspace/shadowveil/reference/grok_build/screenshots/front.png,art,QA crop / contact sheet,0 (front),0,,,,,n/a,,,
/workspace/shadowveil/reference/grok_build/screenshots/hinge-front.png,art,QA crop / contact sheet,0 (front),0,,,,,n/a,,,
/workspace/shadowveil/reference/grok_build/screenshots/hinge-qtr.png,art,QA crop / contact sheet,,0,,,,,n/a,,,
/workspace/shadowveil/reference/grok_build/screenshots/hinge-side.png,art,QA crop / contact sheet,side profile,0,,,,,n/a,,,
/workspace/shadowveil/reference/grok_build/screenshots/idle.png,art,QA crop / contact sheet,,0,,,,,n/a,,,
/workspace/shadowveil/reference/grok_build/screenshots/keyed-tq.png,art,QA crop / contact sheet,,0,,,,,n/a,,,
/workspace/shadowveil/reference/grok_build/screenshots/lift-crop.png,art,QA crop / contact sheet,,0,,,,,n/a,,,
/workspace/shadowveil/reference/grok_build/screenshots/lift.png,art,QA crop / contact sheet,,0,,,,,n/a,,,
/workspace/shadowveil/reference/grok_build/screenshots/mesh-pose.png,art,QA crop / contact sheet,,0,,,,,n/a,,,
/workspace/shadowveil/reference/grok_build/screenshots/mesh-rest.png,art,QA crop / contact sheet,,0,,,,,n/a,,,
/workspace/shadowveil/reference/grok_build/screenshots/orbit-0.png,art,QA crop / contact sheet,,0,,,,,n/a,,,
/workspace/shadowveil/reference/grok_build/screenshots/orbit-180.png,art,QA crop / contact sheet,,0,,,,,n/a,,,
/workspace/shadowveil/reference/grok_build/screenshots/orbit-90.png,art,QA crop / contact sheet,,0,,,,,n/a,,,
/workspace/shadowveil/reference/grok_build/screenshots/orbit-right.png,art,QA crop / contact sheet,right profile,0,,,,,n/a,,,
/workspace/shadowveil/reference/grok_build/screenshots/orbit-side.png,art,QA crop / contact sheet,side profile,0,,,,,n/a,,,
/workspace/shadowveil/reference/grok_build/screenshots/phone-lift.png,art,QA crop / contact sheet,,0,,,,,n/a,,,
/workspace/shadowveil/reference/grok_build/screenshots/phone-light.png,art,QA crop / contact sheet,,0,,,,,n/a,,,
/workspace/shadowveil/reference/grok_build/screenshots/phone.png,art,QA crop / contact sheet,,0,,,,,n/a,,,
/workspace/shadowveil/reference/grok_build/screenshots/preview-now.png,art,QA crop / contact sheet,,0,,,,,n/a,,,
/workspace/shadowveil/reference/grok_build/screenshots/preview-real.png,art,QA crop / contact sheet,,0,,,,,n/a,,,
/workspace/shadowveil/reference/grok_build/screenshots/profile-bent.png,art,QA crop / contact sheet,profile,0,,,,,n/a,,,
/workspace/shadowveil/reference/grok_build/screenshots/qa-canon.png,art,QA crop / contact sheet,,0,,,,,n/a,,,
/workspace/shadowveil/reference/grok_build/screenshots/qa-hinge.png,art,QA crop / contact sheet,,0,,,,,n/a,,,
/workspace/shadowveil/reference/grok_build/screenshots/qa-home.png,art,QA crop / contact sheet,,0,,,,,n/a,,,
/workspace/shadowveil/reference/grok_build/screenshots/qa-joy.png,art,QA crop / contact sheet,,0,,,,,n/a,,,
/workspace/shadowveil/reference/grok_build/screenshots/qtr-bent.png,art,QA crop / contact sheet,,0,,,,,n/a,,,
/workspace/shadowveil/reference/grok_build/screenshots/reach.png,art,QA crop / contact sheet,,0,,,,,n/a,,,
/workspace/shadowveil/reference/grok_build/screenshots/repo-wave.png,art,QA crop / contact sheet,,0,,,,,n/a,,,
/workspace/shadowveil/reference/grok_build/screenshots/rig-front.png,art,QA crop / contact sheet,0 (front),0,,,,,n/a,,,
/workspace/shadowveil/reference/grok_build/screenshots/side.png,art,QA crop / contact sheet,side profile,0,,,,,n/a,,,
/workspace/shadowveil/reference/grok_build/screenshots/threeq-crop.png,art,QA crop / contact sheet,,0,,,,,n/a,,,
/workspace/shadowveil/reference/grok_build/screenshots/threeq.png,art,QA crop / contact sheet,,0,,,,,n/a,,,
/workspace/shadowveil/reference/grok_build/screenshots/turn-back.png,art,QA crop / contact sheet,180 (back),0,,,,,n/a,,,
/workspace/shadowveil/reference/grok_build/screenshots/turn-front.png,art,QA crop / contact sheet,0 (front),0,,,,,n/a,,,
/workspace/shadowveil/reference/grok_build/screenshots/turn-front2.png,art,QA crop / contact sheet,0 (front),0,,,,,n/a,,,
/workspace/shadowveil/reference/grok_build/screenshots/turn-qtr.png,art,QA crop / contact sheet,,0,,,,,n/a,,,
/workspace/shadowveil/reference/grok_build/screenshots/turn-qtrL.png,art,QA crop / contact sheet,,0,,,,,n/a,,,
/workspace/shadowveil/reference/grok_build/screenshots/turn-qtrback.png,art,QA crop / contact sheet,,0,,,,,n/a,,,
/workspace/shadowveil/reference/grok_build/screenshots/turn-side.png,art,QA crop / contact sheet,side profile,0,,,,,n/a,,,
/workspace/shadowveil/reference/grok_build/screenshots/v-back.png,art,QA crop / contact sheet,180 (back),0,,,,,n/a,,,
/workspace/shadowveil/reference/grok_build/screenshots/v-front.png,art,QA crop / contact sheet,0 (front),0,,,,,n/a,,,
/workspace/shadowveil/reference/grok_build/screenshots/v-hinge.png,art,QA crop / contact sheet,,0,,,,,n/a,,,
/workspace/shadowveil/reference/grok_build/screenshots/v-qtr.png,art,QA crop / contact sheet,,0,,,,,n/a,,,
/workspace/shadowveil/reference/grok_build/screenshots/v-side.png,art,QA crop / contact sheet,side profile,0,,,,,n/a,,,
/workspace/shadowveil/reference/grok_build/screenshots/wave-qtr.png,art,QA crop / contact sheet,,0,,,,,n/a,,,
/workspace/shadowveil/reference/grok_build/screenshots/wave.png,art,QA crop / contact sheet,,0,,,,,n/a,,,
/workspace/shadowveil/reference/grok_build/screenshots/weights.png,art,QA crop / contact sheet,,0,,,,,n/a,,,
/workspace/shadowveil/reference/grok_build/split-preview.jpg,art,QA crop / contact sheet,,0,,,,,n/a,,,
/workspace/shadowveil/reference/grok_build/split-preview2.jpg,art,QA crop / contact sheet,,0,,,,,n/a,,,
/workspace/shadowveil/reference/grok_build_captures/stills/back_t0.5s.png,art,other pose still (action/expression/hand/eye),180 (back),0,,,,,n/a,,,
/workspace/shadowveil/reference/grok_build_captures/stills/back_t5.3s.png,art,other pose still (action/expression/hand/eye),180 (back),0,,,,,n/a,,,
/workspace/shadowveil/reference/grok_build_captures/stills/brace_t0.5s.png,art,other pose still (action/expression/hand/eye),,0,,,,,n/a,,,
/workspace/shadowveil/reference/grok_build_captures/stills/clasp_t0.5s.png,art,other pose still (action/expression/hand/eye),,0,,,,,n/a,,,
/workspace/shadowveil/reference/grok_build_captures/stills/dodge_t3.0s.png,art,other pose still (action/expression/hand/eye),,0,,,,,n/a,,,
/workspace/shadowveil/reference/grok_build_captures/stills/dodge_t5.3s.png,art,other pose still (action/expression/hand/eye),,0,,,,,n/a,,,
/workspace/shadowveil/reference/grok_build_captures/stills/idle-long_t5.0s.png,art,other pose still (action/expression/hand/eye),,0,,,,,n/a,,,
/workspace/shadowveil/reference/grok_build_captures/stills/idle_t0.5s.png,art,other pose still (action/expression/hand/eye),,0,,,,,n/a,,,
/workspace/shadowveil/reference/grok_build_captures/stills/inspect_t0.5s.png,art,other pose still (action/expression/hand/eye),,0,,,,,n/a,,,
/workspace/shadowveil/reference/grok_build_captures/stills/kneel_t0.5s.png,art,part/layer (not full figure),,0,,,,,n/a,,,
/workspace/shadowveil/reference/grok_build_captures/stills/kneel_t3.0s.png,art,part/layer (not full figure),,0,,,,,n/a,,,
/workspace/shadowveil/reference/grok_build_captures/stills/kneel_t5.3s.png,art,part/layer (not full figure),,0,,,,,n/a,,,
/workspace/shadowveil/reference/grok_build_captures/stills/look_t0.5s.png,art,other pose still (action/expression/hand/eye),,0,,,,,n/a,,,
/workspace/shadowveil/reference/grok_build_captures/stills/nod_t0.5s.png,art,other pose still (action/expression/hand/eye),,0,,,,,n/a,,,
/workspace/shadowveil/reference/grok_build_captures/stills/nod_t3.0s.png,art,other pose still (action/expression/hand/eye),,0,,,,,n/a,,,
/workspace/shadowveil/reference/grok_build_captures/stills/run_t0.5s.png,art,other pose still (action/expression/hand/eye),,0,,,,,n/a,,,
/workspace/shadowveil/reference/grok_build_captures/stills/run_t3.0s.png,art,other pose still (action/expression/hand/eye),,0,,,,,n/a,,,
/workspace/shadowveil/reference/grok_build_captures/stills/run_t5.3s.png,art,other pose still (action/expression/hand/eye),,0,,,,,n/a,,,
/workspace/shadowveil/reference/grok_build_captures/stills/sad_t0.5s.png,art,other pose still (action/expression/hand/eye),,0,,,,,n/a,,,
/workspace/shadowveil/reference/grok_build_captures/stills/sad_t3.0s.png,art,other pose still (action/expression/hand/eye),,0,,,,,n/a,,,
/workspace/shadowveil/reference/grok_build_captures/stills/side_t0.5s.png,art,other pose still (action/expression/hand/eye),side profile,0,,,,,n/a,,,
/workspace/shadowveil/reference/grok_build_captures/stills/side_t3.0s.png,art,other pose still (action/expression/hand/eye),side profile,0,,,,,n/a,,,
/workspace/shadowveil/reference/grok_build_captures/stills/side_t5.3s.png,art,other pose still (action/expression/hand/eye),side profile,0,,,,,n/a,,,
/workspace/shadowveil/reference/grok_build_captures/stills/sit_t0.5s.png,art,other pose still (action/expression/hand/eye),,0,,,,,n/a,,,
/workspace/shadowveil/reference/grok_build_captures/stills/sit_t3.0s.png,art,other pose still (action/expression/hand/eye),,0,,,,,n/a,,,
/workspace/shadowveil/reference/grok_build_captures/stills/sit_t5.3s.png,art,other pose still (action/expression/hand/eye),,0,,,,,n/a,,,
/workspace/shadowveil/reference/grok_build_captures/stills/smirk_t3.0s.png,art,other pose still (action/expression/hand/eye),,0,,,,,n/a,,,
/workspace/shadowveil/reference/grok_build_captures/stills/squat_t0.5s.png,art,other pose still (action/expression/hand/eye),,0,,,,,n/a,,,
/workspace/shadowveil/reference/grok_build_captures/stills/startle_t0.5s.png,art,other pose still (action/expression/hand/eye),,0,,,,,n/a,,,
/workspace/shadowveil/reference/grok_build_captures/stills/stumble_t0.5s.png,art,other pose still (action/expression/hand/eye),,0,,,,,n/a,,,
/workspace/shadowveil/reference/grok_build_captures/stills/stumble_t3.0s.png,art,other pose still (action/expression/hand/eye),,0,,,,,n/a,,,
/workspace/shadowveil/reference/grok_build_captures/stills/stumble_t5.3s.png,art,other pose still (action/expression/hand/eye),,0,,,,,n/a,,,
/workspace/shadowveil/reference/grok_build_captures/stills/talk_t3.0s.png,art,other pose still (action/expression/hand/eye),,0,,,,,n/a,,,
/workspace/shadowveil/reference/grok_build_captures/stills/tongue_t5.3s.png,art,part/layer (not full figure),,0,,,,,n/a,,,
/workspace/shadowveil/reference/grok_build_captures/stills/walk_t9.3s.png,art,other pose still (action/expression/hand/eye),,0,,,,,n/a,,,
/workspace/shadowveil/reference/grok_build_captures/stills/wave_t3.0s.png,art,other pose still (action/expression/hand/eye),,0,,,,,n/a,,,
/workspace/shadowveil/reference/grok_build_captures/stills/yawn_t0.5s.png,art,other pose still (action/expression/hand/eye),,0,,,,,n/a,,,
/workspace/shadowveil/reference/grok_build_captures/tabs/stills_Hair.png,art,part/layer (not full figure),,0,,,,,n/a,,,
/workspace/shadowveil/reference/grok_build_captures/tabs/stills_Move.png,art,other pose still (action/expression/hand/eye),,0,,,,,n/a,,,
/workspace/shadowveil/views/back/base.png,art,turnaround/rotation still,180 (back),0,,,,,n/a,,,
/tmp/gr/base_tpose.png,derived,other pose still (action/expression/hand/eye),0 (T-pose front),1,2,1,1,"[pair d=67 high] her-left(green)=1@243,208 her-right(amber)=1@147,210",false,high,derived tool/QA output (not a regen target),
/tmp/svt/views/tpose/base.png,derived,turnaround/rotation still,0 (T-pose front),1,2,1,1,"[pair d=67 high] her-left(green)=1@731,238 her-right(amber)=1@635,240",false,high,derived tool/QA output (not a regen target),
/workspace/hairwork/vis_tpose.png,derived,other pose still (action/expression/hand/eye),0 (T-pose front),1,0,0,,[single-green d=58 medium] her-left(green)=0@-,false,medium,derived tool/QA output (not a regen target),
/workspace/hairwork/z_apose.png,derived,other pose still (action/expression/hand/eye),0 (A-pose front),2,1;0,0;0,1;0,"[pair d=81 high] her-right(amber)=1@478,254 | [pair d=82 high MIRRORED] her-left(green)=0@- her-right(amber)=0@-",false,high,derived tool/QA output (not a regen target),
/workspace/hairwork/z_tpose.png,derived,other pose still (action/expression/hand/eye),0 (T-pose front),4,3;2;2;0,3;0,2;2,"[single-green d=269 medium] her-left(green)=3@605,272;618,313;387,356 | [single-amber d=172 medium] her-right(amber)=2@222,283;203,316 | [single-amber d=172 medium] her-right(amber)=2@222,283;203,316 | [single-green d=136 medium] her-left(green)=0@-",false,medium,derived tool/QA output (not a regen target),
/workspace/shadowveil/body_tools/work/pre_earfill_r2/tpose/head.png,derived,other pose still (action/expression/hand/eye),0 (T-pose front),1,2,1,1,"[pair d=67 high] her-left(green)=1@731,238 her-right(amber)=1@635,240",false,high,derived tool/QA output (not a regen target),
/workspace/shadowveil/body_tools/work/proto_tree/eyes/work/blink8_apose.png,derived,other pose still (action/expression/hand/eye),0 (A-pose front),2,0;0,0;0,0;0,[pair d=87 high MIRRORED] her-left(green)=0@- | [pair d=86 high MIRRORED] her-left(green)=0@- her-right(amber)=0@-,false,high,derived tool/QA output (not a regen target),
/workspace/shadowveil/body_tools/work/proto_tree/eyes/work/blink8_left.png,derived,other pose still (action/expression/hand/eye),left profile,7,0;0;0;0;0;0;0,0;0;0;0;0;0;0,0;0;0;0;0;0;0,[pair d=141 high] her-left(green)=0@- her-right(amber)=0@- | [pair d=140 high] her-left(green)=0@- her-right(amber)=0@- | [pair d=139 high] her-left(green)=0@- her-right(amber)=0@- | [pair d=86 high MIRRORED] her-left(green)=0@- her-right(amber)=0@- | [pair d=68 high MIRRORED] her-left(green)=0@- her-right(amber)=0@- | [pair d=71 high MIRRORED] her-left(green)=0@- her-right(amber)=0@- | [pair d=94 high MIRRORED] her-left(green)=0@- her-right(amber)=0@-,false,high,derived tool/QA output (not a regen target),
/workspace/shadowveil/body_tools/work/proto_tree/eyes/work/blink8_right.png,derived,other pose still (action/expression/hand/eye),right profile,4,2;3;3;4,,2;3;3;4,"[single-amber d=190 medium] her-right(amber)=2@35,238;167,258 | [single-amber d=190 medium] her-right(amber)=3@261,238;393,258;384,278 | [single-amber d=190 medium] her-right(amber)=3@487,238;619,258;616,275 | [single-amber d=190 medium] her-right(amber)=4@713,238;719,254;737,264;747,277",false,medium,derived tool/QA output (not a regen target),
/workspace/shadowveil/body_tools/work/proto_tree/eyes/work/blink8_tpose.png,derived,other pose still (action/expression/hand/eye),0 (T-pose front),4,6;0;10;8,6;0;10;8,,"[single-green d=298 medium] her-left(green)=6@548,233;593,240;615,262;400,284;579,316;619,317 | [single-green d=341 medium] her-left(green)=0@- | [single-green d=341 medium] her-left(green)=10@548,449;593,456;671,476;615,478;400,500;579,532;619,533;672,532;548,573;566,593 | [single-green d=329 medium] her-left(green)=8@1194,449;1239,456;1261,478;1046,500;1225,532;1265,533;1212,593;1076,599",false,medium,derived tool/QA output (not a regen target),
/workspace/shadowveil/body_tools/work/proto_tree/eyes/work/c_apose_a.png,derived,other pose still (action/expression/hand/eye),0 (A-pose front),1,0,0,0,[pair d=410 high] her-left(green)=0@- her-right(amber)=0@-,false,high,derived tool/QA output (not a regen target),
/workspace/shadowveil/body_tools/work/proto_tree/eyes/work/c_apose_b.png,derived,other pose still (action/expression/hand/eye),0 (A-pose front),1,0,0,0,[pair d=410 high] her-left(green)=0@- her-right(amber)=0@-,false,high,derived tool/QA output (not a regen target),
/workspace/shadowveil/body_tools/work/proto_tree/eyes/work/c_apose_c.png,derived,other pose still (action/expression/hand/eye),0 (A-pose front),1,0,0,0,[pair d=410 high] her-left(green)=0@- her-right(amber)=0@-,false,high,derived tool/QA output (not a regen target),
/workspace/shadowveil/body_tools/work/proto_tree/eyes/work/c_apose_d.png,derived,other pose still (action/expression/hand/eye),0 (A-pose front),1,0,0,0,[pair d=410 high] her-left(green)=0@- her-right(amber)=0@-,false,high,derived tool/QA output (not a regen target),
/workspace/shadowveil/body_tools/work/proto_tree/eyes/work/c_apose_h.png,derived,other pose still (action/expression/hand/eye),0 (A-pose front),2,2;0,1;0,1;0,"[pair d=341 high] her-left(green)=1@628,244 her-right(amber)=1@134,255 | [pair d=113 high MIRRORED] her-left(green)=0@- her-right(amber)=0@-",false,high,derived tool/QA output (not a regen target),
/workspace/shadowveil/body_tools/work/proto_tree/eyes/work/c_apose_i.png,derived,other pose still (action/expression/hand/eye),0 (A-pose front),2,2;0,1;0,1;0,"[pair d=341 high] her-left(green)=1@628,244 her-right(amber)=1@134,255 | [pair d=113 high MIRRORED] her-left(green)=0@- her-right(amber)=0@-",false,high,derived tool/QA output (not a regen target),
/workspace/shadowveil/body_tools/work/proto_tree/eyes/work/c_tpose_b.png,derived,other pose still (action/expression/hand/eye),0 (T-pose front),1,0,0,0,[pair d=398 high] her-left(green)=0@- her-right(amber)=0@-,false,high,derived tool/QA output (not a regen target),
/workspace/shadowveil/body_tools/work/proto_tree/eyes/work/c_tpose_c.png,derived,other pose still (action/expression/hand/eye),0 (T-pose front),1,0,0,0,[pair d=398 high] her-left(green)=0@- her-right(amber)=0@-,false,high,derived tool/QA output (not a regen target),
/workspace/shadowveil/body_tools/work/proto_tree/eyes/work/c_tpose_d.png,derived,other pose still (action/expression/hand/eye),0 (T-pose front),1,0,0,0,[pair d=398 high] her-left(green)=0@- her-right(amber)=0@-,false,high,derived tool/QA output (not a regen target),
/workspace/shadowveil/body_tools/work/proto_tree/eyes/work/c_tpose_h.png,derived,other pose still (action/expression/hand/eye),0 (T-pose front),1,0,0,0,[pair d=331 high] her-left(green)=0@- her-right(amber)=0@-,false,high,derived tool/QA output (not a regen target),
/workspace/shadowveil/body_tools/work/proto_tree/eyes/work/c_tpose_i.png,derived,other pose still (action/expression/hand/eye),0 (T-pose front),1,0,0,0,[pair d=331 high] her-left(green)=0@- her-right(amber)=0@-,false,high,derived tool/QA output (not a regen target),
/workspace/shadowveil/body_tools/work/proto_tree/eyes/work/q_apose1.png,derived,other pose still (action/expression/hand/eye),0 (A-pose front),7,0;0;0;1;1;0;0,0;0;0;0;0;0;0,0;0;0;1;1;0;0,"[pair d=167 high MIRRORED] her-left(green)=0@- her-right(amber)=0@- | [pair d=153 high MIRRORED] her-left(green)=0@- her-right(amber)=0@- | [pair d=147 high MIRRORED] her-left(green)=0@- her-right(amber)=0@- | [pair d=205 high] her-right(amber)=1@787,237 | [pair d=153 high MIRRORED] her-left(green)=0@- her-right(amber)=1@793,143 | [pair d=60 high MIRRORED] her-left(green)=0@- | [pair d=60 high MIRRORED] her-left(green)=0@- her-right(amber)=0@-",false,high,derived tool/QA output (not a regen target),
/workspace/shadowveil/body_tools/work/proto_tree/eyes/work/q_apose2.png,derived,other pose still (action/expression/hand/eye),0 (A-pose front),7,0;0;0;1;1;0;0,0;0;0;0;0;0;0,0;0;0;1;1;0;0,"[pair d=167 high MIRRORED] her-left(green)=0@- her-right(amber)=0@- | [pair d=153 high MIRRORED] her-left(green)=0@- her-right(amber)=0@- | [pair d=147 high MIRRORED] her-left(green)=0@- her-right(amber)=0@- | [pair d=205 high] her-right(amber)=1@787,237 | [pair d=153 high MIRRORED] her-left(green)=0@- her-right(amber)=1@793,143 | [pair d=60 high MIRRORED] her-left(green)=0@- | [pair d=60 high MIRRORED] her-left(green)=0@- her-right(amber)=0@-",false,high,derived tool/QA output (not a regen target),
/workspace/shadowveil/body_tools/work/proto_tree/eyes/work/q_apose3.png,derived,other pose still (action/expression/hand/eye),0 (A-pose front),7,0;0;0;1;1;0;0,0;0;0;0;0;0;0,0;0;0;1;1;0;0,"[pair d=167 high MIRRORED] her-left(green)=0@- her-right(amber)=0@- | [pair d=153 high MIRRORED] her-left(green)=0@- her-right(amber)=0@- | [pair d=147 high MIRRORED] her-left(green)=0@- her-right(amber)=0@- | [pair d=205 high] her-right(amber)=1@787,237 | [pair d=153 high MIRRORED] her-left(green)=0@- her-right(amber)=1@793,143 | [pair d=60 high MIRRORED] her-left(green)=0@- | [pair d=60 high MIRRORED] her-left(green)=0@- her-right(amber)=0@-",false,high,derived tool/QA output (not a regen target),
/workspace/shadowveil/body_tools/work/proto_tree/eyes/work/q_apose4.png,derived,other pose still (action/expression/hand/eye),0 (A-pose front),6,0;1;0;1;1;0,0;0;0;0;0;0,0;1;0;1;1;0,"[pair d=164 high MIRRORED] her-left(green)=0@- her-right(amber)=0@- | [pair d=153 high MIRRORED] her-left(green)=0@- her-right(amber)=1@476,150 | [pair d=150 high MIRRORED] her-left(green)=0@- her-right(amber)=0@- | [pair d=152 high MIRRORED] her-left(green)=0@- her-right(amber)=1@790,143 | [pair d=205 high] her-right(amber)=1@787,237 | [pair d=60 high MIRRORED] her-left(green)=0@-",false,high,derived tool/QA output (not a regen target),
/workspace/shadowveil/body_tools/work/proto_tree/eyes/work/q_apose5.png,derived,other pose still (action/expression/hand/eye),0 (A-pose front),6,0;1;0;1;1;0,0;0;0;0;0;0,0;1;0;1;1;0,"[pair d=164 high MIRRORED] her-left(green)=0@- her-right(amber)=0@- | [pair d=153 high MIRRORED] her-left(green)=0@- her-right(amber)=1@476,150 | [pair d=150 high MIRRORED] her-left(green)=0@- her-right(amber)=0@- | [pair d=152 high MIRRORED] her-left(green)=0@- her-right(amber)=1@790,143 | [pair d=205 high] her-right(amber)=1@787,237 | [pair d=60 high MIRRORED] her-left(green)=0@-",false,high,derived tool/QA output (not a regen target),
/workspace/shadowveil/body_tools/work/proto_tree/eyes/work/q_apose6.png,derived,other pose still (action/expression/hand/eye),0 (A-pose front),6,0;0;0;1;1;0,0;0;0;0;0;0,0;0;0;1;1;0,"[pair d=247 high MIRRORED] her-left(green)=0@- her-right(amber)=0@- | [pair d=229 high MIRRORED] her-left(green)=0@- her-right(amber)=0@- | [pair d=233 high MIRRORED] her-left(green)=0@- her-right(amber)=0@- | [pair d=273 high] her-right(amber)=1@1123,397 | [pair d=232 high MIRRORED] her-left(green)=0@- her-right(amber)=1@1127,243 | [pair d=91 high MIRRORED] her-left(green)=0@- her-right(amber)=0@-",false,high,derived tool/QA output (not a regen target),
/workspace/shadowveil/body_tools/work/proto_tree/eyes/work/q_apose8.png,derived,other pose still (action/expression/hand/eye),0 (A-pose front),6,0;0;0;1;0;0,0;0;0;0;0;0,0;0;0;1;0;0,"[pair d=247 high MIRRORED] her-left(green)=0@- her-right(amber)=0@- | [pair d=229 high MIRRORED] her-left(green)=0@- her-right(amber)=0@- | [pair d=233 high MIRRORED] her-left(green)=0@- her-right(amber)=0@- | [pair d=273 high] her-right(amber)=1@1123,469 | [pair d=232 high MIRRORED] her-left(green)=0@- her-right(amber)=0@- | [pair d=91 high MIRRORED] her-left(green)=0@- her-right(amber)=0@-",false,high,derived tool/QA output (not a regen target),
/workspace/shadowveil/body_tools/work/proto_tree/eyes/work/q_tpose2.png,derived,other pose still (action/expression/hand/eye),0 (T-pose front),5,0;0;1;2;2,0;0;0;1;0,0;0;1;1;2,"[pair d=170 high MIRRORED] her-left(green)=0@- her-right(amber)=0@- | [pair d=153 high MIRRORED] her-left(green)=0@- her-right(amber)=0@- | [pair d=159 high MIRRORED] her-left(green)=0@- her-right(amber)=1@479,150 | [pair d=159 high MIRRORED] her-left(green)=1@587,148 her-right(amber)=1@798,142 | [pair d=199 high] her-right(amber)=2@792,236;814,243",false,high,derived tool/QA output (not a regen target),
/workspace/shadowveil/body_tools/work/proto_tree/eyes/work/q_tpose3.png,derived,other pose still (action/expression/hand/eye),0 (T-pose front),5,0;0;1;2;2,0;0;0;1;0,0;0;1;1;2,"[pair d=170 high MIRRORED] her-left(green)=0@- her-right(amber)=0@- | [pair d=153 high MIRRORED] her-left(green)=0@- her-right(amber)=0@- | [pair d=159 high MIRRORED] her-left(green)=0@- her-right(amber)=1@479,150 | [pair d=159 high MIRRORED] her-left(green)=1@587,148 her-right(amber)=1@798,142 | [pair d=199 high] her-right(amber)=2@792,236;814,243",false,high,derived tool/QA output (not a regen target),
/workspace/shadowveil/body_tools/work/proto_tree/eyes/work/q_tpose7.png,derived,other pose still (action/expression/hand/eye),0 (T-pose front),5,0;0;0;0;2,0;0;0;0;0,0;0;0;0;2,"[pair d=251 high MIRRORED] her-left(green)=0@- her-right(amber)=0@- | [pair d=236 high MIRRORED] her-left(green)=0@- her-right(amber)=0@- | [pair d=265 high] her-left(green)=0@- her-right(amber)=0@- | [pair d=266 high] her-left(green)=0@- her-right(amber)=0@- | [pair d=266 high] her-left(green)=0@- her-right(amber)=2@1146,383;1130,396",false,high,derived tool/QA output (not a regen target),
/workspace/shadowveil/body_tools/work/proto_tree/eyes/work/src_tpose.png,derived,other pose still (action/expression/hand/eye),0 (T-pose front),1,2,1,1,"[pair d=67 high] her-left(green)=1@731,238 her-right(amber)=1@635,240",false,high,derived tool/QA output (not a regen target),
/workspace/shadowveil/body_tools/work/proto_tree/hair/backup_pre_quality/base_body/tpose.png,derived,turnaround/rotation still,0 (T-pose front),1,2,1,1,"[pair d=67 high] her-left(green)=1@731,238 her-right(amber)=1@635,240",false,high,derived tool/QA output (not a regen target),
/workspace/shadowveil/body_tools/work/proto_tree/hands/work/s_apose.png,derived,other pose still (action/expression/hand/eye),0 (A-pose front),1,0,0,0,[pair d=35 medium] her-left(green)=0@- her-right(amber)=0@-,false,medium,derived tool/QA output (not a regen target),
/workspace/shadowveil/body_tools/work/proto_tree/hands/work/s_tpose.png,derived,other pose still (action/expression/hand/eye),0 (T-pose front),1,0,0,0,[pair d=33 medium] her-left(green)=0@- her-right(amber)=0@-,false,medium,derived tool/QA output (not a regen target),
/workspace/shadowveil/body_tools/work/proto_tree/hands/work/tpose.png,derived,turnaround/rotation still,0 (T-pose front),1,2,1,1,"[pair d=67 high] her-left(green)=1@731,238 her-right(amber)=1@635,240",false,high,derived tool/QA output (not a regen target),
/workspace/shadowveil/body_tools/work/proto_tree/reference/batch1/test_sheet_1db5465b.jpg,derived,other pose still (action/expression/hand/eye),,5,2;2;2;2;2,1;1;1;1;1,1;1;1;1;1,"[pair d=82 high] her-left(green)=1@523,281 her-right(amber)=1@402,280 | [pair d=81 high] her-left(green)=1@236,282 her-right(amber)=1@114,281 | [pair d=82 high] her-left(green)=1@809,743 her-right(amber)=1@688,743 | [pair d=81 high] her-left(green)=1@1096,281 her-right(amber)=1@975,280 | [pair d=82 high] her-left(green)=1@232,743 her-right(amber)=1@110,742",false,high,derived tool/QA output (not a regen target),
/workspace/shadowveil/body_tools/work/proto_tree/reference/batch1/test_sheet_9f8eab39.jpg,derived,other pose still (action/expression/hand/eye),,3,1;1;2,1;1;1,0;0;1,"[pair d=79 high] her-left(green)=1@305,719 her-right(amber)=0@- | [pair d=78 high] her-left(green)=1@305,249 her-right(amber)=0@- | [pair d=81 high] her-left(green)=1@1154,719 her-right(amber)=1@1036,708",false,high,derived tool/QA output (not a regen target),
/workspace/shadowveil/body_tools/work/proto_tree/reference/batch1/tpose.png,derived,turnaround/rotation still,0 (T-pose front),1,2,1,1,"[pair d=67 high] her-left(green)=1@731,238 her-right(amber)=1@635,240",false,high,derived tool/QA output (not a regen target),
/workspace/shadowveil/body_tools/work/proto_tree/reference/batch2/test_sheet_aab0551c.jpg,derived,other pose still (action/expression/hand/eye),,4,1;1;0;1,1;1;0;1,,"[single-green d=48 medium] her-left(green)=1@1065,141 | [single-green d=43 low] her-left(green)=1@483,152 | [single-green d=46 medium] her-left(green)=0@- | [single-green d=43 low] her-left(green)=1@222,139",false,medium,derived tool/QA output (not a regen target),
/workspace/shadowveil/body_tools/work/proto_tree/reference/test_sheet_expressions.jpg,derived,other pose still (action/expression/hand/eye),,3,1;1;2,1;1;1,0;0;1,"[pair d=79 high] her-left(green)=1@305,719 her-right(amber)=0@- | [pair d=78 high] her-left(green)=1@305,249 her-right(amber)=0@- | [pair d=81 high] her-left(green)=1@1154,719 her-right(amber)=1@1036,708",false,high,derived tool/QA output (not a regen target),
/workspace/shadowveil/body_tools/work/proto_tree/reference/test_sheet_face_shapes.jpg,derived,other pose still (action/expression/hand/eye),,5,2;2;2;2;2,1;1;1;1;1,1;1;1;1;1,"[pair d=82 high] her-left(green)=1@523,281 her-right(amber)=1@402,280 | [pair d=81 high] her-left(green)=1@236,282 her-right(amber)=1@114,281 | [pair d=82 high] her-left(green)=1@809,743 her-right(amber)=1@688,743 | [pair d=81 high] her-left(green)=1@1096,281 her-right(amber)=1@975,280 | [pair d=82 high] her-left(green)=1@232,743 her-right(amber)=1@110,742",false,high,derived tool/QA output (not a regen target),
/workspace/shadowveil/body_tools/work/proto_tree/reference/test_sheet_gestures.jpg,derived,other pose still (action/expression/hand/eye),,4,1;1;0;1,1;1;0;1,,"[single-green d=48 medium] her-left(green)=1@1065,141 | [single-green d=43 low] her-left(green)=1@483,152 | [single-green d=46 medium] her-left(green)=0@- | [single-green d=43 low] her-left(green)=1@222,139",false,medium,derived tool/QA output (not a regen target),
/workspace/shadowveil/body_tools/work/proto_tree/reference/tpose.png,derived,turnaround/rotation still,0 (T-pose front),1,2,1,1,"[pair d=67 high] her-left(green)=1@731,238 her-right(amber)=1@635,240",false,high,derived tool/QA output (not a regen target),
/workspace/shadowveil/body_tools/work/proto_tree/views/tpose/base.png,derived,turnaround/rotation still,0 (T-pose front),1,2,1,1,"[pair d=67 high] her-left(green)=1@731,238 her-right(amber)=1@635,240",false,high,derived tool/QA output (not a regen target),
/workspace/shadowveil/eyes/work/blink8_apose.png,derived,other pose still (action/expression/hand/eye),0 (A-pose front),2,0;0,0;0,0;0,[pair d=87 high MIRRORED] her-left(green)=0@- | [pair d=86 high MIRRORED] her-left(green)=0@- her-right(amber)=0@-,false,high,derived tool/QA output (not a regen target),
/workspace/shadowveil/eyes/work/blink8_left.png,derived,other pose still (action/expression/hand/eye),left profile,7,0;0;0;0;0;0;0,0;0;0;0;0;0;0,0;0;0;0;0;0;0,[pair d=141 high] her-left(green)=0@- her-right(amber)=0@- | [pair d=140 high] her-left(green)=0@- her-right(amber)=0@- | [pair d=139 high] her-left(green)=0@- her-right(amber)=0@- | [pair d=86 high MIRRORED] her-left(green)=0@- her-right(amber)=0@- | [pair d=68 high MIRRORED] her-left(green)=0@- her-right(amber)=0@- | [pair d=71 high MIRRORED] her-left(green)=0@- her-right(amber)=0@- | [pair d=94 high MIRRORED] her-left(green)=0@- her-right(amber)=0@-,false,high,derived tool/QA output (not a regen target),
/workspace/shadowveil/eyes/work/blink8_right.png,derived,other pose still (action/expression/hand/eye),right profile,4,2;3;3;4,,2;3;3;4,"[single-amber d=190 medium] her-right(amber)=2@35,238;167,258 | [single-amber d=190 medium] her-right(amber)=3@261,238;393,258;384,278 | [single-amber d=190 medium] her-right(amber)=3@487,238;619,258;616,275 | [single-amber d=190 medium] her-right(amber)=4@713,238;719,254;737,264;747,277",false,medium,derived tool/QA output (not a regen target),
/workspace/shadowveil/eyes/work/blink8_tpose.png,derived,other pose still (action/expression/hand/eye),0 (T-pose front),4,6;0;10;8,6;0;10;8,,"[single-green d=298 medium] her-left(green)=6@548,233;593,240;615,262;400,284;579,316;619,317 | [single-green d=341 medium] her-left(green)=0@- | [single-green d=341 medium] her-left(green)=10@548,449;593,456;671,476;615,478;400,500;579,532;619,533;672,532;548,573;566,593 | [single-green d=329 medium] her-left(green)=8@1194,449;1239,456;1261,478;1046,500;1225,532;1265,533;1212,593;1076,599",false,medium,derived tool/QA output (not a regen target),
/workspace/shadowveil/eyes/work/c_apose_a.png,derived,other pose still (action/expression/hand/eye),0 (A-pose front),1,0,0,0,[pair d=410 high] her-left(green)=0@- her-right(amber)=0@-,false,high,derived tool/QA output (not a regen target),
/workspace/shadowveil/eyes/work/c_apose_b.png,derived,other pose still (action/expression/hand/eye),0 (A-pose front),1,0,0,0,[pair d=410 high] her-left(green)=0@- her-right(amber)=0@-,false,high,derived tool/QA output (not a regen target),
/workspace/shadowveil/eyes/work/c_apose_c.png,derived,other pose still (action/expression/hand/eye),0 (A-pose front),1,0,0,0,[pair d=410 high] her-left(green)=0@- her-right(amber)=0@-,false,high,derived tool/QA output (not a regen target),
/workspace/shadowveil/eyes/work/c_apose_d.png,derived,other pose still (action/expression/hand/eye),0 (A-pose front),1,0,0,0,[pair d=410 high] her-left(green)=0@- her-right(amber)=0@-,false,high,derived tool/QA output (not a regen target),
/workspace/shadowveil/eyes/work/c_apose_h.png,derived,other pose still (action/expression/hand/eye),0 (A-pose front),2,2;0,1;0,1;0,"[pair d=341 high] her-left(green)=1@628,244 her-right(amber)=1@134,255 | [pair d=113 high MIRRORED] her-left(green)=0@- her-right(amber)=0@-",false,high,derived tool/QA output (not a regen target),
/workspace/shadowveil/eyes/work/c_apose_i.png,derived,other pose still (action/expression/hand/eye),0 (A-pose front),2,2;0,1;0,1;0,"[pair d=341 high] her-left(green)=1@628,244 her-right(amber)=1@134,255 | [pair d=113 high MIRRORED] her-left(green)=0@- her-right(amber)=0@-",false,high,derived tool/QA output (not a regen target),
/workspace/shadowveil/eyes/work/c_tpose_b.png,derived,other pose still (action/expression/hand/eye),0 (T-pose front),1,0,0,0,[pair d=398 high] her-left(green)=0@- her-right(amber)=0@-,false,high,derived tool/QA output (not a regen target),
/workspace/shadowveil/eyes/work/c_tpose_c.png,derived,other pose still (action/expression/hand/eye),0 (T-pose front),1,0,0,0,[pair d=398 high] her-left(green)=0@- her-right(amber)=0@-,false,high,derived tool/QA output (not a regen target),
/workspace/shadowveil/eyes/work/c_tpose_d.png,derived,other pose still (action/expression/hand/eye),0 (T-pose front),1,0,0,0,[pair d=398 high] her-left(green)=0@- her-right(amber)=0@-,false,high,derived tool/QA output (not a regen target),
/workspace/shadowveil/eyes/work/c_tpose_h.png,derived,other pose still (action/expression/hand/eye),0 (T-pose front),1,0,0,0,[pair d=331 high] her-left(green)=0@- her-right(amber)=0@-,false,high,derived tool/QA output (not a regen target),
/workspace/shadowveil/eyes/work/c_tpose_i.png,derived,other pose still (action/expression/hand/eye),0 (T-pose front),1,0,0,0,[pair d=331 high] her-left(green)=0@- her-right(amber)=0@-,false,high,derived tool/QA output (not a regen target),
/workspace/shadowveil/eyes/work/q_apose1.png,derived,other pose still (action/expression/hand/eye),0 (A-pose front),7,0;0;0;1;1;0;0,0;0;0;0;0;0;0,0;0;0;1;1;0;0,"[pair d=167 high MIRRORED] her-left(green)=0@- her-right(amber)=0@- | [pair d=153 high MIRRORED] her-left(green)=0@- her-right(amber)=0@- | [pair d=147 high MIRRORED] her-left(green)=0@- her-right(amber)=0@- | [pair d=205 high] her-right(amber)=1@787,237 | [pair d=153 high MIRRORED] her-left(green)=0@- her-right(amber)=1@793,143 | [pair d=60 high MIRRORED] her-left(green)=0@- | [pair d=60 high MIRRORED] her-left(green)=0@- her-right(amber)=0@-",false,high,derived tool/QA output (not a regen target),
/workspace/shadowveil/eyes/work/q_apose2.png,derived,other pose still (action/expression/hand/eye),0 (A-pose front),7,0;0;0;1;1;0;0,0;0;0;0;0;0;0,0;0;0;1;1;0;0,"[pair d=167 high MIRRORED] her-left(green)=0@- her-right(amber)=0@- | [pair d=153 high MIRRORED] her-left(green)=0@- her-right(amber)=0@- | [pair d=147 high MIRRORED] her-left(green)=0@- her-right(amber)=0@- | [pair d=205 high] her-right(amber)=1@787,237 | [pair d=153 high MIRRORED] her-left(green)=0@- her-right(amber)=1@793,143 | [pair d=60 high MIRRORED] her-left(green)=0@- | [pair d=60 high MIRRORED] her-left(green)=0@- her-right(amber)=0@-",false,high,derived tool/QA output (not a regen target),
/workspace/shadowveil/eyes/work/q_apose3.png,derived,other pose still (action/expression/hand/eye),0 (A-pose front),7,0;0;0;1;1;0;0,0;0;0;0;0;0;0,0;0;0;1;1;0;0,"[pair d=167 high MIRRORED] her-left(green)=0@- her-right(amber)=0@- | [pair d=153 high MIRRORED] her-left(green)=0@- her-right(amber)=0@- | [pair d=147 high MIRRORED] her-left(green)=0@- her-right(amber)=0@- | [pair d=205 high] her-right(amber)=1@787,237 | [pair d=153 high MIRRORED] her-left(green)=0@- her-right(amber)=1@793,143 | [pair d=60 high MIRRORED] her-left(green)=0@- | [pair d=60 high MIRRORED] her-left(green)=0@- her-right(amber)=0@-",false,high,derived tool/QA output (not a regen target),
/workspace/shadowveil/eyes/work/q_apose4.png,derived,other pose still (action/expression/hand/eye),0 (A-pose front),6,0;1;0;1;1;0,0;0;0;0;0;0,0;1;0;1;1;0,"[pair d=164 high MIRRORED] her-left(green)=0@- her-right(amber)=0@- | [pair d=153 high MIRRORED] her-left(green)=0@- her-right(amber)=1@476,150 | [pair d=150 high MIRRORED] her-left(green)=0@- her-right(amber)=0@- | [pair d=152 high MIRRORED] her-left(green)=0@- her-right(amber)=1@790,143 | [pair d=205 high] her-right(amber)=1@787,237 | [pair d=60 high MIRRORED] her-left(green)=0@-",false,high,derived tool/QA output (not a regen target),
/workspace/shadowveil/eyes/work/q_apose5.png,derived,other pose still (action/expression/hand/eye),0 (A-pose front),6,0;1;0;1;1;0,0;0;0;0;0;0,0;1;0;1;1;0,"[pair d=164 high MIRRORED] her-left(green)=0@- her-right(amber)=0@- | [pair d=153 high MIRRORED] her-left(green)=0@- her-right(amber)=1@476,150 | [pair d=150 high MIRRORED] her-left(green)=0@- her-right(amber)=0@- | [pair d=152 high MIRRORED] her-left(green)=0@- her-right(amber)=1@790,143 | [pair d=205 high] her-right(amber)=1@787,237 | [pair d=60 high MIRRORED] her-left(green)=0@-",false,high,derived tool/QA output (not a regen target),
/workspace/shadowveil/eyes/work/q_apose6.png,derived,other pose still (action/expression/hand/eye),0 (A-pose front),6,0;0;0;1;1;0,0;0;0;0;0;0,0;0;0;1;1;0,"[pair d=247 high MIRRORED] her-left(green)=0@- her-right(amber)=0@- | [pair d=229 high MIRRORED] her-left(green)=0@- her-right(amber)=0@- | [pair d=233 high MIRRORED] her-left(green)=0@- her-right(amber)=0@- | [pair d=273 high] her-right(amber)=1@1123,397 | [pair d=232 high MIRRORED] her-left(green)=0@- her-right(amber)=1@1127,243 | [pair d=91 high MIRRORED] her-left(green)=0@- her-right(amber)=0@-",false,high,derived tool/QA output (not a regen target),
/workspace/shadowveil/eyes/work/q_apose8.png,derived,other pose still (action/expression/hand/eye),0 (A-pose front),6,0;0;0;1;0;0,0;0;0;0;0;0,0;0;0;1;0;0,"[pair d=247 high MIRRORED] her-left(green)=0@- her-right(amber)=0@- | [pair d=229 high MIRRORED] her-left(green)=0@- her-right(amber)=0@- | [pair d=233 high MIRRORED] her-left(green)=0@- her-right(amber)=0@- | [pair d=273 high] her-right(amber)=1@1123,469 | [pair d=232 high MIRRORED] her-left(green)=0@- her-right(amber)=0@- | [pair d=91 high MIRRORED] her-left(green)=0@- her-right(amber)=0@-",false,high,derived tool/QA output (not a regen target),
/workspace/shadowveil/eyes/work/q_tpose2.png,derived,other pose still (action/expression/hand/eye),0 (T-pose front),5,0;0;1;2;2,0;0;0;1;0,0;0;1;1;2,"[pair d=170 high MIRRORED] her-left(green)=0@- her-right(amber)=0@- | [pair d=153 high MIRRORED] her-left(green)=0@- her-right(amber)=0@- | [pair d=159 high MIRRORED] her-left(green)=0@- her-right(amber)=1@479,150 | [pair d=159 high MIRRORED] her-left(green)=1@587,148 her-right(amber)=1@798,142 | [pair d=199 high] her-right(amber)=2@792,236;814,243",false,high,derived tool/QA output (not a regen target),
/workspace/shadowveil/eyes/work/q_tpose3.png,derived,other pose still (action/expression/hand/eye),0 (T-pose front),5,0;0;1;2;2,0;0;0;1;0,0;0;1;1;2,"[pair d=170 high MIRRORED] her-left(green)=0@- her-right(amber)=0@- | [pair d=153 high MIRRORED] her-left(green)=0@- her-right(amber)=0@- | [pair d=159 high MIRRORED] her-left(green)=0@- her-right(amber)=1@479,150 | [pair d=159 high MIRRORED] her-left(green)=1@587,148 her-right(amber)=1@798,142 | [pair d=199 high] her-right(amber)=2@792,236;814,243",false,high,derived tool/QA output (not a regen target),
/workspace/shadowveil/eyes/work/q_tpose7.png,derived,other pose still (action/expression/hand/eye),0 (T-pose front),5,0;0;0;0;2,0;0;0;0;0,0;0;0;0;2,"[pair d=251 high MIRRORED] her-left(green)=0@- her-right(amber)=0@- | [pair d=236 high MIRRORED] her-left(green)=0@- her-right(amber)=0@- | [pair d=265 high] her-left(green)=0@- her-right(amber)=0@- | [pair d=266 high] her-left(green)=0@- her-right(amber)=0@- | [pair d=266 high] her-left(green)=0@- her-right(amber)=2@1146,383;1130,396",false,high,derived tool/QA output (not a regen target),
/workspace/shadowveil/eyes/work/reference_timing/blink_glare_kick.png,derived,other pose still (action/expression/hand/eye),,3,0;0;1,0;0;1,0;0;1,"[pair d=49 high MIRRORED] her-left(green)=0@- her-right(amber)=0@- | [pair d=49 high MIRRORED] her-left(green)=0@- her-right(amber)=0@- | [pair d=146 high] her-left(green)=1@1100,262",false,high,derived tool/QA output (not a regen target),
/workspace/shadowveil/eyes/work/reference_timing/blink_hip.png,derived,other pose still (action/expression/hand/eye),,11,2;2;1;2;2;2;2;2;1;1;0,1;1;1;1;1;1;1;1;1;1;0;0;0;0,1;1;1;1;1;1;1;1;1;1;1;0;0;1,"[pair d=148 high] her-left(green)=1@682,112 her-right(amber)=1@472,114 | [pair d=148 high] her-left(green)=1@296,112 her-right(amber)=1@85,114 | [pair d=148 high] her-left(green)=1@293,240 | [pair d=150 high] her-left(green)=1@297,396 her-right(amber)=1@84,394 | [pair d=150 high] her-left(green)=1@1468,515 her-right(amber)=1@1255,518 | [pair d=150 high] her-left(green)=1@685,396 her-right(amber)=1@472,394 | [pair d=149 high] her-left(green)=1@1074,396 her-right(amber)=1@861,394 | [pair d=150 high] her-left(green)=1@1079,516 her-right(amber)=1@866,519 | [pair d=150 high] her-left(green)=1@681,240 | [pair d=150 high] her-left(green)=0@- her-right(amber)=1@477,519 | [pair d=150 high] her-left(green)=0@- her-right(amber)=0@-",false,high,derived tool/QA output (not a regen target),
/workspace/shadowveil/eyes/work/reference_timing/blink_idle.png,derived,other pose still (action/expression/hand/eye),,3,0;0;0,0;0;0,0;0;0,[pair d=52 high] her-left(green)=0@- her-right(amber)=0@- | [pair d=52 high] her-left(green)=0@- her-right(amber)=0@- | [pair d=42 medium MIRRORED] her-left(green)=0@- her-right(amber)=0@-,false,high,derived tool/QA output (not a regen target),
/workspace/shadowveil/eyes/work/reference_timing/blink_side.png,derived,other pose still (action/expression/hand/eye),side profile,4,0;0;0;0,0;0;0;0,,[single-green d=84 medium] her-left(green)=0@- | [single-green d=84 medium] her-left(green)=0@- | [single-green d=66 medium] her-left(green)=0@- | [single-green d=101 medium] her-left(green)=0@-,false,medium,derived tool/QA output (not a regen target),
/workspace/shadowveil/eyes/work/reference_timing/tmp/idle_f0.png,derived,other pose still (action/expression/hand/eye),,1,2,,2,"[single-amber d=53 medium] her-right(amber)=2@348,152;378,167",false,medium,derived tool/QA output (not a regen target),
/workspace/shadowveil/eyes/work/reference_timing/tmp/s_idlelong.png,derived,other pose still (action/expression/hand/eye),,8,0;0;0;0;0;0;0;0,0;0;0;0;0;0;0;0,0;0;0;0;0;0;0;0,[pair d=41 medium MIRRORED] her-left(green)=0@- her-right(amber)=0@- | [pair d=35 medium MIRRORED] her-left(green)=0@- her-right(amber)=0@- | [pair d=24 low] her-left(green)=0@- her-right(amber)=0@- | [pair d=20 low] her-right(amber)=0@- | [pair d=25 low] her-left(green)=0@- her-right(amber)=0@- | [pair d=38 medium MIRRORED] her-left(green)=0@- her-right(amber)=0@- | [pair d=23 low] her-left(green)=0@- her-right(amber)=0@- | [pair d=22 low] her-right(amber)=0@-,false,medium,derived tool/QA output (not a regen target),
/workspace/shadowveil/eyes/work/src_tpose.png,derived,other pose still (action/expression/hand/eye),0 (T-pose front),1,2,1,1,"[pair d=67 high] her-left(green)=1@731,238 her-right(amber)=1@635,240",false,high,derived tool/QA output (not a regen target),
/workspace/shadowveil/hands/work/idle_bend/renders/art_dry/tpose/rest.png,derived,other pose still (action/expression/hand/eye),0 (T-pose front),1,2,1,1,"[pair d=67 high] her-left(green)=1@731,238 her-right(amber)=1@635,240",false,high,derived tool/QA output (not a regen target),
/workspace/shadowveil/hands/work/idle_bend/renders/art_dry_palm/tpose/rest.png,derived,other pose still (action/expression/hand/eye),0 (T-pose front),1,2,1,1,"[pair d=67 high] her-left(green)=1@731,238 her-right(amber)=1@635,240",false,high,derived tool/QA output (not a regen target),
/workspace/shadowveil/hands/work/idle_bend/renders/art_dry_ring/tpose/rest.png,derived,other pose still (action/expression/hand/eye),0 (T-pose front),1,2,1,1,"[pair d=67 high] her-left(green)=1@731,238 her-right(amber)=1@635,240",false,high,derived tool/QA output (not a regen target),
/workspace/shadowveil/hands/work/idle_bend/renders/data/tpose_A/pose_Fist.png,derived,other pose still (action/expression/hand/eye),,1,2,1,1,"[pair d=67 high] her-left(green)=1@731,238 her-right(amber)=1@635,240",false,high,derived tool/QA output (not a regen target),
/workspace/shadowveil/hands/work/idle_bend/renders/data/tpose_A/pose_Peace.png,derived,other pose still (action/expression/hand/eye),,1,2,1,1,"[pair d=67 high] her-left(green)=1@731,238 her-right(amber)=1@635,240",false,high,derived tool/QA output (not a regen target),
/workspace/shadowveil/hands/work/idle_bend/renders/data/tpose_A/pose_Point.png,derived,other pose still (action/expression/hand/eye),,1,2,1,1,"[pair d=67 high] her-left(green)=1@731,238 her-right(amber)=1@635,240",false,high,derived tool/QA output (not a regen target),
/workspace/shadowveil/hands/work/idle_bend/renders/data/tpose_A/rest.png,derived,other pose still (action/expression/hand/eye),,1,2,1,1,"[pair d=67 high] her-left(green)=1@731,238 her-right(amber)=1@635,240",false,high,derived tool/QA output (not a regen target),
/workspace/shadowveil/hands/work/idle_bend/renders/data/tpose_B/pose_Fist.png,derived,other pose still (action/expression/hand/eye),,1,2,1,1,"[pair d=67 high] her-left(green)=1@731,238 her-right(amber)=1@635,240",false,high,derived tool/QA output (not a regen target),
/workspace/shadowveil/hands/work/idle_bend/renders/data/tpose_B/pose_Peace.png,derived,other pose still (action/expression/hand/eye),,1,2,1,1,"[pair d=67 high] her-left(green)=1@731,238 her-right(amber)=1@635,240",false,high,derived tool/QA output (not a regen target),
/workspace/shadowveil/hands/work/idle_bend/renders/data/tpose_B/pose_Point.png,derived,other pose still (action/expression/hand/eye),,1,2,1,1,"[pair d=67 high] her-left(green)=1@731,238 her-right(amber)=1@635,240",false,high,derived tool/QA output (not a regen target),
/workspace/shadowveil/hands/work/idle_bend/renders/data/tpose_B/rest.png,derived,other pose still (action/expression/hand/eye),,1,2,1,1,"[pair d=67 high] her-left(green)=1@731,238 her-right(amber)=1@635,240",false,high,derived tool/QA output (not a regen target),
/workspace/shadowveil/hands/work/idle_bend/renders/data/tpose_C/pose_Fist.png,derived,other pose still (action/expression/hand/eye),,1,2,1,1,"[pair d=67 high] her-left(green)=1@731,238 her-right(amber)=1@635,240",false,high,derived tool/QA output (not a regen target),
/workspace/shadowveil/hands/work/idle_bend/renders/data/tpose_C/pose_Peace.png,derived,other pose still (action/expression/hand/eye),,1,2,1,1,"[pair d=67 high] her-left(green)=1@731,238 her-right(amber)=1@635,240",false,high,derived tool/QA output (not a regen target),
/workspace/shadowveil/hands/work/idle_bend/renders/data/tpose_C/pose_Point.png,derived,other pose still (action/expression/hand/eye),,1,2,1,1,"[pair d=67 high] her-left(green)=1@731,238 her-right(amber)=1@635,240",false,high,derived tool/QA output (not a regen target),
/workspace/shadowveil/hands/work/idle_bend/renders/data/tpose_C/rest.png,derived,other pose still (action/expression/hand/eye),,1,2,1,1,"[pair d=67 high] her-left(green)=1@731,238 her-right(amber)=1@635,240",false,high,derived tool/QA output (not a regen target),
/workspace/shadowveil/hands/work/idle_bend/renders/data/tpose_E/pose_Fist.png,derived,other pose still (action/expression/hand/eye),,1,2,1,1,"[pair d=67 high] her-left(green)=1@731,238 her-right(amber)=1@635,240",false,high,derived tool/QA output (not a regen target),
/workspace/shadowveil/hands/work/idle_bend/renders/data/tpose_E/pose_Peace.png,derived,other pose still (action/expression/hand/eye),,1,2,1,1,"[pair d=67 high] her-left(green)=1@731,238 her-right(amber)=1@635,240",false,high,derived tool/QA output (not a regen target),
/workspace/shadowveil/hands/work/idle_bend/renders/data/tpose_E/pose_Point.png,derived,other pose still (action/expression/hand/eye),,1,2,1,1,"[pair d=67 high] her-left(green)=1@731,238 her-right(amber)=1@635,240",false,high,derived tool/QA output (not a regen target),
/workspace/shadowveil/hands/work/idle_bend/renders/data/tpose_E/rest.png,derived,other pose still (action/expression/hand/eye),,1,2,1,1,"[pair d=67 high] her-left(green)=1@731,238 her-right(amber)=1@635,240",false,high,derived tool/QA output (not a regen target),
/workspace/shadowveil/hands/work/idle_bend/renders/data/tpose_F/pose_Fist.png,derived,other pose still (action/expression/hand/eye),,1,2,1,1,"[pair d=67 high] her-left(green)=1@731,238 her-right(amber)=1@635,240",false,high,derived tool/QA output (not a regen target),
/workspace/shadowveil/hands/work/idle_bend/renders/data/tpose_F/pose_Peace.png,derived,other pose still (action/expression/hand/eye),,1,2,1,1,"[pair d=67 high] her-left(green)=1@731,238 her-right(amber)=1@635,240",false,high,derived tool/QA output (not a regen target),
/workspace/shadowveil/hands/work/idle_bend/renders/data/tpose_F/pose_Point.png,derived,other pose still (action/expression/hand/eye),,1,2,1,1,"[pair d=67 high] her-left(green)=1@731,238 her-right(amber)=1@635,240",false,high,derived tool/QA output (not a regen target),
/workspace/shadowveil/hands/work/idle_bend/renders/data/tpose_F/rest.png,derived,other pose still (action/expression/hand/eye),,1,2,1,1,"[pair d=67 high] her-left(green)=1@731,238 her-right(amber)=1@635,240",false,high,derived tool/QA output (not a regen target),
/workspace/shadowveil/hands/work/idle_bend/renders/fist_frames5/tpose/fist.png,derived,other pose still (action/expression/hand/eye),0 (T-pose front),1,2,1,1,"[pair d=67 high] her-left(green)=1@731,238 her-right(amber)=1@635,240",false,high,derived tool/QA output (not a regen target),
/workspace/shadowveil/hands/work/idle_bend/renders/fist_frames5/tpose/rest.png,derived,other pose still (action/expression/hand/eye),0 (T-pose front),1,2,1,1,"[pair d=67 high] her-left(green)=1@731,238 her-right(amber)=1@635,240",false,high,derived tool/QA output (not a regen target),
/workspace/shadowveil/hands/work/idle_bend/renders/fist_live/tpose/fist.png,derived,other pose still (action/expression/hand/eye),0 (T-pose front),1,2,1,1,"[pair d=67 high] her-left(green)=1@731,238 her-right(amber)=1@635,240",false,high,derived tool/QA output (not a regen target),
/workspace/shadowveil/hands/work/idle_bend/renders/fist_live/tpose/rest.png,derived,other pose still (action/expression/hand/eye),0 (T-pose front),1,2,1,1,"[pair d=67 high] her-left(green)=1@731,238 her-right(amber)=1@635,240",false,high,derived tool/QA output (not a regen target),
/workspace/shadowveil/hands/work/idle_bend/renders/fix_keys/tpose/rest.png,derived,other pose still (action/expression/hand/eye),0 (T-pose front),1,2,1,1,"[pair d=67 high] her-left(green)=1@731,238 her-right(amber)=1@635,240",false,high,derived tool/QA output (not a regen target),
/workspace/shadowveil/hands/work/idle_bend/renders/fix_keys_frames5/tpose/rest.png,derived,other pose still (action/expression/hand/eye),0 (T-pose front),1,2,1,1,"[pair d=67 high] her-left(green)=1@731,238 her-right(amber)=1@635,240",false,high,derived tool/QA output (not a regen target),
/workspace/shadowveil/hands/work/idle_bend/renders/live/apose/idle_weight_shift_f182.png,derived,other pose still (action/expression/hand/eye),0 (A-pose front),1,2,1,1,"[pair d=69 high] her-left(green)=1@701,242 her-right(amber)=1@602,251",false,high,derived tool/QA output (not a regen target),
/workspace/shadowveil/hands/work/idle_bend/renders/live/tpose/hold_only.png,derived,other pose still (action/expression/hand/eye),0 (T-pose front),1,2,1,1,"[pair d=67 high] her-left(green)=1@731,238 her-right(amber)=1@635,240",false,high,derived tool/QA output (not a regen target),
/workspace/shadowveil/hands/work/idle_bend/renders/live/tpose/idle_breathe_f120_lift.png,derived,other pose still (action/expression/hand/eye),0 (T-pose front),1,2,1,1,"[pair d=67 high] her-left(green)=1@731,238 her-right(amber)=1@635,240",false,high,derived tool/QA output (not a regen target),
/workspace/shadowveil/hands/work/idle_bend/renders/live/tpose/idle_weight_shift_f182.png,derived,other pose still (action/expression/hand/eye),0 (T-pose front),1,2,1,1,"[pair d=66 high] her-left(green)=1@701,235 her-right(amber)=1@606,244",false,high,derived tool/QA output (not a regen target),
/workspace/shadowveil/hands/work/idle_bend/renders/live/tpose/rest.png,derived,other pose still (action/expression/hand/eye),0 (T-pose front),1,2,1,1,"[pair d=67 high] her-left(green)=1@731,238 her-right(amber)=1@635,240",false,high,derived tool/QA output (not a regen target),
/workspace/shadowveil/hands/work/s_apose.png,derived,other pose still (action/expression/hand/eye),0 (A-pose front),1,0,0,0,[pair d=35 medium] her-left(green)=0@- her-right(amber)=0@-,false,medium,derived tool/QA output (not a regen target),
/workspace/shadowveil/hands/work/s_tpose.png,derived,other pose still (action/expression/hand/eye),0 (T-pose front),1,0,0,0,[pair d=33 medium] her-left(green)=0@- her-right(amber)=0@-,false,medium,derived tool/QA output (not a regen target),
/workspace/shadowveil/hands/work/tpose.png,derived,turnaround/rotation still,0 (T-pose front),1,2,1,1,"[pair d=67 high] her-left(green)=1@731,238 her-right(amber)=1@635,240",false,high,derived tool/QA output (not a regen target),
/workspace/shadowveil/mouth/work/reference_timing/tmp/talk1.png,derived,other pose still (action/expression/hand/eye),,1,3,,3,"[single-amber d=50 medium] her-right(amber)=3@348,148;378,160;386,160",false,medium,derived tool/QA output (not a regen target),
/workspace/shadowveil/reference/grok_build/artifacts/apose-head.png,derived,reference (own find),,1,0,0,0,[pair d=34 medium] her-left(green)=0@- her-right(amber)=0@-,false,medium,derived tool/QA output (not a regen target),
/workspace/shadowveil/reference/grok_build/artifacts/crops/sit1_torso.jpg,derived,QA crop / contact sheet,,1,1,1,,"[single-green d=70 medium] her-left(green)=1@253,28",false,medium,derived tool/QA output (not a regen target),
/workspace/shadowveil/reference/grok_build/artifacts/drift-audit/faces.jpg,derived,QA crop / contact sheet,,4,0;0;0;0,0;0;0;0,,[single-green d=52 medium] her-left(green)=0@- | [single-green d=46 medium] her-left(green)=0@- | [single-green d=34 low] her-left(green)=0@- | [single-green d=37 low] her-left(green)=0@-,false,medium,derived tool/QA output (not a regen target),
/workspace/shadowveil/reference/grok_build/artifacts/eyes/face-0.jpg,derived,other pose still (action/expression/hand/eye),,2,3;4,,3;4,"[single-amber d=86 medium] her-right(amber)=3@184,276;239,301;252,301 | [single-amber d=94 medium] her-right(amber)=4@308,274;312,287;239,301;252,301",false,medium,derived tool/QA output (not a regen target),
/workspace/shadowveil/reference/grok_build/artifacts/eyes/face-5.jpg,derived,other pose still (action/expression/hand/eye),,1,1,1,0,"[pair d=85 high] her-left(green)=1@292,259 her-right(amber)=0@-",false,high,derived tool/QA output (not a regen target),
/workspace/shadowveil/reference/grok_build/artifacts/eyes/face0-fixed.jpg,derived,other pose still (action/expression/hand/eye),,1,2,1,1,"[pair d=86 high] her-left(green)=1@162,87 her-right(amber)=1@34,76",false,high,derived tool/QA output (not a regen target),
/workspace/shadowveil/reference/grok_build/artifacts/eyes/half-blink.jpg,derived,other pose still (action/expression/hand/eye),,1,0,0,0,[pair d=260 high] her-left(green)=0@- her-right(amber)=0@-,false,high,derived tool/QA output (not a regen target),
/workspace/shadowveil/reference/grok_build/artifacts/eyes/tpose-head.jpg,derived,other pose still (action/expression/hand/eye),0 (T-pose front),1,2,1,1,"[pair d=67 high] her-left(green)=1@329,218 her-right(amber)=1@233,220",false,high,derived tool/QA output (not a regen target),
/workspace/shadowveil/reference/grok_build/artifacts/lookqa/f06.jpg,derived,video/render frame sequence,,2,2;2,,2;2,"[single-amber d=48 medium] her-right(amber)=2@360,172;370,172 | [single-amber d=50 medium] her-right(amber)=2@406,166;370,172",false,medium,derived tool/QA output (not a regen target),
/workspace/shadowveil/reference/grok_build/artifacts/lookqa2/f05.jpg,derived,video/render frame sequence,,1,3,3,,"[single-green d=50 medium] her-left(green)=3@370,150;372,158;335,168",false,medium,derived tool/QA output (not a regen target),
/workspace/shadowveil/reference/grok_build/artifacts/lookqa2/f07.jpg,derived,video/render frame sequence,,1,3,,3,"[single-amber d=46 medium] her-right(amber)=3@358,152;354,158;392,167",false,medium,derived tool/QA output (not a regen target),
/workspace/shadowveil/reference/grok_build/artifacts/qa3/point-a.jpg,derived,QA crop / contact sheet,,2,0;1,1,0,"[single-amber d=55 medium] her-right(amber)=0@- | [single-green d=24 low] her-left(green)=1@375,166",false,medium,derived tool/QA output (not a regen target),
/workspace/shadowveil/reference/grok_build/artifacts/qa3/startle-b.jpg,derived,QA crop / contact sheet,,2,4;0,4,0,"[single-green d=75 medium] her-left(green)=4@402,397;406,406;345,411;358,411 | [single-amber d=34 low] her-right(amber)=0@-",false,medium,derived tool/QA output (not a regen target),
/workspace/shadowveil/reference/grok_build/artifacts/qa4/smirk-a.jpg,derived,QA crop / contact sheet,,2,1;1,1,1,"[single-green d=53 medium] her-left(green)=1@398,155 | [single-amber d=29 low] her-right(amber)=1@326,178",false,medium,derived tool/QA output (not a regen target),
/workspace/shadowveil/reference/grok_build/artifacts/qa4/smirk-b.jpg,derived,QA crop / contact sheet,,2,1;1,1,1,"[single-green d=60 medium] her-left(green)=1@406,173 | [single-amber d=46 medium] her-right(amber)=1@331,170",false,medium,derived tool/QA output (not a regen target),
/workspace/shadowveil/reference/grok_build/artifacts/qa4/squat-b.jpg,derived,QA crop / contact sheet,,3,3;1;0,3,1;0,"[single-green d=62 medium] her-left(green)=3@391,223;394,235;336,242 | [single-amber d=40 low] her-right(amber)=1@270,223 | [single-amber d=35 low] her-right(amber)=0@-",false,medium,derived tool/QA output (not a regen target),
/workspace/shadowveil/reference/grok_build/artifacts/qa4/stop-b.jpg,derived,QA crop / contact sheet,,2,0;1,0,1,"[single-green d=58 medium] her-left(green)=0@- | [single-amber d=43 low] her-right(amber)=1@343,152",false,medium,derived tool/QA output (not a regen target),
/workspace/shadowveil/reference/grok_build/artifacts/qa5/gasp-a.jpg,derived,QA crop / contact sheet,,2,1;0,1,0,"[single-green d=55 medium] her-left(green)=1@380,200 | [single-amber d=38 low] her-right(amber)=0@-",false,medium,derived tool/QA output (not a regen target),
/workspace/shadowveil/reference/grok_build/artifacts/qa6/chest-b.jpg,derived,QA crop / contact sheet,,2,0;1,0,1,"[single-green d=55 medium] her-left(green)=0@- | [single-amber d=34 low] her-right(amber)=1@344,150",false,medium,derived tool/QA output (not a regen target),
/workspace/shadowveil/reference/grok_build/artifacts/qa6/gasp-02.jpg,derived,QA crop / contact sheet,,2,1;0,1;0,,"[single-green d=53 medium] her-left(green)=1@383,193 | [single-green d=36 low] her-left(green)=0@-",false,medium,derived tool/QA output (not a regen target),
/workspace/shadowveil/reference/grok_build/artifacts/qa6/gasp-03.jpg,derived,QA crop / contact sheet,,2,1;0,1;0,,"[single-green d=48 medium] her-left(green)=1@355,289 | [single-green d=35 low] her-left(green)=0@-",false,medium,derived tool/QA output (not a regen target),
/workspace/shadowveil/reference/grok_build/artifacts/qa6/hair-b.jpg,derived,QA crop / contact sheet,,2,0;1,0,1,"[single-green d=55 medium] her-left(green)=0@- | [single-amber d=24 low] her-right(amber)=1@338,154",false,medium,derived tool/QA output (not a regen target),
/workspace/shadowveil/reference/grok_build/artifacts/qa6/ready-b.jpg,derived,QA crop / contact sheet,,1,1,1,,"[single-green d=58 medium] her-left(green)=1@376,172",false,medium,derived tool/QA output (not a regen target),
/workspace/shadowveil/reference/grok_build/artifacts/qa7/a-01.jpg,derived,video/render frame sequence,,1,1,1,,"[single-green d=62 medium] her-left(green)=1@379,191",false,medium,derived tool/QA output (not a regen target),
/workspace/shadowveil/reference/grok_build/artifacts/qa7/a-04.jpg,derived,video/render frame sequence,,1,1,1,,"[single-green d=48 medium] her-left(green)=1@386,189",false,medium,derived tool/QA output (not a regen target),
/workspace/shadowveil/reference/grok_build/artifacts/qa7/b-04.jpg,derived,video/render frame sequence,,2,1;0,1,0,"[single-green d=53 medium] her-left(green)=1@386,189 | [single-amber d=34 low] her-right(amber)=0@-",false,medium,derived tool/QA output (not a regen target),
/workspace/shadowveil/reference/grok_build/artifacts/qa8/glare-b.jpg,derived,QA crop / contact sheet,,1,0,0,,[single-green d=58 medium] her-left(green)=0@-,false,medium,derived tool/QA output (not a regen target),
/workspace/shadowveil/reference/grok_build/artifacts/qa8/hem-a.jpg,derived,QA crop / contact sheet,,1,1,1,,"[single-green d=58 medium] her-left(green)=1@414,161",false,medium,derived tool/QA output (not a regen target),
/workspace/shadowveil/reference/grok_build/artifacts/qa8/hip-a.jpg,derived,QA crop / contact sheet,,1,1,0,1,"[pair d=48 high] her-left(green)=0@- her-right(amber)=1@319,171",false,high,derived tool/QA output (not a regen target),
/workspace/shadowveil/reference/grok_build/artifacts/qa8/hip-b.jpg,derived,QA crop / contact sheet,,1,1,1,0,"[pair d=49 high] her-left(green)=1@395,174 her-right(amber)=0@-",false,high,derived tool/QA output (not a regen target),
/workspace/shadowveil/reference/grok_build/artifacts/qa8/shrug-a.jpg,derived,QA crop / contact sheet,,1,1,1,0,"[pair d=49 high] her-left(green)=1@409,151 her-right(amber)=0@-",false,high,derived tool/QA output (not a regen target),
/workspace/shadowveil/reference/grok_build/artifacts/qa8/shrug-b.jpg,derived,QA crop / contact sheet,,1,0,0,0,[pair d=49 high] her-left(green)=0@- her-right(amber)=0@-,false,high,derived tool/QA output (not a regen target),
/workspace/shadowveil/reference/grok_build/artifacts/qa8/tongue-a.jpg,derived,QA crop / contact sheet,,1,1,1,,"[single-green d=62 medium] her-left(green)=1@416,159",false,medium,derived tool/QA output (not a regen target),
/workspace/shadowveil/reference/grok_build/artifacts/stretch_preview.jpg,derived,QA crop / contact sheet,,1,1,0,1,"[pair d=36 medium] her-left(green)=0@- her-right(amber)=1@812,109",false,medium,derived tool/QA output (not a regen target),
/workspace/shadowveil/reference/grok_build/artifacts/tpose-head.png,derived,other pose still (action/expression/hand/eye),0 (T-pose front),1,0,0,0,[pair d=29 medium] her-left(green)=0@- her-right(amber)=0@-,false,medium,derived tool/QA output (not a regen target),
/workspace/shadowveil/reference/grok_build/artifacts/tune-face-t.jpg,derived,QA crop / contact sheet,,1,2,1,1,"[pair d=75 high] her-left(green)=1@265,269 her-right(amber)=1@153,255",false,high,derived tool/QA output (not a regen target),
/workspace/shadowveil/reference/grok_build/artifacts/tune-face.jpg,derived,QA crop / contact sheet,,2,0;0,,0;0,[single-amber d=62 medium] her-right(amber)=0@- | [single-amber d=53 medium] her-right(amber)=0@-,false,medium,derived tool/QA output (not a regen target),
/workspace/shadowveil/reference/grok_build/artifacts/turn/qa/laugh-5.0.jpg,derived,QA crop / contact sheet,,3,2;2;2,2;2,2,"[single-amber d=53 medium] her-right(amber)=2@347,143;378,157 | [single-green d=34 low] her-left(green)=2@418,143;420,150 | [single-green d=31 low] her-left(green)=2@418,143;420,150",false,medium,derived tool/QA output (not a regen target),
/workspace/shadowveil/reference/grok_build/artifacts/turn/qa/speak-0.4.jpg,derived,QA crop / contact sheet,,1,1,1,,"[single-green d=46 medium] her-left(green)=1@418,143",false,medium,derived tool/QA output (not a regen target),
/workspace/shadowveil/reference/grok_build/artifacts/turn/qa/speak-3.2.jpg,derived,QA crop / contact sheet,,2,2;2,2,2,"[single-amber d=48 medium] her-right(amber)=2@347,143;378,156 | [single-green d=41 low] her-left(green)=2@418,143;387,156",false,medium,derived tool/QA output (not a regen target),
/workspace/shadowveil/reference/grok_build/artifacts/vqa/jump-01.jpg,derived,video/render frame sequence,,2,3;2,3,2,"[single-green d=79 medium] her-left(green)=3@437,247;439,258;378,271 | [single-amber d=62 medium] her-right(amber)=2@332,248;378,271",false,medium,derived tool/QA output (not a regen target),
/workspace/shadowveil/reference/grok_build/artifacts/vqa/nod-01.jpg,derived,video/render frame sequence,,2,1;1,1,1,"[single-green d=60 medium] her-left(green)=1@418,154 | [single-amber d=43 low] her-right(amber)=1@345,155",false,medium,derived tool/QA output (not a regen target),
/workspace/shadowveil/reference/grok_build/artifacts/vqa/sway-01.jpg,derived,video/render frame sequence,,1,1,1,,"[single-green d=53 medium] her-left(green)=1@416,160",false,medium,derived tool/QA output (not a regen target),
/workspace/shadowveil/reference/grok_build/artifacts/vqa/sway-03.jpg,derived,video/render frame sequence,,2,3;2,3,2,"[single-green d=58 medium] her-left(green)=3@414,160;375,177;382,176 | [single-amber d=48 medium] her-right(amber)=2@344,162;375,177",false,medium,derived tool/QA output (not a regen target),
/workspace/shadowveil/reference/grok_build/artifacts/vqa/talk-03.jpg,derived,video/render frame sequence,,1,2,,2,"[single-amber d=48 medium] her-right(amber)=2@348,148;378,160",false,medium,derived tool/QA output (not a regen target),
/tmp/sv/cs_apose.png,derived,other pose still (action/expression/hand/eye),0 (A-pose front),3,0;0;0,0;0;0,0;0;0,[pair d=27 low] her-left(green)=0@- her-right(amber)=0@- | [pair d=27 low] her-left(green)=0@- her-right(amber)=0@- | [pair d=27 low] her-left(green)=0@- her-right(amber)=0@-,uncertain,low,derived tool/QA output (not a regen target),
/tmp/svt/views/left/base.png,derived,turnaround/rotation still,left profile,1,0,0,,[single-green d=35 low] her-left(green)=0@-,uncertain,low,derived tool/QA output (not a regen target),
/tmp/svt/views/right/base.png,derived,turnaround/rotation still,right profile,1,0,,0,[single-amber d=24 low] her-right(amber)=0@-,uncertain,low,derived tool/QA output (not a regen target),
/workspace/shadowveil/body_tools/work/apose_turn/head/sheet.png,derived,turnaround/rotation still,,2,0;0,0,0,[single-green d=35 low] her-left(green)=0@- | [single-amber d=24 low] her-right(amber)=0@-,uncertain,low,derived tool/QA output (not a regen target),
/workspace/shadowveil/body_tools/work/proto_tree/hair/backup_pre_quality/base_body/left.png,derived,turnaround/rotation still,left profile,1,0,0,,[single-green d=35 low] her-left(green)=0@-,uncertain,low,derived tool/QA output (not a regen target),
/workspace/shadowveil/body_tools/work/proto_tree/hair/backup_pre_quality/base_body/right.png,derived,turnaround/rotation still,right profile,1,0,,0,[single-amber d=24 low] her-right(amber)=0@-,uncertain,low,derived tool/QA output (not a regen target),
/workspace/shadowveil/body_tools/work/proto_tree/mouth/work/apose_small.png,derived,other pose still (action/expression/hand/eye),0 (A-pose front),1,0,0,,[single-green d=29 low] her-left(green)=0@-,uncertain,low,derived tool/QA output (not a regen target),
/workspace/shadowveil/body_tools/work/proto_tree/mouth/work/tpose_small.png,derived,other pose still (action/expression/hand/eye),0 (T-pose front),1,0,0,0,[pair d=22 low] her-left(green)=0@- her-right(amber)=0@-,uncertain,low,derived tool/QA output (not a regen target),
/workspace/shadowveil/body_tools/work/proto_tree/reference/approved_turnaround.jpg,derived,turnaround/rotation still,,2,0;1,0;1,,"[single-green d=43 low] her-left(green)=0@- | [single-green d=43 low] her-left(green)=1@710,136",uncertain,low,derived tool/QA output (not a regen target),
/workspace/shadowveil/body_tools/work/proto_tree/reference/batch1/base_turnaround_e843956d.jpg,derived,turnaround/rotation still,,2,0;1,0;1,,"[single-green d=43 low] her-left(green)=0@- | [single-green d=43 low] her-left(green)=1@710,136",uncertain,low,derived tool/QA output (not a regen target),
/workspace/shadowveil/body_tools/work/proto_tree/reference/batch1/left.png,derived,turnaround/rotation still,left profile,1,0,0,,[single-green d=35 low] her-left(green)=0@-,uncertain,low,derived tool/QA output (not a regen target),
/workspace/shadowveil/body_tools/work/proto_tree/reference/batch1/right.png,derived,turnaround/rotation still,right profile,1,0,,0,[single-amber d=24 low] her-right(amber)=0@-,uncertain,low,derived tool/QA output (not a regen target),
/workspace/shadowveil/body_tools/work/proto_tree/reference/batch2/test_sheet_19472abf.jpg,derived,other pose still (action/expression/hand/eye),,4,0;0;0;0,0;0;0;0,,[single-green d=41 low] her-left(green)=0@- | [single-green d=41 low] her-left(green)=0@- | [single-green d=41 low] her-left(green)=0@- | [single-green d=22 low] her-left(green)=0@-,uncertain,low,derived tool/QA output (not a regen target),
/workspace/shadowveil/body_tools/work/proto_tree/reference/left.png,derived,turnaround/rotation still,left profile,1,0,0,,[single-green d=35 low] her-left(green)=0@-,uncertain,low,derived tool/QA output (not a regen target),
/workspace/shadowveil/body_tools/work/proto_tree/reference/right.png,derived,turnaround/rotation still,right profile,1,0,,0,[single-amber d=24 low] her-right(amber)=0@-,uncertain,low,derived tool/QA output (not a regen target),
/workspace/shadowveil/body_tools/work/proto_tree/reference/test_sheet_poses.jpg,derived,other pose still (action/expression/hand/eye),,4,0;0;0;0,0;0;0;0,,[single-green d=41 low] her-left(green)=0@- | [single-green d=41 low] her-left(green)=0@- | [single-green d=41 low] her-left(green)=0@- | [single-green d=22 low] her-left(green)=0@-,uncertain,low,derived tool/QA output (not a regen target),
/workspace/shadowveil/body_tools/work/proto_tree/views/left/base.png,derived,turnaround/rotation still,left profile,1,0,0,,[single-green d=35 low] her-left(green)=0@-,uncertain,low,derived tool/QA output (not a regen target),
/workspace/shadowveil/body_tools/work/proto_tree/views/right/base.png,derived,turnaround/rotation still,right profile,1,0,,0,[single-amber d=24 low] her-right(amber)=0@-,uncertain,low,derived tool/QA output (not a regen target),
/workspace/shadowveil/hands/work/idle_bend/renders/live/right/hold_only.png,derived,other pose still (action/expression/hand/eye),right profile,1,0,,0,[single-amber d=24 low] her-right(amber)=0@-,uncertain,low,derived tool/QA output (not a regen target),
/workspace/shadowveil/hands/work/idle_bend/renders/live/right/idle_arm_settle_f169.png,derived,other pose still (action/expression/hand/eye),right profile,1,0,,0,[single-amber d=24 low] her-right(amber)=0@-,uncertain,low,derived tool/QA output (not a regen target),
/workspace/shadowveil/hands/work/idle_bend/renders/live/right/rest.png,derived,other pose still (action/expression/hand/eye),right profile,1,0,,0,[single-amber d=24 low] her-right(amber)=0@-,uncertain,low,derived tool/QA output (not a regen target),
/workspace/shadowveil/hands/work/idle_bend/renders/live/right169/f169.png,derived,other pose still (action/expression/hand/eye),,1,0,,0,[single-amber d=24 low] her-right(amber)=0@-,uncertain,low,derived tool/QA output (not a regen target),
/workspace/shadowveil/mouth/work/apose_small.png,derived,other pose still (action/expression/hand/eye),0 (A-pose front),1,0,0,,[single-green d=29 low] her-left(green)=0@-,uncertain,low,derived tool/QA output (not a regen target),
/workspace/shadowveil/mouth/work/tpose_small.png,derived,other pose still (action/expression/hand/eye),0 (T-pose front),1,0,0,0,[pair d=22 low] her-left(green)=0@- her-right(amber)=0@-,uncertain,low,derived tool/QA output (not a regen target),
/workspace/shadowveil/reference/grok_build/artifacts/drift-audit/faces-1.jpg,derived,QA crop / contact sheet,,4,0;0;0;0,0;0;0;0,,[single-green d=31 low] her-left(green)=0@- | [single-green d=24 low] her-left(green)=0@- | [single-green d=31 low] her-left(green)=0@- | [single-green d=31 low] her-left(green)=0@-,uncertain,low,derived tool/QA output (not a regen target),
/workspace/shadowveil/reference/grok_build/artifacts/drift-audit/faces-2.jpg,derived,QA crop / contact sheet,,4,1;1;2;1,1;1;2;1,,"[single-green d=34 low] her-left(green)=1@1302,1310 | [single-green d=22 low] her-left(green)=1@452,630 | [single-green d=31 low] her-left(green)=2@1302,1310;1304,1319 | [single-green d=22 low] her-left(green)=1@452,630",uncertain,low,derived tool/QA output (not a regen target),
/workspace/shadowveil/reference/grok_build/artifacts/drift-audit/g0-a.jpg,derived,QA crop / contact sheet,,1,0,0,,[single-green d=19 low] her-left(green)=0@-,uncertain,low,derived tool/QA output (not a regen target),
/workspace/shadowveil/reference/grok_build/artifacts/drift-audit/g1-b.jpg,derived,QA crop / contact sheet,,1,0,0,,[single-green d=24 low] her-left(green)=0@-,uncertain,low,derived tool/QA output (not a regen target),
/workspace/shadowveil/reference/grok_build/artifacts/drift-audit/g2-a.jpg,derived,QA crop / contact sheet,,1,0,0,,[single-green d=26 low] her-left(green)=0@-,uncertain,low,derived tool/QA output (not a regen target),
/workspace/shadowveil/reference/grok_build/artifacts/drift-audit/g3-b.jpg,derived,QA crop / contact sheet,,2,1;1,1;1,,"[single-green d=24 low] her-left(green)=1@1150,124 | [single-green d=24 low] her-left(green)=1@1150,124",uncertain,low,derived tool/QA output (not a regen target),
/workspace/shadowveil/reference/grok_build/artifacts/drift-audit/kick-1.6.jpg,derived,QA crop / contact sheet,,1,1,1,,"[single-green d=26 low] her-left(green)=1@465,161",uncertain,low,derived tool/QA output (not a regen target),
/workspace/shadowveil/reference/grok_build/artifacts/drift-audit/squat-1.6.jpg,derived,QA crop / contact sheet,,1,0,0,,[single-green d=31 low] her-left(green)=0@-,uncertain,low,derived tool/QA output (not a regen target),
/workspace/shadowveil/reference/grok_build/artifacts/eyes/angle-0.jpg,derived,turnaround/rotation still,,1,0,0,0,[pair d=13 low MIRRORED] her-left(green)=0@- her-right(amber)=0@-,uncertain,low,derived tool/QA output (not a regen target),
/workspace/shadowveil/reference/grok_build/artifacts/eyes/angle-1.jpg,derived,turnaround/rotation still,,1,1,1,,"[single-green d=26 low] her-left(green)=1@252,152",uncertain,low,derived tool/QA output (not a regen target),
/workspace/shadowveil/reference/grok_build/artifacts/keyed-proof.jpg,derived,QA crop / contact sheet,,1,0,0,,[single-green d=24 low] her-left(green)=0@-,uncertain,low,derived tool/QA output (not a regen target),
/workspace/shadowveil/reference/grok_build/artifacts/left-ref.jpg,derived,other/unclassified,left profile,1,1,1,,"[single-green d=22 low] her-left(green)=1@352,164",uncertain,low,derived tool/QA output (not a regen target),
/workspace/shadowveil/reference/grok_build/artifacts/lookqa/f02.jpg,derived,video/render frame sequence,,1,0,0,,[single-green d=26 low] her-left(green)=0@-,uncertain,low,derived tool/QA output (not a regen target),
/workspace/shadowveil/reference/grok_build/artifacts/lookqa/f07.jpg,derived,video/render frame sequence,,1,1,,1,"[single-amber d=43 low] her-right(amber)=1@390,173",uncertain,low,derived tool/QA output (not a regen target),
/workspace/shadowveil/reference/grok_build/artifacts/lookqa/f08.jpg,derived,video/render frame sequence,,1,2,2,,"[single-green d=36 low] her-left(green)=2@380,160;377,167",uncertain,low,derived tool/QA output (not a regen target),
/workspace/shadowveil/reference/grok_build/artifacts/lookqa/f09.jpg,derived,video/render frame sequence,,1,1,1,,"[single-green d=43 low] her-left(green)=1@394,168",uncertain,low,derived tool/QA output (not a regen target),
/workspace/shadowveil/reference/grok_build/artifacts/lookqa/f10.jpg,derived,video/render frame sequence,,1,2,2,,"[single-green d=41 low] her-left(green)=2@398,161;394,167",uncertain,low,derived tool/QA output (not a regen target),
/workspace/shadowveil/reference/grok_build/artifacts/lookqa2/f06.jpg,derived,video/render frame sequence,,2,2;1,2,1,"[single-green d=31 low] her-left(green)=2@406,152;408,158 | [single-amber d=41 low] her-right(amber)=1@338,153",uncertain,low,derived tool/QA output (not a regen target),
/workspace/shadowveil/reference/grok_build/artifacts/pose-key-proof.jpg,derived,QA crop / contact sheet,,1,0,0,,[single-green d=29 low] her-left(green)=0@-,uncertain,low,derived tool/QA output (not a regen target),
/workspace/shadowveil/reference/grok_build/artifacts/qa3/angry-b.jpg,derived,QA crop / contact sheet,,1,1,1,,"[single-green d=34 low] her-left(green)=1@414,152",uncertain,low,derived tool/QA output (not a regen target),
/workspace/shadowveil/reference/grok_build/artifacts/qa3/dodge-a.jpg,derived,QA crop / contact sheet,,1,0,0,,[single-green d=31 low] her-left(green)=0@-,uncertain,low,derived tool/QA output (not a regen target),
/workspace/shadowveil/reference/grok_build/artifacts/qa3/inspect-a.jpg,derived,QA crop / contact sheet,,1,0,0,,[single-green d=18 low] her-left(green)=0@-,uncertain,low,derived tool/QA output (not a regen target),
/workspace/shadowveil/reference/grok_build/artifacts/qa3/inspect-b.jpg,derived,QA crop / contact sheet,,1,2,2,,"[single-green d=26 low] her-left(green)=2@382,169;384,176",uncertain,low,derived tool/QA output (not a regen target),
/workspace/shadowveil/reference/grok_build/artifacts/qa4/brace-b.jpg,derived,QA crop / contact sheet,,1,1,1,,"[single-green d=22 low] her-left(green)=1@401,183",uncertain,low,derived tool/QA output (not a regen target),
/workspace/shadowveil/reference/grok_build/artifacts/qa5/yawn-b.jpg,derived,QA crop / contact sheet,,2,1;1,1,1,"[single-amber d=24 low] her-right(amber)=1@342,151 | [single-green d=22 low] her-left(green)=1@412,150",uncertain,low,derived tool/QA output (not a regen target),
/workspace/shadowveil/reference/grok_build/artifacts/qa6/ready-a.jpg,derived,QA crop / contact sheet,,2,1;1,1,1,"[single-green d=29 low] her-left(green)=1@458,158 | [single-amber d=29 low] her-right(amber)=1@386,158",uncertain,low,derived tool/QA output (not a regen target),
/workspace/shadowveil/reference/grok_build/artifacts/qa6/strap-a.jpg,derived,QA crop / contact sheet,,1,1,1,,"[single-green d=34 low] her-left(green)=1@412,167",uncertain,low,derived tool/QA output (not a regen target),
/workspace/shadowveil/reference/grok_build/artifacts/qa6/strap-b.jpg,derived,QA crop / contact sheet,,2,1;1,1;1,,"[single-green d=41 low] her-left(green)=1@412,168 | [single-green d=36 low] her-left(green)=1@412,168",uncertain,low,derived tool/QA output (not a regen target),
/workspace/shadowveil/reference/grok_build/artifacts/qa8/cheeks-a.jpg,derived,QA crop / contact sheet,,1,1,,1,"[single-amber d=26 low] her-right(amber)=1@340,162",uncertain,low,derived tool/QA output (not a regen target),
/workspace/shadowveil/reference/grok_build/artifacts/qa8/cheeks-b.jpg,derived,QA crop / contact sheet,,1,0,,0,[single-amber d=22 low] her-right(amber)=0@-,uncertain,low,derived tool/QA output (not a regen target),
/workspace/shadowveil/reference/grok_build/artifacts/qa8/clasp-b.jpg,derived,QA crop / contact sheet,,1,2,2,,"[single-green d=26 low] her-left(green)=2@416,160;418,167",uncertain,low,derived tool/QA output (not a regen target),
/workspace/shadowveil/reference/grok_build/artifacts/size-match.jpg,derived,QA crop / contact sheet,,1,0,0,,[single-green d=29 low] her-left(green)=0@-,uncertain,low,derived tool/QA output (not a regen target),
/workspace/shadowveil/reference/grok_build/artifacts/turn/qa/ask-0.4.jpg,derived,QA crop / contact sheet,,1,0,0,0,[pair d=14 low] her-left(green)=0@- her-right(amber)=0@-,uncertain,low,derived tool/QA output (not a regen target),
/workspace/shadowveil/reference/grok_build/artifacts/turn/qa/ask-1.8.jpg,derived,QA crop / contact sheet,,3,1;1;1,1;1,1,"[single-amber d=31 low] her-right(amber)=1@347,141 | [single-green d=34 low] her-left(green)=1@418,141 | [single-green d=31 low] her-left(green)=1@418,141",uncertain,low,derived tool/QA output (not a regen target),
/workspace/shadowveil/reference/grok_build/artifacts/turn/qa/ask-3.2.jpg,derived,QA crop / contact sheet,,1,0,0,,[single-green d=36 low] her-left(green)=0@-,uncertain,low,derived tool/QA output (not a regen target),
/workspace/shadowveil/reference/grok_build/artifacts/turn/qa/ask-5.0.jpg,derived,QA crop / contact sheet,,1,0,0,,[single-green d=31 low] her-left(green)=0@-,uncertain,low,derived tool/QA output (not a regen target),
/workspace/shadowveil/reference/grok_build/artifacts/turn/qa/laugh-1.8.jpg,derived,QA crop / contact sheet,,1,2,2,,"[single-green d=31 low] her-left(green)=2@418,144;421,151",uncertain,low,derived tool/QA output (not a regen target),
/workspace/shadowveil/reference/grok_build/artifacts/turn/qa/laugh-3.2.jpg,derived,QA crop / contact sheet,,1,2,2,,"[single-green d=31 low] her-left(green)=2@418,144;421,151",uncertain,low,derived tool/QA output (not a regen target),
/workspace/shadowveil/reference/grok_build/artifacts/turn/qa/speak-1.8.jpg,derived,QA crop / contact sheet,,2,1;1,1,1,"[single-green d=36 low] her-left(green)=1@418,140 | [single-amber d=31 low] her-right(amber)=1@347,140",uncertain,low,derived tool/QA output (not a regen target),
/workspace/shadowveil/reference/grok_build/artifacts/vqa/idle-03.jpg,derived,video/render frame sequence,,2,1;1,1,1,"[single-amber d=41 low] her-right(amber)=1@347,147 | [single-green d=29 low] her-left(green)=1@417,147",uncertain,low,derived tool/QA output (not a regen target),
/workspace/shadowveil/reference/grok_build/artifacts/vqa/jump-03.jpg,derived,video/render frame sequence,,1,1,0,1,"[pair d=23 low MIRRORED] her-left(green)=0@- her-right(amber)=1@433,383",uncertain,low,derived tool/QA output (not a regen target),
/workspace/shadowveil/reference/grok_build/artifacts/vqa/look-01.jpg,derived,video/render frame sequence,,1,2,2,,"[single-green d=36 low] her-left(green)=2@358,159;360,166",uncertain,low,derived tool/QA output (not a regen target),
/workspace/shadowveil/reference/grok_build/artifacts/vqa/walk-01.jpg,derived,video/render frame sequence,,1,1,1,,"[single-green d=35 low] her-left(green)=1@343,145",uncertain,low,derived tool/QA output (not a regen target),
/workspace/shadowveil/reference/grok_build/artifacts/vqa/walk-03.jpg,derived,video/render frame sequence,,1,0,0,,[single-green d=35 low] her-left(green)=0@-,uncertain,low,derived tool/QA output (not a regen target),
/workspace/shadowveil/reference/grok_build/artifacts/vqa2/wave.jpg,derived,QA crop / contact sheet,,1,0,0,,[single-green d=36 low] her-left(green)=0@-,uncertain,low,derived tool/QA output (not a regen target),
/tmp/gr/base_apose.png,derived,other pose still (action/expression/hand/eye),0 (A-pose front),1,3,2,1,"[pair d=68 high] her-left(green)=2@248,214;251,225 her-right(amber)=1@149,217",true,high,,
/tmp/gr/ours_apose.png,derived,other pose still (action/expression/hand/eye),0 (A-pose front),1,3,2,1,"[pair d=66 high] her-left(green)=2@607,207;610,217 her-right(amber)=1@512,209",true,high,,
/tmp/svt/views/apose/base.png,derived,turnaround/rotation still,0 (A-pose front),1,3,2,1,"[pair d=68 high] her-left(green)=2@731,244;734,255 her-right(amber)=1@632,247",true,high,,
/workspace/shadowveil/body_tools/work/bak_pre_earline_apose_body/head.png,derived,other pose still (action/expression/hand/eye),,1,3,2,1,"[pair d=68 high] her-left(green)=2@731,244;734,255 her-right(amber)=1@632,247",true,high,,
/workspace/shadowveil/body_tools/work/pre_earfill_r2/apose/head.png,derived,other pose still (action/expression/hand/eye),0 (A-pose front),1,3,2,1,"[pair d=68 high] her-left(green)=2@731,244;734,255 her-right(amber)=1@632,247",true,high,,
/workspace/shadowveil/body_tools/work/proto_tree/hair/backup_pre_quality/base_body/apose.png,derived,turnaround/rotation still,0 (A-pose front),1,3,2,1,"[pair d=68 high] her-left(green)=2@731,244;734,255 her-right(amber)=1@632,247",true,high,,
/workspace/shadowveil/body_tools/work/proto_tree/hands/work/apose.png,derived,turnaround/rotation still,0 (A-pose front),1,3,2,1,"[pair d=68 high] her-left(green)=2@731,244;734,255 her-right(amber)=1@632,247",true,high,,
/workspace/shadowveil/body_tools/work/proto_tree/mouth/work/face4x.png,derived,other pose still (action/expression/hand/eye),,1,3,2,1,"[pair d=273 high] her-left(green)=2@526,260;538,302 her-right(amber)=1@131,268",true,high,,
/workspace/shadowveil/body_tools/work/proto_tree/mouth/work/faceA_4x.png,derived,other pose still (action/expression/hand/eye),,1,3,2,1,"[pair d=273 high] her-left(green)=2@526,260;538,302 her-right(amber)=1@131,268",true,high,,
/workspace/shadowveil/body_tools/work/proto_tree/mouth/work/front.png,derived,turnaround/rotation still,0 (front),1,3,2,1,"[pair d=68 high] her-left(green)=2@731,244;734,255 her-right(amber)=1@632,247",true,high,,
/workspace/shadowveil/body_tools/work/proto_tree/reference/apose.png,derived,turnaround/rotation still,0 (A-pose front),1,3,2,1,"[pair d=68 high] her-left(green)=2@731,244;734,255 her-right(amber)=1@632,247",true,high,,
/workspace/shadowveil/body_tools/work/proto_tree/reference/batch1/apose.png,derived,turnaround/rotation still,0 (A-pose front),1,3,2,1,"[pair d=68 high] her-left(green)=2@731,244;734,255 her-right(amber)=1@632,247",true,high,,
/workspace/shadowveil/body_tools/work/proto_tree/views/apose/base.png,derived,turnaround/rotation still,0 (A-pose front),1,3,2,1,"[pair d=68 high] her-left(green)=2@731,244;734,255 her-right(amber)=1@632,247",true,high,,
/workspace/shadowveil/eyes/work/reference_timing/idle-long_close.png,derived,other pose still (action/expression/hand/eye),,1,1,,1,"[single-amber d=105 medium] her-right(amber)=1@1919,177",true,medium,,
/workspace/shadowveil/hands/work/apose.png,derived,turnaround/rotation still,0 (A-pose front),1,3,2,1,"[pair d=68 high] her-left(green)=2@731,244;734,255 her-right(amber)=1@632,247",true,high,,
/workspace/shadowveil/hands/work/idle_bend/renders/art_dry/apose/rest.png,derived,other pose still (action/expression/hand/eye),0 (A-pose front),1,3,2,1,"[pair d=68 high] her-left(green)=2@731,244;734,255 her-right(amber)=1@632,247",true,high,,
/workspace/shadowveil/hands/work/idle_bend/renders/data/apose_G/pose_Fist.png,derived,other pose still (action/expression/hand/eye),,1,3,2,1,"[pair d=68 high] her-left(green)=2@731,244;734,255 her-right(amber)=1@632,247",true,high,,
/workspace/shadowveil/hands/work/idle_bend/renders/data/apose_G/pose_Peace.png,derived,other pose still (action/expression/hand/eye),,1,3,2,1,"[pair d=68 high] her-left(green)=2@731,244;734,255 her-right(amber)=1@632,247",true,high,,
/workspace/shadowveil/hands/work/idle_bend/renders/data/apose_G/pose_Point.png,derived,other pose still (action/expression/hand/eye),,1,3,2,1,"[pair d=68 high] her-left(green)=2@731,244;734,255 her-right(amber)=1@632,247",true,high,,
/workspace/shadowveil/hands/work/idle_bend/renders/data/apose_G/rest.png,derived,other pose still (action/expression/hand/eye),,1,3,2,1,"[pair d=68 high] her-left(green)=2@731,244;734,255 her-right(amber)=1@632,247",true,high,,
/workspace/shadowveil/hands/work/idle_bend/renders/data/apose_G2/pose_Fist.png,derived,other pose still (action/expression/hand/eye),,1,3,2,1,"[pair d=68 high] her-left(green)=2@731,244;734,255 her-right(amber)=1@632,246",true,high,,
/workspace/shadowveil/hands/work/idle_bend/renders/data/apose_G2/pose_Peace.png,derived,other pose still (action/expression/hand/eye),,1,3,2,1,"[pair d=68 high] her-left(green)=2@731,244;734,255 her-right(amber)=1@632,246",true,high,,
/workspace/shadowveil/hands/work/idle_bend/renders/data/apose_G2/pose_Point.png,derived,other pose still (action/expression/hand/eye),,1,3,2,1,"[pair d=68 high] her-left(green)=2@731,244;734,255 her-right(amber)=1@632,246",true,high,,
/workspace/shadowveil/hands/work/idle_bend/renders/data/apose_G2/rest.png,derived,other pose still (action/expression/hand/eye),,1,3,2,1,"[pair d=68 high] her-left(green)=2@731,244;734,255 her-right(amber)=1@632,247",true,high,,
/workspace/shadowveil/hands/work/idle_bend/renders/data/apose_Gre/rest.png,derived,other pose still (action/expression/hand/eye),,1,3,2,1,"[pair d=68 high] her-left(green)=2@731,244;734,255 her-right(amber)=1@632,247",true,high,,
/workspace/shadowveil/hands/work/idle_bend/renders/data/apose_H/pose_Fist.png,derived,other pose still (action/expression/hand/eye),,1,3,2,1,"[pair d=68 high] her-left(green)=2@731,244;734,255 her-right(amber)=1@632,247",true,high,,
/workspace/shadowveil/hands/work/idle_bend/renders/data/apose_H/pose_Peace.png,derived,other pose still (action/expression/hand/eye),,1,3,2,1,"[pair d=68 high] her-left(green)=2@731,244;734,255 her-right(amber)=1@632,247",true,high,,
/workspace/shadowveil/hands/work/idle_bend/renders/data/apose_H/pose_Point.png,derived,other pose still (action/expression/hand/eye),,1,3,2,1,"[pair d=68 high] her-left(green)=2@731,244;734,255 her-right(amber)=1@632,247",true,high,,
/workspace/shadowveil/hands/work/idle_bend/renders/data/apose_H/rest.png,derived,other pose still (action/expression/hand/eye),,1,3,2,1,"[pair d=68 high] her-left(green)=2@731,244;734,255 her-right(amber)=1@632,247",true,high,,
/workspace/shadowveil/hands/work/idle_bend/renders/live/apose/hold_only.png,derived,other pose still (action/expression/hand/eye),0 (A-pose front),1,3,2,1,"[pair d=68 high] her-left(green)=2@731,244;734,255 her-right(amber)=1@632,247",true,high,,
/workspace/shadowveil/hands/work/idle_bend/renders/live/apose/idle_arm_settle_f071.png,derived,other pose still (action/expression/hand/eye),0 (A-pose front),1,3,2,1,"[pair d=68 high] her-left(green)=2@731,244;734,255 her-right(amber)=1@632,246",true,high,,
/workspace/shadowveil/hands/work/idle_bend/renders/live/apose/idle_breathe_f120_lift.png,derived,other pose still (action/expression/hand/eye),0 (A-pose front),1,3,2,1,"[pair d=68 high] her-left(green)=2@731,244;734,255 her-right(amber)=1@632,247",true,high,,
/workspace/shadowveil/hands/work/idle_bend/renders/live/apose/rest.png,derived,other pose still (action/expression/hand/eye),0 (A-pose front),1,3,2,1,"[pair d=68 high] her-left(green)=2@731,244;734,255 her-right(amber)=1@632,247",true,high,,
/workspace/shadowveil/hands/work/idle_bend/renders/live/tpose/idle_arm_settle_f071.png,derived,other pose still (action/expression/hand/eye),0 (T-pose front),1,3,2,1,"[pair d=66 high] her-left(green)=2@730,238;734,248 her-right(amber)=1@635,240",true,high,,
/workspace/shadowveil/mouth/work/face4x.png,derived,other pose still (action/expression/hand/eye),,1,3,2,1,"[pair d=273 high] her-left(green)=2@526,260;538,302 her-right(amber)=1@131,268",true,high,,
/workspace/shadowveil/mouth/work/faceA_4x.png,derived,other pose still (action/expression/hand/eye),,1,3,2,1,"[pair d=273 high] her-left(green)=2@526,260;538,302 her-right(amber)=1@131,268",true,high,,
/workspace/shadowveil/mouth/work/front.png,derived,turnaround/rotation still,0 (front),1,3,2,1,"[pair d=68 high] her-left(green)=2@731,244;734,255 her-right(amber)=1@632,247",true,high,,
/workspace/shadowveil/reference/grok_build/artifacts/apose-ref.jpg,derived,other pose still (action/expression/hand/eye),0 (A-pose front),1,3,2,1,"[pair d=68 high] her-left(green)=2@731,244;734,255 her-right(amber)=1@632,247",true,high,,
/workspace/shadowveil/reference/grok_build/artifacts/drift-audit/getup-face2.jpg,derived,QA crop / contact sheet,,2,2;1,2,1,"[single-green d=77 medium] her-left(green)=2@242,230;245,238 | [single-amber d=70 medium] her-right(amber)=1@145,231",true,medium,,
/workspace/shadowveil/reference/grok_build/artifacts/drift-audit/jump-a.jpg,derived,QA crop / contact sheet,,1,2,2,,"[single-green d=54 medium] her-left(green)=2@434,419;437,430",true,medium,,
/workspace/shadowveil/reference/grok_build/artifacts/drift-audit/startle-1.6.jpg,derived,QA crop / contact sheet,,1,2,2,,"[single-green d=62 medium] her-left(green)=2@420,150;377,160",true,medium,,
/workspace/shadowveil/reference/grok_build/artifacts/eyes/angle-face-zoom.jpg,derived,reference (own find),,1,2,2,,"[single-green d=46 medium] her-left(green)=2@100,108;74,120",true,medium,,
/workspace/shadowveil/reference/grok_build/artifacts/eyes/apose-head.jpg,derived,other pose still (action/expression/hand/eye),0 (A-pose front),1,3,2,1,"[pair d=68 high] her-left(green)=2@329,224;332,235 her-right(amber)=1@230,227",true,high,,
/workspace/shadowveil/reference/grok_build/artifacts/eyes/face-2.jpg,derived,other pose still (action/expression/hand/eye),,1,3,2,1,"[pair d=91 high] her-left(green)=2@266,274;270,286 her-right(amber)=1@143,276",true,high,,
/workspace/shadowveil/reference/grok_build/artifacts/eyes/face-3.jpg,derived,other pose still (action/expression/hand/eye),,1,3,2,1,"[pair d=90 high] her-left(green)=2@248,274;252,286 her-right(amber)=1@125,276",true,high,,
/workspace/shadowveil/reference/grok_build/artifacts/eyes/face-4.jpg,derived,other pose still (action/expression/hand/eye),,1,3,2,1,"[pair d=86 high] her-left(green)=2@307,240;311,254 her-right(amber)=1@184,241",true,high,,
/workspace/shadowveil/reference/grok_build/artifacts/eyes/face-6.jpg,derived,other pose still (action/expression/hand/eye),,1,3,2,1,"[pair d=85 high] her-left(green)=2@266,245;270,258 her-right(amber)=1@143,248",true,high,,
/workspace/shadowveil/reference/grok_build/artifacts/eyes/face-7.jpg,derived,other pose still (action/expression/hand/eye),,1,3,2,1,"[pair d=84 high] her-left(green)=2@248,241;252,254 her-right(amber)=1@125,245",true,high,,
/workspace/shadowveil/reference/grok_build/artifacts/face-now.jpg,derived,other pose still (action/expression/hand/eye),,1,3,2,1,"[pair d=89 high] her-left(green)=2@304,309;307,328 her-right(amber)=1@175,313",true,high,,
/workspace/shadowveil/reference/grok_build/artifacts/mouth-check.jpg,derived,QA crop / contact sheet,,1,3,2,1,"[pair d=106 high] her-left(green)=2@256,78;261,103 her-right(amber)=1@102,83",true,high,,
/workspace/shadowveil/reference/grok_build/artifacts/qa3/kick-b.jpg,derived,QA crop / contact sheet,,1,1,,1,"[single-amber d=48 medium] her-right(amber)=1@379,142",true,medium,,
/workspace/shadowveil/reference/grok_build/artifacts/qa3/point-b.jpg,derived,QA crop / contact sheet,,2,1;0,0,1,"[single-amber d=60 medium] her-right(amber)=1@344,164 | [single-green d=34 low] her-left(green)=0@-",true,medium,,
/workspace/shadowveil/reference/grok_build/artifacts/qa3/startle-a.jpg,derived,QA crop / contact sheet,,1,2,2,,"[single-green d=70 medium] her-left(green)=2@402,389;406,400",true,medium,,
/workspace/shadowveil/reference/grok_build/artifacts/qa4/brace-c.jpg,derived,QA crop / contact sheet,,1,2,2,,"[single-green d=67 medium] her-left(green)=2@402,168;353,187",true,medium,,
/workspace/shadowveil/reference/grok_build/artifacts/qa4/squat-a.jpg,derived,QA crop / contact sheet,,1,1,,1,"[single-amber d=53 medium] her-right(amber)=1@269,295",true,medium,,
/workspace/shadowveil/reference/grok_build/artifacts/qa4/stop-a.jpg,derived,QA crop / contact sheet,,2,0;1,0,1,"[single-green d=43 low] her-left(green)=0@- | [single-amber d=46 medium] her-right(amber)=1@343,153",true,medium,,
/workspace/shadowveil/reference/grok_build/artifacts/qa4/worry-b.jpg,derived,QA crop / contact sheet,,2,2;1,2,1,"[single-green d=58 medium] her-left(green)=2@413,154;372,169 | [single-amber d=29 low] her-right(amber)=1@341,156",true,medium,,
/workspace/shadowveil/reference/grok_build/artifacts/qa5/gasp-b.jpg,derived,QA crop / contact sheet,,2,2;0,2,0,"[single-green d=62 medium] her-left(green)=2@362,239;371,238 | [single-amber d=41 low] her-right(amber)=0@-",true,medium,,
/workspace/shadowveil/reference/grok_build/artifacts/qa6/gasp-01.jpg,derived,QA crop / contact sheet,,1,2,2,,"[single-green d=60 medium] her-left(green)=2@378,191;386,191",true,medium,,
/workspace/shadowveil/reference/grok_build/artifacts/qa6/gasp-04.jpg,derived,QA crop / contact sheet,,1,2,2,,"[single-green d=65 medium] her-left(green)=2@353,269;361,268",true,medium,,
/workspace/shadowveil/reference/grok_build/artifacts/qa6/gasp-05.jpg,derived,QA crop / contact sheet,,2,2;0,2,0,"[single-green d=58 medium] her-left(green)=2@373,201;382,201 | [single-amber d=41 low] her-right(amber)=0@-",true,medium,,
/workspace/shadowveil/reference/grok_build/artifacts/qa6/gasp-07.jpg,derived,QA crop / contact sheet,,1,2,2,,"[single-green d=57 medium] her-left(green)=2@378,190;386,190",true,medium,,
/workspace/shadowveil/reference/grok_build/artifacts/qa6/hair-a.jpg,derived,QA crop / contact sheet,,2,1;0,0,1,"[single-amber d=46 medium] her-right(amber)=1@335,158 | [single-green d=41 low] her-left(green)=0@-",true,medium,,
/workspace/shadowveil/reference/grok_build/artifacts/qa7/a-02.jpg,derived,video/render frame sequence,,1,2,2,,"[single-green d=62 medium] her-left(green)=2@378,189;386,189",true,medium,,
/workspace/shadowveil/reference/grok_build/artifacts/qa7/a-03.jpg,derived,video/render frame sequence,,1,2,2,,"[single-green d=65 medium] her-left(green)=2@378,185;386,185",true,medium,,
/workspace/shadowveil/reference/grok_build/artifacts/qa7/a-05.jpg,derived,video/render frame sequence,,1,2,2,,"[single-green d=62 medium] her-left(green)=2@378,192;386,192",true,medium,,
/workspace/shadowveil/reference/grok_build/artifacts/qa7/b-01.jpg,derived,video/render frame sequence,,1,2,2,,"[single-green d=62 medium] her-left(green)=2@378,192;386,192",true,medium,,
/workspace/shadowveil/reference/grok_build/artifacts/qa7/b-02.jpg,derived,video/render frame sequence,,1,2,2,,"[single-green d=60 medium] her-left(green)=2@379,193;386,193",true,medium,,
/workspace/shadowveil/reference/grok_build/artifacts/qa7/b-03.jpg,derived,video/render frame sequence,,2,2;0,2,0,"[single-green d=65 medium] her-left(green)=2@379,186;386,186 | [single-amber d=36 low] her-right(amber)=0@-",true,medium,,
/workspace/shadowveil/reference/grok_build/artifacts/qa7/b-05.jpg,derived,video/render frame sequence,,1,2,2,,"[single-green d=60 medium] her-left(green)=2@378,194;386,194",true,medium,,
/workspace/shadowveil/reference/grok_build/artifacts/qa8/glare-a.jpg,derived,QA crop / contact sheet,,2,2;2,2,2,"[single-green d=50 medium] her-left(green)=2@385,171;376,171 | [single-amber d=41 low] her-right(amber)=2@346,156;376,171",true,medium,,
/workspace/shadowveil/reference/grok_build/artifacts/qa8/hem-b.jpg,derived,QA crop / contact sheet,,1,2,2,,"[single-green d=55 medium] her-left(green)=2@414,160;382,175",true,medium,,
/workspace/shadowveil/reference/grok_build/artifacts/qa8/tongue-b.jpg,derived,QA crop / contact sheet,,2,2;1,2,1,"[single-green d=53 medium] her-left(green)=2@416,161;418,169 | [single-amber d=36 low] her-right(amber)=1@340,161",true,medium,,
/workspace/shadowveil/reference/grok_build/artifacts/tone/fix-idle.jpg,derived,other pose still (action/expression/hand/eye),,1,3,2,1,"[pair d=73 high] her-left(green)=2@628,230;631,241 her-right(amber)=1@524,232",true,high,,
/workspace/shadowveil/reference/grok_build/artifacts/turn/qa/laugh-0.4.jpg,derived,QA crop / contact sheet,,1,2,2,,"[single-green d=46 medium] her-left(green)=2@418,143;420,151",true,medium,,
/workspace/shadowveil/reference/grok_build/artifacts/turn/qa/speak-5.0.jpg,derived,QA crop / contact sheet,,1,2,2,,"[single-green d=58 medium] her-left(green)=2@418,144;378,157",true,medium,,
/workspace/shadowveil/reference/grok_build/artifacts/vqa/idle-01.jpg,derived,video/render frame sequence,,1,2,2,,"[single-green d=50 medium] her-left(green)=2@418,152;420,159",true,medium,,
/workspace/shadowveil/reference/grok_build/artifacts/vqa/talk-01.jpg,derived,video/render frame sequence,,2,2;1,2,1,"[single-green d=48 medium] her-left(green)=2@418,152;420,159 | [single-amber d=31 low] her-right(amber)=1@348,152",true,medium,,
/workspace/shadowveil/reference/grok_build/artifacts/vqa2/getup.jpg,derived,QA crop / contact sheet,,2,2;0,2,0,"[single-green d=67 medium] her-left(green)=2@424,133;374,141 | [single-amber d=29 low] her-right(amber)=0@-",true,medium,,
/tmp/gr/our_apose.png,derived,other pose still (action/expression/hand/eye),0 (A-pose front),0,,,,,n/a,,,
/tmp/gr/our_tpose.png,derived,other pose still (action/expression/hand/eye),0 (T-pose front),0,,,,,n/a,,,
/tmp/gr/tile_idle.png,derived,other pose still (action/expression/hand/eye),,0,,,,,n/a,,,
/tmp/gr/tile_run.png,derived,other pose still (action/expression/hand/eye),,0,,,,,n/a,,,
/tmp/gr/tile_walk.png,derived,other pose still (action/expression/hand/eye),,0,,,,,n/a,,,
/tmp/gr/tileb_walk.png,derived,other pose still (action/expression/hand/eye),,0,,,,,n/a,,,
/tmp/sv_ref/angry_sheet.png,derived,other pose still (action/expression/hand/eye),,0,,,,,n/a,,,
/tmp/sv_ref/jump4.png,derived,other pose still (action/expression/hand/eye),,0,,,,,n/a,,,
/tmp/sv_ref/jump_sheet.png,derived,other pose still (action/expression/hand/eye),,0,,,,,n/a,,,
/tmp/sv_ref/prev_jump.png,derived,other pose still (action/expression/hand/eye),,0,,,,,n/a,,,
/tmp/sv_ref/prev_run.png,derived,other pose still (action/expression/hand/eye),,0,,,,,n/a,,,
/tmp/sv_ref/run_cycle.png,derived,other pose still (action/expression/hand/eye),,0,,,,,n/a,,,
/tmp/sv_ref/run_legs.png,derived,other pose still (action/expression/hand/eye),,0,,,,,n/a,,,
/tmp/sv_ref/run_legs_01.png,derived,other pose still (action/expression/hand/eye),,0,,,,,n/a,,,
/tmp/sv_ref/run_sheet.png,derived,other pose still (action/expression/hand/eye),,0,,,,,n/a,,,
/tmp/svt/views/back/base.png,derived,turnaround/rotation still,180 (back),0,,,,,n/a,,,
/workspace/hairwork/left_apose.png,derived,other pose still (action/expression/hand/eye),0 (A-pose front),0,,,,,n/a,,,
/workspace/hairwork/left_tpose.png,derived,other pose still (action/expression/hand/eye),0 (T-pose front),0,,,,,n/a,,,
/workspace/hairwork/raw_apose.png,derived,other pose still (action/expression/hand/eye),0 (A-pose front),0,,,,,n/a,,,
/workspace/hairwork/raw_tpose.png,derived,other pose still (action/expression/hand/eye),0 (T-pose front),0,,,,,n/a,,,
/workspace/hairwork/vis_apose.png,derived,other pose still (action/expression/hand/eye),0 (A-pose front),0,,,,,n/a,,,
/workspace/shadowveil/body_tools/work/proto_tree/eyes/work/zc2_apose.png,derived,other pose still (action/expression/hand/eye),0 (A-pose front),0,,,,,n/a,,,
/workspace/shadowveil/body_tools/work/proto_tree/eyes/work/zc2_tpose.png,derived,other pose still (action/expression/hand/eye),0 (T-pose front),0,,,,,n/a,,,
/workspace/shadowveil/body_tools/work/proto_tree/eyes/work/zc3_apose.png,derived,other pose still (action/expression/hand/eye),0 (A-pose front),0,,,,,n/a,,,
/workspace/shadowveil/body_tools/work/proto_tree/hair/backup_pre_quality/base_body/back.png,derived,turnaround/rotation still,180 (back),0,,,,,n/a,,,
/workspace/shadowveil/body_tools/work/proto_tree/hands/work/a_Point.png,derived,other pose still (action/expression/hand/eye),,0,,,,,n/a,,,
/workspace/shadowveil/body_tools/work/proto_tree/hands/work/back.png,derived,turnaround/rotation still,180 (back),0,,,,,n/a,,,
/workspace/shadowveil/body_tools/work/proto_tree/hands/work/q_apose.png,derived,other pose still (action/expression/hand/eye),0 (A-pose front),0,,,,,n/a,,,
/workspace/shadowveil/body_tools/work/proto_tree/hands/work/q_tpose.png,derived,other pose still (action/expression/hand/eye),0 (T-pose front),0,,,,,n/a,,,
/workspace/shadowveil/body_tools/work/proto_tree/hands/work/sm_tpose.png,derived,other pose still (action/expression/hand/eye),0 (T-pose front),0,,,,,n/a,,,
/workspace/shadowveil/body_tools/work/proto_tree/reference/REJECTED_walk_sheet.jpg,derived,other pose still (action/expression/hand/eye),,0,,,,,n/a,,,
/workspace/shadowveil/body_tools/work/proto_tree/reference/back.png,derived,turnaround/rotation still,180 (back),0,,,,,n/a,,,
/workspace/shadowveil/body_tools/work/proto_tree/reference/batch1/back.png,derived,turnaround/rotation still,180 (back),0,,,,,n/a,,,
/workspace/shadowveil/body_tools/work/proto_tree/reference/batch2/test_sheet_d6485cd6.jpg,derived,other pose still (action/expression/hand/eye),,0,,,,,n/a,,,
/workspace/shadowveil/body_tools/work/proto_tree/views/back/base.png,derived,turnaround/rotation still,180 (back),0,,,,,n/a,,,
/workspace/shadowveil/eyes/work/reference_timing/tmp/all_stills.png,derived,other pose still (action/expression/hand/eye),,0,,,,,n/a,,,
/workspace/shadowveil/eyes/work/zc2_apose.png,derived,other pose still (action/expression/hand/eye),0 (A-pose front),0,,,,,n/a,,,
/workspace/shadowveil/eyes/work/zc2_tpose.png,derived,other pose still (action/expression/hand/eye),0 (T-pose front),0,,,,,n/a,,,
/workspace/shadowveil/eyes/work/zc3_apose.png,derived,other pose still (action/expression/hand/eye),0 (A-pose front),0,,,,,n/a,,,
/workspace/shadowveil/hands/work/a_Point.png,derived,other pose still (action/expression/hand/eye),,0,,,,,n/a,,,
/workspace/shadowveil/hands/work/back.png,derived,turnaround/rotation still,180 (back),0,,,,,n/a,,,
/workspace/shadowveil/hands/work/idle_bend/sheets/_probe_E.png,derived,other pose still (action/expression/hand/eye),,0,,,,,n/a,,,
/workspace/shadowveil/hands/work/idle_bend/sheets/_probe_F.png,derived,other pose still (action/expression/hand/eye),,0,,,,,n/a,,,
/workspace/shadowveil/hands/work/idle_bend/sheets/_probe_aposeL.png,derived,other pose still (action/expression/hand/eye),,0,,,,,n/a,,,
/workspace/shadowveil/hands/work/idle_bend/sheets/_probe_aposeL_fist.png,derived,other pose still (action/expression/hand/eye),,0,,,,,n/a,,,
/workspace/shadowveil/hands/work/idle_bend/sheets/_probe_tposeL.png,derived,other pose still (action/expression/hand/eye),,0,,,,,n/a,,,
/workspace/shadowveil/hands/work/idle_bend/sheets/_probe_tposeL2.png,derived,other pose still (action/expression/hand/eye),,0,,,,,n/a,,,
/workspace/shadowveil/hands/work/idle_bend/sheets/apose_L_knuckle_ownermap.png,derived,other pose still (action/expression/hand/eye),0 (A-pose front),0,,,,,n/a,,,
/workspace/shadowveil/hands/work/idle_bend/sheets/right_arm_settle_f169_live.png,derived,other pose still (action/expression/hand/eye),right profile,0,,,,,n/a,,,
/workspace/shadowveil/hands/work/idle_bend/sheets/right_f169_ownermap.png,derived,other pose still (action/expression/hand/eye),right profile,0,,,,,n/a,,,
/workspace/shadowveil/hands/work/idle_bend/sheets/tpose_L_knuckle_ownermap.png,derived,other pose still (action/expression/hand/eye),0 (T-pose front),0,,0;0;0,0;0;0,,n/a,,,
/workspace/shadowveil/hands/work/q_apose.png,derived,other pose still (action/expression/hand/eye),0 (A-pose front),0,,,,,n/a,,,
/workspace/shadowveil/hands/work/q_tpose.png,derived,other pose still (action/expression/hand/eye),0 (T-pose front),0,,,,,n/a,,,
/workspace/shadowveil/hands/work/sm_tpose.png,derived,other pose still (action/expression/hand/eye),0 (T-pose front),0,,,,,n/a,,,
/workspace/shadowveil/mouth/work/reference_timing/tmp/talk1c.png,derived,other pose still (action/expression/hand/eye),,0,,,,,n/a,,,
/workspace/shadowveil/reference/grok_build/artifacts/body-pose.png,derived,other pose still (action/expression/hand/eye),,0,,,,,n/a,,,
/workspace/shadowveil/reference/grok_build/artifacts/body-rest.png,derived,other/unclassified,,0,,,,,n/a,,,
/workspace/shadowveil/reference/grok_build/artifacts/body-side.png,derived,turnaround/rotation still,side profile,0,,,,,n/a,,,
/workspace/shadowveil/reference/grok_build/artifacts/clean-front.png,derived,turnaround/rotation still,0 (front),0,,,,,n/a,,,
/workspace/shadowveil/reference/grok_build/artifacts/clean-profile.png,derived,turnaround/rotation still,profile,0,,,,,n/a,,,
/workspace/shadowveil/reference/grok_build/artifacts/crops/front_eyes_grid.png,derived,QA crop / contact sheet,0 (front),0,,,,,n/a,,,
/workspace/shadowveil/reference/grok_build/artifacts/crops/prof_eyes_grid.png,derived,QA crop / contact sheet,,0,,,,,n/a,,,
/workspace/shadowveil/reference/grok_build/artifacts/crops/sit1_limbs.jpg,derived,QA crop / contact sheet,,0,,,,,n/a,,,
/workspace/shadowveil/reference/grok_build/artifacts/crops/sit2_feet.jpg,derived,QA crop / contact sheet,,0,,,,,n/a,,,
/workspace/shadowveil/reference/grok_build/artifacts/crops/sit2_left.jpg,derived,QA crop / contact sheet,left profile,0,,,,,n/a,,,
/workspace/shadowveil/reference/grok_build/artifacts/crops/sit2_lhip.jpg,derived,QA crop / contact sheet,,0,,,,,n/a,,,
/workspace/shadowveil/reference/grok_build/artifacts/crops/sit2_rhip.jpg,derived,QA crop / contact sheet,,0,,,,,n/a,,,
/workspace/shadowveil/reference/grok_build/artifacts/crops/sit2_right.jpg,derived,QA crop / contact sheet,right profile,0,,,,,n/a,,,
/workspace/shadowveil/reference/grok_build/artifacts/crops/sit3_lhand.jpg,derived,QA crop / contact sheet,,0,,,,,n/a,,,
/workspace/shadowveil/reference/grok_build/artifacts/crops/sit3_rhand.jpg,derived,QA crop / contact sheet,,0,,,,,n/a,,,
/workspace/shadowveil/reference/grok_build/artifacts/crops/tq_eyes_grid.png,derived,QA crop / contact sheet,,0,,,,,n/a,,,
/workspace/shadowveil/reference/grok_build/artifacts/drift-audit/fix-sheet.jpg,derived,QA crop / contact sheet,,0,,,,,n/a,,,
/workspace/shadowveil/reference/grok_build/artifacts/drift-audit/g0-b.jpg,derived,QA crop / contact sheet,,0,,,,,n/a,,,
/workspace/shadowveil/reference/grok_build/artifacts/drift-audit/g1-a.jpg,derived,QA crop / contact sheet,,0,,,,,n/a,,,
/workspace/shadowveil/reference/grok_build/artifacts/drift-audit/g2-b.jpg,derived,QA crop / contact sheet,,0,,,,,n/a,,,
/workspace/shadowveil/reference/grok_build/artifacts/drift-audit/g3-a.jpg,derived,QA crop / contact sheet,,0,,,,,n/a,,,
/workspace/shadowveil/reference/grok_build/artifacts/drift-audit/g4-a.jpg,derived,QA crop / contact sheet,,0,,,,,n/a,,,
/workspace/shadowveil/reference/grok_build/artifacts/drift-audit/g4-b.jpg,derived,QA crop / contact sheet,,0,,,,,n/a,,,
/workspace/shadowveil/reference/grok_build/artifacts/drift-audit/getup-face.jpg,derived,QA crop / contact sheet,,0,,,,,n/a,,,
/workspace/shadowveil/reference/grok_build/artifacts/drift-audit/idle-src.jpg,derived,QA crop / contact sheet,,0,,,,,n/a,,,
/workspace/shadowveil/reference/grok_build/artifacts/drift-audit/jump-b.jpg,derived,QA crop / contact sheet,,0,,,,,n/a,,,
/workspace/shadowveil/reference/grok_build/artifacts/drift-audit/jump-new.jpg,derived,QA crop / contact sheet,,0,,,,,n/a,,,
/workspace/shadowveil/reference/grok_build/artifacts/drift-audit/kick-2.6.jpg,derived,QA crop / contact sheet,,0,,,,,n/a,,,
/workspace/shadowveil/reference/grok_build/artifacts/drift-audit/sheet-a.jpg,derived,QA crop / contact sheet,,0,,,,,n/a,,,
/workspace/shadowveil/reference/grok_build/artifacts/drift-audit/sheet-b.jpg,derived,QA crop / contact sheet,,0,,,,,n/a,,,
/workspace/shadowveil/reference/grok_build/artifacts/eyes/angle-2.jpg,derived,turnaround/rotation still,,0,,,,,n/a,,,
/workspace/shadowveil/reference/grok_build/artifacts/eyes/angle-3.jpg,derived,turnaround/rotation still,,0,,,,,n/a,,,
/workspace/shadowveil/reference/grok_build/artifacts/eyes/face-1.jpg,derived,other pose still (action/expression/hand/eye),,0,,,,,n/a,,,
/workspace/shadowveil/reference/grok_build/artifacts/eyes/getup-0.jpg,derived,other pose still (action/expression/hand/eye),,0,,,,,n/a,,,
/workspace/shadowveil/reference/grok_build/artifacts/eyes/getup-1.jpg,derived,other pose still (action/expression/hand/eye),,0,,,,,n/a,,,
/workspace/shadowveil/reference/grok_build/artifacts/eyes/getup-2.jpg,derived,other pose still (action/expression/hand/eye),,0,,,,,n/a,,,
/workspace/shadowveil/reference/grok_build/artifacts/eyes/getup-3.jpg,derived,other pose still (action/expression/hand/eye),,0,,,,,n/a,,,
/workspace/shadowveil/reference/grok_build/artifacts/fix-pose.png,derived,other pose still (action/expression/hand/eye),,0,,,,,n/a,,,
/workspace/shadowveil/reference/grok_build/artifacts/fix-rest.png,derived,other/unclassified,,0,,,,,n/a,,,
/workspace/shadowveil/reference/grok_build/artifacts/front.png,derived,turnaround/rotation still,0 (front),0,,,,,n/a,,,
/workspace/shadowveil/reference/grok_build/artifacts/keyed-3q.jpg,derived,part/layer (not full figure),3/4,0,,,,,n/a,,,
/workspace/shadowveil/reference/grok_build/artifacts/lookqa/f01.jpg,derived,video/render frame sequence,,0,,,,,n/a,,,
/workspace/shadowveil/reference/grok_build/artifacts/lookqa/f03.jpg,derived,video/render frame sequence,,0,,,,,n/a,,,
/workspace/shadowveil/reference/grok_build/artifacts/lookqa/f04.jpg,derived,video/render frame sequence,,0,,,,,n/a,,,
/workspace/shadowveil/reference/grok_build/artifacts/lookqa/f05.jpg,derived,video/render frame sequence,,0,,,,,n/a,,,
/workspace/shadowveil/reference/grok_build/artifacts/lookqa/f11.jpg,derived,video/render frame sequence,,0,,,,,n/a,,,
/workspace/shadowveil/reference/grok_build/artifacts/lookqa/f12.jpg,derived,video/render frame sequence,,0,,,,,n/a,,,
/workspace/shadowveil/reference/grok_build/artifacts/lookqa2/f01.jpg,derived,video/render frame sequence,,0,,,,,n/a,,,
/workspace/shadowveil/reference/grok_build/artifacts/lookqa2/f02.jpg,derived,video/render frame sequence,,0,,,,,n/a,,,
/workspace/shadowveil/reference/grok_build/artifacts/lookqa2/f03.jpg,derived,video/render frame sequence,,0,,,,,n/a,,,
/workspace/shadowveil/reference/grok_build/artifacts/lookqa2/f04.jpg,derived,video/render frame sequence,,0,,,,,n/a,,,
/workspace/shadowveil/reference/grok_build/artifacts/lookqa2/f08.jpg,derived,video/render frame sequence,,0,,,,,n/a,,,
/workspace/shadowveil/reference/grok_build/artifacts/lookqa2/f09.jpg,derived,video/render frame sequence,,0,,,,,n/a,,,
/workspace/shadowveil/reference/grok_build/artifacts/lookqa2/f10.jpg,derived,video/render frame sequence,,0,,,,,n/a,,,
/workspace/shadowveil/reference/grok_build/artifacts/lookqa2/f11.jpg,derived,video/render frame sequence,,0,,,,,n/a,,,
/workspace/shadowveil/reference/grok_build/artifacts/lookqa2/f12.jpg,derived,video/render frame sequence,,0,,,,,n/a,,,
/workspace/shadowveil/reference/grok_build/artifacts/posed-front.png,derived,turnaround/rotation still,0 (front),0,,,,,n/a,,,
/workspace/shadowveil/reference/grok_build/artifacts/posed-profile.png,derived,turnaround/rotation still,profile,0,,,,,n/a,,,
/workspace/shadowveil/reference/grok_build/artifacts/profile.png,derived,turnaround/rotation still,profile,0,,,,,n/a,,,
/workspace/shadowveil/reference/grok_build/artifacts/qa3/angry-a.jpg,derived,QA crop / contact sheet,,0,,,,,n/a,,,
/workspace/shadowveil/reference/grok_build/artifacts/qa3/dodge-b.jpg,derived,QA crop / contact sheet,,0,,,,,n/a,,,
/workspace/shadowveil/reference/grok_build/artifacts/qa3/kick-a.jpg,derived,QA crop / contact sheet,,0,,,,,n/a,,,
/workspace/shadowveil/reference/grok_build/artifacts/qa3/lie-a.jpg,derived,QA crop / contact sheet,,0,,,,,n/a,,,
/workspace/shadowveil/reference/grok_build/artifacts/qa3/lie-b.jpg,derived,QA crop / contact sheet,,0,,,,,n/a,,,
/workspace/shadowveil/reference/grok_build/artifacts/qa3/sit-a.jpg,derived,QA crop / contact sheet,,0,,,,,n/a,,,
/workspace/shadowveil/reference/grok_build/artifacts/qa3/sit-b.jpg,derived,QA crop / contact sheet,,0,,,,,n/a,,,
/workspace/shadowveil/reference/grok_build/artifacts/qa4/brace-a.jpg,derived,QA crop / contact sheet,,0,,,,,n/a,,,
/workspace/shadowveil/reference/grok_build/artifacts/qa4/lunge-a.jpg,derived,QA crop / contact sheet,,0,,,,,n/a,,,
/workspace/shadowveil/reference/grok_build/artifacts/qa4/lunge-b.jpg,derived,QA crop / contact sheet,,0,,,,,n/a,,,
/workspace/shadowveil/reference/grok_build/artifacts/qa4/spin-a.jpg,derived,QA crop / contact sheet,,0,,,,,n/a,,,
/workspace/shadowveil/reference/grok_build/artifacts/qa4/spin-b.jpg,derived,QA crop / contact sheet,,0,,,,,n/a,,,
/workspace/shadowveil/reference/grok_build/artifacts/qa4/stumble-a.jpg,derived,QA crop / contact sheet,,0,,,,,n/a,,,
/workspace/shadowveil/reference/grok_build/artifacts/qa4/stumble-b.jpg,derived,QA crop / contact sheet,,0,,,,,n/a,,,
/workspace/shadowveil/reference/grok_build/artifacts/qa4/stumble-c.jpg,derived,QA crop / contact sheet,,0,,,,,n/a,,,
/workspace/shadowveil/reference/grok_build/artifacts/qa4/worry-a.jpg,derived,QA crop / contact sheet,,0,,,,,n/a,,,
/workspace/shadowveil/reference/grok_build/artifacts/qa5/knee-a.jpg,derived,QA crop / contact sheet,,0,,,,,n/a,,,
/workspace/shadowveil/reference/grok_build/artifacts/qa5/knee-b.jpg,derived,QA crop / contact sheet,,0,,,,,n/a,,,
/workspace/shadowveil/reference/grok_build/artifacts/qa5/twist-a.jpg,derived,QA crop / contact sheet,,0,,,,,n/a,,,
/workspace/shadowveil/reference/grok_build/artifacts/qa5/twist-b.jpg,derived,QA crop / contact sheet,,0,,,,,n/a,,,
/workspace/shadowveil/reference/grok_build/artifacts/qa5/yawn-a.jpg,derived,QA crop / contact sheet,,0,,,,,n/a,,,
/workspace/shadowveil/reference/grok_build/artifacts/qa6/chest-a.jpg,derived,QA crop / contact sheet,,0,,,,,n/a,,,
/workspace/shadowveil/reference/grok_build/artifacts/qa6/gasp-06.jpg,derived,QA crop / contact sheet,,0,,,,,n/a,,,
/workspace/shadowveil/reference/grok_build/artifacts/qa8/clasp-a.jpg,derived,QA crop / contact sheet,,0,,,,,n/a,,,
/workspace/shadowveil/reference/grok_build/artifacts/qa8/sad-a.jpg,derived,QA crop / contact sheet,,0,,,,,n/a,,,
/workspace/shadowveil/reference/grok_build/artifacts/qa8/sad-b.jpg,derived,QA crop / contact sheet,,0,,,,,n/a,,,
/workspace/shadowveil/reference/grok_build/artifacts/rest-front.png,derived,turnaround/rotation still,0 (front),0,,,,,n/a,,,
/workspace/shadowveil/reference/grok_build/artifacts/rig-check.jpg,derived,QA crop / contact sheet,,0,,,,,n/a,,,
/workspace/shadowveil/reference/grok_build/artifacts/rigid-front.png,derived,turnaround/rotation still,0 (front),0,,,,,n/a,,,
/workspace/shadowveil/reference/grok_build/artifacts/rigid-profile.png,derived,turnaround/rotation still,profile,0,,,,,n/a,,,
/workspace/shadowveil/reference/grok_build/artifacts/rt-pose.png,derived,other pose still (action/expression/hand/eye),,0,,,,,n/a,,,
/workspace/shadowveil/reference/grok_build/artifacts/rt-rest.png,derived,other/unclassified,,0,,,,,n/a,,,
/workspace/shadowveil/reference/grok_build/artifacts/rt-side.png,derived,other/unclassified,side profile,0,,,,,n/a,,,
/workspace/shadowveil/reference/grok_build/artifacts/side-far-bent.png,derived,other/unclassified,side profile,0,,,,,n/a,,,
/workspace/shadowveil/reference/grok_build/artifacts/side-far-knee-crop.png,derived,QA crop / contact sheet,side profile,0,,,,,n/a,,,
/workspace/shadowveil/reference/grok_build/artifacts/side-far-knee.png,derived,part/layer (not full figure),side profile,0,,,,,n/a,,,
/workspace/shadowveil/reference/grok_build/artifacts/side-legs-crop.png,derived,QA crop / contact sheet,side profile,0,,,,,n/a,,,
/workspace/shadowveil/reference/grok_build/artifacts/side-sep-bent-crop.png,derived,QA crop / contact sheet,side profile,0,,,,,n/a,,,
/workspace/shadowveil/reference/grok_build/artifacts/side-sep-bent.png,derived,other/unclassified,side profile,0,,,,,n/a,,,
/workspace/shadowveil/reference/grok_build/artifacts/side-sep-crop.png,derived,QA crop / contact sheet,side profile,0,,,,,n/a,,,
/workspace/shadowveil/reference/grok_build/artifacts/side-sep.png,derived,other/unclassified,side profile,0,,,,,n/a,,,
/workspace/shadowveil/reference/grok_build/artifacts/side-two-legs.png,derived,other/unclassified,side profile,0,,,,,n/a,,,
/workspace/shadowveil/reference/grok_build/artifacts/stride-crop.png,derived,QA crop / contact sheet,,0,,,,,n/a,,,
/workspace/shadowveil/reference/grok_build/artifacts/stride.png,derived,other/unclassified,,0,,,,,n/a,,,
/workspace/shadowveil/reference/grok_build/artifacts/sway_b_low.jpg,derived,other/unclassified,,0,,,,,n/a,,,
/workspace/shadowveil/reference/grok_build/artifacts/sway_d_low.jpg,derived,other/unclassified,,0,,,,,n/a,,,
/workspace/shadowveil/reference/grok_build/artifacts/tone/fix-lie3.jpg,derived,other pose still (action/expression/hand/eye),,0,,,,,n/a,,,
/workspace/shadowveil/reference/grok_build/artifacts/tone/fix-stumble.jpg,derived,other/unclassified,,0,,,,,n/a,,,
/workspace/shadowveil/reference/grok_build/artifacts/tune-apose.jpg,derived,QA crop / contact sheet,0 (A-pose front),0,,,,,n/a,,,
/workspace/shadowveil/reference/grok_build/artifacts/views-proof.jpg,derived,QA crop / contact sheet,,0,,,,,n/a,,,
/workspace/shadowveil/reference/grok_build/artifacts/vqa/look-03.jpg,derived,video/render frame sequence,,0,,,,,n/a,,,
/workspace/shadowveil/reference/grok_build/artifacts/vqa/nod-03.jpg,derived,video/render frame sequence,,0,,,,,n/a,,,
/workspace/shadowveil/reference/grok_build/artifacts/vqa/run-01.jpg,derived,video/render frame sequence,,0,,,,,n/a,,,
/workspace/shadowveil/reference/grok_build/artifacts/vqa/run-03.jpg,derived,video/render frame sequence,,0,,,,,n/a,,,
/workspace/shadowveil/reference/grok_build/artifacts/vqa2/back.jpg,derived,QA crop / contact sheet,180 (back),0,,,,,n/a,,,
/workspace/shadowveil/reference/grok_build/artifacts/vqa2/ground.jpg,derived,QA crop / contact sheet,,0,,,,,n/a,,,
/workspace/shadowveil/reference/grok_build/artifacts/vqa2/idle-long.jpg,derived,QA crop / contact sheet,,0,,,,,n/a,,,
/workspace/shadowveil/reference/grok_build/artifacts/vqa2/side.jpg,derived,QA crop / contact sheet,side profile,0,,,,,n/a,,,
/workspace/shadowveil/reference/grok_build/artifacts/w-pose.png,derived,other pose still (action/expression/hand/eye),,0,,,,,n/a,,,
/workspace/shadowveil/reference/grok_build/artifacts/w-rest.png,derived,other/unclassified,,0,,,,,n/a,,,
/workspace/shadowveil/reference/grok_build/artifacts/walk_f0.jpg,derived,other pose still (action/expression/hand/eye),,0,,,,,n/a,,,
/workspace/shadowveil/reference/grok_build/artifacts/walk_f1.jpg,derived,other pose still (action/expression/hand/eye),,0,,,,,n/a,,,
/workspace/shadowveil/reference/grok_build/artifacts/walk_f2.jpg,derived,other pose still (action/expression/hand/eye),,0,,,,,n/a,,,
/workspace/shadowveil/reference/grok_build/artifacts/walk_f3.jpg,derived,other pose still (action/expression/hand/eye),,0,,,,,n/a,,,
