path	kind	bytes	dims	info
.grok/app-env.json	json	76		
.grok/favicon-preview.png	image	1927	160x80	RGB
.vercel/output/static/__grok/icon-180.png	image	2100	180x180	RGBA
.vercel/output/static/__grok/install/assets/homescreen/ob-ipad.png	image	101843	1902x882	RGBA
.vercel/output/static/__grok/install/assets/homescreen/ob-phone.png	image	103612	1014x882	RGBA
.vercel/output/static/og.jpg	image	43988	1200x630	RGB
.vercel/output/static/puppet/blink/closed.png	image	480249	704x704	RGBA
.vercel/output/static/puppet/blink/half.png	image	487734	704x704	RGBA
.vercel/output/static/puppet/blink/half2.png	image	481100	704x704	RGBA
.vercel/output/static/puppet/blink/open.png	image	482985	704x704	RGBA
.vercel/output/static/puppet/body-front.png	image	918980	675x1677	RGBA
.vercel/output/static/puppet/body-threequarter.png	image	658389	312x1672	RGBA
.vercel/output/static/puppet/cut/chest.png	image	54152	118x292	RGBA
.vercel/output/static/puppet/cut/head.png	image	43679	111x219	RGBA
.vercel/output/static/puppet/cut/l-calf.png	image	21655	82x312	RGBA
.vercel/output/static/puppet/cut/l-foot.png	image	5311	65x66	RGBA
.vercel/output/static/puppet/cut/l-fore.png	image	18518	85x225	RGBA
.vercel/output/static/puppet/cut/l-hand.png	image	7177	63x108	RGBA
.vercel/output/static/puppet/cut/l-thigh.png	image	26866	95x323	RGBA
.vercel/output/static/puppet/cut/l-upper.png	image	18200	101x213	RGBA
.vercel/output/static/puppet/cut/pelvis.png	image	20102	113x185	RGBA
.vercel/output/static/puppet/cut/r-calf.png	image	21266	78x313	RGBA
.vercel/output/static/puppet/cut/r-foot.png	image	5402	68x67	RGBA
.vercel/output/static/puppet/cut/r-fore.png	image	18763	84x225	RGBA
.vercel/output/static/puppet/cut/r-hand.png	image	7086	62x115	RGBA
.vercel/output/static/puppet/cut/r-thigh.png	image	26423	100x323	RGBA
.vercel/output/static/puppet/cut/r-upper.png	image	19531	102x213	RGBA
.vercel/output/static/puppet/emotions/anger.png	image	481391	704x704	RGBA
.vercel/output/static/puppet/emotions/focus.png	image	530805	704x704	RGBA
.vercel/output/static/puppet/emotions/joy.png	image	482364	704x704	RGBA
.vercel/output/static/puppet/emotions/neutral.png	image	475175	704x704	RGBA
.vercel/output/static/puppet/emotions/shock.png	image	543196	704x704	RGBA
.vercel/output/static/puppet/emotions/smirk.png	image	539684	704x704	RGBA
.vercel/output/static/puppet/emotions/soft.png	image	533866	704x704	RGBA
.vercel/output/static/puppet/emotions/sorrow.png	image	485402	704x704	RGBA
.vercel/output/static/puppet/faces/anger.png	image	52281	264x130	RGBA
.vercel/output/static/puppet/faces/closed.png	image	55843	264x130	RGBA
.vercel/output/static/puppet/faces/focus.png	image	52194	264x130	RGBA
.vercel/output/static/puppet/faces/joy.png	image	56964	264x130	RGBA
.vercel/output/static/puppet/faces/neutral.png	image	55370	264x130	RGBA
.vercel/output/static/puppet/faces/shock.png	image	55385	264x130	RGBA
.vercel/output/static/puppet/faces/smirk.png	image	57675	264x130	RGBA
.vercel/output/static/puppet/faces/soft.png	image	52145	264x130	RGBA
.vercel/output/static/puppet/faces/sorrow.png	image	50524	264x130	RGBA
.vercel/output/static/puppet/head-blink.png	image	1641452	1408x1408	RGBA
.vercel/output/static/puppet/head.png	image	1120383	740x1149	RGBA
.vercel/output/static/puppet/hinge/0.png	image	255827	576x576	RGBA
.vercel/output/static/puppet/hinge/1.png	image	279991	576x576	RGBA
.vercel/output/static/puppet/hinge/2.png	image	307167	576x576	RGBA
.vercel/output/static/puppet/hinge/3.png	image	311139	576x576	RGBA
.vercel/output/static/puppet/hinge/4.png	image	318799	576x576	RGBA
.vercel/output/static/puppet/hinge/5.png	image	305519	576x576	RGBA
.vercel/output/static/puppet/hinge12/0.png	image	130164	432x384	RGBA
.vercel/output/static/puppet/hinge12/1.png	image	104657	432x384	RGBA
.vercel/output/static/puppet/hinge12/10.png	image	104178	432x384	RGBA
.vercel/output/static/puppet/hinge12/11.png	image	132525	432x384	RGBA
.vercel/output/static/puppet/hinge12/2.png	image	95946	432x384	RGBA
.vercel/output/static/puppet/hinge12/3.png	image	142246	432x384	RGBA
.vercel/output/static/puppet/hinge12/4.png	image	151810	432x384	RGBA
.vercel/output/static/puppet/hinge12/5.png	image	112705	432x384	RGBA
.vercel/output/static/puppet/hinge12/6.png	image	110488	432x384	RGBA
.vercel/output/static/puppet/hinge12/7.png	image	159471	432x384	RGBA
.vercel/output/static/puppet/hinge12/8.png	image	154553	432x384	RGBA
.vercel/output/static/puppet/hinge12/9.png	image	112327	432x384	RGBA
.vercel/output/static/puppet/idle-film.mp4	video	3789982	400x2208	6.04s 24/1fps frames=145 h264 audio=True
.vercel/output/static/puppet/idle/0.png	image	301084	704x704	RGBA
.vercel/output/static/puppet/idle/1.png	image	303418	704x704	RGBA
.vercel/output/static/puppet/idle/2.png	image	310887	704x704	RGBA
.vercel/output/static/puppet/idle/3.png	image	310312	704x704	RGBA
.vercel/output/static/puppet/parts/arm-l-fore.png	image	177510	145x867	RGBA
.vercel/output/static/puppet/parts/arm-l-upper.png	image	180084	145x867	RGBA
.vercel/output/static/puppet/parts/arm-r-fore.png	image	180186	145x867	RGBA
.vercel/output/static/puppet/parts/arm-r-upper.png	image	175710	148x866	RGBA
.vercel/output/static/puppet/parts/head.png	image	362500	352x634	RGBA
.vercel/output/static/puppet/parts/leg-l-calf.png	image	161394	128x928	RGBA
.vercel/output/static/puppet/parts/leg-l-thigh.png	image	167142	137x927	RGBA
.vercel/output/static/puppet/parts/leg-r-calf.png	image	174019	138x924	RGBA
.vercel/output/static/puppet/parts/leg-r-thigh.png	image	158272	127x928	RGBA
.vercel/output/static/puppet/parts/lower.png	image	617146	1152x1015	RGBA
.vercel/output/static/puppet/parts/pelvis.png	image	342026	418x628	RGBA
.vercel/output/static/puppet/parts/torso.png	image	552938	639x669	RGBA
.vercel/output/static/puppet/parts/upper.png	image	525846	1152x737	RGBA
.vercel/output/static/puppet/ref-back.png	image	220832	196x1045	RGB
.vercel/output/static/puppet/ref-face.png	image	205332	350x460	RGB
.vercel/output/static/puppet/ref-front.png	image	238178	220x1045	RGB
.vercel/output/static/puppet/ref-hinge.png	image	199579	254x837	RGB
.vercel/output/static/puppet/ref-side.png	image	149012	128x1045	RGB
.vercel/output/static/puppet/ref-threequarter.png	image	218745	183x1045	RGB
.vercel/output/static/puppet/repo/crouch/00.png	image	254193	512x1100	RGBA
.vercel/output/static/puppet/repo/crouch/01.png	image	254193	512x1100	RGBA
.vercel/output/static/puppet/repo/crouch/02.png	image	228777	512x1100	RGBA
.vercel/output/static/puppet/repo/crouch/03.png	image	489908	512x1100	RGBA
.vercel/output/static/puppet/repo/crouch/04.png	image	489908	512x1100	RGBA
.vercel/output/static/puppet/repo/crouch/05.png	image	489908	512x1100	RGBA
.vercel/output/static/puppet/repo/crouch/06.png	image	489908	512x1100	RGBA
.vercel/output/static/puppet/repo/crouch/07.png	image	228777	512x1100	RGBA
.vercel/output/static/puppet/repo/crouch/08.png	image	228777	512x1100	RGBA
.vercel/output/static/puppet/repo/crouch/09.png	image	254193	512x1100	RGBA
.vercel/output/static/puppet/repo/crouch/10.png	image	254193	512x1100	RGBA
.vercel/output/static/puppet/repo/crouch/11.png	image	254193	512x1100	RGBA
.vercel/output/static/puppet/repo/extra/blink.png	image	226154	512x1100	RGB
.vercel/output/static/puppet/repo/extra/breath.png	image	196877	512x1100	RGBA
.vercel/output/static/puppet/repo/extra/joy.png	image	226154	512x1100	RGB
.vercel/output/static/puppet/repo/extra/shift.png	image	296367	512x1100	RGBA
.vercel/output/static/puppet/repo/hinge/00.png	image	254193	512x1100	RGBA
.vercel/output/static/puppet/repo/hinge/01.png	image	321334	512x1100	RGBA
.vercel/output/static/puppet/repo/hinge/02.png	image	321334	512x1100	RGBA
.vercel/output/static/puppet/repo/hinge/03.png	image	339920	512x1100	RGBA
.vercel/output/static/puppet/repo/hinge/04.png	image	209485	512x1100	RGBA
.vercel/output/static/puppet/repo/hinge/05.png	image	209485	512x1100	RGBA
.vercel/output/static/puppet/repo/hinge/06.png	image	400621	512x1100	RGBA
.vercel/output/static/puppet/repo/hinge/07.png	image	307365	512x1100	RGBA
.vercel/output/static/puppet/repo/hinge/08.png	image	209485	512x1100	RGBA
.vercel/output/static/puppet/repo/hinge/09.png	image	339920	512x1100	RGBA
.vercel/output/static/puppet/repo/hinge/10.png	image	321334	512x1100	RGBA
.vercel/output/static/puppet/repo/hinge/11.png	image	254193	512x1100	RGBA
.vercel/output/static/puppet/repo/idle/00.png	image	254193	512x1100	RGBA
.vercel/output/static/puppet/repo/idle/01.png	image	254193	512x1100	RGBA
.vercel/output/static/puppet/repo/idle/02.png	image	220419	512x1100	RGBA
.vercel/output/static/puppet/repo/idle/03.png	image	220419	512x1100	RGBA
.vercel/output/static/puppet/repo/idle/04.png	image	268846	512x1100	RGBA
.vercel/output/static/puppet/repo/idle/05.png	image	268846	512x1100	RGBA
.vercel/output/static/puppet/repo/idle/06.png	image	268846	512x1100	RGBA
.vercel/output/static/puppet/repo/idle/07.png	image	296367	512x1100	RGBA
.vercel/output/static/puppet/repo/idle/08.png	image	296367	512x1100	RGBA
.vercel/output/static/puppet/repo/idle/09.png	image	296367	512x1100	RGBA
.vercel/output/static/puppet/repo/idle/10.png	image	254193	512x1100	RGBA
.vercel/output/static/puppet/repo/idle/11.png	image	254193	512x1100	RGBA
.vercel/output/static/puppet/repo/look/00.png	image	254193	512x1100	RGBA
.vercel/output/static/puppet/repo/look/01.png	image	293087	512x1100	RGBA
.vercel/output/static/puppet/repo/look/02.png	image	283541	512x1100	RGBA
.vercel/output/static/puppet/repo/look/03.png	image	165131	512x1100	RGBA
.vercel/output/static/puppet/repo/look/04.png	image	313848	512x1100	RGBA
.vercel/output/static/puppet/repo/look/05.png	image	292472	512x1100	RGBA
.vercel/output/static/puppet/repo/look/06.png	image	240551	512x1100	RGBA
.vercel/output/static/puppet/repo/look/07.png	image	292234	512x1100	RGBA
.vercel/output/static/puppet/repo/look/08.png	image	313887	512x1100	RGBA
.vercel/output/static/puppet/repo/look/09.png	image	188300	512x1100	RGBA
.vercel/output/static/puppet/repo/look/10.png	image	283880	512x1100	RGBA
.vercel/output/static/puppet/repo/look/11.png	image	293611	512x1100	RGBA
.vercel/output/static/puppet/repo/reach/00.png	image	254193	512x1100	RGBA
.vercel/output/static/puppet/repo/reach/01.png	image	254193	512x1100	RGBA
.vercel/output/static/puppet/repo/reach/02.png	image	212045	512x1100	RGBA
.vercel/output/static/puppet/repo/reach/03.png	image	212045	512x1100	RGBA
.vercel/output/static/puppet/repo/reach/04.png	image	177190	512x1100	RGBA
.vercel/output/static/puppet/repo/reach/05.png	image	177190	512x1100	RGBA
.vercel/output/static/puppet/repo/reach/06.png	image	142123	512x1100	RGBA
.vercel/output/static/puppet/repo/reach/07.png	image	212045	512x1100	RGBA
.vercel/output/static/puppet/repo/reach/08.png	image	212045	512x1100	RGBA
.vercel/output/static/puppet/repo/reach/09.png	image	254193	512x1100	RGBA
.vercel/output/static/puppet/repo/reach/10.png	image	254193	512x1100	RGBA
.vercel/output/static/puppet/repo/reach/11.png	image	254193	512x1100	RGBA
.vercel/output/static/puppet/repo/stand/00.png	image	254193	512x1100	RGBA
.vercel/output/static/puppet/repo/stand/01.png	image	293087	512x1100	RGBA
.vercel/output/static/puppet/repo/stand/02.png	image	283541	512x1100	RGBA
.vercel/output/static/puppet/repo/stand/03.png	image	165131	512x1100	RGBA
.vercel/output/static/puppet/repo/stand/04.png	image	313848	512x1100	RGBA
.vercel/output/static/puppet/repo/stand/05.png	image	292472	512x1100	RGBA
.vercel/output/static/puppet/repo/stand/06.png	image	240551	512x1100	RGBA
.vercel/output/static/puppet/repo/stand/07.png	image	292234	512x1100	RGBA
.vercel/output/static/puppet/repo/stand/08.png	image	313887	512x1100	RGBA
.vercel/output/static/puppet/repo/stand/09.png	image	188300	512x1100	RGBA
.vercel/output/static/puppet/repo/stand/10.png	image	283880	512x1100	RGBA
.vercel/output/static/puppet/repo/stand/11.png	image	293611	512x1100	RGBA
.vercel/output/static/puppet/repo/walk/00.png	image	339697	512x1100	RGBA
.vercel/output/static/puppet/repo/walk/01.png	image	355434	512x1100	RGBA
.vercel/output/static/puppet/repo/walk/02.png	image	355434	512x1100	RGBA
.vercel/output/static/puppet/repo/walk/03.png	image	355148	512x1100	RGBA
.vercel/output/static/puppet/repo/walk/04.png	image	355148	512x1100	RGBA
.vercel/output/static/puppet/repo/walk/05.png	image	355434	512x1100	RGBA
.vercel/output/static/puppet/repo/walk/06.png	image	339697	512x1100	RGBA
.vercel/output/static/puppet/repo/walk/07.png	image	355148	512x1100	RGBA
.vercel/output/static/puppet/repo/walk/08.png	image	355434	512x1100	RGBA
.vercel/output/static/puppet/repo/walk/09.png	image	355148	512x1100	RGBA
.vercel/output/static/puppet/repo/walk/10.png	image	355434	512x1100	RGBA
.vercel/output/static/puppet/repo/walk/11.png	image	339697	512x1100	RGBA
.vercel/output/static/puppet/repo/wave/00.png	image	254193	512x1100	RGBA
.vercel/output/static/puppet/repo/wave/01.png	image	279320	512x1100	RGBA
.vercel/output/static/puppet/repo/wave/02.png	image	264768	512x1100	RGBA
.vercel/output/static/puppet/repo/wave/03.png	image	264768	512x1100	RGBA
.vercel/output/static/puppet/repo/wave/04.png	image	192011	512x1100	RGBA
.vercel/output/static/puppet/repo/wave/05.png	image	192011	512x1100	RGBA
.vercel/output/static/puppet/repo/wave/06.png	image	279320	512x1100	RGBA
.vercel/output/static/puppet/repo/wave/07.png	image	264768	512x1100	RGBA
.vercel/output/static/puppet/repo/wave/08.png	image	264768	512x1100	RGBA
.vercel/output/static/puppet/repo/wave/09.png	image	279320	512x1100	RGBA
.vercel/output/static/puppet/repo/wave/10.png	image	254193	512x1100	RGBA
.vercel/output/static/puppet/repo/wave/11.png	image	254193	512x1100	RGBA
.vercel/output/static/puppet/rig/back.png	image	240551	512x1100	RGBA
.vercel/output/static/puppet/rig/breath.png	image	196877	512x1100	RGBA
.vercel/output/static/puppet/rig/crouch.png	image	228777	512x1100	RGBA
.vercel/output/static/puppet/rig/expr/anger.png	image	226154	512x1100	RGB
.vercel/output/static/puppet/rig/expr/blink.png	image	226154	512x1100	RGB
.vercel/output/static/puppet/rig/expr/focus.png	image	226154	512x1100	RGB
.vercel/output/static/puppet/rig/expr/joy.png	image	226154	512x1100	RGB
.vercel/output/static/puppet/rig/expr/neutral.png	image	226154	512x1100	RGB
.vercel/output/static/puppet/rig/expr/shock.png	image	226154	512x1100	RGB
.vercel/output/static/puppet/rig/expr/smirk.png	image	226154	512x1100	RGB
.vercel/output/static/puppet/rig/expr/soft.png	image	226154	512x1100	RGB
.vercel/output/static/puppet/rig/expr/sorrow.png	image	226154	512x1100	RGB
.vercel/output/static/puppet/rig/front.png	image	254193	512x1100	RGBA
.vercel/output/static/puppet/rig/hinge-back.png	image	287421	512x1100	RGBA
.vercel/output/static/puppet/rig/hinge-qtr.png	image	400621	512x1100	RGBA
.vercel/output/static/puppet/rig/hinge-side.png	image	307365	512x1100	RGBA
.vercel/output/static/puppet/rig/hinge.png	image	209485	512x1100	RGBA
.vercel/output/static/puppet/rig/qtr-back.png	image	170792	512x1100	RGBA
.vercel/output/static/puppet/rig/qtr.png	image	232023	512x1100	RGBA
.vercel/output/static/puppet/rig/reach-qtr.png	image	177190	512x1100	RGBA
.vercel/output/static/puppet/rig/reach-side.png	image	142123	512x1100	RGBA
.vercel/output/static/puppet/rig/reach.png	image	212045	512x1100	RGBA
.vercel/output/static/puppet/rig/shift.png	image	220419	512x1100	RGBA
.vercel/output/static/puppet/rig/side.png	image	165131	512x1100	RGBA
.vercel/output/static/puppet/rig/wave-qtr.png	image	192011	512x1100	RGBA
.vercel/output/static/puppet/rig/wave-side.png	image	136222	512x1100	RGBA
.vercel/output/static/puppet/rig/wave.png	image	188868	512x1100	RGBA
.vercel/output/static/puppet/sheet/back-raw.png	image	229076	202x1500	RGBA
.vercel/output/static/puppet/sheet/front-raw.png	image	248379	218x1500	RGBA
.vercel/output/static/puppet/sheet/hinge-raw.png	image	198544	251x1500	RGBA
.vercel/output/static/puppet/sheet/qtr-raw.png	image	229263	188x1500	RGBA
.vercel/output/static/puppet/sheet/side-raw.png	image	156331	136x1500	RGBA
.vercel/output/static/puppet/views/back.png	image	89656	360x640	RGBA
.vercel/output/static/puppet/views/front.png	image	224159	360x640	RGBA
.vercel/output/static/puppet/views/hinge-ref.png	image	92029	360x640	RGBA
.vercel/output/static/puppet/views/side.png	image	130337	360x640	RGBA
.vercel/output/static/puppet/views/threequarter.png	image	234045	360x640	RGBA
.vercel/output/static/puppet/wave/0.png	image	324094	704x704	RGBA
.vercel/output/static/puppet/wave/1.png	image	329812	704x704	RGBA
.vercel/output/static/puppet/wave/2.png	image	323635	704x704	RGBA
.vercel/output/static/puppet/wave/3.png	image	320881	704x704	RGBA
.vercel/output/static/puppet/wave9/0.png	image	158709	469x469	RGBA
.vercel/output/static/puppet/wave9/1.png	image	165810	469x469	RGBA
.vercel/output/static/puppet/wave9/2.png	image	159187	469x469	RGBA
.vercel/output/static/puppet/wave9/3.png	image	165490	469x469	RGBA
.vercel/output/static/puppet/wave9/4.png	image	167795	469x469	RGBA
.vercel/output/static/puppet/wave9/5.png	image	163542	469x469	RGBA
.vercel/output/static/puppet/wave9/6.png	image	163216	469x469	RGBA
.vercel/output/static/puppet/wave9/7.png	image	162529	469x469	RGBA
.vercel/output/static/puppet/wave9/8.png	image	161706	469x469	RGBA
artifacts/apose-head.png	image	33351	180x173	RGBA
artifacts/apose-ref.jpg	image	128909	1365x1739	RGB
artifacts/base-model-clean-room.html	html	2391626		
artifacts/body-pose.png	image	129426	420x900	RGB
artifacts/body-rest.png	image	127498	420x900	RGB
artifacts/body-side.png	image	110119	420x900	RGB
artifacts/clean-front.png	image	134979	420x900	RGB
artifacts/clean-profile.png	image	100686	420x900	RGB
artifacts/clean-room.html	html	962021		
artifacts/clean-room.zip	zip	701589		
artifacts/crops/front_eyes_grid.png	image	42140	500x500	RGB
artifacts/crops/prof_eyes_grid.png	image	53677	520x560	RGB
artifacts/crops/sit1_limbs.jpg	image	85944	850x650	RGB
artifacts/crops/sit1_torso.jpg	image	52872	550x550	RGB
artifacts/crops/sit2_feet.jpg	image	54347	800x450	RGB
artifacts/crops/sit2_left.jpg	image	25514	340x500	RGB
artifacts/crops/sit2_lhip.jpg	image	25101	440x400	RGB
artifacts/crops/sit2_rhip.jpg	image	25262	440x400	RGB
artifacts/crops/sit2_right.jpg	image	25910	350x500	RGB
artifacts/crops/sit3_lhand.jpg	image	17898	370x350	RGB
artifacts/crops/sit3_rhand.jpg	image	18599	380x350	RGB
artifacts/crops/tq_eyes_grid.png	image	54599	560x520	RGB
artifacts/drift-audit/faces-1.jpg	image	261502	1400x1552	RGB
artifacts/drift-audit/faces-2.jpg	image	294527	1400x1552	RGB
artifacts/drift-audit/faces.jpg	image	553493	1400x3104	RGB
artifacts/drift-audit/fix-sheet.jpg	image	135514	1000x954	RGB
artifacts/drift-audit/g0-a.jpg	image	136819	1280x1004	RGB
artifacts/drift-audit/g0-b.jpg	image	139514	1280x1004	RGB
artifacts/drift-audit/g1-a.jpg	image	128255	1280x1004	RGB
artifacts/drift-audit/g1-b.jpg	image	127260	1280x1004	RGB
artifacts/drift-audit/g2-a.jpg	image	109346	1280x752	RGB
artifacts/drift-audit/g2-b.jpg	image	108521	1280x752	RGB
artifacts/drift-audit/g3-a.jpg	image	146809	1280x1004	RGB
artifacts/drift-audit/g3-b.jpg	image	142397	1280x1004	RGB
artifacts/drift-audit/g4-a.jpg	image	114876	1280x1004	RGB
artifacts/drift-audit/g4-b.jpg	image	117345	1280x1004	RGB
artifacts/drift-audit/getup-face.jpg	image	9269	307x304	RGB
artifacts/drift-audit/getup-face2.jpg	image	29466	400x340	RGB
artifacts/drift-audit/idle-src.jpg	image	30453	768x1168	RGB
artifacts/drift-audit/jump-a.jpg	image	67212	768x1168	RGB
artifacts/drift-audit/jump-b.jpg	image	53645	768x1168	RGB
artifacts/drift-audit/jump-new.jpg	image	60519	1320x348	RGB
artifacts/drift-audit/kick-1.6.jpg	image	40536	768x1168	RGB
artifacts/drift-audit/kick-2.6.jpg	image	43346	768x1168	RGB
artifacts/drift-audit/sheet-a.jpg	image	396725	1200x3064	RGB
artifacts/drift-audit/sheet-b.jpg	image	396442	1200x3064	RGB
artifacts/drift-audit/squat-1.6.jpg	image	38018	768x1168	RGB
artifacts/drift-audit/startle-1.6.jpg	image	44459	768x1168	RGB
artifacts/eyes/angle-0.jpg	image	29267	448x504	RGB
artifacts/eyes/angle-1.jpg	image	28635	448x504	RGB
artifacts/eyes/angle-2.jpg	image	26749	448x504	RGB
artifacts/eyes/angle-3.jpg	image	26580	448x504	RGB
artifacts/eyes/angle-face-zoom.jpg	image	10688	160x190	RGB
artifacts/eyes/apose-head.jpg	image	29975	560x460	RGB
artifacts/eyes/face-0.jpg	image	35966	448x504	RGB
artifacts/eyes/face-1.jpg	image	34869	448x504	RGB
artifacts/eyes/face-2.jpg	image	35929	448x504	RGB
artifacts/eyes/face-3.jpg	image	35988	448x504	RGB
artifacts/eyes/face-4.jpg	image	35662	448x504	RGB
artifacts/eyes/face-5.jpg	image	35476	448x504	RGB
artifacts/eyes/face-6.jpg	image	35621	448x504	RGB
artifacts/eyes/face-7.jpg	image	36165	448x504	RGB
artifacts/eyes/face0-fixed.jpg	image	10905	220x130	RGB
artifacts/eyes/getup-0.jpg	image	6210	272x304	RGB
artifacts/eyes/getup-1.jpg	image	5200	272x304	RGB
artifacts/eyes/getup-2.jpg	image	7750	272x304	RGB
artifacts/eyes/getup-3.jpg	image	11604	272x304	RGB
artifacts/eyes/half-blink.jpg	image	194075	1147x1361	RGB
artifacts/eyes/tpose-head.jpg	image	28972	560x460	RGB
artifacts/face-now.jpg	image	45246	480x560	RGB
artifacts/fix-pose.png	image	130486	420x900	RGB
artifacts/fix-rest.png	image	127498	420x900	RGB
artifacts/front.png	image	127242	420x900	RGB
artifacts/imagine_images/00f70f87-3de6-4a64-b4f0-9dd822fe8b52.jpg	image	206060	1152x1728	RGB
artifacts/imagine_images/015ddc2c-ba5e-4b29-9ac9-7fc9d9b68f38.jpg	image	460550	1152x1728	RGB
artifacts/imagine_images/02a54aa9-8a2f-40bd-9908-4a68b1cae3d9.jpg	image	294837	1728x1152	RGB
artifacts/imagine_images/0412fe57-add0-49db-bea6-5dc36c5524ca.jpg	image	232229	1152x1728	RGB
artifacts/imagine_images/0521b711-48c7-474a-8f9e-8eaeb92883d4.jpg	image	348079	1152x1728	RGB
artifacts/imagine_images/05cf79d2-20b3-4171-a038-4e87495654d9.jpg	image	518701	960x2064	RGB
artifacts/imagine_images/06215c7e-6580-49bd-8fd6-90d87f3ae1c6.jpg	image	257007	1152x1728	RGB
artifacts/imagine_images/09028795-9895-4d1f-a702-60c5c2673469.jpg	image	460672	960x2064	RGB
artifacts/imagine_images/09973acd-6292-428c-be2f-2946c4f265a0.jpg	image	230341	1152x1728	RGB
artifacts/imagine_images/0a370e71-1eb3-4b20-81b1-ac556afd140f.jpg	image	261250	1152x1728	RGB
artifacts/imagine_images/0a38ca6a-bbc5-4ae8-b9f3-c05c374ac2bc.jpg	image	276312	1728x1152	RGB
artifacts/imagine_images/0a71b0b8-1063-4d0e-99b8-4c6e0ba1e33f.jpg	image	294555	1152x1728	RGB
artifacts/imagine_images/0af8abe3-2552-4ff5-8463-7cd9cd154228.jpg	image	373484	1408x1408	RGB
artifacts/imagine_images/0c39f2c6-fa23-4b19-ab57-20832a006247.jpg	image	709311	960x2064	RGB
artifacts/imagine_images/0c94e641-8e0e-4463-8ec5-a6f322d62630.jpg	image	334051	1152x1728	RGB
artifacts/imagine_images/0ca1102f-dd50-4f56-a4e8-60a22fda0545.jpg	image	316973	1152x1728	RGB
artifacts/imagine_images/0da1a546-e089-4d4a-9d96-371ed310c24c.jpg	image	329533	1152x1728	RGB
artifacts/imagine_images/0e32510b-93b4-4980-b73a-de61a8307591.jpg	image	229497	1152x1728	RGB
artifacts/imagine_images/0e5c9728-c224-4f1f-b560-39fa0fdcc854.jpg	image	277938	1120x1776	RGB
artifacts/imagine_images/0eae08b3-fb6d-4f53-856d-16b0233d4a76.jpg	image	244747	1152x1728	RGB
artifacts/imagine_images/0ed1e1bd-8dd3-423d-bbff-6eec0f54e05c.jpg	image	485249	1408x1408	RGB
artifacts/imagine_images/0f823f56-6892-4a3e-b630-704d84055956.jpg	image	224310	1152x1728	RGB
artifacts/imagine_images/0feea3dc-4753-4601-8568-e987bf393046.jpg	image	213316	1152x1728	RGB
artifacts/imagine_images/0ff1b22e-993b-4525-8c6b-9055f4ccd6ed.jpg	image	245798	1152x1728	RGB
artifacts/imagine_images/1004f535-dec4-4300-8e9b-6b1ee855b65d.jpg	image	235113	1152x1728	RGB
artifacts/imagine_images/101e776e-ae0e-4cb5-b5e9-877ca7a10ceb.jpg	image	338372	1152x1728	RGB
artifacts/imagine_images/104ba0d2-95d8-4a1a-8dae-d7c7b1cae8ac.jpg	image	335897	1152x1728	RGB
artifacts/imagine_images/110a14af-b9a3-4ff9-8a36-a292d5c91d66.jpg	image	577643	960x2064	RGB
artifacts/imagine_images/115af67d-98c6-4882-92f7-b86c49e2f8b7.jpg	image	401261	1152x1728	RGB
artifacts/imagine_images/1211b0ca-2d56-4b72-8e40-30b6ba3466e9.jpg	image	299112	1792x1008	RGB
artifacts/imagine_images/12a979fa-81c3-471e-a5e2-ce039cee974a.jpg	image	331375	1152x1728	RGB
artifacts/imagine_images/12cd9436-02d3-45c0-bc34-92d335295085.jpg	image	369164	1152x1728	RGB
artifacts/imagine_images/1336ff0a-ac2e-4be9-9198-7a74bff57a34.jpg	image	383562	1152x1728	RGB
artifacts/imagine_images/13b7ea9e-7a57-4dfc-aeb2-20403a987be9.jpg	image	315331	1152x1728	RGB
artifacts/imagine_images/14c4c6bc-b7f3-467a-983c-9759d987b7c8.jpg	image	235379	1360x1456	RGB
artifacts/imagine_images/1685da25-c56a-473b-b6cf-4e9927ff9cff.jpg	image	243525	1152x1728	RGB
artifacts/imagine_images/17241d75-18b7-4cd8-9f27-228c3fc4e172.jpg	image	362854	1408x1408	RGB
artifacts/imagine_images/173d08f7-f678-4534-92e5-69572855bc5a.jpg	image	241026	1152x1728	RGB
artifacts/imagine_images/17c49704-f85e-4510-91eb-4a3736e1b846.jpg	image	355617	1152x1728	RGB
artifacts/imagine_images/181bd55f-7da9-445c-9d0a-b96babd8e144.jpg	image	213438	1152x1728	RGB
artifacts/imagine_images/182e389f-0cb9-4fbe-9a8a-57bfe086b008.jpg	image	350006	1408x1408	RGB
artifacts/imagine_images/18b1ba36-4b25-4304-9dc9-ebb87b589a87.jpg	image	182646	1152x1728	RGB
artifacts/imagine_images/19472abf-6962-4987-a8a9-6354a392d9e4.jpg	image	330109	1792x1008	RGB
artifacts/imagine_images/19630b46-a34a-4179-869c-b21bdae61546.jpg	image	205544	1152x1728	RGB
artifacts/imagine_images/1a3c2c9f-6046-4881-b9b0-61aaa0c1b62d.jpg	image	339772	1408x1408	RGB
artifacts/imagine_images/1ad56372-29e9-4c7a-9f65-65e646ec3abc.jpg	image	409399	1152x1728	RGB
artifacts/imagine_images/1b1ed577-b4be-469d-855a-8fbca57d76fb.jpg	image	288456	1792x1008	RGB
artifacts/imagine_images/1b30d4bc-6da8-4620-8cc6-43a3142a7d65.jpg	image	204125	1152x1728	RGB
artifacts/imagine_images/1c3bbff2-aff4-40d6-b95b-7a5eb34f00aa.jpg	image	524585	960x2064	RGB
artifacts/imagine_images/1d9040e0-74ed-4098-a86a-670be422be88.jpg	image	277555	1152x1728	RGB
artifacts/imagine_images/1db5465b-557f-4dda-aada-ed5eff502dd2.jpg	image	541551	1792x1008	RGB
artifacts/imagine_images/1dbb05d4-deae-47ee-9a99-44ee723d1f14.jpg	image	372246	1408x1408	RGB
artifacts/imagine_images/1e46f5ab-0f8b-4bc8-9942-4ea05f8870c9.jpg	image	257557	1152x1728	RGB
artifacts/imagine_images/1fde070f-70f2-4a54-84b9-9dc971cb962d.jpg	image	268229	1408x1408	RGB
artifacts/imagine_images/20182391-d26e-492a-bec0-8706969a84d9.jpg	image	316499	1408x1408	RGB
artifacts/imagine_images/2042adc8-15eb-4223-a1b7-935fbeec797f.jpg	image	304425	1152x1728	RGB
artifacts/imagine_images/20dc9ac4-2226-436f-b807-797b9d7e7cd0.jpg	image	339039	1152x1728	RGB
artifacts/imagine_images/21d8a07a-8d46-410f-9d6a-3bcb6bee7a4d.jpg	image	299082	1152x1728	RGB
artifacts/imagine_images/21eb3801-f622-4a34-b9cb-902b8d788f08.jpg	image	260134	1152x1728	RGB
artifacts/imagine_images/239e90ea-73d2-483e-b383-0270fc6d925b.jpg	image	349537	1152x1728	RGB
artifacts/imagine_images/23a855e8-1a2b-4b9b-874a-6e56f9066c72.jpg	image	229917	1152x1728	RGB
artifacts/imagine_images/23e39f15-3232-4197-8516-0fa30619c053.jpg	image	288974	1152x1728	RGB
artifacts/imagine_images/241b6703-2440-481e-917b-6ae21a1c0343.jpg	image	205463	1152x1728	RGB
artifacts/imagine_images/244f7341-66ac-4c68-a6e2-b493e386a550.jpg	image	278010	1152x1728	RGB
artifacts/imagine_images/2481977f-8494-4a8d-8c7b-98b0b6396523.jpg	image	340681	1152x1728	RGB
artifacts/imagine_images/25ba1a4d-6d14-41e4-af2c-9c9b3eea50dd.jpg	image	263742	1152x1728	RGB
artifacts/imagine_images/26929bf5-f5a1-4577-9323-71bc8db7002b.jpg	image	346176	1152x1728	RGB
artifacts/imagine_images/26c196e4-0ccf-4bc5-a14c-b438ed83ceeb.jpg	image	170832	1152x1728	RGB
artifacts/imagine_images/2759a434-4c25-4739-88af-1fec2cb2ebc1.jpg	image	230897	1728x1152	RGB
artifacts/imagine_images/29b6ba7c-fd8e-46ab-b522-6d7eacaf971f.jpg	image	225345	1152x1728	RGB
artifacts/imagine_images/29d12776-ca61-4915-8b14-2cd43244224f.jpg	image	284642	1152x1728	RGB
artifacts/imagine_images/29db3fc1-8d96-4c16-be7b-7cfe1d25200b.jpg	image	302490	1152x1728	RGB
artifacts/imagine_images/29f8e360-3afa-4ce2-9775-d7e48338b885.jpg	image	303933	1152x1728	RGB
artifacts/imagine_images/2b0271da-8e5d-45a8-9ab5-80f358e40186.jpg	image	343449	1152x1728	RGB
artifacts/imagine_images/2b516449-d877-4fa6-96ad-2a2618d28927.jpg	image	175940	1136x1744	RGB
artifacts/imagine_images/2b836a7c-14ed-448d-844d-72ac3514977f.jpg	image	369314	1408x1408	RGB
artifacts/imagine_images/2d1eeb04-41f3-476c-a0f9-4e48f3ffcebf.jpg	image	200857	1152x1728	RGB
artifacts/imagine_images/2d2be4ce-1f4a-46ed-bb63-1ca898b3d2c8.jpg	image	204984	1152x1728	RGB
artifacts/imagine_images/2dfd2bba-3221-460c-a4d3-10c6648d3455.jpg	image	249314	1152x1728	RGB
artifacts/imagine_images/2f8eacc1-313f-4576-8693-6e48c14242da.jpg	image	367993	1408x1408	RGB
artifacts/imagine_images/2faaca79-1e53-4b8b-a58b-5305e1d31f47.jpg	image	298437	1152x1728	RGB
artifacts/imagine_images/303ea726-fcff-4828-99a2-bba92c80130d.jpg	image	551635	1408x1408	RGB
artifacts/imagine_images/30a25fe0-3f1d-4d87-9303-62dfc366b7b0.jpg	image	298476	1152x1728	RGB
artifacts/imagine_images/30b3d26c-923c-4f69-813f-5b6ed674849f.jpg	image	257746	1152x1728	RGB
artifacts/imagine_images/31ce7b95-84c5-432a-b1b4-6944fc73056f.jpg	image	273413	1152x1728	RGB
artifacts/imagine_images/322b117c-753d-4708-bbcc-a140c9f1e3b7.jpg	image	221358	1248x1584	RGB
artifacts/imagine_images/323034fa-2607-45fe-99bb-4002703ce86e.jpg	image	249379	1152x1728	RGB
artifacts/imagine_images/32329802-d2a1-4456-b126-bd0b14ad6098.jpg	image	321788	1152x1728	RGB
artifacts/imagine_images/32e7a42c-6a84-48a2-9afa-232bcbb71b42.jpg	image	445932	960x2064	RGB
artifacts/imagine_images/334710d9-b587-4924-bb83-9924a5d20703.jpg	image	181133	1136x1744	RGB
artifacts/imagine_images/335bec6c-45bb-4cd0-a7d1-ccead2cb5423.jpg	image	324813	1152x1728	RGB
artifacts/imagine_images/336f43d4-9237-47b8-b94c-840132a89001.jpg	image	337802	1152x1728	RGB
artifacts/imagine_images/3395b6ea-d7f9-46e9-af5f-f9b1cd518cce.jpg	image	287661	1152x1728	RGB
artifacts/imagine_images/342c654e-97ae-4fc1-bb18-2722a005ee61.jpg	image	300916	1728x1152	RGB
artifacts/imagine_images/346f59f2-42e8-4fd8-a87e-8df360228f8d.jpg	image	323530	1152x1728	RGB
artifacts/imagine_images/351b772b-0984-4850-99ea-c05c7448d7ff.jpg	image	237731	1152x1728	RGB
artifacts/imagine_images/37795a44-bca6-4701-a63c-f83a47b30ebf.jpg	image	285894	1152x1728	RGB
artifacts/imagine_images/3a8fc726-cdd6-4920-b7b2-3a051140a9da.jpg	image	252965	1152x1728	RGB
artifacts/imagine_images/3b2319c1-61cd-4de6-86f7-9f4fdc114878.jpg	image	290323	1152x1728	RGB
artifacts/imagine_images/3b5177c2-c880-48c9-a48c-3f2a1d58efad.jpg	image	351219	1152x1728	RGB
artifacts/imagine_images/3d5dd946-f16d-41bf-8776-59f7b6722140.jpg	image	342960	1152x1728	RGB
artifacts/imagine_images/3df8ded0-6754-4d96-89bc-af07d1812ccf.jpg	image	320030	1152x1728	RGB
artifacts/imagine_images/3e2b792d-1022-4281-83a7-d806d4e14fde.jpg	image	267351	1136x1744	RGB
artifacts/imagine_images/3ff4e1a9-805b-4143-bd38-fbed10d48460.jpg	image	548245	960x2064	RGB
artifacts/imagine_images/411aed3a-7ea1-456b-b1fd-00d885a79e5d.jpg	image	273308	1152x1728	RGB
artifacts/imagine_images/41fad7d9-1055-4d56-8f5d-14c078d1269a.jpg	image	233733	1152x1728	RGB
artifacts/imagine_images/433ff231-0718-4850-af17-f86f2b2ecb07.jpg	image	336999	1152x1728	RGB
artifacts/imagine_images/43f1fad8-a867-461b-b8ab-ed619f062d2f.jpg	image	368629	1152x1728	RGB
artifacts/imagine_images/445ae3a8-8bb9-4799-b5b7-3dd7c7d93009.jpg	image	329317	1152x1728	RGB
artifacts/imagine_images/452ca997-fe24-497e-ae1c-5c20bf1b0d32.jpg	image	319860	1152x1728	RGB
artifacts/imagine_images/460f108a-afd0-4d05-b259-5ac4db4bde44.jpg	image	326835	1152x1728	RGB
artifacts/imagine_images/4635f60b-d038-477e-af8d-96cab05576c1.jpg	image	296313	1152x1728	RGB
artifacts/imagine_images/464f262d-1784-44e9-8667-a0b5a0095f24.jpg	image	354435	1152x1728	RGB
artifacts/imagine_images/47736a18-a920-4f07-9663-f3fef968afbe.jpg	image	297890	1152x1728	RGB
artifacts/imagine_images/47bdb540-6626-46e6-a86a-304aad23134e.jpg	image	237969	1152x1728	RGB
artifacts/imagine_images/47c76b62-a4f8-4de2-88e6-089059bd0e0b.jpg	image	350116	1152x1728	RGB
artifacts/imagine_images/48ae3632-9c92-4945-b6f4-50b11b3cd8d9.jpg	image	286756	1152x1728	RGB
artifacts/imagine_images/4921b9c9-ac4d-4b48-85c3-193c67e9f98e.jpg	image	219625	1152x1728	RGB
artifacts/imagine_images/4967d0b5-b14d-4df7-a8fa-334a6b6a4920.jpg	image	290976	1152x1728	RGB
artifacts/imagine_images/4a39f5b9-9070-45d1-a111-7454ea7aa62b.jpg	image	460915	1728x1152	RGB
artifacts/imagine_images/4bd1e6d2-d178-4dfd-9ab2-8a882822a40d.jpg	image	453999	960x2064	RGB
artifacts/imagine_images/4cb5e850-d318-4c82-b97f-8e044e723501.jpg	image	343219	1152x1728	RGB
artifacts/imagine_images/4cbfd0b8-e88b-4772-acbd-b70e50ec589b.jpg	image	282412	1792x1008	RGB
artifacts/imagine_images/4ce26785-42ef-42e8-afa8-c54a702b5b17.jpg	image	266789	1728x1152	RGB
artifacts/imagine_images/4def4705-c6bb-4ae8-8db4-8f78b7cfd054.jpg	image	224985	1136x1744	RGB
artifacts/imagine_images/4dfd0e68-fd75-4681-a545-596b68e0338c.jpg	image	291100	1152x1728	RGB
artifacts/imagine_images/4ea397d6-965d-457f-b51f-8f7e2e50c58b.jpg	image	329320	1152x1728	RGB
artifacts/imagine_images/4f0aca08-06a9-499a-a9ab-f71586a3bc59.jpg	image	195399	1152x1728	RGB
artifacts/imagine_images/4f4d0d9a-8641-4f8e-8c0b-ed9358c1e690.jpg	image	346870	1152x1728	RGB
artifacts/imagine_images/51684f07-0b2c-4326-b569-1f64aa5f4ca2.jpg	image	270952	1152x1728	RGB
artifacts/imagine_images/51f712de-95ad-483e-a143-97062a8a47ea.jpg	image	295451	1152x1728	RGB
artifacts/imagine_images/523150e5-aa4c-4129-9465-c862473e15b0.jpg	image	255497	1152x1728	RGB
artifacts/imagine_images/524025f7-44a3-4392-81d9-6d1c493bb51e.jpg	image	285291	1152x1728	RGB
artifacts/imagine_images/55f5268c-79c8-4614-8676-81172296ad89.jpg	image	285520	1152x1728	RGB
artifacts/imagine_images/55f6fc0a-1445-46dd-9725-012c652a1f8c.jpg	image	237085	1152x1728	RGB
artifacts/imagine_images/56210e03-2885-495e-95e1-add7ab3f079d.jpg	image	356815	1152x1728	RGB
artifacts/imagine_images/56a94ac3-667a-406b-9ca6-7d8ca3355d55.jpg	image	245670	1152x1728	RGB
artifacts/imagine_images/56ac3bae-f858-4a2c-830d-a607cdc56245.jpg	image	318244	1152x1728	RGB
artifacts/imagine_images/572bd7db-142f-4d89-a7d3-249d83c416a2.jpg	image	327806	1152x1728	RGB
artifacts/imagine_images/57438485-26bf-4756-adad-4a96032effac.jpg	image	212740	1152x1728	RGB
artifacts/imagine_images/57887a3a-fd7e-4f11-9315-915a4301be72.jpg	image	330310	1152x1728	RGB
artifacts/imagine_images/57c192cb-a571-431f-83e2-f63d7f22555b.jpg	image	234420	1136x1744	RGB
artifacts/imagine_images/57dce68b-99ba-4afd-bac7-5ef1d784f083.jpg	image	333975	1152x1728	RGB
artifacts/imagine_images/57de64dc-88a7-4d0b-8764-fdb6bd7fc925.jpg	image	489992	960x2064	RGB
artifacts/imagine_images/587c1ad3-e76a-456c-9e9c-f01af2d7937a.jpg	image	344654	1152x1728	RGB
artifacts/imagine_images/58c82317-b8c1-4a52-a2b0-b9618f6b5cb6.jpg	image	421619	1152x1728	RGB
artifacts/imagine_images/59017d06-f974-43f1-bc8b-3dacbad891ac.jpg	image	219308	1152x1728	RGB
artifacts/imagine_images/5a944aa9-1d9f-4606-8fa4-2bb83fbaccb5.jpg	image	262395	1152x1728	RGB
artifacts/imagine_images/5ac37c42-e233-43a3-a93c-4032a779a27d.jpg	image	482895	1408x1408	RGB
artifacts/imagine_images/5ae051e2-e4d1-4967-8f29-708d3df65af8.jpg	image	243791	1152x1728	RGB
artifacts/imagine_images/5bce22a3-3c9a-4f44-9733-edd331ea2d26.jpg	image	248308	1152x1728	RGB
artifacts/imagine_images/5d233cbd-f79a-4303-8fff-25f2a6d61145.jpg	image	350441	1152x1728	RGB
artifacts/imagine_images/5df575e1-d21f-45ec-8a39-f620519f3979.jpg	image	242438	1360x1456	RGB
artifacts/imagine_images/6069a04a-ef67-4b2f-9f7b-70bd0f25f1a9.jpg	image	279704	1728x1152	RGB
artifacts/imagine_images/60880211-c217-4183-9c0d-435b8efa6454.jpg	image	258564	1152x1728	RGB
artifacts/imagine_images/60f422db-ecfe-4b3c-b8ac-e5983c12a843.jpg	image	292159	1152x1728	RGB
artifacts/imagine_images/611fe510-7609-429d-a440-80122478bb60.jpg	image	190197	1152x1728	RGB
artifacts/imagine_images/6187370c-1296-4ce1-bec7-157ca756f81f.jpg	image	216828	1152x1728	RGB
artifacts/imagine_images/6260746c-52c2-4f83-98b6-27584a34c7a8.jpg	image	212535	1728x1152	RGB
artifacts/imagine_images/6300ee7a-837c-4488-8d25-7d881b312805.jpg	image	276506	1792x1008	RGB
artifacts/imagine_images/6480079c-ba66-42f8-8200-b9d184bb2599.jpg	image	345912	1152x1728	RGB
artifacts/imagine_images/65e0acce-fef8-4c8e-9bc4-785dea6acbbe.jpg	image	227704	1152x1728	RGB
artifacts/imagine_images/660af854-b210-45db-bb14-25e5e0da9eef.jpg	image	321901	1152x1728	RGB
artifacts/imagine_images/681408f1-0d28-4fcd-84f7-20471530a5df.jpg	image	372983	1408x1408	RGB
artifacts/imagine_images/69377dbb-668b-4919-ba23-0b98a8454c72.jpg	image	371770	1152x1728	RGB
artifacts/imagine_images/69eed438-d80c-49b7-9cac-ec52a5969f6e.jpg	image	283882	1152x1728	RGB
artifacts/imagine_images/69f325b3-e8a4-4899-a33e-0ade8f0d55e8.jpg	image	250045	1152x1728	RGB
artifacts/imagine_images/6a9ce66d-8202-450d-ace8-e5c14ae07be6.jpg	image	362213	1408x1408	RGB
artifacts/imagine_images/6b2aa036-1a98-4f60-bb03-c04a19a760cc.jpg	image	332612	1152x1728	RGB
artifacts/imagine_images/6b53d4e0-5bef-4f24-9ffc-3b1ab55f9442.jpg	image	305315	1152x1728	RGB
artifacts/imagine_images/6bc5796f-60cf-40e5-ac7a-927edfc454eb.jpg	image	257088	1152x1728	RGB
artifacts/imagine_images/6c3fdb4d-dab9-47de-a7fe-3dc15688418c.jpg	image	220655	1152x1728	RGB
artifacts/imagine_images/6c4096f4-b0cc-47f4-8323-1e84b7c7c391.jpg	image	225596	1152x1728	RGB
artifacts/imagine_images/6cbc37ae-038d-4acf-bdc8-b2a3b1680f61.jpg	image	401042	1792x1008	RGB
artifacts/imagine_images/6da7ce02-70dc-4eb2-b7d4-8304bbbcec45.jpg	image	277838	1152x1728	RGB
artifacts/imagine_images/6de6aca8-df99-4246-9df7-6ad36e478284.jpg	image	440910	1152x1728	RGB
artifacts/imagine_images/6e27cb63-1274-4b7b-8fa8-b5f34a15ecca.jpg	image	186026	1152x1728	RGB
artifacts/imagine_images/6e5cb760-8831-4445-a3f6-b41fa58b1057.jpg	image	256216	1152x1728	RGB
artifacts/imagine_images/6fe3741f-a090-459f-a9bd-1480ab0eb775.jpg	image	239272	1152x1728	RGB
artifacts/imagine_images/7128d1ed-d4e3-45a7-b942-b2285d9b9bcb.jpg	image	272110	1792x1008	RGB
artifacts/imagine_images/7170c5cb-c4f3-4100-b799-65b2ec52c92a.jpg	image	179528	1152x1728	RGB
artifacts/imagine_images/721fd619-4ba1-4d2f-9679-64cb66c424e0.jpg	image	625529	960x2064	RGB
artifacts/imagine_images/729d89be-a94c-4c29-8917-93529b98e3a8.jpg	image	304227	1152x1728	RGB
artifacts/imagine_images/72fd4d90-9456-4969-846e-3a137c582c57.jpg	image	394000	1792x1008	RGB
artifacts/imagine_images/73098d1c-3797-40f8-8c77-c8f94f5910b1.jpg	image	217887	1152x1728	RGB
artifacts/imagine_images/73f8b83e-ae58-4fe2-a688-2e9dcaeed623.jpg	image	231104	1152x1728	RGB
artifacts/imagine_images/75872052-fa4c-4482-90d1-e959abd029dd.jpg	image	181826	1152x1728	RGB
artifacts/imagine_images/76a52bd9-6c76-45ce-b81e-1c7014419c08.jpg	image	215182	1152x1728	RGB
artifacts/imagine_images/773d11eb-8bd2-42e7-b18b-dc8f8e0742ce.jpg	image	351991	1152x1728	RGB
artifacts/imagine_images/77dc77f2-ecad-4881-90b7-041af4a77da7.jpg	image	216460	1152x1728	RGB
artifacts/imagine_images/794df9e5-95aa-43f2-81e1-08bd5d8d1d7d.jpg	image	253545	1152x1728	RGB
artifacts/imagine_images/79618c58-7697-4ea3-9be7-ef28b16eb401.jpg	image	288861	1152x1728	RGB
artifacts/imagine_images/7cd75d5d-65d9-46e0-894b-090d25edf038.jpg	image	178826	1152x1728	RGB
artifacts/imagine_images/7d678cf3-c9d7-4860-b252-c2d2d4553e35.jpg	image	290038	1152x1728	RGB
artifacts/imagine_images/7d6b8c9c-86a4-4f97-9ec0-c822e72e9b8e.jpg	image	327913	1152x1728	RGB
artifacts/imagine_images/7e132f98-80d6-4a83-a3f3-3034a69b2f16.jpg	image	243943	1728x1152	RGB
artifacts/imagine_images/7e6b8a9b-6d6d-40ca-8879-f293c67cccd7.jpg	image	342094	1152x1728	RGB
artifacts/imagine_images/7fb02093-b2c3-49b1-ab4b-0b6134782fa6.jpg	image	337287	1152x1728	RGB
artifacts/imagine_images/7fc9878c-2525-4ab9-884a-98d6d796cdea.jpg	image	337727	1152x1728	RGB
artifacts/imagine_images/7fef9b6c-06f4-4cb3-8d66-fd21cc373b47.jpg	image	200171	1152x1728	RGB
artifacts/imagine_images/8182b16b-5adb-46b1-8b5d-e0a810e10f63.jpg	image	232822	1152x1728	RGB
artifacts/imagine_images/818b22b9-ff38-41bf-a2b1-e2fdee6fb243.jpg	image	283108	1728x1152	RGB
artifacts/imagine_images/81e0fd24-158d-497b-900f-a52c69d04192.jpg	image	220807	1152x1728	RGB
artifacts/imagine_images/82abbcec-9ee4-4e3c-bde3-0f04dd3318f5.jpg	image	315832	1152x1728	RGB
artifacts/imagine_images/8401e76d-be96-42f1-ba37-683deafaffe8.jpg	image	353461	1152x1728	RGB
artifacts/imagine_images/84146192-c8d5-4970-9b12-f92ae89197c1.jpg	image	225695	1152x1728	RGB
artifacts/imagine_images/843a958f-8405-49a7-8c3f-008f915611ef.jpg	image	327192	1152x1728	RGB
artifacts/imagine_images/84428b4d-3b93-4196-9e89-d609f221d636.jpg	image	258917	1152x1728	RGB
artifacts/imagine_images/8467eff0-ba38-4f50-bd1c-57008cfbbaf7.jpg	image	371389	1408x1408	RGB
artifacts/imagine_images/846e4260-2589-48b6-952f-429c4a2f504a.jpg	image	224350	1152x1728	RGB
artifacts/imagine_images/848c3b7b-ee13-47e7-8a0d-947535fc8f59.jpg	image	321791	1408x1408	RGB
artifacts/imagine_images/863454e1-98aa-48f9-9509-96998e45b334.jpg	image	490257	960x2064	RGB
artifacts/imagine_images/87c5f22d-eec4-4eb9-acc2-a773cc2f8105.jpg	image	285359	1152x1728	RGB
artifacts/imagine_images/88835380-41fb-4183-8e5f-c3c9ee3044fd.jpg	image	440545	960x2064	RGB
artifacts/imagine_images/8904e786-c698-4ca6-b90f-70f18a4f92d1.jpg	image	339706	1152x1728	RGB
artifacts/imagine_images/8a282bfa-2d8d-4a64-adcd-305e3a30f9ea.jpg	image	248604	1728x1152	RGB
artifacts/imagine_images/8ca3dae0-d598-4aae-b4dc-4cccbe03c1d4.jpg	image	293101	1792x1008	RGB
artifacts/imagine_images/8ce14cfc-fbdc-4577-a32d-ab9132eef5ef.jpg	image	218840	1728x1152	RGB
artifacts/imagine_images/8daaf191-bc84-4306-9715-4746d92d9e8c.jpg	image	366083	1152x1728	RGB
artifacts/imagine_images/8e221f22-bba4-491a-a882-175b89e25347.jpg	image	337616	1152x1728	RGB
artifacts/imagine_images/8f1a99fc-1390-4e71-8305-8df8a4d7a404.jpg	image	388705	1152x1728	RGB
artifacts/imagine_images/8f426193-aedc-4162-a046-4fab324dd3c2.jpg	image	290428	1152x1728	RGB
artifacts/imagine_images/8f552695-bf92-477e-8b8f-e03668864bfd.jpg	image	330291	1152x1728	RGB
artifacts/imagine_images/8f65735d-27be-41c6-ad40-ccae92c1a211.jpg	image	248057	1248x1584	RGB
artifacts/imagine_images/944fa452-3b05-4e29-841e-d75f8a51ddb7.jpg	image	297934	1152x1728	RGB
artifacts/imagine_images/9456f7ee-c8cf-443e-b036-2acaf5e3035d.jpg	image	333634	1152x1728	RGB
artifacts/imagine_images/95428b30-4f01-47a9-8f78-008d3c8546cc.jpg	image	352425	1152x1728	RGB
artifacts/imagine_images/95593635-1832-41dd-85ea-2806acb646b7.jpg	image	246399	1152x1728	RGB
artifacts/imagine_images/9633f997-496a-4e23-ac85-9c56d3323e2b.jpg	image	348592	1152x1728	RGB
artifacts/imagine_images/977e5fe0-ba57-4a05-aa05-c70160413a01.jpg	image	200495	1152x1728	RGB
artifacts/imagine_images/97d3f24b-e9e2-4922-8a78-ab96bebb2cd3.jpg	image	229922	1152x1728	RGB
artifacts/imagine_images/984cd0f3-ac66-45b3-afff-be2d2390882d.jpg	image	209623	1152x1728	RGB
artifacts/imagine_images/99881c36-20ee-4a42-a297-3bdc9341a886.jpg	image	373263	1408x1408	RGB
artifacts/imagine_images/99a78873-f61e-4e33-af68-8fade06e2818.jpg	image	331974	1152x1728	RGB
artifacts/imagine_images/9accfea2-0075-4e68-aabb-9ace56684054.jpg	image	241611	1728x1152	RGB
artifacts/imagine_images/9bc49bf9-aa3b-4f48-aa07-6e63c8680231.jpg	image	231260	1728x1152	RGB
artifacts/imagine_images/9c412501-0740-4b9c-8302-6ecaf95dcbc9.jpg	image	385413	1152x1728	RGB
artifacts/imagine_images/9c7eae14-38b0-44ca-a9de-38afcc6c5850.jpg	image	337204	1152x1728	RGB
artifacts/imagine_images/9c898080-d06e-4b04-9c80-a4e363d44ceb.jpg	image	283477	1152x1728	RGB
artifacts/imagine_images/9c90ff2b-76b6-4a3c-bbae-991b8a74d53e.jpg	image	310391	1152x1728	RGB
artifacts/imagine_images/9cdd8a1e-9a6f-470c-9b47-6693820b2d0d.jpg	image	298530	1152x1728	RGB
artifacts/imagine_images/9d149d5b-1548-464d-8b73-476aa18da9c6.jpg	image	177195	1728x1152	RGB
artifacts/imagine_images/9e04175f-a733-4fda-91cb-303f0f18d586.jpg	image	281939	1152x1728	RGB
artifacts/imagine_images/9e2b04b7-50d8-4ca5-bdbc-3bd79f4280a0.jpg	image	334288	1152x1728	RGB
artifacts/imagine_images/9e8accf0-3a94-415c-ac47-7ab0db4aee8a.jpg	image	381158	1408x1408	RGB
artifacts/imagine_images/9f8eab39-0480-4a16-945d-e435e13ec702.jpg	image	421621	1792x1008	RGB
artifacts/imagine_images/9f9098f9-6129-4a9d-8b46-d602a40ecafc.jpg	image	190938	1152x1728	RGB
artifacts/imagine_images/9fdab4af-87ee-47bd-978c-6fab1ce4b492.jpg	image	335016	1152x1728	RGB
artifacts/imagine_images/a0855e13-c7fc-4fd5-8722-7f8bcfedd3c0.jpg	image	345385	1152x1728	RGB
artifacts/imagine_images/a0c1ef9d-1886-4003-b6fc-78088963fb5d.jpg	image	269469	1152x1728	RGB
artifacts/imagine_images/a15f042e-d593-4f8d-86a4-a4942f8c3943.jpg	image	313645	1152x1728	RGB
artifacts/imagine_images/a1871836-d89e-4cba-98f2-cc2d237ea32d.jpg	image	275663	1152x1728	RGB
artifacts/imagine_images/a2ac1840-197e-4d9c-962d-75892565c9c3.jpg	image	260452	1152x1728	RGB
artifacts/imagine_images/a2bb2827-680f-41a8-9261-e589f12757a9.jpg	image	289959	1408x1408	RGB
artifacts/imagine_images/a2ec80b4-9ade-4cee-afb9-9aaa0389fa1f.jpg	image	388096	1152x1728	RGB
artifacts/imagine_images/a540c335-794c-4fb0-ab91-9a64efcf3cb2.jpg	image	225232	1152x1728	RGB
artifacts/imagine_images/a70e68ba-2b2c-4b45-91fd-5c3d3c6168cc.jpg	image	344974	1152x1728	RGB
artifacts/imagine_images/a71be9a4-d093-4174-998a-777c1685df84.jpg	image	267545	1792x1008	RGB
artifacts/imagine_images/a77dcdf6-e371-498c-a999-9d940149c748.jpg	image	287547	1152x1728	RGB
artifacts/imagine_images/a81ab785-54c4-4549-8d28-7322e612a79e.jpg	image	267477	1152x1728	RGB
artifacts/imagine_images/a825c836-25d0-445b-bd00-a306052c2cc6.jpg	image	375094	1408x1408	RGB
artifacts/imagine_images/aa12d633-271b-4438-8ede-3087da60fca7.jpg	image	218624	1152x1728	RGB
artifacts/imagine_images/aab0551c-e301-4d98-b7cb-b68a80cb5509.jpg	image	371520	1792x1008	RGB
artifacts/imagine_images/ac794926-b3ba-4685-adfd-4f8c370ad1f2.jpg	image	317543	1152x1728	RGB
artifacts/imagine_images/acb70545-7a51-451a-8a2b-a822c74a6727.jpg	image	264149	1152x1728	RGB
artifacts/imagine_images/acbba529-9b71-4864-8a9f-30f6512e408d.jpg	image	375908	1152x1728	RGB
artifacts/imagine_images/ad9303ba-24f2-4bcd-94fe-d42d709be328.jpg	image	252716	1152x1728	RGB
artifacts/imagine_images/aebaa7e1-4649-4ab7-811d-391c5a499a88.jpg	image	290460	1152x1728	RGB
artifacts/imagine_images/aee382cd-5263-48cd-9a7f-ce083b8736c6.jpg	image	353750	1152x1728	RGB
artifacts/imagine_images/af835057-a4f6-4efd-8b95-6c8eed79fce2.jpg	image	312834	1408x1408	RGB
artifacts/imagine_images/afc99b5b-bfdf-4fef-84ba-8c41328619d2.jpg	image	358683	1152x1728	RGB
artifacts/imagine_images/b16ea7d7-9141-46ff-871f-65258880fad5.jpg	image	315258	1408x1408	RGB
artifacts/imagine_images/b1d08480-792d-4051-8b30-6af748acd7d1.jpg	image	348915	1152x1728	RGB
artifacts/imagine_images/b218fccd-c650-47ca-ad64-7d0c1ffa90d0.jpg	image	356590	1408x1408	RGB
artifacts/imagine_images/b2ddc738-d917-4b0e-83f2-279d1df0b7b2.jpg	image	273083	1152x1728	RGB
artifacts/imagine_images/b4ee32ff-05d3-4ca4-885e-c1f565cac3a2.jpg	image	344641	1152x1728	RGB
artifacts/imagine_images/b4f2fe0c-28ec-4c17-b1ef-68dfb7857d6f.jpg	image	315567	1152x1728	RGB
artifacts/imagine_images/b5475a8b-a817-4c1c-a57e-4f6bd9221509.jpg	image	338730	1152x1728	RGB
artifacts/imagine_images/b5a96a6e-3edf-4a80-ba51-61547bb6080b.jpg	image	215912	1152x1728	RGB
artifacts/imagine_images/b5c4008f-0d01-4290-b150-c45e18472720.jpg	image	216717	1152x1728	RGB
artifacts/imagine_images/b7e0cdc0-efa5-42ce-b898-aeafce873d7f.jpg	image	279219	1152x1728	RGB
artifacts/imagine_images/b91b79c0-fed0-4bd5-bd11-5b12d52812db.jpg	image	362016	1408x1408	RGB
artifacts/imagine_images/b9c4ac2f-320b-471e-9079-af1520be67de.jpg	image	375590	1408x1408	RGB
artifacts/imagine_images/ba201b2c-c4ba-4e02-9921-6eaa0aacd974.jpg	image	226324	1344x1472	RGB
artifacts/imagine_images/ba531c9a-e8e3-42d2-9573-9e72363a2a3d.jpg	image	258245	1152x1728	RGB
artifacts/imagine_images/bbebceb4-904d-4141-8b91-1bc4230824f1.jpg	image	285074	1152x1728	RGB
artifacts/imagine_images/bc2ff1a8-f249-4199-9b0a-9ddd0da9f5c0.jpg	image	202584	1152x1728	RGB
artifacts/imagine_images/bcaa153c-987b-4573-8414-ccfac1ac06a9.jpg	image	349776	1152x1728	RGB
artifacts/imagine_images/bd33c711-5b74-48b3-b6df-592a8d957171.jpg	image	338672	1152x1728	RGB
artifacts/imagine_images/bd39605b-d40e-486b-aa2f-721b0610f8b1.jpg	image	229792	1152x1728	RGB
artifacts/imagine_images/bea907a9-6bfc-4742-907d-3c40c672e2ce.jpg	image	246468	1152x1728	RGB
artifacts/imagine_images/bf8b756e-e7b8-4d62-85be-52721d5c7780.jpg	image	355618	1152x1728	RGB
artifacts/imagine_images/bfb895c9-0698-48f1-8604-e2af8c28d0c0.jpg	image	224984	1152x1728	RGB
artifacts/imagine_images/bfe93474-d2a6-4c6e-a508-a1b226594c01.jpg	image	235601	1152x1728	RGB
artifacts/imagine_images/c05d4fd2-b299-43da-b0a0-ba886f6079f1.jpg	image	206622	1152x1728	RGB
artifacts/imagine_images/c1007cb2-7a3d-415b-abc1-d38c4e1f2520.jpg	image	497152	960x2064	RGB
artifacts/imagine_images/c1e48cc3-ac5b-4f0d-8ea1-14f5b25a909c.jpg	image	109892	1152x1728	RGB
artifacts/imagine_images/c20363cf-b12d-4caf-a3b5-0383da245497.jpg	image	239608	1152x1728	RGB
artifacts/imagine_images/c2182cc0-0700-4365-b697-29b6e1922fa8.jpg	image	338546	1152x1728	RGB
artifacts/imagine_images/c21b2440-d725-4ab7-9535-eafa54a036d0.jpg	image	218928	1152x1728	RGB
artifacts/imagine_images/c262706d-bca0-4c8a-9229-9f0abcbd2ebf.jpg	image	336175	1152x1728	RGB
artifacts/imagine_images/c2b33008-6441-41e8-b7a3-e62acfda00d3.jpg	image	253634	1152x1728	RGB
artifacts/imagine_images/c4bdec8c-ed8b-45aa-8d08-cb4166eb4ba2.jpg	image	243796	1136x1744	RGB
artifacts/imagine_images/c4e7842b-2504-4ecf-bbc6-dca543359687.jpg	image	257423	1152x1728	RGB
artifacts/imagine_images/c5f16149-3fa3-4b3d-b513-6dda2e2c4c9f.jpg	image	419679	1408x1408	RGB
artifacts/imagine_images/c62286e8-0755-4fba-8baa-694f9787c640.jpg	image	262846	1152x1728	RGB
artifacts/imagine_images/c655ff9e-2e59-4aa1-af8c-cde39342984a.jpg	image	194918	1136x1744	RGB
artifacts/imagine_images/c69d92d8-7986-4939-aca8-032c126a8a3c.jpg	image	207294	1152x1728	RGB
artifacts/imagine_images/c72e13ba-c471-43d0-9daa-bcb113257e49.jpg	image	352508	1152x1728	RGB
artifacts/imagine_images/c851ca40-40bc-43f9-95db-65dc48d84ee1.jpg	image	321139	1152x1728	RGB
artifacts/imagine_images/c88a4126-720d-4494-91e6-33d6241fdd73.jpg	image	353685	1152x1728	RGB
artifacts/imagine_images/c91b6f3d-ed22-4ab7-9be8-45d11c01de9a.jpg	image	294024	1152x1728	RGB
artifacts/imagine_images/c9fee60a-2307-429c-a6b9-526269a0a08e.jpg	image	303875	1792x1008	RGB
artifacts/imagine_images/ca63fbc0-5bda-460e-8137-4ac3a4620145.jpg	image	292153	1152x1728	RGB
artifacts/imagine_images/ca9f1dd6-a0d1-40ee-ba4c-a412edf89eaa.jpg	image	215047	1152x1728	RGB
artifacts/imagine_images/cb529f48-27a9-4a37-98b4-3cecee746c47.jpg	image	221689	1152x1728	RGB
artifacts/imagine_images/cc15b25a-4f30-46b1-99aa-7e984f8d6086.jpg	image	286734	1152x1728	RGB
artifacts/imagine_images/ccefcc2f-edab-4c64-ba66-40cfa40f8e86.jpg	image	295329	1152x1728	RGB
artifacts/imagine_images/ccffbd97-9257-4872-bc28-3894c98b4630.jpg	image	291231	1152x1728	RGB
artifacts/imagine_images/ce89ec81-fd1c-489e-b562-934667d56577.jpg	image	346792	1152x1728	RGB
artifacts/imagine_images/cf51b649-995a-4383-9a24-ba5a09d474ad.jpg	image	279209	1152x1728	RGB
artifacts/imagine_images/d059ae25-cf6e-484c-b02c-f41462cd5861.jpg	image	286058	1152x1728	RGB
artifacts/imagine_images/d10f4307-3a07-4173-845e-6f34845781f3.jpg	image	335257	1152x1728	RGB
artifacts/imagine_images/d11b49a9-a40b-4264-96f4-bbfa9039beff.jpg	image	275686	1728x1152	RGB
artifacts/imagine_images/d18780a3-06e8-402d-8faa-23f008c5755f.jpg	image	251732	1152x1728	RGB
artifacts/imagine_images/d24c9eb7-c2fa-4f7e-af37-78d7b7f5f3a5.jpg	image	230337	1152x1728	RGB
artifacts/imagine_images/d2bb1020-c936-44de-89b3-fff96471cb77.jpg	image	463628	960x2064	RGB
artifacts/imagine_images/d2d244fd-745d-4774-8f6f-e5229cb72961.jpg	image	247937	1152x1728	RGB
artifacts/imagine_images/d42e5be0-9180-4f30-876e-e2d796b48431.jpg	image	366164	1408x1408	RGB
artifacts/imagine_images/d6485cd6-7969-44dd-9f2e-2f1feddad997.jpg	image	328999	1792x1008	RGB
artifacts/imagine_images/d73b1a10-a4f7-4d61-a3b9-9c7039fa3ae4.jpg	image	312817	1152x1728	RGB
artifacts/imagine_images/d7787fce-c19f-4b50-ac51-8f1ace400327.jpg	image	343103	1792x1008	RGB
artifacts/imagine_images/d82375cd-0292-425d-8979-3959360f3bdd.jpg	image	253796	1152x1728	RGB
artifacts/imagine_images/d99c0c95-e6d4-42fd-8076-e71fe620a2aa.jpg	image	183610	1152x1728	RGB
artifacts/imagine_images/d9d472e6-17ba-4fdf-95a5-686fa0edaeb1.jpg	image	500143	960x2064	RGB
artifacts/imagine_images/dadfbb0e-d3fe-4b2a-832a-7db23dc0d3ef.jpg	image	330719	1152x1728	RGB
artifacts/imagine_images/dbc2de8f-1965-4b29-bed8-a3d10e9ff147.jpg	image	291686	1728x1152	RGB
artifacts/imagine_images/dbea6426-d0ee-4739-9b36-f61036b97da0.jpg	image	340437	1152x1728	RGB
artifacts/imagine_images/dbf09e37-9f52-4d1a-a12e-ad919495042c.jpg	image	248095	1152x1728	RGB
artifacts/imagine_images/dc8a14e3-8fae-41c7-918c-27734447c3a1.jpg	image	311154	1152x1728	RGB
artifacts/imagine_images/dcb50719-023e-4825-a33c-99e7de45b8c0.jpg	image	325784	1152x1728	RGB
artifacts/imagine_images/ddfb5f89-c485-4aea-a16e-358676bef35d.jpg	image	225895	1152x1728	RGB
artifacts/imagine_images/de0bc7fb-b37b-4362-aa85-7e8738d4922e.jpg	image	256411	1152x1728	RGB
artifacts/imagine_images/de335fa3-77e7-427b-b193-b7d42fdfc1ba.jpg	image	372598	1728x1152	RGB
artifacts/imagine_images/de7fdce0-d291-4609-af2f-81432d5434cb.jpg	image	308788	1152x1728	RGB
artifacts/imagine_images/e0225f97-9810-4492-9e6e-9c49b7b3db4f.jpg	image	277613	1152x1728	RGB
artifacts/imagine_images/e18676dd-0b68-4a9b-8e33-673b53897ea9.jpg	image	204131	1152x1728	RGB
artifacts/imagine_images/e204c290-64c4-445e-9c0b-c0d8efe950e6.jpg	image	367251	1728x1152	RGB
artifacts/imagine_images/e26ee113-1668-46a1-901c-7a7ee757a19f.jpg	image	331102	1152x1728	RGB
artifacts/imagine_images/e2ee27e3-a33a-4576-b471-40341b558433.jpg	image	371316	1408x1408	RGB
artifacts/imagine_images/e31a262b-6f84-43b6-a07c-f43a3ac00747.jpg	image	283326	1792x1008	RGB
artifacts/imagine_images/e4845873-75dd-412f-995a-fe681c1ea22c.jpg	image	237163	1152x1728	RGB
artifacts/imagine_images/e5a548ea-1cfd-4b36-832b-d2c6392e7c4d.jpg	image	331682	1152x1728	RGB
artifacts/imagine_images/e5e1bc09-4aad-4df7-b9f0-ede6f28c8456.jpg	image	223859	1152x1728	RGB
artifacts/imagine_images/e74bd106-b9d8-4d9c-b64f-3da1426a88d8.jpg	image	309572	1152x1728	RGB
artifacts/imagine_images/e79e7d7f-a7da-4fa9-8633-84fdd8304f7a.jpg	image	420850	1792x1008	RGB
artifacts/imagine_images/e843956d-1e25-414e-8793-341da4274435.jpg	image	269211	1792x1008	RGB
artifacts/imagine_images/e8708d58-95be-4df5-9a0b-54afb64482b8.jpg	image	243894	1728x1152	RGB
artifacts/imagine_images/ea2a37da-de98-432f-8a38-aa7331668f7a.jpg	image	244640	1360x1456	RGB
artifacts/imagine_images/ea6e69ff-9bdc-4b6b-9f02-31959e7bad85.jpg	image	362443	1152x1728	RGB
artifacts/imagine_images/ea7a6440-32f9-4b21-a1d2-16a31c9c67c8.jpg	image	330989	1152x1728	RGB
artifacts/imagine_images/ea93dfdb-c6b4-4415-8ff4-42ecd505b03e.jpg	image	177326	1136x1744	RGB
artifacts/imagine_images/eb365be8-e107-4ee9-8114-d4cc1edcbe96.jpg	image	245388	1152x1728	RGB
artifacts/imagine_images/ec6d2a33-3282-4bd0-a0a5-7d3f4f9f90f6.jpg	image	296529	1152x1728	RGB
artifacts/imagine_images/ecad8733-bc2d-4d2a-b565-cce6a22c6559.jpg	image	409365	1152x1728	RGB
artifacts/imagine_images/ecfde5c8-472e-4793-bfa9-8498bfa889da.jpg	image	191835	1152x1728	RGB
artifacts/imagine_images/ed0b574d-af8f-49c2-90a1-405e5fd87855.jpg	image	227729	1152x1728	RGB
artifacts/imagine_images/ed260fa6-6dc2-4f30-99d4-280b6d952ef9.jpg	image	245681	1152x1728	RGB
artifacts/imagine_images/ed6e8a8d-50ce-46b7-8855-62eac224056c.jpg	image	259260	1408x1408	RGB
artifacts/imagine_images/edd19f9d-598c-4bab-854a-d8d61dfe7446.jpg	image	237336	1152x1728	RGB
artifacts/imagine_images/eede5ed7-07fa-44de-879a-a5465e41ccea.jpg	image	196561	1152x1728	RGB
artifacts/imagine_images/ef4019f6-9061-4e7b-a9ca-c2764fae60a6.jpg	image	338958	1152x1728	RGB
artifacts/imagine_images/ef9bc533-4e9f-4225-a8dd-9d738a97892d.jpg	image	193734	1152x1728	RGB
artifacts/imagine_images/f02722e6-a5aa-4743-8ad0-35e9f25f0fb9.jpg	image	276837	1152x1728	RGB
artifacts/imagine_images/f0898c99-0210-4a69-81cf-b57f4a3b7cc6.jpg	image	408984	1152x1728	RGB
artifacts/imagine_images/f121be34-6542-402a-80ae-09a6c4699db8.jpg	image	287157	1152x1728	RGB
artifacts/imagine_images/f267e7a1-16da-4dc3-b2bc-8ba0539a7661.jpg	image	118217	1152x1728	RGB
artifacts/imagine_images/f384595b-37e0-4cfc-9e7e-dc4d43d5f117.jpg	image	221483	1152x1728	RGB
artifacts/imagine_images/f4b38a84-bb37-4939-b259-59693ec1fee8.jpg	image	357079	1152x1728	RGB
artifacts/imagine_images/f518f260-5c90-4544-b1f9-b53f16d8de7c.jpg	image	347289	1792x1008	RGB
artifacts/imagine_images/f56d2cf4-213f-45c3-bfb3-3851947982e3.jpg	image	361295	1408x1408	RGB
artifacts/imagine_images/f57147e0-a0cb-42c9-88eb-2ae4d858cc06.jpg	image	215041	1152x1728	RGB
artifacts/imagine_images/f61addd8-7a4f-41e1-81b0-11a4035d214e.jpg	image	306352	1152x1728	RGB
artifacts/imagine_images/f7621490-55fc-4ba9-b364-2fb661894bb5.jpg	image	473532	960x2064	RGB
artifacts/imagine_images/f7a6f23d-f77a-406f-8fc1-ffe02ae2f37e.jpg	image	261061	1152x1728	RGB
artifacts/imagine_images/f8d281b5-00fb-4dcb-bf48-8673fc0a204e.jpg	image	468587	960x2064	RGB
artifacts/imagine_images/fa1891e8-7702-4dd5-9a8c-ec8afa261131.jpg	image	278604	1792x1008	RGB
artifacts/imagine_images/fa46fb16-45b2-4de7-b603-6c3bf5e8fd88.jpg	image	282444	1152x1728	RGB
artifacts/imagine_images/fa6615ed-83de-4fb1-9763-015e7e108de6.jpg	image	225219	1152x1728	RGB
artifacts/imagine_images/fc4b4b71-8393-4b2d-bf31-5d2f162dda61.jpg	image	356245	1152x1728	RGB
artifacts/imagine_images/fc4cbc4e-b9f5-4e50-abdd-d0d585ca75e0.jpg	image	329971	1792x1008	RGB
artifacts/imagine_images/fc910228-1191-45fe-983f-3280bea63d1b.jpg	image	330644	1152x1728	RGB
artifacts/imagine_images/fc919611-5e5e-435f-8b94-10a02fbe62e9.jpg	image	229334	1136x1744	RGB
artifacts/imagine_images/fd97c26a-9bc3-4519-add6-fa02ab771c65.jpg	image	373334	1408x1408	RGB
artifacts/imagine_images/fdb2b27f-5ac5-4759-9c45-9790f8330e9d.jpg	image	288516	1152x1728	RGB
artifacts/imagine_images/fdf21241-f481-42df-b2fb-b6e92c3a9004.jpg	image	183353	1152x1728	RGB
artifacts/imagine_images/ffef78c8-33db-4e96-9817-de6325b286a9.jpg	image	182134	1152x1728	RGB
artifacts/imagine_images/shadowveil-ref-a.png	image	1107465	1000x1500	RGB
artifacts/imagine_images/shadowveil-ref-b.png	image	1779470	1000x1500	RGB
artifacts/imagine_videos/070c30b3-c375-4f8f-8b95-3e18d352b987.mp4	video	1117958	768x1168	6.04s 24/1fps frames=145 h264 audio=True
artifacts/imagine_videos/07f4bd2d-f5cf-48fe-ab68-6d7446a48070.mp4	video	1029291	768x1168	6.04s 24/1fps frames=145 h264 audio=True
artifacts/imagine_videos/092feea9-c25f-4f10-9c9e-38864561ec4a.mp4	video	1505931	704x1280	6.04s 24/1fps frames=145 h264 audio=True
artifacts/imagine_videos/0a4d3351-36d4-416d-b9d8-2ff73835c7fc.mp4	video	2640521	768x1168	10.04s 24/1fps frames=241 h264 audio=True
artifacts/imagine_videos/0ad8327e-6cdf-4fe4-8b42-f8a6cdfe56d8.mp4	video	1804489	992x912	6.04s 24/1fps frames=145 h264 audio=True
artifacts/imagine_videos/12ebebe1-83d1-435e-ab66-71dcf96aa270.mp4	video	904753	768x1168	6.04s 24/1fps frames=145 h264 audio=True
artifacts/imagine_videos/1377fc7a-816b-4dc0-a4b4-fc181a9c7955.mp4	video	1561428	768x1184	6.04s 24/1fps frames=145 h264 audio=True
artifacts/imagine_videos/165c68c9-a741-49fc-90d5-ea900463d413.mp4	video	922301	768x1168	6.04s 24/1fps frames=145 h264 audio=True
artifacts/imagine_videos/16f5040e-da91-4924-808d-2b074eafdc9f.mp4	video	1166875	768x1168	6.04s 24/1fps frames=145 h264 audio=True
artifacts/imagine_videos/193308ff-e533-49f2-b869-96ae58a91838.mp4	video	1477617	896x1008	6.04s 24/1fps frames=145 h264 audio=True
artifacts/imagine_videos/1bb69d27-9070-40fc-9d04-c8d36fb808b4.mp4	video	1621697	768x1168	6.04s 24/1fps frames=145 h264 audio=True
artifacts/imagine_videos/1f3abc0b-a526-47a7-9737-c4c22c6fc180.mp4	video	1157655	768x1168	6.04s 24/1fps frames=145 h264 audio=True
artifacts/imagine_videos/20a1568b-6101-4fd3-91ba-5b00b2130918.mp4	video	1729688	768x1168	6.04s 24/1fps frames=145 h264 audio=True
artifacts/imagine_videos/265ecf58-b985-4db7-9973-7221914c5c34.mp4	video	1415552	768x1168	6.04s 24/1fps frames=145 h264 audio=True
artifacts/imagine_videos/26ac9b4f-7fce-4c8a-bbab-2396e39904a9.mp4	video	1494155	768x1168	6.04s 24/1fps frames=145 h264 audio=True
artifacts/imagine_videos/35056002-9079-4cc0-8b19-30b00a1cf985.mp4	video	1191806	768x1168	6.04s 24/1fps frames=145 h264 audio=True
artifacts/imagine_videos/3b85744c-5796-4101-96a2-2747a0e37e7b.mp4	video	2933705	768x1168	6.04s 24/1fps frames=145 h264 audio=True
artifacts/imagine_videos/41d0e5a3-d6aa-450f-a7f8-9cdb12910869.mp4	video	735330	768x1168	6.04s 24/1fps frames=145 h264 audio=True
artifacts/imagine_videos/4428d35f-633e-442a-ad0e-8c5387650823.mp4	video	1396834	768x1168	6.04s 24/1fps frames=145 h264 audio=True
artifacts/imagine_videos/47d2804a-eb95-4c8d-ab2a-f41c88ee5acb.mp4	video	1380890	768x1168	6.04s 24/1fps frames=145 h264 audio=True
artifacts/imagine_videos/488c2818-0d73-450f-8fcc-cbec88c34492.mp4	video	1832495	848x1056	6.04s 24/1fps frames=145 h264 audio=True
artifacts/imagine_videos/58e6f869-211b-4968-a380-fb1cd2a9f47a.mp4	video	3789982	400x2208	6.04s 24/1fps frames=145 h264 audio=True
artifacts/imagine_videos/598c69ba-5ed8-45ea-a140-9b74381eaa33.mp4	video	913190	768x1168	6.04s 24/1fps frames=145 h264 audio=True
artifacts/imagine_videos/5eae6bbc-2d08-45d2-9241-8f0a93260876.mp4	video	1228222	816x1104	6.04s 24/1fps frames=145 h264 audio=True
artifacts/imagine_videos/6aef2e8c-715a-4952-871d-e09a8079aa00.mp4	video	1032385	768x1168	6.04s 24/1fps frames=145 h264 audio=True
artifacts/imagine_videos/6e542945-cdc6-4ad6-9f3e-63e9c2601bea.mp4	video	4287779	768x1168	10.04s 24/1fps frames=241 h264 audio=True
artifacts/imagine_videos/6e82044c-2789-441a-8975-9c8fd2890f7f.mp4	video	1376070	768x1168	6.04s 24/1fps frames=145 h264 audio=True
artifacts/imagine_videos/71db90be-a75c-421f-a976-15a40da86a96.mp4	video	1220874	768x1168	6.04s 24/1fps frames=145 h264 audio=True
artifacts/imagine_videos/7258d640-d3b2-4b3d-8bd7-4890ae534134.mp4	video	2105393	656x1392	6.04s 24/1fps frames=145 h264 audio=True
artifacts/imagine_videos/776a26ee-6815-43b8-973d-dae3689718f6.mp4	video	1191476	768x1168	6.04s 24/1fps frames=145 h264 audio=True
artifacts/imagine_videos/77cd4372-3026-4b01-8760-d6693402d4c1.mp4	video	1352924	768x1168	6.04s 24/1fps frames=145 h264 audio=True
artifacts/imagine_videos/80cceec1-0b81-4b38-909d-0a58e335ae4e.mp4	video	970353	768x1168	6.04s 24/1fps frames=145 h264 audio=True
artifacts/imagine_videos/81c12d08-cea5-4116-9a0c-fdfb2303772c.mp4	video	1751026	768x1168	6.04s 24/1fps frames=145 h264 audio=True
artifacts/imagine_videos/890fdb66-54c1-48d1-bcc2-5bccc9b1437b.mp4	video	1488783	768x1168	6.04s 24/1fps frames=145 h264 audio=True
artifacts/imagine_videos/89679ad3-9a14-435c-ac67-84eca4b88bda.mp4	video	1069329	768x1168	6.04s 24/1fps frames=145 h264 audio=True
artifacts/imagine_videos/93a4e8d5-2c0b-418e-bb70-92991897e1fb.mp4	video	1386724	768x1168	6.04s 24/1fps frames=145 h264 audio=True
artifacts/imagine_videos/951599a0-9b8d-4abc-b2d3-4c3ac620c4a4.mp4	video	1817401	768x1168	6.04s 24/1fps frames=145 h264 audio=True
artifacts/imagine_videos/a6338c8b-1d60-4f2c-9421-b3bf7e79068b.mp4	video	1013696	768x1168	6.04s 24/1fps frames=145 h264 audio=True
artifacts/imagine_videos/a8a3fa7e-19cc-4f7a-83c3-c819023ee768.mp4	video	889883	768x1168	6.04s 24/1fps frames=145 h264 audio=True
artifacts/imagine_videos/ad306d80-0f0d-4ac2-b34c-904f3d542f79.mp4	video	1074367	768x1168	6.04s 24/1fps frames=145 h264 audio=True
artifacts/imagine_videos/b72b9542-a73e-40cb-b3d5-2a5186a540fc.mp4	video	2874593	768x1168	6.04s 24/1fps frames=145 h264 audio=True
artifacts/imagine_videos/b75e5068-4842-4d7c-803e-b3fab312ee8e.mp4	video	845385	768x1168	6.04s 24/1fps frames=145 h264 audio=True
artifacts/imagine_videos/c6692e05-1719-49a4-8a80-095440ec36f1.mp4	video	1203130	720x1264	6.04s 24/1fps frames=145 h264 audio=True
artifacts/imagine_videos/cde736ee-a434-45a5-9b61-3171fcaa9fed.mp4	video	2599326	768x1168	6.04s 24/1fps frames=145 h264 audio=True
artifacts/imagine_videos/d31813f9-f502-4926-acea-52d74b4ac6fe.mp4	video	1580242	768x1168	6.04s 24/1fps frames=145 h264 audio=True
artifacts/imagine_videos/de618c19-57bc-4cae-b56e-4ca5e61851c1.mp4	video	1413789	768x1168	6.04s 24/1fps frames=145 h264 audio=True
artifacts/imagine_videos/e0bccefe-95aa-4335-a2e1-d26f84c7cc1e.mp4	video	1539588	768x1168	6.04s 24/1fps frames=145 h264 audio=True
artifacts/imagine_videos/e3ba4198-95a8-4ab2-b5f7-665c0bb445ad.mp4	video	1776027	768x1168	6.04s 24/1fps frames=145 h264 audio=True
artifacts/imagine_videos/f2cb6ec1-f1f5-477c-9393-7120bade14c5.mp4	video	1036051	768x1168	6.04s 24/1fps frames=145 h264 audio=True
artifacts/imagine_videos/f5cc6c4c-4c29-41f1-8cdb-a86ac08db91b.mp4	video	2478979	768x1168	6.04s 24/1fps frames=145 h264 audio=True
artifacts/imagine_videos/f7efbcf3-72b4-4923-af10-4ac7025280cf.mp4	video	1342629	768x1168	6.04s 24/1fps frames=145 h264 audio=True
artifacts/imagine_videos/f982137e-3219-4aef-bfcc-613a12bb0f97.mp4	video	1494926	768x1168	6.04s 24/1fps frames=145 h264 audio=True
artifacts/imagine_videos/fc8044eb-3482-4cfa-9ec1-d5df417adebe.mp4	video	1044868	768x1168	6.04s 24/1fps frames=145 h264 audio=True
artifacts/index.html	html	9235		
artifacts/keyed-3q.jpg	image	34746	800x500	RGB
artifacts/keyed-proof.jpg	image	90084	980x1000	RGB
artifacts/left-ref.jpg	image	44477	768x1152	RGB
artifacts/lookqa/f01.jpg	image	29628	768x1168	RGB
artifacts/lookqa/f02.jpg	image	35736	768x1168	RGB
artifacts/lookqa/f03.jpg	image	50179	768x1168	RGB
artifacts/lookqa/f04.jpg	image	49963	768x1168	RGB
artifacts/lookqa/f05.jpg	image	49639	768x1168	RGB
artifacts/lookqa/f06.jpg	image	48914	768x1168	RGB
artifacts/lookqa/f07.jpg	image	40829	768x1168	RGB
artifacts/lookqa/f08.jpg	image	32246	768x1168	RGB
artifacts/lookqa/f09.jpg	image	27560	768x1168	RGB
artifacts/lookqa/f10.jpg	image	24032	768x1168	RGB
artifacts/lookqa/f11.jpg	image	20732	768x1168	RGB
artifacts/lookqa/f12.jpg	image	19317	768x1168	RGB
artifacts/lookqa2/f01.jpg	image	30027	768x1168	RGB
artifacts/lookqa2/f02.jpg	image	36978	768x1168	RGB
artifacts/lookqa2/f03.jpg	image	52544	768x1168	RGB
artifacts/lookqa2/f04.jpg	image	52826	768x1168	RGB
artifacts/lookqa2/f05.jpg	image	52603	768x1168	RGB
artifacts/lookqa2/f06.jpg	image	51917	768x1168	RGB
artifacts/lookqa2/f07.jpg	image	36829	768x1168	RGB
artifacts/lookqa2/f08.jpg	image	31029	768x1168	RGB
artifacts/lookqa2/f09.jpg	image	26435	768x1168	RGB
artifacts/lookqa2/f10.jpg	image	23700	768x1168	RGB
artifacts/lookqa2/f11.jpg	image	20991	768x1168	RGB
artifacts/lookqa2/f12.jpg	image	19571	768x1168	RGB
artifacts/mouth-check.jpg	image	30378	360x400	RGB
artifacts/pose-key-proof.jpg	image	44643	900x700	RGB
artifacts/posed-front.png	image	130396	420x900	RGB
artifacts/posed-profile.png	image	100238	420x900	RGB
artifacts/profile.png	image	101244	420x900	RGB
artifacts/qa3/angry-a.jpg	image	30482	768x1168	RGB
artifacts/qa3/angry-b.jpg	image	30927	768x1168	RGB
artifacts/qa3/dodge-a.jpg	image	34133	768x1168	RGB
artifacts/qa3/dodge-b.jpg	image	34535	768x1168	RGB
artifacts/qa3/inspect-a.jpg	image	28434	768x1168	RGB
artifacts/qa3/inspect-b.jpg	image	29290	768x1168	RGB
artifacts/qa3/kick-a.jpg	image	27609	816x1104	RGB
artifacts/qa3/kick-b.jpg	image	28932	816x1104	RGB
artifacts/qa3/lie-a.jpg	image	19030	768x1168	RGB
artifacts/qa3/lie-b.jpg	image	19543	768x1168	RGB
artifacts/qa3/point-a.jpg	image	33535	768x1168	RGB
artifacts/qa3/point-b.jpg	image	33398	768x1168	RGB
artifacts/qa3/sit-a.jpg	image	35211	768x1168	RGB
artifacts/qa3/sit-b.jpg	image	35099	768x1168	RGB
artifacts/qa3/startle-a.jpg	image	45084	704x1280	RGB
artifacts/qa3/startle-b.jpg	image	41992	704x1280	RGB
artifacts/qa4/brace-a.jpg	image	39310	720x1264	RGB
artifacts/qa4/brace-b.jpg	image	39541	720x1264	RGB
artifacts/qa4/brace-c.jpg	image	40438	720x1264	RGB
artifacts/qa4/lunge-a.jpg	image	38381	992x912	RGB
artifacts/qa4/lunge-b.jpg	image	36513	992x912	RGB
artifacts/qa4/smirk-a.jpg	image	32025	768x1168	RGB
artifacts/qa4/smirk-b.jpg	image	32718	768x1168	RGB
artifacts/qa4/spin-a.jpg	image	26370	768x1168	RGB
artifacts/qa4/spin-b.jpg	image	28141	768x1168	RGB
artifacts/qa4/squat-a.jpg	image	46912	656x1392	RGB
artifacts/qa4/squat-b.jpg	image	46210	656x1392	RGB
artifacts/qa4/stop-a.jpg	image	34428	768x1168	RGB
artifacts/qa4/stop-b.jpg	image	33960	768x1168	RGB
artifacts/qa4/stumble-a.jpg	image	34302	848x1056	RGB
artifacts/qa4/stumble-b.jpg	image	32361	848x1056	RGB
artifacts/qa4/stumble-c.jpg	image	32004	848x1056	RGB
artifacts/qa4/worry-a.jpg	image	30264	768x1168	RGB
artifacts/qa4/worry-b.jpg	image	30296	768x1168	RGB
artifacts/qa5/gasp-a.jpg	image	31218	768x1168	RGB
artifacts/qa5/gasp-b.jpg	image	31378	768x1168	RGB
artifacts/qa5/knee-a.jpg	image	36478	896x1008	RGB
artifacts/qa5/knee-b.jpg	image	37914	896x1008	RGB
artifacts/qa5/twist-a.jpg	image	35116	768x1184	RGB
artifacts/qa5/twist-b.jpg	image	34077	768x1184	RGB
artifacts/qa5/yawn-a.jpg	image	29245	768x1168	RGB
artifacts/qa5/yawn-b.jpg	image	28813	768x1168	RGB
artifacts/qa6/chest-a.jpg	image	33364	768x1168	RGB
artifacts/qa6/chest-b.jpg	image	30031	768x1168	RGB
artifacts/qa6/gasp-01.jpg	image	30136	768x1168	RGB
artifacts/qa6/gasp-02.jpg	image	36802	768x1168	RGB
artifacts/qa6/gasp-03.jpg	image	53953	768x1168	RGB
artifacts/qa6/gasp-04.jpg	image	43463	768x1168	RGB
artifacts/qa6/gasp-05.jpg	image	33710	768x1168	RGB
artifacts/qa6/gasp-06.jpg	image	28487	768x1168	RGB
artifacts/qa6/gasp-07.jpg	image	23820	768x1168	RGB
artifacts/qa6/hair-a.jpg	image	30017	768x1168	RGB
artifacts/qa6/hair-b.jpg	image	28681	768x1168	RGB
artifacts/qa6/ready-a.jpg	image	31907	768x1168	RGB
artifacts/qa6/ready-b.jpg	image	32386	768x1168	RGB
artifacts/qa6/strap-a.jpg	image	28181	768x1168	RGB
artifacts/qa6/strap-b.jpg	image	28381	768x1168	RGB
artifacts/qa7/a-01.jpg	image	30731	768x1168	RGB
artifacts/qa7/a-02.jpg	image	37373	768x1168	RGB
artifacts/qa7/a-03.jpg	image	52738	768x1168	RGB
artifacts/qa7/a-04.jpg	image	42763	768x1168	RGB
artifacts/qa7/a-05.jpg	image	33686	768x1168	RGB
artifacts/qa7/b-01.jpg	image	30453	768x1168	RGB
artifacts/qa7/b-02.jpg	image	37260	768x1168	RGB
artifacts/qa7/b-03.jpg	image	52831	768x1168	RGB
artifacts/qa7/b-04.jpg	image	42855	768x1168	RGB
artifacts/qa7/b-05.jpg	image	33812	768x1168	RGB
artifacts/qa8/cheeks-a.jpg	image	31176	768x1168	RGB
artifacts/qa8/cheeks-b.jpg	image	30825	768x1168	RGB
artifacts/qa8/clasp-a.jpg	image	29086	768x1168	RGB
artifacts/qa8/clasp-b.jpg	image	28862	768x1168	RGB
artifacts/qa8/glare-a.jpg	image	28667	768x1168	RGB
artifacts/qa8/glare-b.jpg	image	30967	768x1168	RGB
artifacts/qa8/hem-a.jpg	image	32142	768x1168	RGB
artifacts/qa8/hem-b.jpg	image	32376	768x1168	RGB
artifacts/qa8/hip-a.jpg	image	32898	768x1168	RGB
artifacts/qa8/hip-b.jpg	image	33667	768x1168	RGB
artifacts/qa8/sad-a.jpg	image	29253	768x1168	RGB
artifacts/qa8/sad-b.jpg	image	29133	768x1168	RGB
artifacts/qa8/shrug-a.jpg	image	34889	768x1168	RGB
artifacts/qa8/shrug-b.jpg	image	33230	768x1168	RGB
artifacts/qa8/tongue-a.jpg	image	33832	768x1168	RGB
artifacts/qa8/tongue-b.jpg	image	33745	768x1168	RGB
artifacts/rest-front.png	image	127236	420x900	RGB
artifacts/rig-check.jpg	image	44604	420x500	RGB
artifacts/rigid-front.png	image	125524	420x900	RGB
artifacts/rigid-profile.png	image	99305	420x900	RGB
artifacts/rt-pose.png	image	131451	420x900	RGB
artifacts/rt-rest.png	image	127466	420x900	RGB
artifacts/rt-side.png	image	124148	420x900	RGB
artifacts/side-far-bent.png	image	108398	420x900	RGB
artifacts/side-far-knee-crop.png	image	77953	380x500	RGB
artifacts/side-far-knee.png	image	116312	420x900	RGB
artifacts/side-legs-crop.png	image	56135	340x400	RGB
artifacts/side-sep-bent-crop.png	image	75746	360x460	RGB
artifacts/side-sep-bent.png	image	116684	420x900	RGB
artifacts/side-sep-crop.png	image	75766	360x460	RGB
artifacts/side-sep.png	image	116698	420x900	RGB
artifacts/side-two-legs.png	image	108429	420x900	RGB
artifacts/size-match.jpg	image	47209	480x1226	RGB
artifacts/stretch_preview.jpg	image	145456	964x860	RGB
artifacts/stride-crop.png	image	87037	400x520	RGB
artifacts/stride.png	image	124165	420x900	RGB
artifacts/sway_b_low.jpg	image	29781	432x743	RGB
artifacts/sway_d_low.jpg	image	29855	432x743	RGB
artifacts/tone/fix-idle.jpg	image	146455	1152x1728	RGB
artifacts/tone/fix-lie3.jpg	image	97539	1152x1728	RGB
artifacts/tone/fix-stumble.jpg	image	117258	925x1149	RGB
artifacts/tpose-head.png	image	32490	220x172	RGBA
artifacts/tune-apose.jpg	image	22284	360x540	RGB
artifacts/tune-face-t.jpg	image	37063	420x520	RGB
artifacts/tune-face.jpg	image	40871	420x520	RGB
artifacts/turn/apose.jpg	image	80672	768x1168	RGB
artifacts/turn/back.jpg	image	76071	768x1168	RGB
artifacts/turn/bangs-back.jpg	image	55290	690x303	RGB
artifacts/turn/bangs-front.jpg	image	58853	690x302	RGB
artifacts/turn/face-crop.jpg	image	48646	1136x330	RGB
artifacts/turn/fig0.jpg	image	65145	261x1008	RGB
artifacts/turn/fig1.jpg	image	58640	224x1008	RGB
artifacts/turn/fig2.jpg	image	43404	176x1008	RGB
artifacts/turn/fig3.jpg	image	60976	266x1008	RGB
artifacts/turn/hair-135-check.jpg	image	94971	611x899	RGB
artifacts/turn/hair-all.jpg	image	22948	1440x290	RGB
artifacts/turn/hair-bangs.jpg	image	72372	950x272	RGB
artifacts/turn/hair-clean.jpg	image	81084	750x648	RGB
artifacts/turn/hair-core.jpg	image	57589	1280x225	RGB
artifacts/turn/hair-regen-qa.jpg	image	105397	840x620	RGB
artifacts/turn/hair-tight.jpg	image	69936	1360x239	RGB
artifacts/turn/heads/head-000.jpg	image	22954	261x283	RGB
artifacts/turn/heads/head-045.jpg	image	22360	224x284	RGB
artifacts/turn/heads/head-090.jpg	image	19036	176x280	RGB
artifacts/turn/heads/head-180.jpg	image	19907	266x282	RGB
artifacts/turn/left.jpg	image	52605	768x1168	RGB
artifacts/turn/profile-left-bust.jpg	image	30604	768x560	RGB
artifacts/turn/profile-right-bust.jpg	image	30176	768x560	RGB
artifacts/turn/qa-wave1.jpg	image	65129	880x706	RGB
artifacts/turn/right.jpg	image	51547	768x1168	RGB
artifacts/views-proof.jpg	image	42099	417x1600	RGB
artifacts/vqa/idle-01.jpg	image	29990	768x1168	RGB
artifacts/vqa/idle-03.jpg	image	51877	768x1168	RGB
artifacts/vqa/jump-01.jpg	image	37674	768x1168	RGB
artifacts/vqa/jump-03.jpg	image	66774	768x1168	RGB
artifacts/vqa/look-01.jpg	image	30403	768x1168	RGB
artifacts/vqa/look-03.jpg	image	50730	768x1168	RGB
artifacts/vqa/nod-01.jpg	image	30728	768x1168	RGB
artifacts/vqa/nod-03.jpg	image	52808	768x1168	RGB
artifacts/vqa/run-01.jpg	image	34609	768x1168	RGB
artifacts/vqa/run-03.jpg	image	53490	768x1168	RGB
artifacts/vqa/sway-01.jpg	image	29932	768x1168	RGB
artifacts/vqa/sway-03.jpg	image	50624	768x1168	RGB
artifacts/vqa/talk-01.jpg	image	30030	768x1168	RGB
artifacts/vqa/talk-03.jpg	image	51884	768x1168	RGB
artifacts/vqa/walk-01.jpg	image	29346	768x1168	RGB
artifacts/vqa/walk-03.jpg	image	52706	768x1168	RGB
artifacts/vqa2/back.jpg	image	28874	768x1168	RGB
artifacts/vqa2/getup.jpg	image	37427	768x1168	RGB
artifacts/vqa2/ground.jpg	image	22375	768x1168	RGB
artifacts/vqa2/idle-long.jpg	image	30778	768x1168	RGB
artifacts/vqa2/side.jpg	image	29077	768x1168	RGB
artifacts/vqa2/wave.jpg	image	32611	768x1168	RGB
artifacts/w-pose.png	image	144784	420x900	RGB
artifacts/w-rest.png	image	127493	420x900	RGB
artifacts/walk_f0.jpg	image	16848	212x536	RGB
artifacts/walk_f1.jpg	image	15914	212x536	RGB
artifacts/walk_f2.jpg	image	16367	212x536	RGB
artifacts/walk_f3.jpg	image	14810	212x536	RGB
assets/refs/anatomy.png	image	473447	1168x784	RGB
assets/refs/back.png	image	220832	196x1045	RGB
assets/refs/face_closeup.png	image	205332	350x460	RGB
assets/refs/feet_detail.png	image	199759	360x460	RGB
assets/refs/front.png	image	238178	220x1045	RGB
assets/refs/hinge.png	image	199579	254x837	RGB
assets/refs/sheet1_0.png	image	485682	416x1500	RGB
assets/refs/sheet1_1.png	image	623833	587x1500	RGB
assets/refs/sheet1_full.png	image	1107465	1000x1500	RGB
assets/refs/sheet2_0.png	image	1779470	1000x1500	RGB
assets/refs/sheet2_full.png	image	1779470	1000x1500	RGB
assets/refs/side.png	image	149012	128x1045	RGB
assets/refs/threequarter.png	image	218745	183x1045	RGB
attachments/1789685243563.jpeg	image	40670	692x1500	RGB
attachments/1790720982482.jpeg	image	57166	692x1500	RGB
attachments/1790724208687.jpeg	image	86758	692x1500	RGB
attachments/65477.jpg	image	74439	1168x784	RGB
attachments/65479.jpg	image	147311	784x1168	RGB
attachments/65481.jpg	image	120078	784x1168	RGB
attachments/65484.webp	image	168496	1000x1500	RGB
attachments/65485.webp	image	265440	1000x1500	RGB
attachments/65532.jpg	image	81988	692x1500	RGB
attachments/65538.jpg	image	61204	692x1500	RGB
attachments/65540.jpg	image	61274	692x1500	RGB
attachments/65542.jpg	image	79460	692x1500	RGB
attachments/65544.jpg	image	68405	692x1500	RGB
attachments/65631.jpg	image	65839	692x1500	RGB
attachments/65633.jpg	image	65554	692x1500	RGB
attachments/65639.jpg	image	53226	692x1500	RGB
attachments/65641.jpg	image	53308	692x1500	RGB
attachments/66501.jpg	image	92904	1500x1000	RGB
attachments/66502.jpg	image	160725	1920x1280	RGB
attachments/66514.jpg	image	72119	750x1500	RGB
attachments/66515.jpg	image	85745	750x1500	RGB
attachments/66566.jpg	image	78819	750x1500	RGB
attachments/66567.jpg	image	83477	750x1500	RGB
attachments/66568.jpg	image	86013	750x1500	RGB
attachments/66569.jpg	image	87334	750x1500	RGB
attachments/66570.jpg	image	90029	750x1500	RGB
attachments/66571.jpg	image	76318	750x1500	RGB
attachments/66572.jpg	image	84567	750x1500	RGB
attachments/66573.jpg	image	190067	1120x2240	RGB
attachments/66574.jpg	image	195611	1120x2240	RGB
attachments/66575.jpg	image	189067	1120x2240	RGB
attachments/66577.jpg	image	98431	750x1500	RGB
attachments/66587.jpg	image	67442	1500x582	RGB
attachments/66589.jpg	image	133210	1000x1500	RGB
attachments/66592.jpg	image	119132	1000x1500	RGB
attachments/66603.webp	image	54556	1500x828	RGB
attachments/67022.jpg	image	113474	1500x714	RGB
attachments/67197.png	image	44246	1000x1500	RGB
attachments/67200.jpg	image	113319	1200x1007	RGB
attachments/67202.jpg	image	9397	236x184	RGB
attachments/67369.jpg	image	70180	692x1500	RGB
attachments/67371.jpg	image	19813	692x1500	RGB
attachments/67375.jpg	image	76271	692x1500	RGB
attachments/67379.jpg	image	77728	692x1500	RGB
attachments/67391.jpg	image	86078	692x1500	RGB
attachments/67393.jpg	image	84399	692x1500	RGB
attachments/67395.jpg	image	86097	692x1500	RGB
attachments/67397.jpg	image	89234	692x1500	RGB
attachments/67399.jpg	image	87828	692x1500	RGB
attachments/67401.jpg	image	85931	692x1500	RGB
attachments/67403.jpg	image	86798	692x1500	RGB
attachments/67405.jpg	image	66971	692x1500	RGB
attachments/67407.jpg	image	78373	692x1500	RGB
attachments/67409.jpg	image	82923	692x1500	RGB
attachments/67412.jpg	image	89855	692x1500	RGB
attachments/67665.jpg	image	57166	692x1500	RGB
attachments/67667.jpg	image	131829	692x1500	RGB
attachments/67669.jpg	image	87598	692x1500	RGB
attachments/67679.jpg	image	57321	692x1500	RGB
attachments/67681.jpg	image	55210	692x1500	RGB
attachments/67683.jpg	image	61095	692x1500	RGB
attachments/67685.jpg	image	43580	692x1500	RGB
attachments/67687.jpg	image	87672	692x1500	RGB
attachments/67689.jpg	image	89128	692x1500	RGB
attachments/Screenshot_20260917_160259_Samsung Browser.jpg	image	478232	1080x2340	RGB
attachments/Screenshot_20260917_162732_Samsung Browser.jpg	image	446745	1080x2340	RGB
attachments/Screenshot_20260917_163526_Samsung Browser.jpg	image	504824	1080x2340	RGB
attachments/image.png	image	52168	253x1008	RGB
driver-work/DELIVERY_MANIFEST.json	json	15660		
driver-work/asset-and-code-integrity.json	json	4197		
driver-work/build-manifest.json	json	331		
driver-work/docs/driver/first-12-assets.json	json	4296		
driver-work/docs/driver/guide-metadata-example.json	json	233		
driver-work/docs/driver/provisional-driver.json	json	7904		
driver-work/label-fix-verification.json	json	740		
driver-work/public/catalog-views/48ba4faf9045baac59c6.png	image	173059	540x810	RGB
driver-work/public/catalog-views/cff7d8f7da882463c78b.png	image	128076	540x810	RGB
driver-work/public/catalog-views/e0628ddf8c351b3b9425.png	image	179190	540x810	RGB
driver-work/public/catalog/index.json	json	156440		
driver-work/public/catalog/qc-blocks.json	json	2061		
driver-work/public/driver-foundation/assets.json	json	4738869		
driver-work/public/driver-foundation/index.html	html	4943190		
driver-work/public/driver-foundation/modules/package.json	json	18		
driver-work/public/pose-v5/arm-L.png	image	25190	86x318	RGBA
driver-work/public/pose-v5/arm-R.png	image	24620	91x318	RGBA
driver-work/public/pose-v5/atlas.json	json	1723		
driver-work/public/pose-v5/foot-L.png	image	9095	65x95	RGBA
driver-work/public/pose-v5/foot-R.png	image	9222	65x95	RGBA
driver-work/public/pose-v5/front-clean.png	image	317753	512x1100	RGBA
driver-work/public/pose-v5/hand-L.png	image	7047	45x97	RGBA
driver-work/public/pose-v5/hand-R.png	image	7127	46x97	RGBA
driver-work/public/pose-v5/head.png	image	41072	131x184	RGBA
driver-work/public/pose-v5/leg-L.png	image	51319	111x486	RGBA
driver-work/public/pose-v5/leg-R.png	image	51611	111x486	RGBA
driver-work/public/pose-v5/reference-back.png	image	276953	512x1100	RGBA
driver-work/public/pose-v5/reference-qtr.png	image	285620	512x1100	RGBA
driver-work/public/pose-v5/reference-side.png	image	214797	512x1100	RGBA
driver-work/public/pose-v5/skin-weights.json	json	2300666		
driver-work/public/pose-v5/torso.png	image	108359	207x364	RGBA
freebuff/Shadowveil_Freebuff_Handoff/PACKAGE_MANIFEST.json	json	21187		
freebuff/Shadowveil_Freebuff_Handoff/driver-source/DELIVERY_MANIFEST.json	json	15660		
freebuff/Shadowveil_Freebuff_Handoff/driver-source/asset-and-code-integrity.json	json	4197		
freebuff/Shadowveil_Freebuff_Handoff/driver-source/build-manifest.json	json	331		
freebuff/Shadowveil_Freebuff_Handoff/driver-source/docs/driver/first-12-assets.json	json	4296		
freebuff/Shadowveil_Freebuff_Handoff/driver-source/docs/driver/guide-metadata-example.json	json	233		
freebuff/Shadowveil_Freebuff_Handoff/driver-source/docs/driver/provisional-driver.json	json	7904		
freebuff/Shadowveil_Freebuff_Handoff/driver-source/label-fix-verification.json	json	740		
freebuff/Shadowveil_Freebuff_Handoff/driver-source/public/driver-foundation/assets.json	json	3924827		
freebuff/Shadowveil_Freebuff_Handoff/driver-source/public/driver-foundation/index.html	html	4105708		
freebuff/Shadowveil_Freebuff_Handoff/driver-source/public/driver-foundation/modules/package.json	json	18		
freebuff/Shadowveil_Freebuff_Handoff/driver-source/public/pose-v5/arm-L.png	image	25190	86x318	RGBA
freebuff/Shadowveil_Freebuff_Handoff/driver-source/public/pose-v5/arm-R.png	image	24620	91x318	RGBA
freebuff/Shadowveil_Freebuff_Handoff/driver-source/public/pose-v5/atlas.json	json	1723		
freebuff/Shadowveil_Freebuff_Handoff/driver-source/public/pose-v5/foot-L.png	image	9095	65x95	RGBA
freebuff/Shadowveil_Freebuff_Handoff/driver-source/public/pose-v5/foot-R.png	image	9222	65x95	RGBA
freebuff/Shadowveil_Freebuff_Handoff/driver-source/public/pose-v5/front-clean.png	image	317753	512x1100	RGBA
freebuff/Shadowveil_Freebuff_Handoff/driver-source/public/pose-v5/hand-L.png	image	7047	45x97	RGBA
freebuff/Shadowveil_Freebuff_Handoff/driver-source/public/pose-v5/hand-R.png	image	7127	46x97	RGBA
freebuff/Shadowveil_Freebuff_Handoff/driver-source/public/pose-v5/head.png	image	41072	131x184	RGBA
freebuff/Shadowveil_Freebuff_Handoff/driver-source/public/pose-v5/leg-L.png	image	51319	111x486	RGBA
freebuff/Shadowveil_Freebuff_Handoff/driver-source/public/pose-v5/leg-R.png	image	51611	111x486	RGBA
freebuff/Shadowveil_Freebuff_Handoff/driver-source/public/pose-v5/reference-back.png	image	276953	512x1100	RGBA
freebuff/Shadowveil_Freebuff_Handoff/driver-source/public/pose-v5/reference-qtr.png	image	285620	512x1100	RGBA
freebuff/Shadowveil_Freebuff_Handoff/driver-source/public/pose-v5/reference-side.png	image	214797	512x1100	RGBA
freebuff/Shadowveil_Freebuff_Handoff/driver-source/public/pose-v5/skin-weights.json	json	2300666		
freebuff/Shadowveil_Freebuff_Handoff/driver-source/public/pose-v5/torso.png	image	108359	207x364	RGBA
freebuff/Shadowveil_Freebuff_Handoff/evidence/handoff-input-audit.json	json	51563		
freebuff/Shadowveil_Freebuff_Handoff/evidence/packaging-tool-checks.json	json	809		
freebuff/Shadowveil_Freebuff_Handoff/prior-reports/Shadowveil_Corrected_Catalog_Crop_Evidence.jpg	image	281787	1500x1450	RGB
freebuff/Shadowveil_Freebuff_Handoff/references/Shadowveil_Corrected_Catalog_QC_Manifest.json	json	473895		
freebuff/Shadowveil_Freebuff_Handoff/references/Shadowveil_Corrected_Registration_Shortlist.json	json	8842		
freebuff/Shadowveil_Freebuff_Handoff/references/catalog-index.json	json	187173		
public/__grok/icon-180.png	image	2100	180x180	RGBA
public/__grok/install/assets/homescreen/ob-ipad.png	image	101843	1902x882	RGBA
public/__grok/install/assets/homescreen/ob-phone.png	image	103612	1014x882	RGBA
public/base-model-clean-room.html	html	2391626		
public/clean-room.html	html	9235		
public/clean-room/apose.png	image	423003	1365x1739	RGBA
public/clean-room/apose.src.png	image	419703	1152x1728	RGBA
public/clean-room/back.jpg	image	45306	266x992	RGB
public/clean-room/back.png	image	441640	1365x1739	RGBA
public/clean-room/clips.json	json	34887		
public/clean-room/frames/acts-2-1.jpg	image	21900	313x548	RGB
public/clean-room/frames/acts-2-2.jpg	image	17085	226x548	RGB
public/clean-room/frames/acts-2-3.jpg	image	21516	313x548	RGB
public/clean-room/frames/acts-2-4.jpg	image	18173	232x548	RGB
public/clean-room/frames/adjust-1.jpg	image	19796	154x588	RGB
public/clean-room/frames/adjust-2.jpg	image	20002	168x588	RGB
public/clean-room/frames/adjust-3.jpg	image	20393	160x588	RGB
public/clean-room/frames/adjust-4.jpg	image	21028	172x588	RGB
public/clean-room/frames/adjust-back-1.jpg	image	21152	196x574	RGB
public/clean-room/frames/adjust-back-2.jpg	image	21442	212x574	RGB
public/clean-room/frames/angles-1.jpg	image	53351	412x975	RGB
public/clean-room/frames/angles-2.jpg	image	51162	391x975	RGB
public/clean-room/frames/angles-3.jpg	image	49469	395x975	RGB
public/clean-room/frames/angles-4.jpg	image	49575	411x975	RGB
public/clean-room/frames/emo-2-1.jpg	image	41306	470x531	RGB
public/clean-room/frames/emo-2-2.jpg	image	38924	426x531	RGB
public/clean-room/frames/emo-2-3.jpg	image	41478	471x531	RGB
public/clean-room/frames/emotions-1.jpg	image	29823	256x720	RGB
public/clean-room/frames/emotions-2.jpg	image	30107	355x720	RGB
public/clean-room/frames/emotions-3.jpg	image	25844	247x720	RGB
public/clean-room/frames/emotions-4.jpg	image	33303	337x720	RGB
public/clean-room/frames/emotions-5.jpg	image	27786	256x720	RGB
public/clean-room/frames/emotions-6.jpg	image	33444	355x720	RGB
public/clean-room/frames/emotions-7.jpg	image	28545	247x720	RGB
public/clean-room/frames/emotions-8.jpg	image	31687	337x720	RGB
public/clean-room/frames/faces-locked-1.jpg	image	33701	431x475	RGB
public/clean-room/frames/faces-locked-2.jpg	image	32329	427x475	RGB
public/clean-room/frames/faces-locked-3.jpg	image	33508	430x475	RGB
public/clean-room/frames/faces-locked-4.jpg	image	33613	440x475	RGB
public/clean-room/frames/faces-locked-5.jpg	image	34069	431x495	RGB
public/clean-room/frames/faces-locked-6.jpg	image	33981	427x495	RGB
public/clean-room/frames/faces-locked-7.jpg	image	33933	430x495	RGB
public/clean-room/frames/faces-locked-8.jpg	image	34694	440x495	RGB
public/clean-room/frames/getup-rise-1.jpg	image	18514	263x536	RGB
public/clean-room/frames/getup-rise-2.jpg	image	21038	269x536	RGB
public/clean-room/frames/getup-rise-3.jpg	image	18354	290x536	RGB
public/clean-room/frames/getup-rise-4.jpg	image	18708	210x536	RGB
public/clean-room/frames/hygiene-1.jpg	image	20258	185x574	RGB
public/clean-room/frames/hygiene-2.jpg	image	19018	164x574	RGB
public/clean-room/frames/hygiene-3.jpg	image	19917	169x574	RGB
public/clean-room/frames/idle-34-1.jpg	image	26181	222x678	RGB
public/clean-room/frames/idle-34-2.jpg	image	25153	218x678	RGB
public/clean-room/frames/idle-34-3.jpg	image	25601	238x678	RGB
public/clean-room/frames/idle-back-1.jpg	image	27068	322x675	RGB
public/clean-room/frames/idle-back-2.jpg	image	28621	341x675	RGB
public/clean-room/frames/idle-back-3.jpg	image	29999	460x675	RGB
public/clean-room/frames/idle-back-4.jpg	image	26012	283x675	RGB
public/clean-room/frames/idle-front-1.jpg	image	28025	283x677	RGB
public/clean-room/frames/idle-front-2.jpg	image	27061	275x677	RGB
public/clean-room/frames/idle-front-3.jpg	image	24789	274x677	RGB
public/clean-room/frames/idle-front-4.jpg	image	23965	239x677	RGB
public/clean-room/frames/idle-front-5.jpg	image	26925	283x677	RGB
public/clean-room/frames/idle-front-6.jpg	image	27366	275x677	RGB
public/clean-room/frames/idle-front-7.jpg	image	26156	274x677	RGB
public/clean-room/frames/idle-front-8.jpg	image	22722	239x677	RGB
public/clean-room/frames/idle-side-1.jpg	image	16156	182x506	RGB
public/clean-room/frames/idle-side-2.jpg	image	12365	129x506	RGB
public/clean-room/frames/idle-side-3.jpg	image	16163	194x506	RGB
public/clean-room/frames/idle-side-4.jpg	image	13056	140x506	RGB
public/clean-room/frames/idle-sway-1.jpg	image	87511	413x1611	RGB
public/clean-room/frames/idle-sway-2.jpg	image	92098	437x1611	RGB
public/clean-room/frames/idle-sway-3.jpg	image	87365	421x1611	RGB
public/clean-room/frames/idle-sway-4.jpg	image	91717	413x1611	RGB
public/clean-room/frames/inspect-1.jpg	image	19664	145x577	RGB
public/clean-room/frames/inspect-2.jpg	image	19974	169x577	RGB
public/clean-room/frames/inspect-3.jpg	image	16311	136x577	RGB
public/clean-room/frames/interact-1.jpg	image	21105	165x591	RGB
public/clean-room/frames/interact-2.jpg	image	11326	155x591	RGB
public/clean-room/frames/interact-3.jpg	image	14350	143x591	RGB
public/clean-room/frames/lie-1.jpg	image	12690	518x206	RGB
public/clean-room/frames/lie-2-1.jpg	image	40647	1022x292	RGB
public/clean-room/frames/lie-2.jpg	image	10947	492x206	RGB
public/clean-room/frames/lie-3.jpg	image	14401	518x364	RGB
public/clean-room/frames/lie-4.jpg	image	15951	492x364	RGB
public/clean-room/frames/lie-back-1.jpg	image	97531	1545x555	RGB
public/clean-room/frames/lie-front-1.jpg	image	115544	1461x761	RGB
public/clean-room/frames/life-1.jpg	image	21750	384x418	RGB
public/clean-room/frames/life-2.jpg	image	24606	385x418	RGB
public/clean-room/frames/life-3.jpg	image	27354	432x418	RGB
public/clean-room/frames/loop-blink-1.jpg	image	90533	361x1588	RGB
public/clean-room/frames/loop-blink-2.jpg	image	88990	361x1588	RGB
public/clean-room/frames/loop-blink-3.jpg	image	89788	360x1588	RGB
public/clean-room/frames/loop-blink-4.jpg	image	89503	362x1588	RGB
public/clean-room/frames/loop-look-1.jpg	image	95327	362x1591	RGB
public/clean-room/frames/loop-look-2.jpg	image	86249	364x1591	RGB
public/clean-room/frames/loop-look-3.jpg	image	91015	362x1591	RGB
public/clean-room/frames/loop-look-4.jpg	image	90698	364x1591	RGB
public/clean-room/frames/loop-nod-1.jpg	image	90807	360x1581	RGB
public/clean-room/frames/loop-nod-2.jpg	image	93210	362x1581	RGB
public/clean-room/frames/loop-nod-3.jpg	image	86477	360x1581	RGB
public/clean-room/frames/loop-nod-4.jpg	image	88793	362x1581	RGB
public/clean-room/frames/loop-talk-1.jpg	image	90501	361x1588	RGB
public/clean-room/frames/loop-talk-2.jpg	image	89668	361x1588	RGB
public/clean-room/frames/loop-talk-3.jpg	image	89682	361x1588	RGB
public/clean-room/frames/loop-talk-4.jpg	image	89320	361x1588	RGB
public/clean-room/frames/motion-1.jpg	image	26558	351x399	RGB
public/clean-room/frames/motion-2.jpg	image	25875	356x399	RGB
public/clean-room/frames/motion-3.jpg	image	26152	357x399	RGB
public/clean-room/frames/motion-4.jpg	image	26527	351x399	RGB
public/clean-room/frames/reactions-1.jpg	image	27496	351x409	RGB
public/clean-room/frames/reactions-2-1.jpg	image	26621	352x406	RGB
public/clean-room/frames/reactions-2-2.jpg	image	27071	356x406	RGB
public/clean-room/frames/reactions-2-3.jpg	image	26916	352x406	RGB
public/clean-room/frames/reactions-2.jpg	image	26794	357x409	RGB
public/clean-room/frames/reactions-3.jpg	image	27076	368x409	RGB
public/clean-room/frames/reactions-4.jpg	image	22230	326x409	RGB
public/clean-room/frames/set-16-1.jpg	image	39382	535x640	RGB
public/clean-room/frames/set-16-10p1.jpg	image	35715	426x640	RGB
public/clean-room/frames/set-16-10p2.jpg	image	24252	426x640	RGB
public/clean-room/frames/set-16-11p1.jpg	image	28103	514x641	RGB
public/clean-room/frames/set-16-11p2.jpg	image	33399	514x639	RGB
public/clean-room/frames/set-16-12.jpg	image	31024	437x1280	RGB
public/clean-room/frames/set-16-2.jpg	image	33621	426x640	RGB
public/clean-room/frames/set-16-3.jpg	image	36173	514x640	RGB
public/clean-room/frames/set-16-4.jpg	image	40892	437x640	RGB
public/clean-room/frames/set-16-5.jpg	image	36307	535x640	RGB
public/clean-room/frames/set-16-6.jpg	image	31093	426x640	RGB
public/clean-room/frames/set-16-7.jpg	image	28830	514x640	RGB
public/clean-room/frames/set-16-8.jpg	image	29749	437x640	RGB
public/clean-room/frames/set-16-9p1.jpg	image	38399	535x640	RGB
public/clean-room/frames/set-16-9p2.jpg	image	29420	535x640	RGB
public/clean-room/frames/set-17-1.jpg	image	33317	505x621	RGB
public/clean-room/frames/set-17-2.jpg	image	27267	680x621	RGB
public/clean-room/frames/set-17-3.jpg	image	28538	526x621	RGB
public/clean-room/frames/set-17-4.jpg	image	34472	505x622	RGB
public/clean-room/frames/set-17-5.jpg	image	47855	680x622	RGB
public/clean-room/frames/set-17-6.jpg	image	28815	526x622	RGB
public/clean-room/frames/set-17-7.jpg	image	39726	505x617	RGB
public/clean-room/frames/set-17-8.jpg	image	49955	680x617	RGB
public/clean-room/frames/set-17-9.jpg	image	44086	526x617	RGB
public/clean-room/frames/set-18-1p1.jpg	image	29081	376x620	RGB
public/clean-room/frames/set-18-1p2.jpg	image	25357	376x620	RGB
public/clean-room/frames/set-18-2p1.jpg	image	26089	597x620	RGB
public/clean-room/frames/set-18-2p2.jpg	image	35138	597x620	RGB
public/clean-room/frames/set-18-3p1.jpg	image	24987	399x620	RGB
public/clean-room/frames/set-18-3p2.jpg	image	27257	399x620	RGB
public/clean-room/frames/set-18-4p1.jpg	image	25860	475x621	RGB
public/clean-room/frames/set-18-4p2.jpg	image	35880	475x619	RGB
public/clean-room/frames/sheet-1947-1.jpg	image	38554	340x924	RGB
public/clean-room/frames/sheet-1947-2.jpg	image	80805	633x924	RGB
public/clean-room/frames/sheet-1947-3.jpg	image	38857	241x924	RGB
public/clean-room/frames/sheet-1947-4.jpg	image	41234	299x924	RGB
public/clean-room/frames/sheet-1947-5.jpg	image	40657	242x924	RGB
public/clean-room/frames/sheet-1db5-1.jpg	image	35595	299x462	RGB
public/clean-room/frames/sheet-1db5-10.jpg	image	35597	288x487	RGB
public/clean-room/frames/sheet-1db5-11.jpg	image	35282	293x487	RGB
public/clean-room/frames/sheet-1db5-12.jpg	image	35939	297x487	RGB
public/clean-room/frames/sheet-1db5-2.jpg	image	35751	288x462	RGB
public/clean-room/frames/sheet-1db5-3.jpg	image	36497	287x462	RGB
public/clean-room/frames/sheet-1db5-4.jpg	image	35805	288x462	RGB
public/clean-room/frames/sheet-1db5-5.jpg	image	35102	293x462	RGB
public/clean-room/frames/sheet-1db5-6.jpg	image	35312	297x462	RGB
public/clean-room/frames/sheet-1db5-7.jpg	image	35552	299x487	RGB
public/clean-room/frames/sheet-1db5-8.jpg	image	34636	288x487	RGB
public/clean-room/frames/sheet-1db5-9.jpg	image	35281	287x487	RGB
public/clean-room/frames/sheet-9f8e-1.jpg	image	39386	429x465	RGB
public/clean-room/frames/sheet-9f8e-2.jpg	image	39073	421x465	RGB
public/clean-room/frames/sheet-9f8e-3.jpg	image	41191	439x465	RGB
public/clean-room/frames/sheet-9f8e-4.jpg	image	41366	437x465	RGB
public/clean-room/frames/sheet-9f8e-5.jpg	image	40013	429x499	RGB
public/clean-room/frames/sheet-9f8e-6.jpg	image	40351	421x499	RGB
public/clean-room/frames/sheet-9f8e-7.jpg	image	43867	439x499	RGB
public/clean-room/frames/sheet-9f8e-8.jpg	image	40401	437x499	RGB
public/clean-room/frames/sheet-aab0-1.jpg	image	48045	286x971	RGB
public/clean-room/frames/sheet-aab0-2.jpg	image	49282	316x971	RGB
public/clean-room/frames/sheet-aab0-3.jpg	image	43895	251x971	RGB
public/clean-room/frames/sheet-aab0-4.jpg	image	94563	600x971	RGB
public/clean-room/frames/sheet-aab0-5.jpg	image	42478	254x971	RGB
public/clean-room/frames/sit-more-1.jpg	image	17627	307x407	RGB
public/clean-room/frames/sit-more-2.jpg	image	17388	289x407	RGB
public/clean-room/frames/sit-more-3.jpg	image	16955	267x407	RGB
public/clean-room/frames/turnaround-1.jpg	image	53892	424x990	RGB
public/clean-room/frames/turnaround-2.jpg	image	50053	406x990	RGB
public/clean-room/frames/turnaround-3.jpg	image	37820	364x990	RGB
public/clean-room/frames/turnaround-4.jpg	image	51602	431x990	RGB
public/clean-room/frames/walk-play-1.jpg	image	17913	228x536	RGB
public/clean-room/frames/walk-play-2.jpg	image	17077	185x536	RGB
public/clean-room/frames/walk-play-3.jpg	image	17668	237x536	RGB
public/clean-room/frames/walk-play-4.jpg	image	15727	174x536	RGB
public/clean-room/front.jpg	image	45764	263x992	RGB
public/clean-room/front.png	image	179249	263x992	RGBA
public/clean-room/hires/acts-2-1.jpg	image	139381	1152x1728	RGB
public/clean-room/hires/acts-2-2.jpg	image	127228	1152x1728	RGB
public/clean-room/hires/acts-2-3.jpg	image	142002	1152x1728	RGB
public/clean-room/hires/acts-2-4.jpg	image	126525	1152x1728	RGB
public/clean-room/hires/adjust-1.jpg	image	130820	1152x1728	RGB
public/clean-room/hires/adjust-2.jpg	image	130973	1152x1728	RGB
public/clean-room/hires/adjust-3.jpg	image	133978	1152x1728	RGB
public/clean-room/hires/adjust-4.jpg	image	131329	1152x1728	RGB
public/clean-room/hires/adjust-back-1.jpg	image	134538	1152x1728	RGB
public/clean-room/hires/adjust-back-2.jpg	image	134650	1152x1728	RGB
public/clean-room/hires/angles-1.jpg	image	146896	1152x1728	RGB
public/clean-room/hires/angles-2.jpg	image	145548	1152x1728	RGB
public/clean-room/hires/angles-3.jpg	image	139160	1152x1728	RGB
public/clean-room/hires/angles-4.jpg	image	137742	1152x1728	RGB
public/clean-room/hires/blink-shut.jpg	image	204984	1152x1728	RGB
public/clean-room/hires/emo-2-1.jpg	image	142969	1152x1728	RGB
public/clean-room/hires/emo-2-2.jpg	image	138335	1152x1728	RGB
public/clean-room/hires/emo-2-3.jpg	image	143909	1152x1728	RGB
public/clean-room/hires/emotions-1.jpg	image	142365	1152x1728	RGB
public/clean-room/hires/emotions-2.jpg	image	144292	1152x1728	RGB
public/clean-room/hires/emotions-3.jpg	image	133105	1152x1728	RGB
public/clean-room/hires/emotions-4.jpg	image	153665	1152x1728	RGB
public/clean-room/hires/emotions-5.jpg	image	138582	1152x1728	RGB
public/clean-room/hires/emotions-6.jpg	image	157143	1152x1728	RGB
public/clean-room/hires/emotions-7.jpg	image	141895	1152x1728	RGB
public/clean-room/hires/emotions-8.jpg	image	149293	1152x1728	RGB
public/clean-room/hires/faces-locked-1.jpg	image	187549	1152x1728	RGB
public/clean-room/hires/faces-locked-2.jpg	image	202946	1152x1728	RGB
public/clean-room/hires/faces-locked-3.jpg	image	197167	1152x1728	RGB
public/clean-room/hires/faces-locked-4.jpg	image	202186	1152x1728	RGB
public/clean-room/hires/faces-locked-5.jpg	image	195270	1152x1728	RGB
public/clean-room/hires/faces-locked-6.jpg	image	201005	1152x1728	RGB
public/clean-room/hires/faces-locked-7.jpg	image	197553	1152x1728	RGB
public/clean-room/hires/faces-locked-8.jpg	image	198699	1152x1728	RGB
public/clean-room/hires/getup-rise-1.jpg	image	170640	1152x1728	RGB
public/clean-room/hires/getup-rise-2.jpg	image	201042	1152x1728	RGB
public/clean-room/hires/getup-rise-3.jpg	image	156623	1152x1728	RGB
public/clean-room/hires/getup-rise-4.jpg	image	133315	1152x1728	RGB
public/clean-room/hires/hygiene-1.jpg	image	132748	1152x1728	RGB
public/clean-room/hires/hygiene-2.jpg	image	126735	1152x1728	RGB
public/clean-room/hires/hygiene-3.jpg	image	134068	1152x1728	RGB
public/clean-room/hires/idle-34-1.jpg	image	136083	1152x1728	RGB
public/clean-room/hires/idle-34-2.jpg	image	132869	1152x1728	RGB
public/clean-room/hires/idle-34-3.jpg	image	134890	1152x1728	RGB
public/clean-room/hires/idle-back-1.jpg	image	190784	1152x1728	RGB
public/clean-room/hires/idle-back-2.jpg	image	166335	1152x1728	RGB
public/clean-room/hires/idle-back-3.jpg	image	151207	1152x1728	RGB
public/clean-room/hires/idle-back-4.jpg	image	147613	1152x1728	RGB
public/clean-room/hires/idle-front-1.jpg	image	146455	1152x1728	RGB
public/clean-room/hires/idle-front-2.jpg	image	138073	1152x1728	RGB
public/clean-room/hires/idle-front-3.jpg	image	132256	1152x1728	RGB
public/clean-room/hires/idle-front-4.jpg	image	127886	1152x1728	RGB
public/clean-room/hires/idle-front-5.jpg	image	136923	1152x1728	RGB
public/clean-room/hires/idle-front-6.jpg	image	139955	1152x1728	RGB
public/clean-room/hires/idle-front-7.jpg	image	146724	1152x1728	RGB
public/clean-room/hires/idle-front-8.jpg	image	123896	1152x1728	RGB
public/clean-room/hires/idle-side-1.jpg	image	128372	1152x1728	RGB
public/clean-room/hires/idle-side-2.jpg	image	108539	1152x1728	RGB
public/clean-room/hires/idle-side-3.jpg	image	126307	1152x1728	RGB
public/clean-room/hires/idle-side-4.jpg	image	113140	1152x1728	RGB
public/clean-room/hires/idle-sway-1.jpg	image	142368	1152x1728	RGB
public/clean-room/hires/idle-sway-2.jpg	image	140570	1152x1728	RGB
public/clean-room/hires/idle-sway-3.jpg	image	145269	1152x1728	RGB
public/clean-room/hires/idle-sway-4.jpg	image	148073	1152x1728	RGB
public/clean-room/hires/inspect-1.jpg	image	130375	1152x1728	RGB
public/clean-room/hires/inspect-2.jpg	image	141139	1152x1728	RGB
public/clean-room/hires/inspect-3.jpg	image	126724	1152x1728	RGB
public/clean-room/hires/interact-1.jpg	image	132328	1152x1728	RGB
public/clean-room/hires/interact-2.jpg	image	126181	1152x1728	RGB
public/clean-room/hires/interact-3.jpg	image	131488	1152x1728	RGB
public/clean-room/hires/lie-1.jpg	image	80096	1152x1728	RGB
public/clean-room/hires/lie-2-1.jpg	image	126450	1152x1728	RGB
public/clean-room/hires/lie-2.jpg	image	85495	1152x1728	RGB
public/clean-room/hires/lie-3.jpg	image	97539	1152x1728	RGB
public/clean-room/hires/lie-4.jpg	image	166602	1152x1728	RGB
public/clean-room/hires/lie-back-1.jpg	image	121761	1152x1728	RGB
public/clean-room/hires/lie-front-1.jpg	image	170223	1152x1728	RGB
public/clean-room/hires/life-1.jpg	image	137587	1152x1728	RGB
public/clean-room/hires/life-2.jpg	image	134958	1152x1728	RGB
public/clean-room/hires/life-3.jpg	image	202399	1152x1728	RGB
public/clean-room/hires/loop-blink-1.jpg	image	147109	1152x1728	RGB
public/clean-room/hires/loop-blink-2.jpg	image	144381	1152x1728	RGB
public/clean-room/hires/loop-blink-3.jpg	image	149050	1152x1728	RGB
public/clean-room/hires/loop-blink-4.jpg	image	153800	1152x1728	RGB
public/clean-room/hires/loop-look-1.jpg	image	145351	1152x1728	RGB
public/clean-room/hires/loop-look-2.jpg	image	150362	1152x1728	RGB
public/clean-room/hires/loop-look-3.jpg	image	155137	1152x1728	RGB
public/clean-room/hires/loop-look-4.jpg	image	147205	1152x1728	RGB
public/clean-room/hires/loop-nod-1.jpg	image	152825	1152x1728	RGB
public/clean-room/hires/loop-nod-2.jpg	image	156152	1152x1728	RGB
public/clean-room/hires/loop-nod-3.jpg	image	149211	1152x1728	RGB
public/clean-room/hires/loop-nod-4.jpg	image	158093	1152x1728	RGB
public/clean-room/hires/loop-talk-1.jpg	image	152195	1152x1728	RGB
public/clean-room/hires/loop-talk-2.jpg	image	151255	1152x1728	RGB
public/clean-room/hires/loop-talk-3.jpg	image	153881	1152x1728	RGB
public/clean-room/hires/loop-talk-4.jpg	image	150698	1152x1728	RGB
public/clean-room/hires/motion-1.jpg	image	141069	1152x1728	RGB
public/clean-room/hires/motion-2.jpg	image	145313	1152x1728	RGB
public/clean-room/hires/motion-3.jpg	image	136341	1152x1728	RGB
public/clean-room/hires/motion-4.jpg	image	139895	1152x1728	RGB
public/clean-room/hires/reactions-1.jpg	image	141135	1152x1728	RGB
public/clean-room/hires/reactions-2-1.jpg	image	144173	1152x1728	RGB
public/clean-room/hires/reactions-2-2.jpg	image	145404	1152x1728	RGB
public/clean-room/hires/reactions-2-3.jpg	image	140654	1152x1728	RGB
public/clean-room/hires/reactions-2.jpg	image	145530	1152x1728	RGB
public/clean-room/hires/reactions-3.jpg	image	148678	1152x1728	RGB
public/clean-room/hires/reactions-4.jpg	image	138640	1152x1728	RGB
public/clean-room/hires/set-16-1.jpg	image	199952	1152x1728	RGB
public/clean-room/hires/set-16-10p1.jpg	image	228281	1152x1728	RGB
public/clean-room/hires/set-16-10p2.jpg	image	128324	1152x1728	RGB
public/clean-room/hires/set-16-11p1.jpg	image	141696	1152x1728	RGB
public/clean-room/hires/set-16-11p2.jpg	image	157476	1152x1728	RGB
public/clean-room/hires/set-16-12.jpg	image	129352	1152x1728	RGB
public/clean-room/hires/set-16-2.jpg	image	198533	1152x1728	RGB
public/clean-room/hires/set-16-3.jpg	image	196204	1152x1728	RGB
public/clean-room/hires/set-16-4.jpg	image	233550	1152x1728	RGB
public/clean-room/hires/set-16-5.jpg	image	170033	1152x1728	RGB
public/clean-room/hires/set-16-6.jpg	image	173216	1152x1728	RGB
public/clean-room/hires/set-16-7.jpg	image	152071	1152x1728	RGB
public/clean-room/hires/set-16-8.jpg	image	170427	1152x1728	RGB
public/clean-room/hires/set-16-9p1.jpg	image	200392	1152x1728	RGB
public/clean-room/hires/set-16-9p2.jpg	image	156022	1152x1728	RGB
public/clean-room/hires/set-17-1.jpg	image	164214	1152x1728	RGB
public/clean-room/hires/set-17-2.jpg	image	132807	1152x1728	RGB
public/clean-room/hires/set-17-3.jpg	image	140099	1152x1728	RGB
public/clean-room/hires/set-17-4.jpg	image	179791	1152x1728	RGB
public/clean-room/hires/set-17-5.jpg	image	212294	1152x1728	RGB
public/clean-room/hires/set-17-6.jpg	image	153588	1152x1728	RGB
public/clean-room/hires/set-17-7.jpg	image	210569	1152x1728	RGB
public/clean-room/hires/set-17-8.jpg	image	173125	1152x1728	RGB
public/clean-room/hires/set-17-9.jpg	image	227818	1152x1728	RGB
public/clean-room/hires/set-18-1p1.jpg	image	196374	1152x1728	RGB
public/clean-room/hires/set-18-1p2.jpg	image	146865	1152x1728	RGB
public/clean-room/hires/set-18-2p1.jpg	image	121823	1152x1728	RGB
public/clean-room/hires/set-18-2p2.jpg	image	169099	1152x1728	RGB
public/clean-room/hires/set-18-3p1.jpg	image	147601	1152x1728	RGB
public/clean-room/hires/set-18-3p2.jpg	image	148700	1152x1728	RGB
public/clean-room/hires/set-18-4p1.jpg	image	137856	1152x1728	RGB
public/clean-room/hires/set-18-4p2.jpg	image	171734	1152x1728	RGB
public/clean-room/hires/sheet-1947-1.jpg	image	279681	1152x1728	RGB
public/clean-room/hires/sheet-1947-2.jpg	image	213174	1152x1728	RGB
public/clean-room/hires/sheet-1947-2b.jpg	image	197417	1152x1728	RGB
public/clean-room/hires/sheet-1947-3.jpg	image	207309	1152x1728	RGB
public/clean-room/hires/sheet-1947-4.jpg	image	209036	1152x1728	RGB
public/clean-room/hires/sheet-1947-5.jpg	image	212561	1152x1728	RGB
public/clean-room/hires/sheet-1db5-1.jpg	image	213138	1152x1728	RGB
public/clean-room/hires/sheet-1db5-10.jpg	image	202565	1152x1728	RGB
public/clean-room/hires/sheet-1db5-11.jpg	image	207890	1152x1728	RGB
public/clean-room/hires/sheet-1db5-12.jpg	image	196508	1152x1728	RGB
public/clean-room/hires/sheet-1db5-2.jpg	image	208184	1152x1728	RGB
public/clean-room/hires/sheet-1db5-3.jpg	image	207066	1152x1728	RGB
public/clean-room/hires/sheet-1db5-4.jpg	image	209386	1152x1728	RGB
public/clean-room/hires/sheet-1db5-5.jpg	image	205311	1152x1728	RGB
public/clean-room/hires/sheet-1db5-6.jpg	image	205336	1152x1728	RGB
public/clean-room/hires/sheet-1db5-7.jpg	image	206489	1152x1728	RGB
public/clean-room/hires/sheet-1db5-8.jpg	image	198158	1152x1728	RGB
public/clean-room/hires/sheet-1db5-9.jpg	image	208428	1152x1728	RGB
public/clean-room/hires/sheet-9f8e-1.jpg	image	205962	1152x1728	RGB
public/clean-room/hires/sheet-9f8e-2.jpg	image	211024	1152x1728	RGB
public/clean-room/hires/sheet-9f8e-3.jpg	image	224567	1152x1728	RGB
public/clean-room/hires/sheet-9f8e-4.jpg	image	214483	1152x1728	RGB
public/clean-room/hires/sheet-9f8e-5.jpg	image	209777	1152x1728	RGB
public/clean-room/hires/sheet-9f8e-6.jpg	image	212675	1152x1728	RGB
public/clean-room/hires/sheet-9f8e-7.jpg	image	206285	1152x1728	RGB
public/clean-room/hires/sheet-9f8e-8.jpg	image	214759	1152x1728	RGB
public/clean-room/hires/sheet-aab0-1.jpg	image	219430	1152x1728	RGB
public/clean-room/hires/sheet-aab0-2.jpg	image	224138	1152x1728	RGB
public/clean-room/hires/sheet-aab0-3.jpg	image	203037	1152x1728	RGB
public/clean-room/hires/sheet-aab0-4.jpg	image	387493	1152x1728	RGB
public/clean-room/hires/sheet-aab0-5.jpg	image	194422	1152x1728	RGB
public/clean-room/hires/sit-more-1.jpg	image	173048	1152x1728	RGB
public/clean-room/hires/sit-more-2.jpg	image	178955	1152x1728	RGB
public/clean-room/hires/sit-more-3.jpg	image	175604	1152x1728	RGB
public/clean-room/hires/talk-ah.jpg	image	249314	1152x1728	RGB
public/clean-room/hires/talk-eh.jpg	image	245798	1152x1728	RGB
public/clean-room/hires/turnaround-1.jpg	image	215256	1152x1728	RGB
public/clean-room/hires/turnaround-2.jpg	image	205467	1152x1728	RGB
public/clean-room/hires/turnaround-3.jpg	image	164877	1152x1728	RGB
public/clean-room/hires/turnaround-4.jpg	image	217179	1152x1728	RGB
public/clean-room/hires/walk-play-1.jpg	image	128221	1152x1728	RGB
public/clean-room/hires/walk-play-2.jpg	image	125287	1152x1728	RGB
public/clean-room/hires/walk-play-3.jpg	image	121109	1152x1728	RGB
public/clean-room/hires/walk-play-4.jpg	image	124555	1152x1728	RGB
public/clean-room/index.html	html	30813		
public/clean-room/layers/hair/hair-000.jpg	image	9938	261x1008	RGB
public/clean-room/layers/hair/hair-000.png	image	296801	1344x1472	RGB
public/clean-room/layers/hair/hair-045.jpg	image	10459	224x1008	RGB
public/clean-room/layers/hair/hair-045.png	image	402658	1248x1584	RGB
public/clean-room/layers/hair/hair-090.jpg	image	10429	176x1008	RGB
public/clean-room/layers/hair/hair-090.png	image	525401	1120x1776	RGB
public/clean-room/layers/hair/hair-135.jpg	image	45426	1136x1744	RGB
public/clean-room/layers/hair/hair-135.png	image	372594	1360x1456	RGB
public/clean-room/layers/hair/hair-180.jpg	image	11889	266x1008	RGB
public/clean-room/layers/hair/hair-180.png	image	385553	1360x1456	RGB
public/clean-room/layers/hair/hair-225.jpg	image	46425	1136x1744	RGB
public/clean-room/layers/hair/hair-225.png	image	372544	1360x1456	RGB
public/clean-room/layers/hair/hair-270.jpg	image	54819	1365x1739	RGB
public/clean-room/layers/hair/hair-270.png	image	527013	1136x1744	RGB
public/clean-room/layers/hair/hair-315.jpg	image	10455	224x1008	RGB
public/clean-room/layers/hair/hair-315.png	image	348548	1248x1584	RGB
public/clean-room/left.png	image	313869	1365x1739	RGBA
public/clean-room/right.png	image	305807	1365x1739	RGBA
public/clean-room/sheets/acts-2.jpg	image	84055	1140x567	RGB
public/clean-room/sheets/adjust-back.jpg	image	42838	430x592	RGB
public/clean-room/sheets/adjust.jpg	image	79326	666x588	RGB
public/clean-room/sheets/angles.jpg	image	191467	1792x1008	RGB
public/clean-room/sheets/angles.png	image	650687	1792x1008	RGBA
public/clean-room/sheets/emo-2.jpg	image	122215	1367x544	RGB
public/clean-room/sheets/emotions.jpg	image	239583	1224x1440	RGB
public/clean-room/sheets/extreme-back-dodge.jpg	image	107837	719x1349	RGB
public/clean-room/sheets/extreme-back-fall.jpg	image	111956	886x1023	RGB
public/clean-room/sheets/extreme-back-kick-2.jpg	image	111886	1105x1398	RGB
public/clean-room/sheets/extreme-back-kick.jpg	image	129380	920x1513	RGB
public/clean-room/sheets/extreme-back-run.jpg	image	145282	882x1522	RGB
public/clean-room/sheets/extreme-back-squat.jpg	image	123710	761x1375	RGB
public/clean-room/sheets/extreme-back-up.jpg	image	126948	682x1579	RGB
public/clean-room/sheets/extreme-brace.jpg	image	139570	882x1531	RGB
public/clean-room/sheets/extreme-dodge.jpg	image	139106	923x1391	RGB
public/clean-room/sheets/extreme-drive.jpg	image	149439	712x1567	RGB
public/clean-room/sheets/extreme-fall.jpg	image	134801	1086x1356	RGB
public/clean-room/sheets/extreme-front-kick-2.jpg	image	126271	1148x1533	RGB
public/clean-room/sheets/extreme-front-kick.jpg	image	124647	1047x1531	RGB
public/clean-room/sheets/extreme-front-run.jpg	image	114368	521x1538	RGB
public/clean-room/sheets/extreme-hop.jpg	image	127341	695x1236	RGB
public/clean-room/sheets/extreme-kick.jpg	image	132822	1036x1355	RGB
public/clean-room/sheets/extreme-knee.jpg	image	104327	828x941	RGB
public/clean-room/sheets/extreme-left-sprint.jpg	image	142871	1074x1179	RGB
public/clean-room/sheets/extreme-lunge.jpg	image	121011	1085x1008	RGB
public/clean-room/sheets/extreme-right-kick.jpg	image	123354	1095x1264	RGB
public/clean-room/sheets/extreme-right-stumble.jpg	image	124045	1086x1067	RGB
public/clean-room/sheets/extreme-side-dodge.jpg	image	126912	961x1396	RGB
public/clean-room/sheets/extreme-side-fall.jpg	image	125552	985x1234	RGB
public/clean-room/sheets/extreme-slide.jpg	image	120359	1312x781	RGB
public/clean-room/sheets/extreme-spin.jpg	image	148248	1007x1519	RGB
public/clean-room/sheets/extreme-sprint-2.jpg	image	144092	1052x1235	RGB
public/clean-room/sheets/extreme-sprint.jpg	image	141828	1081x1222	RGB
public/clean-room/sheets/extreme-squat.jpg	image	122413	584x1245	RGB
public/clean-room/sheets/extreme-stumble.jpg	image	117258	925x1149	RGB
public/clean-room/sheets/extreme-turn.jpg	image	145035	1060x1455	RGB
public/clean-room/sheets/extreme-twist.jpg	image	145270	940x1456	RGB
public/clean-room/sheets/faces-locked.jpg	image	291080	1792x1008	RGB
public/clean-room/sheets/faces-locked.png	image	1089725	1792x1008	RGBA
public/clean-room/sheets/getup-rise.jpg	image	82181	1088x554	RGB
public/clean-room/sheets/getup-rise.png	image	626121	1792x1008	RGBA
public/clean-room/sheets/getup.jpg	image	195965	1792x1008	RGB
public/clean-room/sheets/getup.png	image	626668	1792x1008	RGBA
public/clean-room/sheets/hygiene.jpg	image	58498	544x592	RGB
public/clean-room/sheets/idle-34.jpg	image	76835	703x698	RGB
public/clean-room/sheets/idle-back.jpg	image	111477	1516x693	RGB
public/clean-room/sheets/idle-front.jpg	image	204582	1116x1372	RGB
public/clean-room/sheets/idle-side.jpg	image	57133	676x524	RGB
public/clean-room/sheets/idle-sway.jpg	image	359325	1728x1649	RGB
public/clean-room/sheets/idle.jpg	image	30371	302x477	RGB
public/clean-room/sheets/inspect.jpg	image	55663	479x586	RGB
public/clean-room/sheets/interact.jpg	image	49246	499x609	RGB
public/clean-room/sheets/jump-1.jpg	image	188683	1152x1728	RGB
public/clean-room/sheets/jump-2.jpg	image	168716	1152x1728	RGB
public/clean-room/sheets/jump-3.jpg	image	166870	1152x1728	RGB
public/clean-room/sheets/jump-4.jpg	image	208641	1152x1728	RGB
public/clean-room/sheets/jump-5.jpg	image	165371	1152x1728	RGB
public/clean-room/sheets/jump-6.jpg	image	226438	1152x1728	RGB
public/clean-room/sheets/jump-action.jpg	image	242248	1596x1400	RGB
public/clean-room/sheets/lie-2.jpg	image	40507	1040x312	RGB
public/clean-room/sheets/lie-back.jpg	image	98104	1554x555	RGB
public/clean-room/sheets/lie-front.jpg	image	116099	1461x761	RGB
public/clean-room/sheets/lie.jpg	image	53369	1024x628	RGB
public/clean-room/sheets/life.jpg	image	81091	1256x443	RGB
public/clean-room/sheets/loop-blink.jpg	image	452781	1444x1588	RGB
public/clean-room/sheets/loop-look.jpg	image	453389	1452x1591	RGB
public/clean-room/sheets/loop-nod.jpg	image	447369	1444x1581	RGB
public/clean-room/sheets/loop-talk.jpg	image	453877	1444x1588	RGB
public/clean-room/sheets/motion.jpg	image	114127	1440x422	RGB
public/clean-room/sheets/play-point.jpg	image	155985	1152x1728	RGB
public/clean-room/sheets/play-smirk.jpg	image	145515	1152x1728	RGB
public/clean-room/sheets/play-tongue.jpg	image	161875	1152x1728	RGB
public/clean-room/sheets/play-wave.jpg	image	159497	1152x1728	RGB
public/clean-room/sheets/play.jpg	image	957613	900x12911	RGB
public/clean-room/sheets/reactions-2.jpg	image	87162	1084x420	RGB
public/clean-room/sheets/reactions.jpg	image	111139	1440x423	RGB
public/clean-room/sheets/run-1.jpg	image	165124	1152x1728	RGB
public/clean-room/sheets/run-2.jpg	image	166161	1152x1728	RGB
public/clean-room/sheets/run-3.jpg	image	180565	1152x1728	RGB
public/clean-room/sheets/run-4.jpg	image	162081	1152x1728	RGB
public/clean-room/sheets/run-action.jpg	image	145514	2148x700	RGB
public/clean-room/sheets/set-16.jpg	image	460835	1956x2560	RGB
public/clean-room/sheets/set-17.jpg	image	303543	1800x1860	RGB
public/clean-room/sheets/set-18.jpg	image	212311	1940x1240	RGB
public/clean-room/sheets/sheet-1947.jpg	image	330109	1792x1008	RGB
public/clean-room/sheets/sheet-1db5.jpg	image	541551	1792x1008	RGB
public/clean-room/sheets/sheet-9f8e.jpg	image	421621	1792x1008	RGB
public/clean-room/sheets/sheet-aab0.jpg	image	371520	1792x1008	RGB
public/clean-room/sheets/sit-more.jpg	image	52057	901x425	RGB
public/clean-room/sheets/turnaround.jpg	image	269211	1792x1008	RGB
public/clean-room/sheets/walk-cycle.jpg	image	73616	1014x567	RGB
public/clean-room/sheets/walk-cycle.png	image	665272	1792x1008	RGBA
public/clean-room/sheets/walk-play.jpg	image	66029	848x536	RGB
public/clean-room/sheets/walk.jpg	image	328999	1792x1008	RGB
public/clean-room/side.jpg	image	30462	171x992	RGB
public/clean-room/side.png	image	123836	171x992	RGBA
public/clean-room/three.jpg	image	42197	227x992	RGB
public/clean-room/three.png	image	171610	227x992	RGBA
public/clean-room/tpose.png	image	400272	1365x1739	RGBA
public/clean-room/tpose.src.png	image	294867	1152x1728	RGBA
public/clean-room/videos/angry.mp4	video	1021582	768x1168	6.04s 24/1fps frames=145 h264 audio=False
public/clean-room/videos/back.mp4	video	1608334	768x1168	6.04s 24/1fps frames=145 h264 audio=False
public/clean-room/videos/brace.mp4	video	1053381	720x1264	6.04s 24/1fps frames=145 h264 audio=False
public/clean-room/videos/cheeks.mp4	video	1048017	768x1168	6.04s 24/1fps frames=145 h264 audio=False
public/clean-room/videos/clasp.mp4	video	936201	768x1168	6.04s 24/1fps frames=145 h264 audio=False
public/clean-room/videos/dodge.mp4	video	2327313	768x1168	6.04s 24/1fps frames=145 h264 audio=False
public/clean-room/videos/gasp.mp4	video	903047	768x1168	6.04s 24/1fps frames=145 h264 audio=False
public/clean-room/videos/getup.mp4	video	1668385	768x1168	6.04s 24/1fps frames=145 h264 audio=False
public/clean-room/videos/glare.mp4	video	1237277	768x1168	6.04s 24/1fps frames=145 h264 audio=False
public/clean-room/videos/hem.mp4	video	745877	768x1168	6.04s 24/1fps frames=145 h264 audio=False
public/clean-room/videos/hip.mp4	video	1394664	768x1168	6.04s 24/1fps frames=145 h264 audio=False
public/clean-room/videos/idle-long.mp4	video	2429583	768x1168	10.04s 24/1fps frames=241 h264 audio=False
public/clean-room/videos/idle.mp4	video	1460701	768x1168	6.04s 24/1fps frames=145 h264 audio=False
public/clean-room/videos/inspect.mp4	video	778150	768x1168	6.04s 24/1fps frames=145 h264 audio=False
public/clean-room/videos/jump.mp4	video	1353220	768x1168	6.04s 24/1fps frames=145 h264 audio=False
public/clean-room/videos/kick.mp4	video	1521692	768x1168	6.04s 24/1fps frames=145 h264 audio=False
public/clean-room/videos/kneel.mp4	video	1324660	896x1008	6.04s 24/1fps frames=145 h264 audio=False
public/clean-room/videos/look.mp4	video	1343511	768x1168	6.04s 24/1fps frames=145 h264 audio=False
public/clean-room/videos/nod.mp4	video	1244739	768x1168	6.04s 24/1fps frames=145 h264 audio=False
public/clean-room/videos/point.mp4	video	1073873	768x1168	6.04s 24/1fps frames=145 h264 audio=False
public/clean-room/videos/ready.mp4	video	1348163	768x1168	6.04s 24/1fps frames=145 h264 audio=False
public/clean-room/videos/run.mp4	video	2785412	768x1168	6.04s 24/1fps frames=145 h264 audio=False
public/clean-room/videos/sad.mp4	video	759914	768x1168	6.04s 24/1fps frames=145 h264 audio=False
public/clean-room/videos/shrug.mp4	video	823630	768x1168	6.04s 24/1fps frames=145 h264 audio=False
public/clean-room/videos/side.mp4	video	1477879	768x1168	6.04s 24/1fps frames=145 h264 audio=False
public/clean-room/videos/sit.mp4	video	1248019	768x1168	6.04s 24/1fps frames=145 h264 audio=False
public/clean-room/videos/smirk.mp4	video	1208073	768x1168	6.04s 24/1fps frames=145 h264 audio=False
public/clean-room/videos/squat.mp4	video	1632941	768x1168	6.04s 24/1fps frames=145 h264 audio=False
public/clean-room/videos/startle.mp4	video	1270185	768x1168	6.04s 24/1fps frames=145 h264 audio=False
public/clean-room/videos/stop.mp4	video	884183	768x1168	6.04s 24/1fps frames=145 h264 audio=False
public/clean-room/videos/strap.mp4	video	595225	768x1168	6.04s 24/1fps frames=145 h264 audio=False
public/clean-room/videos/stumble.mp4	video	1683404	848x1056	6.04s 24/1fps frames=145 h264 audio=False
public/clean-room/videos/sway.mp4	video	1597222	768x1168	6.04s 24/1fps frames=145 h264 audio=False
public/clean-room/videos/talk.mp4	video	928019	768x1168	6.04s 24/1fps frames=145 h264 audio=False
public/clean-room/videos/tongue.mp4	video	897639	768x1168	6.04s 24/1fps frames=145 h264 audio=False
public/clean-room/videos/walk.mp4	video	4080948	768x1168	10.04s 24/1fps frames=241 h264 audio=False
public/clean-room/videos/wave.mp4	video	895084	768x1168	6.04s 24/1fps frames=145 h264 audio=False
public/clean-room/videos/worry.mp4	video	699293	768x1168	6.04s 24/1fps frames=145 h264 audio=False
public/clean-room/videos/yawn.mp4	video	912206	768x1168	6.04s 24/1fps frames=145 h264 audio=False
public/og.jpg	image	43988	1200x630	RGB
public/puppet/blink/closed.png	image	480249	704x704	RGBA
public/puppet/blink/half.png	image	487734	704x704	RGBA
public/puppet/blink/half2.png	image	481100	704x704	RGBA
public/puppet/blink/open.png	image	482985	704x704	RGBA
public/puppet/body-front.png	image	918980	675x1677	RGBA
public/puppet/body-threequarter.png	image	658389	312x1672	RGBA
public/puppet/cut/chest.png	image	54152	118x292	RGBA
public/puppet/cut/head.png	image	43679	111x219	RGBA
public/puppet/cut/l-calf.png	image	21655	82x312	RGBA
public/puppet/cut/l-foot.png	image	5311	65x66	RGBA
public/puppet/cut/l-fore.png	image	18518	85x225	RGBA
public/puppet/cut/l-hand.png	image	7177	63x108	RGBA
public/puppet/cut/l-thigh.png	image	26866	95x323	RGBA
public/puppet/cut/l-upper.png	image	18200	101x213	RGBA
public/puppet/cut/parts.json	json	3270		
public/puppet/cut/pelvis.png	image	20102	113x185	RGBA
public/puppet/cut/r-calf.png	image	21266	78x313	RGBA
public/puppet/cut/r-foot.png	image	5402	68x67	RGBA
public/puppet/cut/r-fore.png	image	18763	84x225	RGBA
public/puppet/cut/r-hand.png	image	7086	62x115	RGBA
public/puppet/cut/r-thigh.png	image	26423	100x323	RGBA
public/puppet/cut/r-upper.png	image	19531	102x213	RGBA
public/puppet/emotions/anger.png	image	481391	704x704	RGBA
public/puppet/emotions/focus.png	image	530805	704x704	RGBA
public/puppet/emotions/joy.png	image	482364	704x704	RGBA
public/puppet/emotions/neutral.png	image	475175	704x704	RGBA
public/puppet/emotions/shock.png	image	543196	704x704	RGBA
public/puppet/emotions/smirk.png	image	539684	704x704	RGBA
public/puppet/emotions/soft.png	image	533866	704x704	RGBA
public/puppet/emotions/sorrow.png	image	485402	704x704	RGBA
public/puppet/faces/anger.png	image	52281	264x130	RGBA
public/puppet/faces/closed.png	image	55843	264x130	RGBA
public/puppet/faces/focus.png	image	52194	264x130	RGBA
public/puppet/faces/joy.png	image	56964	264x130	RGBA
public/puppet/faces/neutral.png	image	55370	264x130	RGBA
public/puppet/faces/shock.png	image	55385	264x130	RGBA
public/puppet/faces/smirk.png	image	57675	264x130	RGBA
public/puppet/faces/soft.png	image	52145	264x130	RGBA
public/puppet/faces/sorrow.png	image	50524	264x130	RGBA
public/puppet/head-blink.png	image	1641452	1408x1408	RGBA
public/puppet/head.png	image	1120383	740x1149	RGBA
public/puppet/hinge/0.png	image	255827	576x576	RGBA
public/puppet/hinge/1.png	image	279991	576x576	RGBA
public/puppet/hinge/2.png	image	307167	576x576	RGBA
public/puppet/hinge/3.png	image	311139	576x576	RGBA
public/puppet/hinge/4.png	image	318799	576x576	RGBA
public/puppet/hinge/5.png	image	305519	576x576	RGBA
public/puppet/hinge12/0.png	image	130164	432x384	RGBA
public/puppet/hinge12/1.png	image	104657	432x384	RGBA
public/puppet/hinge12/10.png	image	104178	432x384	RGBA
public/puppet/hinge12/11.png	image	132525	432x384	RGBA
public/puppet/hinge12/2.png	image	95946	432x384	RGBA
public/puppet/hinge12/3.png	image	142246	432x384	RGBA
public/puppet/hinge12/4.png	image	151810	432x384	RGBA
public/puppet/hinge12/5.png	image	112705	432x384	RGBA
public/puppet/hinge12/6.png	image	110488	432x384	RGBA
public/puppet/hinge12/7.png	image	159471	432x384	RGBA
public/puppet/hinge12/8.png	image	154553	432x384	RGBA
public/puppet/hinge12/9.png	image	112327	432x384	RGBA
public/puppet/idle-film.mp4	video	3789982	400x2208	6.04s 24/1fps frames=145 h264 audio=True
public/puppet/idle/0.png	image	301084	704x704	RGBA
public/puppet/idle/1.png	image	303418	704x704	RGBA
public/puppet/idle/2.png	image	310887	704x704	RGBA
public/puppet/idle/3.png	image	310312	704x704	RGBA
public/puppet/parts/anchor.json	json	72		
public/puppet/parts/arm-l-fore.png	image	177510	145x867	RGBA
public/puppet/parts/arm-l-upper.png	image	180084	145x867	RGBA
public/puppet/parts/arm-r-fore.png	image	180186	145x867	RGBA
public/puppet/parts/arm-r-upper.png	image	175710	148x866	RGBA
public/puppet/parts/head.png	image	362500	352x634	RGBA
public/puppet/parts/leg-l-calf.png	image	161394	128x928	RGBA
public/puppet/parts/leg-l-thigh.png	image	167142	137x927	RGBA
public/puppet/parts/leg-r-calf.png	image	174019	138x924	RGBA
public/puppet/parts/leg-r-thigh.png	image	158272	127x928	RGBA
public/puppet/parts/lower.png	image	617146	1152x1015	RGBA
public/puppet/parts/pelvis.png	image	342026	418x628	RGBA
public/puppet/parts/torso.png	image	552938	639x669	RGBA
public/puppet/parts/upper.png	image	525846	1152x737	RGBA
public/puppet/ref-back.png	image	220832	196x1045	RGB
public/puppet/ref-face.png	image	205332	350x460	RGB
public/puppet/ref-front.png	image	238178	220x1045	RGB
public/puppet/ref-hinge.png	image	199579	254x837	RGB
public/puppet/ref-side.png	image	149012	128x1045	RGB
public/puppet/ref-threequarter.png	image	218745	183x1045	RGB
public/puppet/repo/crouch/00.png	image	254193	512x1100	RGBA
public/puppet/repo/crouch/01.png	image	254193	512x1100	RGBA
public/puppet/repo/crouch/02.png	image	228777	512x1100	RGBA
public/puppet/repo/crouch/03.png	image	489908	512x1100	RGBA
public/puppet/repo/crouch/04.png	image	489908	512x1100	RGBA
public/puppet/repo/crouch/05.png	image	489908	512x1100	RGBA
public/puppet/repo/crouch/06.png	image	489908	512x1100	RGBA
public/puppet/repo/crouch/07.png	image	228777	512x1100	RGBA
public/puppet/repo/crouch/08.png	image	228777	512x1100	RGBA
public/puppet/repo/crouch/09.png	image	254193	512x1100	RGBA
public/puppet/repo/crouch/10.png	image	254193	512x1100	RGBA
public/puppet/repo/crouch/11.png	image	254193	512x1100	RGBA
public/puppet/repo/extra/blink.png	image	226154	512x1100	RGB
public/puppet/repo/extra/breath.png	image	196877	512x1100	RGBA
public/puppet/repo/extra/joy.png	image	226154	512x1100	RGB
public/puppet/repo/extra/shift.png	image	296367	512x1100	RGBA
public/puppet/repo/hinge/00.png	image	254193	512x1100	RGBA
public/puppet/repo/hinge/01.png	image	321334	512x1100	RGBA
public/puppet/repo/hinge/02.png	image	321334	512x1100	RGBA
public/puppet/repo/hinge/03.png	image	339920	512x1100	RGBA
public/puppet/repo/hinge/04.png	image	209485	512x1100	RGBA
public/puppet/repo/hinge/05.png	image	209485	512x1100	RGBA
public/puppet/repo/hinge/06.png	image	400621	512x1100	RGBA
public/puppet/repo/hinge/07.png	image	307365	512x1100	RGBA
public/puppet/repo/hinge/08.png	image	209485	512x1100	RGBA
public/puppet/repo/hinge/09.png	image	339920	512x1100	RGBA
public/puppet/repo/hinge/10.png	image	321334	512x1100	RGBA
public/puppet/repo/hinge/11.png	image	254193	512x1100	RGBA
public/puppet/repo/idle/00.png	image	254193	512x1100	RGBA
public/puppet/repo/idle/01.png	image	254193	512x1100	RGBA
public/puppet/repo/idle/02.png	image	220419	512x1100	RGBA
public/puppet/repo/idle/03.png	image	220419	512x1100	RGBA
public/puppet/repo/idle/04.png	image	268846	512x1100	RGBA
public/puppet/repo/idle/05.png	image	268846	512x1100	RGBA
public/puppet/repo/idle/06.png	image	268846	512x1100	RGBA
public/puppet/repo/idle/07.png	image	296367	512x1100	RGBA
public/puppet/repo/idle/08.png	image	296367	512x1100	RGBA
public/puppet/repo/idle/09.png	image	296367	512x1100	RGBA
public/puppet/repo/idle/10.png	image	254193	512x1100	RGBA
public/puppet/repo/idle/11.png	image	254193	512x1100	RGBA
public/puppet/repo/look/00.png	image	254193	512x1100	RGBA
public/puppet/repo/look/01.png	image	293087	512x1100	RGBA
public/puppet/repo/look/02.png	image	283541	512x1100	RGBA
public/puppet/repo/look/03.png	image	165131	512x1100	RGBA
public/puppet/repo/look/04.png	image	313848	512x1100	RGBA
public/puppet/repo/look/05.png	image	292472	512x1100	RGBA
public/puppet/repo/look/06.png	image	240551	512x1100	RGBA
public/puppet/repo/look/07.png	image	292234	512x1100	RGBA
public/puppet/repo/look/08.png	image	313887	512x1100	RGBA
public/puppet/repo/look/09.png	image	188300	512x1100	RGBA
public/puppet/repo/look/10.png	image	283880	512x1100	RGBA
public/puppet/repo/look/11.png	image	293611	512x1100	RGBA
public/puppet/repo/manifest.json	json	1196		
public/puppet/repo/reach/00.png	image	254193	512x1100	RGBA
public/puppet/repo/reach/01.png	image	254193	512x1100	RGBA
public/puppet/repo/reach/02.png	image	212045	512x1100	RGBA
public/puppet/repo/reach/03.png	image	212045	512x1100	RGBA
public/puppet/repo/reach/04.png	image	177190	512x1100	RGBA
public/puppet/repo/reach/05.png	image	177190	512x1100	RGBA
public/puppet/repo/reach/06.png	image	142123	512x1100	RGBA
public/puppet/repo/reach/07.png	image	212045	512x1100	RGBA
public/puppet/repo/reach/08.png	image	212045	512x1100	RGBA
public/puppet/repo/reach/09.png	image	254193	512x1100	RGBA
public/puppet/repo/reach/10.png	image	254193	512x1100	RGBA
public/puppet/repo/reach/11.png	image	254193	512x1100	RGBA
public/puppet/repo/stand/00.png	image	254193	512x1100	RGBA
public/puppet/repo/stand/01.png	image	293087	512x1100	RGBA
public/puppet/repo/stand/02.png	image	283541	512x1100	RGBA
public/puppet/repo/stand/03.png	image	165131	512x1100	RGBA
public/puppet/repo/stand/04.png	image	313848	512x1100	RGBA
public/puppet/repo/stand/05.png	image	292472	512x1100	RGBA
public/puppet/repo/stand/06.png	image	240551	512x1100	RGBA
public/puppet/repo/stand/07.png	image	292234	512x1100	RGBA
public/puppet/repo/stand/08.png	image	313887	512x1100	RGBA
public/puppet/repo/stand/09.png	image	188300	512x1100	RGBA
public/puppet/repo/stand/10.png	image	283880	512x1100	RGBA
public/puppet/repo/stand/11.png	image	293611	512x1100	RGBA
public/puppet/repo/walk/00.png	image	339697	512x1100	RGBA
public/puppet/repo/walk/01.png	image	355434	512x1100	RGBA
public/puppet/repo/walk/02.png	image	355434	512x1100	RGBA
public/puppet/repo/walk/03.png	image	355148	512x1100	RGBA
public/puppet/repo/walk/04.png	image	355148	512x1100	RGBA
public/puppet/repo/walk/05.png	image	355434	512x1100	RGBA
public/puppet/repo/walk/06.png	image	339697	512x1100	RGBA
public/puppet/repo/walk/07.png	image	355148	512x1100	RGBA
public/puppet/repo/walk/08.png	image	355434	512x1100	RGBA
public/puppet/repo/walk/09.png	image	355148	512x1100	RGBA
public/puppet/repo/walk/10.png	image	355434	512x1100	RGBA
public/puppet/repo/walk/11.png	image	339697	512x1100	RGBA
public/puppet/repo/wave/00.png	image	254193	512x1100	RGBA
public/puppet/repo/wave/01.png	image	279320	512x1100	RGBA
public/puppet/repo/wave/02.png	image	264768	512x1100	RGBA
public/puppet/repo/wave/03.png	image	264768	512x1100	RGBA
public/puppet/repo/wave/04.png	image	192011	512x1100	RGBA
public/puppet/repo/wave/05.png	image	192011	512x1100	RGBA
public/puppet/repo/wave/06.png	image	279320	512x1100	RGBA
public/puppet/repo/wave/07.png	image	264768	512x1100	RGBA
public/puppet/repo/wave/08.png	image	264768	512x1100	RGBA
public/puppet/repo/wave/09.png	image	279320	512x1100	RGBA
public/puppet/repo/wave/10.png	image	254193	512x1100	RGBA
public/puppet/repo/wave/11.png	image	254193	512x1100	RGBA
public/puppet/rig/back.png	image	240551	512x1100	RGBA
public/puppet/rig/breath.png	image	196877	512x1100	RGBA
public/puppet/rig/canon.json	json	60		
public/puppet/rig/crouch.png	image	228777	512x1100	RGBA
public/puppet/rig/expr/anger.png	image	226154	512x1100	RGB
public/puppet/rig/expr/blink.png	image	226154	512x1100	RGB
public/puppet/rig/expr/focus.png	image	226154	512x1100	RGB
public/puppet/rig/expr/joy.png	image	226154	512x1100	RGB
public/puppet/rig/expr/neutral.png	image	226154	512x1100	RGB
public/puppet/rig/expr/shock.png	image	226154	512x1100	RGB
public/puppet/rig/expr/smirk.png	image	226154	512x1100	RGB
public/puppet/rig/expr/soft.png	image	226154	512x1100	RGB
public/puppet/rig/expr/sorrow.png	image	226154	512x1100	RGB
public/puppet/rig/front.png	image	254193	512x1100	RGBA
public/puppet/rig/hinge-back.png	image	287421	512x1100	RGBA
public/puppet/rig/hinge-qtr.png	image	400621	512x1100	RGBA
public/puppet/rig/hinge-side.png	image	307365	512x1100	RGBA
public/puppet/rig/hinge.png	image	209485	512x1100	RGBA
public/puppet/rig/qtr-back.png	image	170792	512x1100	RGBA
public/puppet/rig/qtr.png	image	232023	512x1100	RGBA
public/puppet/rig/reach-qtr.png	image	177190	512x1100	RGBA
public/puppet/rig/reach-side.png	image	142123	512x1100	RGBA
public/puppet/rig/reach.png	image	212045	512x1100	RGBA
public/puppet/rig/shift.png	image	220419	512x1100	RGBA
public/puppet/rig/side.png	image	165131	512x1100	RGBA
public/puppet/rig/wave-qtr.png	image	192011	512x1100	RGBA
public/puppet/rig/wave-side.png	image	136222	512x1100	RGBA
public/puppet/rig/wave.png	image	188868	512x1100	RGBA
public/puppet/sheet/back-raw.png	image	229076	202x1500	RGBA
public/puppet/sheet/front-raw.png	image	248379	218x1500	RGBA
public/puppet/sheet/hinge-raw.png	image	198544	251x1500	RGBA
public/puppet/sheet/qtr-raw.png	image	229263	188x1500	RGBA
public/puppet/sheet/side-raw.png	image	156331	136x1500	RGBA
public/puppet/views/back.png	image	89656	360x640	RGBA
public/puppet/views/front.png	image	224159	360x640	RGBA
public/puppet/views/hinge-ref.png	image	92029	360x640	RGBA
public/puppet/views/side.png	image	130337	360x640	RGBA
public/puppet/views/threequarter.png	image	234045	360x640	RGBA
public/puppet/wave/0.png	image	324094	704x704	RGBA
public/puppet/wave/1.png	image	329812	704x704	RGBA
public/puppet/wave/2.png	image	323635	704x704	RGBA
public/puppet/wave/3.png	image	320881	704x704	RGBA
public/puppet/wave9/0.png	image	158709	469x469	RGBA
public/puppet/wave9/1.png	image	165810	469x469	RGBA
public/puppet/wave9/2.png	image	159187	469x469	RGBA
public/puppet/wave9/3.png	image	165490	469x469	RGBA
public/puppet/wave9/4.png	image	167795	469x469	RGBA
public/puppet/wave9/5.png	image	163542	469x469	RGBA
public/puppet/wave9/6.png	image	163216	469x469	RGBA
public/puppet/wave9/7.png	image	162529	469x469	RGBA
public/puppet/wave9/8.png	image	161706	469x469	RGBA
screenshots/app-builder-built-mobile.png	image	2743	390x844	RGB
screenshots/app-builder-built.json	json	1106		
screenshots/app-builder-built.png	image	4718	1280x800	RGB
screenshots/app-builder-preview-mobile.png	image	73076	390x844	RGB
screenshots/app-builder-preview.json	json	1764		
screenshots/app-builder-preview.png	image	127488	1280x800	RGB
screenshots/back-driver.png	image	128131	1280x900	RGB
screenshots/back.png	image	89292	1280x720	RGB
screenshots/clean-crouch.png	image	200206	390x844	RGB
screenshots/clean-front.png	image	211777	390x844	RGB
screenshots/clean-hinge.png	image	245693	390x844	RGB
screenshots/clean-qtr.png	image	208371	390x844	RGB
screenshots/clean-side.png	image	193693	390x844	RGB
screenshots/clean-wave.png	image	199610	390x844	RGB
screenshots/crouch.png	image	192772	390x844	RGB
screenshots/cutout-pose.png	image	140451	390x844	RGB
screenshots/cutout-rest.png	image	145227	390x844	RGB
screenshots/expr-anger.png	image	274396	390x844	RGB
screenshots/expr-joy.png	image	225884	390x844	RGB
screenshots/expr-neutral.png	image	264121	390x844	RGB
screenshots/face-anger.png	image	272565	390x844	RGB
screenshots/face-joy.png	image	273316	390x844	RGB
screenshots/face-sorrow.png	image	273290	390x844	RGB
screenshots/front-bent-off.png	image	177144	1280x900	RGB
screenshots/front-bent-on.png	image	183728	1280x900	RGB
screenshots/front-crop.png	image	13501	400x540	RGB
screenshots/front-idle.png	image	152542	1280x720	RGB
screenshots/front-rest.png	image	178924	1280x900	RGB
screenshots/front.png	image	96947	1280x720	RGB
screenshots/hinge-front.png	image	291890	390x844	RGB
screenshots/hinge-qtr.png	image	246198	390x844	RGB
screenshots/hinge-side.png	image	246198	390x844	RGB
screenshots/idle.png	image	225969	390x844	RGB
screenshots/keyed-tq.png	image	991497	1152x1728	RGBA
screenshots/lift-crop.png	image	61433	400x540	RGB
screenshots/lift.png	image	144883	1280x720	RGB
screenshots/mesh-pose.png	image	142385	390x844	RGB
screenshots/mesh-rest.png	image	149203	390x844	RGB
screenshots/orbit-0.png	image	121704	390x844	RGB
screenshots/orbit-180.png	image	121704	390x844	RGB
screenshots/orbit-90.png	image	121704	390x844	RGB
screenshots/orbit-right.png	image	356102	390x844	RGB
screenshots/orbit-side.png	image	278558	390x844	RGB
screenshots/phone-lift.png	image	54220	390x844	RGB
screenshots/phone-light.png	image	96949	390x844	RGB
screenshots/phone.png	image	96973	390x844	RGB
screenshots/preview-now.png	image	4254	1280x720	RGB
screenshots/preview-real.png	image	156813	1280x720	RGB
screenshots/profile-bent.png	image	160584	1280x900	RGB
screenshots/qa-canon.png	image	131984	1280x720	RGB
screenshots/qa-hinge.png	image	201450	1280x720	RGB
screenshots/qa-home.png	image	346903	1280x720	RGB
screenshots/qa-joy.png	image	343576	1280x720	RGB
screenshots/qtr-bent.png	image	182160	1280x900	RGB
screenshots/reach.png	image	149284	390x844	RGB
screenshots/repo-wave.png	image	145587	390x844	RGB
screenshots/rig-front.png	image	122010	390x844	RGB
screenshots/side.png	image	127592	1280x720	RGB
screenshots/threeq-crop.png	image	61428	400x540	RGB
screenshots/threeq.png	image	144904	1280x720	RGB
screenshots/turn-back.png	image	228327	390x844	RGB
screenshots/turn-front.png	image	224461	390x844	RGB
screenshots/turn-front2.png	image	251619	390x844	RGB
screenshots/turn-qtr.png	image	225728	390x844	RGB
screenshots/turn-qtrL.png	image	228361	390x844	RGB
screenshots/turn-qtrback.png	image	223695	390x844	RGB
screenshots/turn-side.png	image	202763	390x844	RGB
screenshots/v-back.png	image	201596	390x844	RGB
screenshots/v-front.png	image	155640	390x844	RGB
screenshots/v-hinge.png	image	203365	390x844	RGB
screenshots/v-qtr.png	image	223677	390x844	RGB
screenshots/v-side.png	image	194322	390x844	RGB
screenshots/wave-qtr.png	image	224857	390x844	RGB
screenshots/wave.png	image	226426	390x844	RGB
screenshots/weights.png	image	70123	390x844	RGB
split-preview.jpg	image	181646	1140x1648	RGB
split-preview2.jpg	image	79513	1200x654	RGB
src/lib/og/site.json	json	90		
