path,kind,group,used_in
reference/grok_build/artifacts/turn/angle-contact.jpg,image,turnaround,gallery:turnaround
reference/grok_build/artifacts/turn/apose-rot-qa.jpg,image,turnaround,gallery:turnaround
reference/grok_build/artifacts/turn/back.jpg,image,turnaround,gallery:turnaround
reference/grok_build/artifacts/turn/back.png,image,turnaround,gallery:turnaround
reference/grok_build/artifacts/turn/fig0.jpg,image,turnaround,gallery:turnaround
reference/grok_build/artifacts/turn/fig1.jpg,image,turnaround,gallery:turnaround
reference/grok_build/artifacts/turn/fig2.jpg,image,turnaround,gallery:turnaround
reference/grok_build/artifacts/turn/fig3.jpg,image,turnaround,gallery:turnaround
reference/grok_build/artifacts/turn/heads/head-000.jpg,image,turnaround,gallery:turnaround
reference/grok_build/artifacts/turn/heads/head-045.jpg,image,turnaround,gallery:turnaround
reference/grok_build/artifacts/turn/heads/head-090.jpg,image,turnaround,gallery:turnaround
reference/grok_build/artifacts/turn/heads/head-180.jpg,image,turnaround,gallery:turnaround
reference/grok_build/artifacts/turn/heads/head-270.jpg,image,turnaround,gallery:turnaround
reference/grok_build/artifacts/turn/left.jpg,image,turnaround,gallery:turnaround
reference/grok_build/artifacts/turn/profile-left-bust.jpg,image,turnaround,gallery:turnaround
reference/grok_build/artifacts/turn/profile-right-bust.jpg,image,turnaround,gallery:turnaround
reference/grok_build/artifacts/turn/qa-backs.jpg,image,turnaround,gallery:turnaround
reference/grok_build/artifacts/turn/qa-heads.jpg,image,turnaround,gallery:turnaround
reference/grok_build/artifacts/turn/right.jpg,image,turnaround,gallery:turnaround
reference/grok_build/artifacts/turn/rot-samples.jpg,image,turnaround,gallery:turnaround
reference/grok_build/artifacts/turn/turn-sheet.jpg,image,turnaround,gallery:turnaround
reference/grok_build/public/clean-room/apose.png,image,turnaround,gallery:turnaround + cleanroom-page
reference/grok_build/public/clean-room/apose.src.png,image,turnaround,gallery:turnaround
reference/grok_build/public/clean-room/back.jpg,image,turnaround,gallery:turnaround
reference/grok_build/public/clean-room/back.png,image,turnaround,gallery:turnaround + cleanroom-page
reference/grok_build/public/clean-room/frames/turnaround-1.jpg,image,turnaround,gallery:turnaround
reference/grok_build/public/clean-room/frames/turnaround-2.jpg,image,turnaround,gallery:turnaround
reference/grok_build/public/clean-room/frames/turnaround-3.jpg,image,turnaround,gallery:turnaround
reference/grok_build/public/clean-room/frames/turnaround-4.jpg,image,turnaround,gallery:turnaround
reference/grok_build/public/clean-room/front.jpg,image,turnaround,gallery:turnaround
reference/grok_build/public/clean-room/front.png,image,turnaround,gallery:turnaround
reference/grok_build/public/clean-room/hires/turnaround-1.jpg,image,turnaround,gallery:turnaround + cleanroom-page
reference/grok_build/public/clean-room/hires/turnaround-2.jpg,image,turnaround,gallery:turnaround + cleanroom-page
reference/grok_build/public/clean-room/hires/turnaround-3.jpg,image,turnaround,gallery:turnaround + cleanroom-page
reference/grok_build/public/clean-room/hires/turnaround-4.jpg,image,turnaround,gallery:turnaround + cleanroom-page
reference/grok_build/public/clean-room/layers/hierarchy/still/turnaround-1/body.png,image,turnaround,gallery:turnaround
reference/grok_build/public/clean-room/layers/hierarchy/still/turnaround-1/hair.png,image,turnaround,gallery:turnaround
reference/grok_build/public/clean-room/layers/hierarchy/still/turnaround-2/body.png,image,turnaround,gallery:turnaround
reference/grok_build/public/clean-room/layers/hierarchy/still/turnaround-2/hair.png,image,turnaround,gallery:turnaround
reference/grok_build/public/clean-room/layers/hierarchy/still/turnaround-3/body.png,image,turnaround,gallery:turnaround
reference/grok_build/public/clean-room/layers/hierarchy/still/turnaround-3/hair.png,image,turnaround,gallery:turnaround
reference/grok_build/public/clean-room/layers/hierarchy/still/turnaround-4/body.png,image,turnaround,gallery:turnaround
reference/grok_build/public/clean-room/layers/hierarchy/still/turnaround-4/hair.png,image,turnaround,gallery:turnaround
reference/grok_build/public/clean-room/layers/rotation/rest.json,data,turnaround,gallery:turnaround
reference/grok_build/public/clean-room/layers/rotation/turn-000.png,image,turnaround,gallery:turnaround + driver + registry
reference/grok_build/public/clean-room/layers/rotation/turn-045.png,image,turnaround,gallery:turnaround + driver + registry
reference/grok_build/public/clean-room/layers/rotation/turn-090.png,image,turnaround,gallery:turnaround + driver + registry
reference/grok_build/public/clean-room/layers/rotation/turn-135.png,image,turnaround,gallery:turnaround + driver + registry
reference/grok_build/public/clean-room/layers/rotation/turn-180.png,image,turnaround,gallery:turnaround + driver + registry
reference/grok_build/public/clean-room/layers/rotation/turn-225.png,image,turnaround,gallery:turnaround + driver + registry
reference/grok_build/public/clean-room/layers/rotation/turn-270.png,image,turnaround,gallery:turnaround + driver + registry
reference/grok_build/public/clean-room/layers/rotation/turn-315.png,image,turnaround,gallery:turnaround + driver + registry
reference/grok_build/public/clean-room/layers/stack/still/turnaround-1/eyes.png,image,turnaround,gallery:turnaround
reference/grok_build/public/clean-room/layers/stack/still/turnaround-2/eyes.png,image,turnaround,gallery:turnaround
reference/grok_build/public/clean-room/layers/stack/still/turnaround-4/eyes.png,image,turnaround,gallery:turnaround
reference/grok_build/public/clean-room/left.png,image,turnaround,gallery:turnaround + cleanroom-page
reference/grok_build/public/clean-room/right.png,image,turnaround,gallery:turnaround + cleanroom-page
reference/grok_build/public/clean-room/sheets/turnaround.jpg,image,turnaround,gallery:turnaround
reference/grok_build/public/clean-room/side.jpg,image,turnaround,gallery:turnaround
reference/grok_build/public/clean-room/side.png,image,turnaround,gallery:turnaround
reference/grok_build/public/clean-room/three.jpg,image,turnaround,gallery:turnaround
reference/grok_build/public/clean-room/three.png,image,turnaround,gallery:turnaround
reference/grok_build/public/clean-room/tpose.png,image,turnaround,gallery:turnaround + cleanroom-page
reference/grok_build/public/clean-room/tpose.src.png,image,turnaround,gallery:turnaround
reference/grok_build/artifacts/eyes/angle-0.jpg,image,eyes,gallery:eyes
reference/grok_build/artifacts/eyes/angle-1.jpg,image,eyes,gallery:eyes
reference/grok_build/artifacts/eyes/angle-2.jpg,image,eyes,gallery:eyes
reference/grok_build/artifacts/eyes/angle-3.jpg,image,eyes,gallery:eyes
reference/grok_build/artifacts/eyes/angle-face-zoom.jpg,image,eyes,gallery:eyes
reference/grok_build/artifacts/eyes/apose-head.jpg,image,eyes,gallery:eyes
reference/grok_build/artifacts/eyes/face-0.jpg,image,eyes,gallery:eyes
reference/grok_build/artifacts/eyes/face-1.jpg,image,eyes,gallery:eyes
reference/grok_build/artifacts/eyes/face-2.jpg,image,eyes,gallery:eyes
reference/grok_build/artifacts/eyes/face-3.jpg,image,eyes,gallery:eyes
reference/grok_build/artifacts/eyes/face-4.jpg,image,eyes,gallery:eyes
reference/grok_build/artifacts/eyes/face-5.jpg,image,eyes,gallery:eyes
reference/grok_build/artifacts/eyes/face-6.jpg,image,eyes,gallery:eyes
reference/grok_build/artifacts/eyes/face-7.jpg,image,eyes,gallery:eyes
reference/grok_build/artifacts/eyes/face0-fixed.jpg,image,eyes,gallery:eyes
reference/grok_build/artifacts/eyes/getup-0.jpg,image,eyes,gallery:eyes
reference/grok_build/artifacts/eyes/getup-1.jpg,image,eyes,gallery:eyes
reference/grok_build/artifacts/eyes/getup-2.jpg,image,eyes,gallery:eyes
reference/grok_build/artifacts/eyes/getup-3.jpg,image,eyes,gallery:eyes
reference/grok_build/artifacts/eyes/half-blink.jpg,image,eyes,gallery:eyes
reference/grok_build/artifacts/eyes/tpose-head.jpg,image,eyes,gallery:eyes
reference/grok_build/artifacts/turn/chk-angry.jpg,image,eyes,gallery:eyes
reference/grok_build/artifacts/turn/chk-apose-eyes-eyes.jpg,image,eyes,gallery:eyes
reference/grok_build/artifacts/turn/chk-back4-eyes.jpg,image,eyes,gallery:eyes
reference/grok_build/artifacts/turn/chk-back4.jpg,image,eyes,gallery:eyes
reference/grok_build/artifacts/turn/chk-face-eyes.jpg,image,eyes,gallery:eyes
reference/grok_build/artifacts/turn/chk-face.jpg,image,eyes,gallery:eyes
reference/grok_build/artifacts/turn/chk-look.jpg,image,eyes,gallery:eyes
reference/grok_build/artifacts/turn/chk-wave.jpg,image,eyes,gallery:eyes
reference/grok_build/artifacts/turn/eye-apose.png,image,eyes,gallery:eyes
reference/grok_build/artifacts/turn/eye-back4.png,image,eyes,gallery:eyes
reference/grok_build/artifacts/turn/eye-band.png,image,eyes,gallery:eyes
reference/grok_build/artifacts/turn/eye-face.png,image,eyes,gallery:eyes
reference/grok_build/artifacts/turn/eye-look.png,image,eyes,gallery:eyes
reference/grok_build/artifacts/turn/eye-parts.png,image,eyes,gallery:eyes
reference/grok_build/artifacts/turn/eye-side.png,image,eyes,gallery:eyes
reference/grok_build/artifacts/turn/eye-wave.png,image,eyes,gallery:eyes
reference/grok_build/artifacts/turn/eyes-big.png,image,eyes,gallery:eyes
reference/grok_build/artifacts/turn/eyes-full.jpg,image,eyes,gallery:eyes
reference/grok_build/artifacts/turn/eyes-mark.png,image,eyes,gallery:eyes
reference/grok_build/artifacts/turn/eyes-only.png,image,eyes,gallery:eyes
reference/grok_build/artifacts/turn/face-000.jpg,image,eyes,gallery:eyes
reference/grok_build/artifacts/turn/face-045.jpg,image,eyes,gallery:eyes
reference/grok_build/artifacts/turn/face-090.jpg,image,eyes,gallery:eyes
reference/grok_build/artifacts/turn/face-270.jpg,image,eyes,gallery:eyes
reference/grok_build/artifacts/turn/face-315.jpg,image,eyes,gallery:eyes
reference/grok_build/artifacts/turn/face-crop.jpg,image,eyes,gallery:eyes
reference/grok_build/artifacts/turn/fix/eyes-000.jpg,image,eyes,gallery:eyes + driver
reference/grok_build/artifacts/turn/fix/eyes-045.jpg,image,eyes,gallery:eyes + driver
reference/grok_build/artifacts/turn/fix/eyes-090.jpg,image,eyes,gallery:eyes + driver
reference/grok_build/artifacts/turn/fix/eyes-270.jpg,image,eyes,gallery:eyes + driver
reference/grok_build/artifacts/turn/fix/eyes-315.jpg,image,eyes,gallery:eyes + driver
reference/grok_build/artifacts/turn/fix/face-045.jpg,image,eyes,gallery:eyes
reference/grok_build/artifacts/turn/fix/face-090.jpg,image,eyes,gallery:eyes
reference/grok_build/artifacts/turn/fix/face-135.jpg,image,eyes,gallery:eyes
reference/grok_build/artifacts/turn/fix/face-180.jpg,image,eyes,gallery:eyes
reference/grok_build/artifacts/turn/fix/face-225.jpg,image,eyes,gallery:eyes
reference/grok_build/artifacts/turn/fix/face-270.jpg,image,eyes,gallery:eyes
reference/grok_build/artifacts/turn/fix/face-315.jpg,image,eyes,gallery:eyes
reference/grok_build/artifacts/turn/m-eyes.png,image,eyes,gallery:eyes
reference/grok_build/artifacts/turn/off-eyes.jpg,image,eyes,gallery:eyes
reference/grok_build/artifacts/turn/play-noeyes.png,image,eyes,gallery:eyes
reference/grok_build/artifacts/turn/qa-eyes.jpg,image,eyes,gallery:eyes
reference/grok_build/artifacts/turn/qa-eyes2.jpg,image,eyes,gallery:eyes
reference/grok_build/artifacts/turn/qa-faces.jpg,image,eyes,gallery:eyes
reference/grok_build/artifacts/turn/qa-look.png,image,eyes,gallery:eyes
reference/grok_build/artifacts/turn/wave-eyes-zoom.png,image,eyes,gallery:eyes
reference/grok_build/artifacts/turn/wave-iris.png,image,eyes,gallery:eyes
reference/grok_build/public/clean-room/eyes/left-iris.png,image,eyes,gallery:eyes + cleanroom-page
reference/grok_build/public/clean-room/eyes/left-lash.png,image,eyes,gallery:eyes + cleanroom-page
reference/grok_build/public/clean-room/eyes/left-pupil.png,image,eyes,gallery:eyes + cleanroom-page
reference/grok_build/public/clean-room/eyes/left-sclera.png,image,eyes,gallery:eyes + cleanroom-page
reference/grok_build/public/clean-room/eyes/left-socket.png,image,eyes,gallery:eyes + cleanroom-page
reference/grok_build/public/clean-room/eyes/rig.json,data,eyes,gallery:eyes
reference/grok_build/public/clean-room/eyes/right-iris.png,image,eyes,gallery:eyes + cleanroom-page
reference/grok_build/public/clean-room/eyes/right-lash.png,image,eyes,gallery:eyes + cleanroom-page
reference/grok_build/public/clean-room/eyes/right-pupil.png,image,eyes,gallery:eyes + cleanroom-page
reference/grok_build/public/clean-room/eyes/right-sclera.png,image,eyes,gallery:eyes + cleanroom-page
reference/grok_build/public/clean-room/eyes/right-socket.png,image,eyes,gallery:eyes + cleanroom-page
reference/grok_build/public/clean-room/layers/stack/anim/apose-turn/eyes.png,image,eyes,gallery:eyes
reference/grok_build/public/clean-room/layers/stack/anim/cheeks/eyes.png,image,eyes,gallery:eyes
reference/grok_build/public/clean-room/layers/stack/anim/clasp/eyes.png,image,eyes,gallery:eyes
reference/grok_build/public/clean-room/layers/stack/anim/gasp/eyes.png,image,eyes,gallery:eyes
reference/grok_build/public/clean-room/layers/stack/anim/getup/eyes.png,image,eyes,gallery:eyes
reference/grok_build/public/clean-room/layers/stack/anim/glare/eyes.png,image,eyes,gallery:eyes
reference/grok_build/public/clean-room/layers/stack/anim/hem/eyes.png,image,eyes,gallery:eyes
reference/grok_build/public/clean-room/layers/stack/anim/hip/eyes.png,image,eyes,gallery:eyes
reference/grok_build/public/clean-room/layers/stack/anim/idle-long/eyes.png,image,eyes,gallery:eyes
reference/grok_build/public/clean-room/layers/stack/anim/idle/eyes.png,image,eyes,gallery:eyes
reference/grok_build/public/clean-room/layers/stack/anim/jump/eyes.png,image,eyes,gallery:eyes
reference/grok_build/public/clean-room/layers/stack/anim/kneel/eyes.png,image,eyes,gallery:eyes
reference/grok_build/public/clean-room/layers/stack/anim/point/eyes.png,image,eyes,gallery:eyes
reference/grok_build/public/clean-room/layers/stack/anim/ready/eyes.png,image,eyes,gallery:eyes
reference/grok_build/public/clean-room/layers/stack/anim/shrug/eyes.png,image,eyes,gallery:eyes
reference/grok_build/public/clean-room/layers/stack/anim/squat/eyes.png,image,eyes,gallery:eyes
reference/grok_build/public/clean-room/layers/stack/anim/startle/eyes.png,image,eyes,gallery:eyes
reference/grok_build/public/clean-room/layers/stack/anim/stop/eyes.png,image,eyes,gallery:eyes
reference/grok_build/public/clean-room/layers/stack/anim/strap/eyes.png,image,eyes,gallery:eyes
reference/grok_build/public/clean-room/layers/stack/anim/talk/eyes.png,image,eyes,gallery:eyes
reference/grok_build/public/clean-room/layers/stack/anim/tongue/eyes.png,image,eyes,gallery:eyes
reference/grok_build/public/clean-room/layers/stack/still/acts-2-1/eyes.png,image,eyes,gallery:eyes
reference/grok_build/public/clean-room/layers/stack/still/acts-2-2/eyes.png,image,eyes,gallery:eyes
reference/grok_build/public/clean-room/layers/stack/still/acts-2-3/eyes.png,image,eyes,gallery:eyes
reference/grok_build/public/clean-room/layers/stack/still/acts-2-4/eyes.png,image,eyes,gallery:eyes
reference/grok_build/public/clean-room/layers/stack/still/adjust-1/eyes.png,image,eyes,gallery:eyes
reference/grok_build/public/clean-room/layers/stack/still/adjust-2/eyes.png,image,eyes,gallery:eyes
reference/grok_build/public/clean-room/layers/stack/still/adjust-3/eyes.png,image,eyes,gallery:eyes
reference/grok_build/public/clean-room/layers/stack/still/adjust-4/eyes.png,image,eyes,gallery:eyes
reference/grok_build/public/clean-room/layers/stack/still/angles-1/eyes.png,image,eyes,gallery:eyes
reference/grok_build/public/clean-room/layers/stack/still/angles-2/eyes.png,image,eyes,gallery:eyes
reference/grok_build/public/clean-room/layers/stack/still/apose-turn/eyes.png,image,eyes,gallery:eyes
reference/grok_build/public/clean-room/layers/stack/still/apose/eyes.png,image,eyes,gallery:eyes
reference/grok_build/public/clean-room/layers/stack/still/cheeks/eyes.png,image,eyes,gallery:eyes
reference/grok_build/public/clean-room/layers/stack/still/clasp/eyes.png,image,eyes,gallery:eyes
reference/grok_build/public/clean-room/layers/stack/still/emo-2-1/eyes.png,image,eyes,gallery:eyes
reference/grok_build/public/clean-room/layers/stack/still/emo-2-2/eyes.png,image,eyes,gallery:eyes
reference/grok_build/public/clean-room/layers/stack/still/emo-2-3/eyes.png,image,eyes,gallery:eyes
reference/grok_build/public/clean-room/layers/stack/still/emotions-1/eyes.png,image,eyes,gallery:eyes
reference/grok_build/public/clean-room/layers/stack/still/emotions-2/eyes.png,image,eyes,gallery:eyes
reference/grok_build/public/clean-room/layers/stack/still/emotions-3/eyes.png,image,eyes,gallery:eyes
reference/grok_build/public/clean-room/layers/stack/still/emotions-4/eyes.png,image,eyes,gallery:eyes
reference/grok_build/public/clean-room/layers/stack/still/emotions-5/eyes.png,image,eyes,gallery:eyes
reference/grok_build/public/clean-room/layers/stack/still/emotions-6/eyes.png,image,eyes,gallery:eyes
reference/grok_build/public/clean-room/layers/stack/still/emotions-7/eyes.png,image,eyes,gallery:eyes
reference/grok_build/public/clean-room/layers/stack/still/emotions-8/eyes.png,image,eyes,gallery:eyes
reference/grok_build/public/clean-room/layers/stack/still/faces-locked-1/eyes.png,image,eyes,gallery:eyes
reference/grok_build/public/clean-room/layers/stack/still/faces-locked-2/eyes.png,image,eyes,gallery:eyes
reference/grok_build/public/clean-room/layers/stack/still/faces-locked-3/eyes.png,image,eyes,gallery:eyes
reference/grok_build/public/clean-room/layers/stack/still/faces-locked-4/eyes.png,image,eyes,gallery:eyes
reference/grok_build/public/clean-room/layers/stack/still/faces-locked-5/eyes.png,image,eyes,gallery:eyes
reference/grok_build/public/clean-room/layers/stack/still/faces-locked-6/eyes.png,image,eyes,gallery:eyes
reference/grok_build/public/clean-room/layers/stack/still/faces-locked-7/eyes.png,image,eyes,gallery:eyes
reference/grok_build/public/clean-room/layers/stack/still/faces-locked-8/eyes.png,image,eyes,gallery:eyes
reference/grok_build/public/clean-room/layers/stack/still/gasp/eyes.png,image,eyes,gallery:eyes
reference/grok_build/public/clean-room/layers/stack/still/getup-rise-1/eyes.png,image,eyes,gallery:eyes
reference/grok_build/public/clean-room/layers/stack/still/getup-rise-2/eyes.png,image,eyes,gallery:eyes
reference/grok_build/public/clean-room/layers/stack/still/getup-rise-3/eyes.png,image,eyes,gallery:eyes
reference/grok_build/public/clean-room/layers/stack/still/getup-rise-4/eyes.png,image,eyes,gallery:eyes
reference/grok_build/public/clean-room/layers/stack/still/getup/eyes.png,image,eyes,gallery:eyes
reference/grok_build/public/clean-room/layers/stack/still/glare/eyes.png,image,eyes,gallery:eyes
reference/grok_build/public/clean-room/layers/stack/still/hem/eyes.png,image,eyes,gallery:eyes
reference/grok_build/public/clean-room/layers/stack/still/hip/eyes.png,image,eyes,gallery:eyes
reference/grok_build/public/clean-room/layers/stack/still/hygiene-1/eyes.png,image,eyes,gallery:eyes
reference/grok_build/public/clean-room/layers/stack/still/hygiene-2/eyes.png,image,eyes,gallery:eyes
reference/grok_build/public/clean-room/layers/stack/still/hygiene-3/eyes.png,image,eyes,gallery:eyes
reference/grok_build/public/clean-room/layers/stack/still/idle-34-1/eyes.png,image,eyes,gallery:eyes
reference/grok_build/public/clean-room/layers/stack/still/idle-34-2/eyes.png,image,eyes,gallery:eyes
reference/grok_build/public/clean-room/layers/stack/still/idle-34-3/eyes.png,image,eyes,gallery:eyes
reference/grok_build/public/clean-room/layers/stack/still/idle-front-1/eyes.png,image,eyes,gallery:eyes
reference/grok_build/public/clean-room/layers/stack/still/idle-front-2/eyes.png,image,eyes,gallery:eyes
reference/grok_build/public/clean-room/layers/stack/still/idle-front-3/eyes.png,image,eyes,gallery:eyes
reference/grok_build/public/clean-room/layers/stack/still/idle-front-4/eyes.png,image,eyes,gallery:eyes
reference/grok_build/public/clean-room/layers/stack/still/idle-front-5/eyes.png,image,eyes,gallery:eyes
reference/grok_build/public/clean-room/layers/stack/still/idle-front-6/eyes.png,image,eyes,gallery:eyes
reference/grok_build/public/clean-room/layers/stack/still/idle-front-7/eyes.png,image,eyes,gallery:eyes
reference/grok_build/public/clean-room/layers/stack/still/idle-front-8/eyes.png,image,eyes,gallery:eyes
reference/grok_build/public/clean-room/layers/stack/still/idle-long/eyes.png,image,eyes,gallery:eyes
reference/grok_build/public/clean-room/layers/stack/still/idle-sway-1/eyes.png,image,eyes,gallery:eyes
reference/grok_build/public/clean-room/layers/stack/still/idle-sway-2/eyes.png,image,eyes,gallery:eyes
reference/grok_build/public/clean-room/layers/stack/still/idle-sway-3/eyes.png,image,eyes,gallery:eyes
reference/grok_build/public/clean-room/layers/stack/still/idle-sway-4/eyes.png,image,eyes,gallery:eyes
reference/grok_build/public/clean-room/layers/stack/still/idle/eyes.png,image,eyes,gallery:eyes
reference/grok_build/public/clean-room/layers/stack/still/inspect-1/eyes.png,image,eyes,gallery:eyes
reference/grok_build/public/clean-room/layers/stack/still/inspect-2/eyes.png,image,eyes,gallery:eyes
reference/grok_build/public/clean-room/layers/stack/still/inspect-3/eyes.png,image,eyes,gallery:eyes
reference/grok_build/public/clean-room/layers/stack/still/interact-1/eyes.png,image,eyes,gallery:eyes
reference/grok_build/public/clean-room/layers/stack/still/interact-2/eyes.png,image,eyes,gallery:eyes
reference/grok_build/public/clean-room/layers/stack/still/interact-3/eyes.png,image,eyes,gallery:eyes
reference/grok_build/public/clean-room/layers/stack/still/j1/eyes.png,image,eyes,gallery:eyes
reference/grok_build/public/clean-room/layers/stack/still/j2/eyes.png,image,eyes,gallery:eyes
reference/grok_build/public/clean-room/layers/stack/still/j3/eyes.png,image,eyes,gallery:eyes
reference/grok_build/public/clean-room/layers/stack/still/j6/eyes.png,image,eyes,gallery:eyes
reference/grok_build/public/clean-room/layers/stack/still/jump/eyes.png,image,eyes,gallery:eyes
reference/grok_build/public/clean-room/layers/stack/still/kneel/eyes.png,image,eyes,gallery:eyes
reference/grok_build/public/clean-room/layers/stack/still/lie-4/eyes.png,image,eyes,gallery:eyes
reference/grok_build/public/clean-room/layers/stack/still/lie-front-1/eyes.png,image,eyes,gallery:eyes
reference/grok_build/public/clean-room/layers/stack/still/life-1/eyes.png,image,eyes,gallery:eyes
reference/grok_build/public/clean-room/layers/stack/still/life-2/eyes.png,image,eyes,gallery:eyes
reference/grok_build/public/clean-room/layers/stack/still/life-3/eyes.png,image,eyes,gallery:eyes
reference/grok_build/public/clean-room/layers/stack/still/loop-blink-1/eyes.png,image,eyes,gallery:eyes
reference/grok_build/public/clean-room/layers/stack/still/loop-blink-2/eyes.png,image,eyes,gallery:eyes
reference/grok_build/public/clean-room/layers/stack/still/loop-blink-3/eyes.png,image,eyes,gallery:eyes
reference/grok_build/public/clean-room/layers/stack/still/loop-blink-4/eyes.png,image,eyes,gallery:eyes
reference/grok_build/public/clean-room/layers/stack/still/loop-look-1/eyes.png,image,eyes,gallery:eyes
reference/grok_build/public/clean-room/layers/stack/still/loop-look-2/eyes.png,image,eyes,gallery:eyes
reference/grok_build/public/clean-room/layers/stack/still/loop-look-3/eyes.png,image,eyes,gallery:eyes
reference/grok_build/public/clean-room/layers/stack/still/loop-look-4/eyes.png,image,eyes,gallery:eyes
reference/grok_build/public/clean-room/layers/stack/still/loop-nod-1/eyes.png,image,eyes,gallery:eyes
reference/grok_build/public/clean-room/layers/stack/still/loop-nod-2/eyes.png,image,eyes,gallery:eyes
reference/grok_build/public/clean-room/layers/stack/still/loop-nod-3/eyes.png,image,eyes,gallery:eyes
reference/grok_build/public/clean-room/layers/stack/still/loop-nod-4/eyes.png,image,eyes,gallery:eyes
reference/grok_build/public/clean-room/layers/stack/still/loop-talk-1/eyes.png,image,eyes,gallery:eyes
reference/grok_build/public/clean-room/layers/stack/still/loop-talk-2/eyes.png,image,eyes,gallery:eyes
reference/grok_build/public/clean-room/layers/stack/still/loop-talk-3/eyes.png,image,eyes,gallery:eyes
reference/grok_build/public/clean-room/layers/stack/still/loop-talk-4/eyes.png,image,eyes,gallery:eyes
reference/grok_build/public/clean-room/layers/stack/still/motion-1/eyes.png,image,eyes,gallery:eyes
reference/grok_build/public/clean-room/layers/stack/still/motion-2/eyes.png,image,eyes,gallery:eyes
reference/grok_build/public/clean-room/layers/stack/still/motion-3/eyes.png,image,eyes,gallery:eyes
reference/grok_build/public/clean-room/layers/stack/still/motion-4/eyes.png,image,eyes,gallery:eyes
reference/grok_build/public/clean-room/layers/stack/still/point/eyes.png,image,eyes,gallery:eyes
reference/grok_build/public/clean-room/layers/stack/still/ppoint/eyes.png,image,eyes,gallery:eyes
reference/grok_build/public/clean-room/layers/stack/still/psmirk/eyes.png,image,eyes,gallery:eyes
reference/grok_build/public/clean-room/layers/stack/still/ptongue/eyes.png,image,eyes,gallery:eyes
reference/grok_build/public/clean-room/layers/stack/still/pwave/eyes.png,image,eyes,gallery:eyes
reference/grok_build/public/clean-room/layers/stack/still/reactions-1/eyes.png,image,eyes,gallery:eyes
reference/grok_build/public/clean-room/layers/stack/still/reactions-2-1/eyes.png,image,eyes,gallery:eyes
reference/grok_build/public/clean-room/layers/stack/still/reactions-2-2/eyes.png,image,eyes,gallery:eyes
reference/grok_build/public/clean-room/layers/stack/still/reactions-2-3/eyes.png,image,eyes,gallery:eyes
reference/grok_build/public/clean-room/layers/stack/still/reactions-2/eyes.png,image,eyes,gallery:eyes
reference/grok_build/public/clean-room/layers/stack/still/reactions-3/eyes.png,image,eyes,gallery:eyes
reference/grok_build/public/clean-room/layers/stack/still/reactions-4/eyes.png,image,eyes,gallery:eyes
reference/grok_build/public/clean-room/layers/stack/still/ready/eyes.png,image,eyes,gallery:eyes
reference/grok_build/public/clean-room/layers/stack/still/set-16-1/eyes.png,image,eyes,gallery:eyes
reference/grok_build/public/clean-room/layers/stack/still/set-16-10p1/eyes.png,image,eyes,gallery:eyes
reference/grok_build/public/clean-room/layers/stack/still/set-16-10p2/eyes.png,image,eyes,gallery:eyes
reference/grok_build/public/clean-room/layers/stack/still/set-16-11p1/eyes.png,image,eyes,gallery:eyes
reference/grok_build/public/clean-room/layers/stack/still/set-16-11p2/eyes.png,image,eyes,gallery:eyes
reference/grok_build/public/clean-room/layers/stack/still/set-16-12/eyes.png,image,eyes,gallery:eyes
reference/grok_build/public/clean-room/layers/stack/still/set-16-2/eyes.png,image,eyes,gallery:eyes
reference/grok_build/public/clean-room/layers/stack/still/set-16-3/eyes.png,image,eyes,gallery:eyes
reference/grok_build/public/clean-room/layers/stack/still/set-16-4/eyes.png,image,eyes,gallery:eyes
reference/grok_build/public/clean-room/layers/stack/still/set-16-5/eyes.png,image,eyes,gallery:eyes
reference/grok_build/public/clean-room/layers/stack/still/set-16-6/eyes.png,image,eyes,gallery:eyes
reference/grok_build/public/clean-room/layers/stack/still/set-16-7/eyes.png,image,eyes,gallery:eyes
reference/grok_build/public/clean-room/layers/stack/still/set-16-8/eyes.png,image,eyes,gallery:eyes
reference/grok_build/public/clean-room/layers/stack/still/set-16-9p1/eyes.png,image,eyes,gallery:eyes
reference/grok_build/public/clean-room/layers/stack/still/set-16-9p2/eyes.png,image,eyes,gallery:eyes
reference/grok_build/public/clean-room/layers/stack/still/set-17-2/eyes.png,image,eyes,gallery:eyes
reference/grok_build/public/clean-room/layers/stack/still/set-17-3/eyes.png,image,eyes,gallery:eyes
reference/grok_build/public/clean-room/layers/stack/still/set-17-4/eyes.png,image,eyes,gallery:eyes
reference/grok_build/public/clean-room/layers/stack/still/set-17-5/eyes.png,image,eyes,gallery:eyes
reference/grok_build/public/clean-room/layers/stack/still/set-17-6/eyes.png,image,eyes,gallery:eyes
reference/grok_build/public/clean-room/layers/stack/still/set-17-7/eyes.png,image,eyes,gallery:eyes
reference/grok_build/public/clean-room/layers/stack/still/set-17-8/eyes.png,image,eyes,gallery:eyes
reference/grok_build/public/clean-room/layers/stack/still/set-17-9/eyes.png,image,eyes,gallery:eyes
reference/grok_build/public/clean-room/layers/stack/still/set-18-1p1/eyes.png,image,eyes,gallery:eyes
reference/grok_build/public/clean-room/layers/stack/still/set-18-1p2/eyes.png,image,eyes,gallery:eyes
reference/grok_build/public/clean-room/layers/stack/still/set-18-2p1/eyes.png,image,eyes,gallery:eyes
reference/grok_build/public/clean-room/layers/stack/still/set-18-2p2/eyes.png,image,eyes,gallery:eyes
reference/grok_build/public/clean-room/layers/stack/still/set-18-4p1/eyes.png,image,eyes,gallery:eyes
reference/grok_build/public/clean-room/layers/stack/still/set-18-4p2/eyes.png,image,eyes,gallery:eyes
reference/grok_build/public/clean-room/layers/stack/still/sheet-1947-1/eyes.png,image,eyes,gallery:eyes
reference/grok_build/public/clean-room/layers/stack/still/sheet-1947-2/eyes.png,image,eyes,gallery:eyes
reference/grok_build/public/clean-room/layers/stack/still/sheet-1947-2b/eyes.png,image,eyes,gallery:eyes
reference/grok_build/public/clean-room/layers/stack/still/sheet-1947-4/eyes.png,image,eyes,gallery:eyes
reference/grok_build/public/clean-room/layers/stack/still/sheet-1947-5/eyes.png,image,eyes,gallery:eyes
reference/grok_build/public/clean-room/layers/stack/still/sheet-1db5-1/eyes.png,image,eyes,gallery:eyes
reference/grok_build/public/clean-room/layers/stack/still/sheet-1db5-10/eyes.png,image,eyes,gallery:eyes
reference/grok_build/public/clean-room/layers/stack/still/sheet-1db5-11/eyes.png,image,eyes,gallery:eyes
reference/grok_build/public/clean-room/layers/stack/still/sheet-1db5-12/eyes.png,image,eyes,gallery:eyes
reference/grok_build/public/clean-room/layers/stack/still/sheet-1db5-2/eyes.png,image,eyes,gallery:eyes
reference/grok_build/public/clean-room/layers/stack/still/sheet-1db5-3/eyes.png,image,eyes,gallery:eyes
reference/grok_build/public/clean-room/layers/stack/still/sheet-1db5-4/eyes.png,image,eyes,gallery:eyes
reference/grok_build/public/clean-room/layers/stack/still/sheet-1db5-5/eyes.png,image,eyes,gallery:eyes
reference/grok_build/public/clean-room/layers/stack/still/sheet-1db5-6/eyes.png,image,eyes,gallery:eyes
reference/grok_build/public/clean-room/layers/stack/still/sheet-1db5-7/eyes.png,image,eyes,gallery:eyes
reference/grok_build/public/clean-room/layers/stack/still/sheet-1db5-8/eyes.png,image,eyes,gallery:eyes
reference/grok_build/public/clean-room/layers/stack/still/sheet-1db5-9/eyes.png,image,eyes,gallery:eyes
reference/grok_build/public/clean-room/layers/stack/still/sheet-9f8e-1/eyes.png,image,eyes,gallery:eyes
reference/grok_build/public/clean-room/layers/stack/still/sheet-9f8e-2/eyes.png,image,eyes,gallery:eyes
reference/grok_build/public/clean-room/layers/stack/still/sheet-9f8e-3/eyes.png,image,eyes,gallery:eyes
reference/grok_build/public/clean-room/layers/stack/still/sheet-9f8e-4/eyes.png,image,eyes,gallery:eyes
reference/grok_build/public/clean-room/layers/stack/still/sheet-9f8e-5/eyes.png,image,eyes,gallery:eyes
reference/grok_build/public/clean-room/layers/stack/still/sheet-9f8e-6/eyes.png,image,eyes,gallery:eyes
reference/grok_build/public/clean-room/layers/stack/still/sheet-9f8e-7/eyes.png,image,eyes,gallery:eyes
reference/grok_build/public/clean-room/layers/stack/still/sheet-9f8e-8/eyes.png,image,eyes,gallery:eyes
reference/grok_build/public/clean-room/layers/stack/still/sheet-aab0-1/eyes.png,image,eyes,gallery:eyes
reference/grok_build/public/clean-room/layers/stack/still/sheet-aab0-2/eyes.png,image,eyes,gallery:eyes
reference/grok_build/public/clean-room/layers/stack/still/sheet-aab0-3/eyes.png,image,eyes,gallery:eyes
reference/grok_build/public/clean-room/layers/stack/still/sheet-aab0-4/eyes.png,image,eyes,gallery:eyes
reference/grok_build/public/clean-room/layers/stack/still/sheet-aab0-5/eyes.png,image,eyes,gallery:eyes
reference/grok_build/public/clean-room/layers/stack/still/shrug/eyes.png,image,eyes,gallery:eyes
reference/grok_build/public/clean-room/layers/stack/still/sit-more-3/eyes.png,image,eyes,gallery:eyes
reference/grok_build/public/clean-room/layers/stack/still/squat/eyes.png,image,eyes,gallery:eyes
reference/grok_build/public/clean-room/layers/stack/still/startle/eyes.png,image,eyes,gallery:eyes
reference/grok_build/public/clean-room/layers/stack/still/stop/eyes.png,image,eyes,gallery:eyes
reference/grok_build/public/clean-room/layers/stack/still/strap/eyes.png,image,eyes,gallery:eyes
reference/grok_build/public/clean-room/layers/stack/still/talk/eyes.png,image,eyes,gallery:eyes
reference/grok_build/public/clean-room/layers/stack/still/tongue/eyes.png,image,eyes,gallery:eyes
reference/grok_build/public/clean-room/layers/stack/still/tpose/eyes.png,image,eyes,gallery:eyes
reference/grok_build/public/clean-room/layers/stack/still/xbrace/eyes.png,image,eyes,gallery:eyes
reference/grok_build/public/clean-room/layers/stack/still/xdrive/eyes.png,image,eyes,gallery:eyes
reference/grok_build/public/clean-room/layers/stack/still/xfkick2/eyes.png,image,eyes,gallery:eyes
reference/grok_build/public/clean-room/layers/stack/still/xfrun/eyes.png,image,eyes,gallery:eyes
reference/grok_build/public/clean-room/layers/stack/still/xhop/eyes.png,image,eyes,gallery:eyes
reference/grok_build/public/clean-room/layers/stack/still/xlunge/eyes.png,image,eyes,gallery:eyes
reference/grok_build/public/clean-room/layers/stack/still/xspin/eyes.png,image,eyes,gallery:eyes
reference/grok_build/public/clean-room/layers/stack/still/xsquat/eyes.png,image,eyes,gallery:eyes
reference/grok_build/artifacts/crops/sit3_lhand.jpg,image,hands,gallery:hands
reference/grok_build/artifacts/crops/sit3_rhand.jpg,image,hands,gallery:hands
reference/grok_build/artifacts/turn/fix/src-handL-000.png,image,hands,gallery:hands
reference/grok_build/artifacts/turn/fix/src-handL-045.png,image,hands,gallery:hands
reference/grok_build/artifacts/turn/fix/src-handR-045.png,image,hands,gallery:hands
reference/grok_build/artifacts/turn/hand-l.png,image,hands,gallery:hands
reference/grok_build/artifacts/turn/hand-r.png,image,hands,gallery:hands
reference/grok_build/artifacts/turn/hands-000.jpg,image,hands,gallery:hands + driver
reference/grok_build/artifacts/turn/hands-045.jpg,image,hands,gallery:hands + driver
reference/grok_build/artifacts/turn/hands-180.jpg,image,hands,gallery:hands + driver
reference/grok_build/artifacts/turn/hands-315.jpg,image,hands,gallery:hands + driver
reference/grok_build/artifacts/turn/jump-hand-l.jpg,image,hands,gallery:hands
reference/grok_build/artifacts/turn/jump-hand-r.jpg,image,hands,gallery:hands
reference/grok_build/artifacts/turn/key-eaten-hands.png,image,hands,gallery:hands
reference/grok_build/artifacts/turn/key-recovered-hands.png,image,hands,gallery:hands
reference/grok_build/artifacts/turn/lock/hand-000L.jpg,image,hands,gallery:hands + driver
reference/grok_build/artifacts/turn/lock/hand-000R.jpg,image,hands,gallery:hands + driver
reference/grok_build/artifacts/turn/lock/hand-045L.jpg,image,hands,gallery:hands + driver
reference/grok_build/artifacts/turn/lock/hand-045R.jpg,image,hands,gallery:hands + driver
reference/grok_build/artifacts/turn/lock/hand-315L.jpg,image,hands,gallery:hands + driver
reference/grok_build/artifacts/turn/lock/hand-315R.jpg,image,hands,gallery:hands + driver
reference/grok_build/artifacts/turn/qa-hands.jpg,image,hands,gallery:hands
reference/grok_build/public/clean-room/rig/l-hand.png,image,hands,gallery:hands + cleanroom-page
reference/grok_build/public/clean-room/rig/r-hand.png,image,hands,gallery:hands + cleanroom-page
reference/grok_build/artifacts/mouth-check.jpg,image,mouth,gallery:mouth
reference/grok_build/artifacts/qa8/tongue-a.jpg,image,mouth,gallery:mouth
reference/grok_build/artifacts/qa8/tongue-b.jpg,image,mouth,gallery:mouth
reference/grok_build/artifacts/turn/f-talk.png,image,mouth,gallery:mouth
reference/grok_build/artifacts/turn/mask-talk.jpg,image,mouth,gallery:mouth
reference/grok_build/artifacts/turn/qa/ask-0.4.jpg,image,mouth,gallery:mouth + driver
reference/grok_build/artifacts/turn/qa/ask-1.8.jpg,image,mouth,gallery:mouth + driver
reference/grok_build/artifacts/turn/qa/ask-3.2.jpg,image,mouth,gallery:mouth + driver
reference/grok_build/artifacts/turn/qa/ask-5.0.jpg,image,mouth,gallery:mouth + driver
reference/grok_build/artifacts/turn/qa/laugh-0.4.jpg,image,mouth,gallery:mouth + driver
reference/grok_build/artifacts/turn/qa/laugh-1.8.jpg,image,mouth,gallery:mouth + driver
reference/grok_build/artifacts/turn/qa/laugh-3.2.jpg,image,mouth,gallery:mouth + driver
reference/grok_build/artifacts/turn/qa/laugh-5.0.jpg,image,mouth,gallery:mouth + driver
reference/grok_build/artifacts/turn/qa/speak-0.4.jpg,image,mouth,gallery:mouth + driver
reference/grok_build/artifacts/turn/qa/speak-1.8.jpg,image,mouth,gallery:mouth + driver
reference/grok_build/artifacts/turn/qa/speak-3.2.jpg,image,mouth,gallery:mouth + driver
reference/grok_build/artifacts/turn/qa/speak-5.0.jpg,image,mouth,gallery:mouth + driver
reference/grok_build/artifacts/turn/tongue.png,image,mouth,gallery:mouth
reference/grok_build/artifacts/vqa/talk-01.jpg,image,mouth,gallery:mouth
reference/grok_build/artifacts/vqa/talk-03.jpg,image,mouth,gallery:mouth
reference/grok_build/public/clean-room/frames/loop-talk-1.jpg,image,mouth,gallery:mouth
reference/grok_build/public/clean-room/frames/loop-talk-2.jpg,image,mouth,gallery:mouth
reference/grok_build/public/clean-room/frames/loop-talk-3.jpg,image,mouth,gallery:mouth
reference/grok_build/public/clean-room/frames/loop-talk-4.jpg,image,mouth,gallery:mouth
reference/grok_build/public/clean-room/hires/loop-talk-1.jpg,image,mouth,gallery:mouth + cleanroom-page
reference/grok_build/public/clean-room/hires/loop-talk-2.jpg,image,mouth,gallery:mouth + cleanroom-page
reference/grok_build/public/clean-room/hires/loop-talk-3.jpg,image,mouth,gallery:mouth + cleanroom-page
reference/grok_build/public/clean-room/hires/loop-talk-4.jpg,image,mouth,gallery:mouth + cleanroom-page
reference/grok_build/public/clean-room/hires/talk-ah.jpg,image,mouth,gallery:mouth
reference/grok_build/public/clean-room/hires/talk-eh.jpg,image,mouth,gallery:mouth
reference/grok_build/public/clean-room/layers/anim/talk.png,image,mouth,gallery:mouth + cleanroom-page
reference/grok_build/public/clean-room/layers/anim/tongue.png,image,mouth,gallery:mouth + cleanroom-page
reference/grok_build/public/clean-room/layers/hierarchy/anim/talk/body.png,image,mouth,gallery:mouth
reference/grok_build/public/clean-room/layers/hierarchy/anim/talk/hair.png,image,mouth,gallery:mouth
reference/grok_build/public/clean-room/layers/hierarchy/anim/tongue/body.png,image,mouth,gallery:mouth
reference/grok_build/public/clean-room/layers/hierarchy/anim/tongue/hair.png,image,mouth,gallery:mouth
reference/grok_build/public/clean-room/layers/hierarchy/still/loop-talk-1/body.png,image,mouth,gallery:mouth
reference/grok_build/public/clean-room/layers/hierarchy/still/loop-talk-1/hair.png,image,mouth,gallery:mouth
reference/grok_build/public/clean-room/layers/hierarchy/still/loop-talk-2/body.png,image,mouth,gallery:mouth
reference/grok_build/public/clean-room/layers/hierarchy/still/loop-talk-2/hair.png,image,mouth,gallery:mouth
reference/grok_build/public/clean-room/layers/hierarchy/still/loop-talk-3/body.png,image,mouth,gallery:mouth
reference/grok_build/public/clean-room/layers/hierarchy/still/loop-talk-3/hair.png,image,mouth,gallery:mouth
reference/grok_build/public/clean-room/layers/hierarchy/still/loop-talk-4/body.png,image,mouth,gallery:mouth
reference/grok_build/public/clean-room/layers/hierarchy/still/loop-talk-4/hair.png,image,mouth,gallery:mouth
reference/grok_build/public/clean-room/layers/hierarchy/still/ptongue/body.png,image,mouth,gallery:mouth
reference/grok_build/public/clean-room/layers/hierarchy/still/ptongue/hair.png,image,mouth,gallery:mouth
reference/grok_build/public/clean-room/layers/hierarchy/still/talk/body.png,image,mouth,gallery:mouth
reference/grok_build/public/clean-room/layers/hierarchy/still/talk/hair.png,image,mouth,gallery:mouth
reference/grok_build/public/clean-room/layers/hierarchy/still/tongue/body.png,image,mouth,gallery:mouth
reference/grok_build/public/clean-room/layers/hierarchy/still/tongue/hair.png,image,mouth,gallery:mouth
reference/grok_build/public/clean-room/sheets/loop-talk.jpg,image,mouth,gallery:mouth
reference/grok_build/public/clean-room/sheets/play-tongue.jpg,image,mouth,gallery:mouth + cleanroom-page
reference/grok_build/public/clean-room/videos/talk-ask.mp4,video,mouth,gallery:mouth + cleanroom-page + driver + registry
reference/grok_build/public/clean-room/videos/talk-laugh.mp4,video,mouth,gallery:mouth + cleanroom-page + driver + registry
reference/grok_build/public/clean-room/videos/talk-speak.mp4,video,mouth,gallery:mouth + cleanroom-page + driver + registry
reference/grok_build/public/clean-room/videos/talk.mp4,video,mouth,gallery:mouth + cleanroom-page
reference/grok_build/public/clean-room/videos/tongue.mp4,video,mouth,gallery:mouth + cleanroom-page
reference/grok_build/artifacts/turn/bangs-back.jpg,image,hair,gallery:hair
reference/grok_build/artifacts/turn/bangs-front.jpg,image,hair,gallery:hair
reference/grok_build/artifacts/turn/h2-apose.jpg,image,hair,gallery:hair
reference/grok_build/artifacts/turn/h2-back.jpg,image,hair,gallery:hair
reference/grok_build/artifacts/turn/h2-face.jpg,image,hair,gallery:hair
reference/grok_build/artifacts/turn/h2-sheet.jpg,image,hair,gallery:hair
reference/grok_build/artifacts/turn/hair-135-check.jpg,image,hair,gallery:hair
reference/grok_build/artifacts/turn/hair-all.jpg,image,hair,gallery:hair
reference/grok_build/artifacts/turn/hair-bangs.jpg,image,hair,gallery:hair
reference/grok_build/artifacts/turn/hair-clean.jpg,image,hair,gallery:hair
reference/grok_build/artifacts/turn/hair-core.jpg,image,hair,gallery:hair
reference/grok_build/artifacts/turn/hair-locked.jpg,image,hair,gallery:hair
reference/grok_build/artifacts/turn/hair-now.jpg,image,hair,gallery:hair
reference/grok_build/artifacts/turn/hair-regen-qa.jpg,image,hair,gallery:hair
reference/grok_build/artifacts/turn/hair-tight.jpg,image,hair,gallery:hair
reference/grok_build/artifacts/turn/m-hair.png,image,hair,gallery:hair
reference/grok_build/artifacts/turn/off-hair.jpg,image,hair,gallery:hair
reference/grok_build/artifacts/turn/only-hair.jpg,image,hair,gallery:hair
reference/grok_build/artifacts/turn/play-nohair.png,image,hair,gallery:hair
reference/grok_build/public/clean-room/layers/hair/hair-000.jpg,image,hair,gallery:hair
reference/grok_build/public/clean-room/layers/hair/hair-000.png,image,hair,gallery:hair + cleanroom-page + driver
reference/grok_build/public/clean-room/layers/hair/hair-045.jpg,image,hair,gallery:hair
reference/grok_build/public/clean-room/layers/hair/hair-045.png,image,hair,gallery:hair + cleanroom-page + driver
reference/grok_build/public/clean-room/layers/hair/hair-090.jpg,image,hair,gallery:hair
reference/grok_build/public/clean-room/layers/hair/hair-090.png,image,hair,gallery:hair + cleanroom-page + driver
reference/grok_build/public/clean-room/layers/hair/hair-135.jpg,image,hair,gallery:hair
reference/grok_build/public/clean-room/layers/hair/hair-135.png,image,hair,gallery:hair + cleanroom-page + driver
reference/grok_build/public/clean-room/layers/hair/hair-180.jpg,image,hair,gallery:hair
reference/grok_build/public/clean-room/layers/hair/hair-180.png,image,hair,gallery:hair + cleanroom-page + driver
reference/grok_build/public/clean-room/layers/hair/hair-225.jpg,image,hair,gallery:hair
reference/grok_build/public/clean-room/layers/hair/hair-225.png,image,hair,gallery:hair + cleanroom-page + driver
reference/grok_build/public/clean-room/layers/hair/hair-270.jpg,image,hair,gallery:hair
reference/grok_build/public/clean-room/layers/hair/hair-270.png,image,hair,gallery:hair + cleanroom-page + driver
reference/grok_build/public/clean-room/layers/hair/hair-315.jpg,image,hair,gallery:hair
reference/grok_build/public/clean-room/layers/hair/hair-315.png,image,hair,gallery:hair + cleanroom-page + driver
reference/grok_build/public/clean-room/videos/angry.mp4,video,videos,gallery:videos + cleanroom-page
reference/grok_build/public/clean-room/videos/apose-turn.mp4,video,videos,gallery:videos + cleanroom-page + registry
reference/grok_build/public/clean-room/videos/back.mp4,video,videos,gallery:videos + cleanroom-page
reference/grok_build/public/clean-room/videos/brace.mp4,video,videos,gallery:videos + cleanroom-page
reference/grok_build/public/clean-room/videos/cheeks.mp4,video,videos,gallery:videos + cleanroom-page
reference/grok_build/public/clean-room/videos/clasp.mp4,video,videos,gallery:videos + cleanroom-page
reference/grok_build/public/clean-room/videos/dodge.mp4,video,videos,gallery:videos + cleanroom-page
reference/grok_build/public/clean-room/videos/gasp.mp4,video,videos,gallery:videos + cleanroom-page
reference/grok_build/public/clean-room/videos/getup.mp4,video,videos,gallery:videos + cleanroom-page
reference/grok_build/public/clean-room/videos/glare.mp4,video,videos,gallery:videos + cleanroom-page
reference/grok_build/public/clean-room/videos/hem.mp4,video,videos,gallery:videos + cleanroom-page
reference/grok_build/public/clean-room/videos/hip.mp4,video,videos,gallery:videos + cleanroom-page
reference/grok_build/public/clean-room/videos/idle-long.mp4,video,videos,gallery:videos + cleanroom-page
reference/grok_build/public/clean-room/videos/idle.mp4,video,videos,gallery:videos + cleanroom-page
reference/grok_build/public/clean-room/videos/inspect.mp4,video,videos,gallery:videos + cleanroom-page
reference/grok_build/public/clean-room/videos/jump.mp4,video,videos,gallery:videos + cleanroom-page + registry
reference/grok_build/public/clean-room/videos/kick.mp4,video,videos,gallery:videos + cleanroom-page
reference/grok_build/public/clean-room/videos/kneel.mp4,video,videos,gallery:videos + cleanroom-page + registry
reference/grok_build/public/clean-room/videos/look.mp4,video,videos,gallery:videos + cleanroom-page
reference/grok_build/public/clean-room/videos/nod.mp4,video,videos,gallery:videos + cleanroom-page
reference/grok_build/public/clean-room/videos/point.mp4,video,videos,gallery:videos + cleanroom-page
reference/grok_build/public/clean-room/videos/ready.mp4,video,videos,gallery:videos + cleanroom-page
reference/grok_build/public/clean-room/videos/run.mp4,video,videos,gallery:videos + cleanroom-page
reference/grok_build/public/clean-room/videos/sad.mp4,video,videos,gallery:videos + cleanroom-page
reference/grok_build/public/clean-room/videos/shrug.mp4,video,videos,gallery:videos + cleanroom-page
reference/grok_build/public/clean-room/videos/side.mp4,video,videos,gallery:videos + cleanroom-page
reference/grok_build/public/clean-room/videos/sit.mp4,video,videos,gallery:videos + cleanroom-page
reference/grok_build/public/clean-room/videos/smirk.mp4,video,videos,gallery:videos + cleanroom-page
reference/grok_build/public/clean-room/videos/squat.mp4,video,videos,gallery:videos + cleanroom-page
reference/grok_build/public/clean-room/videos/startle.mp4,video,videos,gallery:videos + cleanroom-page
reference/grok_build/public/clean-room/videos/stop.mp4,video,videos,gallery:videos + cleanroom-page
reference/grok_build/public/clean-room/videos/strap.mp4,video,videos,gallery:videos + cleanroom-page
reference/grok_build/public/clean-room/videos/stumble.mp4,video,videos,gallery:videos + cleanroom-page
reference/grok_build/public/clean-room/videos/sway.mp4,video,videos,gallery:videos + cleanroom-page
reference/grok_build/public/clean-room/videos/walk.mp4,video,videos,gallery:videos + cleanroom-page
reference/grok_build/public/clean-room/videos/wave.mp4,video,videos,gallery:videos + cleanroom-page
reference/grok_build/public/clean-room/videos/worry.mp4,video,videos,gallery:videos + cleanroom-page
reference/grok_build/public/clean-room/videos/yawn.mp4,video,videos,gallery:videos + cleanroom-page
reference/grok_build/public/clean-room/hires/acts-2-1.jpg,image,hires,gallery:hires + cleanroom-page
reference/grok_build/public/clean-room/hires/acts-2-2.jpg,image,hires,gallery:hires + cleanroom-page
reference/grok_build/public/clean-room/hires/acts-2-3.jpg,image,hires,gallery:hires + cleanroom-page
reference/grok_build/public/clean-room/hires/acts-2-4.jpg,image,hires,gallery:hires + cleanroom-page
reference/grok_build/public/clean-room/hires/adjust-1.jpg,image,hires,gallery:hires + cleanroom-page
reference/grok_build/public/clean-room/hires/adjust-2.jpg,image,hires,gallery:hires + cleanroom-page
reference/grok_build/public/clean-room/hires/adjust-3.jpg,image,hires,gallery:hires + cleanroom-page
reference/grok_build/public/clean-room/hires/adjust-4.jpg,image,hires,gallery:hires + cleanroom-page
reference/grok_build/public/clean-room/hires/adjust-back-1.jpg,image,hires,gallery:hires + cleanroom-page
reference/grok_build/public/clean-room/hires/adjust-back-2.jpg,image,hires,gallery:hires + cleanroom-page
reference/grok_build/public/clean-room/hires/angles-1.jpg,image,hires,gallery:hires + cleanroom-page
reference/grok_build/public/clean-room/hires/angles-2.jpg,image,hires,gallery:hires + cleanroom-page
reference/grok_build/public/clean-room/hires/angles-3.jpg,image,hires,gallery:hires + cleanroom-page
reference/grok_build/public/clean-room/hires/angles-4.jpg,image,hires,gallery:hires + cleanroom-page
reference/grok_build/public/clean-room/hires/blink-shut.jpg,image,hires,gallery:hires
reference/grok_build/public/clean-room/hires/emo-2-1.jpg,image,hires,gallery:hires + cleanroom-page
reference/grok_build/public/clean-room/hires/emo-2-2.jpg,image,hires,gallery:hires + cleanroom-page
reference/grok_build/public/clean-room/hires/emo-2-3.jpg,image,hires,gallery:hires + cleanroom-page
reference/grok_build/public/clean-room/hires/emotions-1.jpg,image,hires,gallery:hires + cleanroom-page
reference/grok_build/public/clean-room/hires/emotions-2.jpg,image,hires,gallery:hires + cleanroom-page
reference/grok_build/public/clean-room/hires/emotions-3.jpg,image,hires,gallery:hires + cleanroom-page
reference/grok_build/public/clean-room/hires/emotions-4.jpg,image,hires,gallery:hires + cleanroom-page
reference/grok_build/public/clean-room/hires/emotions-5.jpg,image,hires,gallery:hires + cleanroom-page
reference/grok_build/public/clean-room/hires/emotions-6.jpg,image,hires,gallery:hires + cleanroom-page
reference/grok_build/public/clean-room/hires/emotions-7.jpg,image,hires,gallery:hires + cleanroom-page
reference/grok_build/public/clean-room/hires/emotions-8.jpg,image,hires,gallery:hires + cleanroom-page
reference/grok_build/public/clean-room/hires/faces-locked-1.jpg,image,hires,gallery:hires + cleanroom-page
reference/grok_build/public/clean-room/hires/faces-locked-2.jpg,image,hires,gallery:hires + cleanroom-page
reference/grok_build/public/clean-room/hires/faces-locked-3.jpg,image,hires,gallery:hires + cleanroom-page
reference/grok_build/public/clean-room/hires/faces-locked-4.jpg,image,hires,gallery:hires + cleanroom-page
reference/grok_build/public/clean-room/hires/faces-locked-5.jpg,image,hires,gallery:hires + cleanroom-page
reference/grok_build/public/clean-room/hires/faces-locked-6.jpg,image,hires,gallery:hires + cleanroom-page
reference/grok_build/public/clean-room/hires/faces-locked-7.jpg,image,hires,gallery:hires + cleanroom-page
reference/grok_build/public/clean-room/hires/faces-locked-8.jpg,image,hires,gallery:hires + cleanroom-page
reference/grok_build/public/clean-room/hires/getup-rise-1.jpg,image,hires,gallery:hires + cleanroom-page
reference/grok_build/public/clean-room/hires/getup-rise-2.jpg,image,hires,gallery:hires + cleanroom-page
reference/grok_build/public/clean-room/hires/getup-rise-3.jpg,image,hires,gallery:hires + cleanroom-page
reference/grok_build/public/clean-room/hires/getup-rise-4.jpg,image,hires,gallery:hires + cleanroom-page
reference/grok_build/public/clean-room/hires/hygiene-1.jpg,image,hires,gallery:hires + cleanroom-page
reference/grok_build/public/clean-room/hires/hygiene-2.jpg,image,hires,gallery:hires + cleanroom-page
reference/grok_build/public/clean-room/hires/hygiene-3.jpg,image,hires,gallery:hires + cleanroom-page
reference/grok_build/public/clean-room/hires/idle-34-1.jpg,image,hires,gallery:hires + cleanroom-page
reference/grok_build/public/clean-room/hires/idle-34-2.jpg,image,hires,gallery:hires + cleanroom-page
reference/grok_build/public/clean-room/hires/idle-34-3.jpg,image,hires,gallery:hires + cleanroom-page
reference/grok_build/public/clean-room/hires/idle-back-1.jpg,image,hires,gallery:hires + cleanroom-page
reference/grok_build/public/clean-room/hires/idle-back-2.jpg,image,hires,gallery:hires + cleanroom-page
reference/grok_build/public/clean-room/hires/idle-back-3.jpg,image,hires,gallery:hires + cleanroom-page
reference/grok_build/public/clean-room/hires/idle-back-4.jpg,image,hires,gallery:hires + cleanroom-page
reference/grok_build/public/clean-room/hires/idle-front-1.jpg,image,hires,gallery:hires + cleanroom-page
reference/grok_build/public/clean-room/hires/idle-front-2.jpg,image,hires,gallery:hires + cleanroom-page
reference/grok_build/public/clean-room/hires/idle-front-3.jpg,image,hires,gallery:hires + cleanroom-page
reference/grok_build/public/clean-room/hires/idle-front-4.jpg,image,hires,gallery:hires + cleanroom-page
reference/grok_build/public/clean-room/hires/idle-front-5.jpg,image,hires,gallery:hires + cleanroom-page
reference/grok_build/public/clean-room/hires/idle-front-6.jpg,image,hires,gallery:hires + cleanroom-page
reference/grok_build/public/clean-room/hires/idle-front-7.jpg,image,hires,gallery:hires + cleanroom-page
reference/grok_build/public/clean-room/hires/idle-front-8.jpg,image,hires,gallery:hires + cleanroom-page
reference/grok_build/public/clean-room/hires/idle-side-1.jpg,image,hires,gallery:hires + cleanroom-page
reference/grok_build/public/clean-room/hires/idle-side-2.jpg,image,hires,gallery:hires + cleanroom-page
reference/grok_build/public/clean-room/hires/idle-side-3.jpg,image,hires,gallery:hires + cleanroom-page
reference/grok_build/public/clean-room/hires/idle-side-4.jpg,image,hires,gallery:hires + cleanroom-page
reference/grok_build/public/clean-room/hires/idle-sway-1.jpg,image,hires,gallery:hires + cleanroom-page
reference/grok_build/public/clean-room/hires/idle-sway-2.jpg,image,hires,gallery:hires + cleanroom-page
reference/grok_build/public/clean-room/hires/idle-sway-3.jpg,image,hires,gallery:hires + cleanroom-page
reference/grok_build/public/clean-room/hires/idle-sway-4.jpg,image,hires,gallery:hires + cleanroom-page
reference/grok_build/public/clean-room/hires/inspect-1.jpg,image,hires,gallery:hires + cleanroom-page
reference/grok_build/public/clean-room/hires/inspect-2.jpg,image,hires,gallery:hires + cleanroom-page
reference/grok_build/public/clean-room/hires/inspect-3.jpg,image,hires,gallery:hires + cleanroom-page
reference/grok_build/public/clean-room/hires/interact-1.jpg,image,hires,gallery:hires + cleanroom-page
reference/grok_build/public/clean-room/hires/interact-2.jpg,image,hires,gallery:hires + cleanroom-page
reference/grok_build/public/clean-room/hires/interact-3.jpg,image,hires,gallery:hires + cleanroom-page
reference/grok_build/public/clean-room/hires/lie-1.jpg,image,hires,gallery:hires + cleanroom-page
reference/grok_build/public/clean-room/hires/lie-2-1.jpg,image,hires,gallery:hires + cleanroom-page
reference/grok_build/public/clean-room/hires/lie-2.jpg,image,hires,gallery:hires + cleanroom-page
reference/grok_build/public/clean-room/hires/lie-3.jpg,image,hires,gallery:hires + cleanroom-page
reference/grok_build/public/clean-room/hires/lie-4.jpg,image,hires,gallery:hires + cleanroom-page
reference/grok_build/public/clean-room/hires/lie-back-1.jpg,image,hires,gallery:hires + cleanroom-page
reference/grok_build/public/clean-room/hires/lie-front-1.jpg,image,hires,gallery:hires + cleanroom-page
reference/grok_build/public/clean-room/hires/life-1.jpg,image,hires,gallery:hires + cleanroom-page
reference/grok_build/public/clean-room/hires/life-2.jpg,image,hires,gallery:hires + cleanroom-page
reference/grok_build/public/clean-room/hires/life-3.jpg,image,hires,gallery:hires + cleanroom-page
reference/grok_build/public/clean-room/hires/loop-blink-1.jpg,image,hires,gallery:hires + cleanroom-page
reference/grok_build/public/clean-room/hires/loop-blink-2.jpg,image,hires,gallery:hires + cleanroom-page
reference/grok_build/public/clean-room/hires/loop-blink-3.jpg,image,hires,gallery:hires + cleanroom-page
reference/grok_build/public/clean-room/hires/loop-blink-4.jpg,image,hires,gallery:hires + cleanroom-page
reference/grok_build/public/clean-room/hires/loop-look-1.jpg,image,hires,gallery:hires + cleanroom-page
reference/grok_build/public/clean-room/hires/loop-look-2.jpg,image,hires,gallery:hires + cleanroom-page
reference/grok_build/public/clean-room/hires/loop-look-3.jpg,image,hires,gallery:hires + cleanroom-page
reference/grok_build/public/clean-room/hires/loop-look-4.jpg,image,hires,gallery:hires + cleanroom-page
reference/grok_build/public/clean-room/hires/loop-nod-1.jpg,image,hires,gallery:hires + cleanroom-page
reference/grok_build/public/clean-room/hires/loop-nod-2.jpg,image,hires,gallery:hires + cleanroom-page
reference/grok_build/public/clean-room/hires/loop-nod-3.jpg,image,hires,gallery:hires + cleanroom-page
reference/grok_build/public/clean-room/hires/loop-nod-4.jpg,image,hires,gallery:hires + cleanroom-page
reference/grok_build/public/clean-room/hires/motion-1.jpg,image,hires,gallery:hires + cleanroom-page
reference/grok_build/public/clean-room/hires/motion-2.jpg,image,hires,gallery:hires + cleanroom-page
reference/grok_build/public/clean-room/hires/motion-3.jpg,image,hires,gallery:hires + cleanroom-page
reference/grok_build/public/clean-room/hires/motion-4.jpg,image,hires,gallery:hires + cleanroom-page
reference/grok_build/public/clean-room/hires/reactions-1.jpg,image,hires,gallery:hires + cleanroom-page
reference/grok_build/public/clean-room/hires/reactions-2-1.jpg,image,hires,gallery:hires + cleanroom-page
reference/grok_build/public/clean-room/hires/reactions-2-2.jpg,image,hires,gallery:hires + cleanroom-page
reference/grok_build/public/clean-room/hires/reactions-2-3.jpg,image,hires,gallery:hires + cleanroom-page
reference/grok_build/public/clean-room/hires/reactions-2.jpg,image,hires,gallery:hires + cleanroom-page
reference/grok_build/public/clean-room/hires/reactions-3.jpg,image,hires,gallery:hires + cleanroom-page
reference/grok_build/public/clean-room/hires/reactions-4.jpg,image,hires,gallery:hires + cleanroom-page
reference/grok_build/public/clean-room/hires/set-16-1.jpg,image,hires,gallery:hires + cleanroom-page
reference/grok_build/public/clean-room/hires/set-16-10p1.jpg,image,hires,gallery:hires + cleanroom-page
reference/grok_build/public/clean-room/hires/set-16-10p2.jpg,image,hires,gallery:hires + cleanroom-page
reference/grok_build/public/clean-room/hires/set-16-11p1.jpg,image,hires,gallery:hires + cleanroom-page
reference/grok_build/public/clean-room/hires/set-16-11p2.jpg,image,hires,gallery:hires + cleanroom-page
reference/grok_build/public/clean-room/hires/set-16-12.jpg,image,hires,gallery:hires + cleanroom-page
reference/grok_build/public/clean-room/hires/set-16-2.jpg,image,hires,gallery:hires + cleanroom-page
reference/grok_build/public/clean-room/hires/set-16-3.jpg,image,hires,gallery:hires + cleanroom-page
reference/grok_build/public/clean-room/hires/set-16-4.jpg,image,hires,gallery:hires + cleanroom-page
reference/grok_build/public/clean-room/hires/set-16-5.jpg,image,hires,gallery:hires + cleanroom-page
reference/grok_build/public/clean-room/hires/set-16-6.jpg,image,hires,gallery:hires + cleanroom-page
reference/grok_build/public/clean-room/hires/set-16-7.jpg,image,hires,gallery:hires + cleanroom-page
reference/grok_build/public/clean-room/hires/set-16-8.jpg,image,hires,gallery:hires + cleanroom-page
reference/grok_build/public/clean-room/hires/set-16-9p1.jpg,image,hires,gallery:hires + cleanroom-page
reference/grok_build/public/clean-room/hires/set-16-9p2.jpg,image,hires,gallery:hires + cleanroom-page
reference/grok_build/public/clean-room/hires/set-17-1.jpg,image,hires,gallery:hires + cleanroom-page
reference/grok_build/public/clean-room/hires/set-17-2.jpg,image,hires,gallery:hires + cleanroom-page
reference/grok_build/public/clean-room/hires/set-17-3.jpg,image,hires,gallery:hires + cleanroom-page
reference/grok_build/public/clean-room/hires/set-17-4.jpg,image,hires,gallery:hires + cleanroom-page
reference/grok_build/public/clean-room/hires/set-17-5.jpg,image,hires,gallery:hires + cleanroom-page
reference/grok_build/public/clean-room/hires/set-17-6.jpg,image,hires,gallery:hires + cleanroom-page
reference/grok_build/public/clean-room/hires/set-17-7.jpg,image,hires,gallery:hires + cleanroom-page
reference/grok_build/public/clean-room/hires/set-17-8.jpg,image,hires,gallery:hires + cleanroom-page
reference/grok_build/public/clean-room/hires/set-17-9.jpg,image,hires,gallery:hires + cleanroom-page
reference/grok_build/public/clean-room/hires/set-18-1p1.jpg,image,hires,gallery:hires + cleanroom-page
reference/grok_build/public/clean-room/hires/set-18-1p2.jpg,image,hires,gallery:hires + cleanroom-page
reference/grok_build/public/clean-room/hires/set-18-2p1.jpg,image,hires,gallery:hires + cleanroom-page
reference/grok_build/public/clean-room/hires/set-18-2p2.jpg,image,hires,gallery:hires + cleanroom-page
reference/grok_build/public/clean-room/hires/set-18-3p1.jpg,image,hires,gallery:hires + cleanroom-page
reference/grok_build/public/clean-room/hires/set-18-3p2.jpg,image,hires,gallery:hires + cleanroom-page
reference/grok_build/public/clean-room/hires/set-18-4p1.jpg,image,hires,gallery:hires + cleanroom-page
reference/grok_build/public/clean-room/hires/set-18-4p2.jpg,image,hires,gallery:hires + cleanroom-page
reference/grok_build/public/clean-room/hires/sheet-1947-1.jpg,image,hires,gallery:hires + cleanroom-page
reference/grok_build/public/clean-room/hires/sheet-1947-2.jpg,image,hires,gallery:hires + cleanroom-page
reference/grok_build/public/clean-room/hires/sheet-1947-2b.jpg,image,hires,gallery:hires + cleanroom-page
reference/grok_build/public/clean-room/hires/sheet-1947-3.jpg,image,hires,gallery:hires + cleanroom-page
reference/grok_build/public/clean-room/hires/sheet-1947-4.jpg,image,hires,gallery:hires + cleanroom-page
reference/grok_build/public/clean-room/hires/sheet-1947-5.jpg,image,hires,gallery:hires + cleanroom-page
reference/grok_build/public/clean-room/hires/sheet-1db5-1.jpg,image,hires,gallery:hires + cleanroom-page
reference/grok_build/public/clean-room/hires/sheet-1db5-10.jpg,image,hires,gallery:hires + cleanroom-page
reference/grok_build/public/clean-room/hires/sheet-1db5-11.jpg,image,hires,gallery:hires + cleanroom-page
reference/grok_build/public/clean-room/hires/sheet-1db5-12.jpg,image,hires,gallery:hires + cleanroom-page
reference/grok_build/public/clean-room/hires/sheet-1db5-2.jpg,image,hires,gallery:hires + cleanroom-page
reference/grok_build/public/clean-room/hires/sheet-1db5-3.jpg,image,hires,gallery:hires + cleanroom-page
reference/grok_build/public/clean-room/hires/sheet-1db5-4.jpg,image,hires,gallery:hires + cleanroom-page
reference/grok_build/public/clean-room/hires/sheet-1db5-5.jpg,image,hires,gallery:hires + cleanroom-page
reference/grok_build/public/clean-room/hires/sheet-1db5-6.jpg,image,hires,gallery:hires + cleanroom-page
reference/grok_build/public/clean-room/hires/sheet-1db5-7.jpg,image,hires,gallery:hires + cleanroom-page
reference/grok_build/public/clean-room/hires/sheet-1db5-8.jpg,image,hires,gallery:hires + cleanroom-page
reference/grok_build/public/clean-room/hires/sheet-1db5-9.jpg,image,hires,gallery:hires + cleanroom-page
reference/grok_build/public/clean-room/hires/sheet-9f8e-1.jpg,image,hires,gallery:hires + cleanroom-page
reference/grok_build/public/clean-room/hires/sheet-9f8e-2.jpg,image,hires,gallery:hires + cleanroom-page
reference/grok_build/public/clean-room/hires/sheet-9f8e-3.jpg,image,hires,gallery:hires + cleanroom-page
reference/grok_build/public/clean-room/hires/sheet-9f8e-4.jpg,image,hires,gallery:hires + cleanroom-page
reference/grok_build/public/clean-room/hires/sheet-9f8e-5.jpg,image,hires,gallery:hires + cleanroom-page
reference/grok_build/public/clean-room/hires/sheet-9f8e-6.jpg,image,hires,gallery:hires + cleanroom-page
reference/grok_build/public/clean-room/hires/sheet-9f8e-7.jpg,image,hires,gallery:hires + cleanroom-page
reference/grok_build/public/clean-room/hires/sheet-9f8e-8.jpg,image,hires,gallery:hires + cleanroom-page
reference/grok_build/public/clean-room/hires/sheet-aab0-1.jpg,image,hires,gallery:hires + cleanroom-page
reference/grok_build/public/clean-room/hires/sheet-aab0-2.jpg,image,hires,gallery:hires + cleanroom-page
reference/grok_build/public/clean-room/hires/sheet-aab0-3.jpg,image,hires,gallery:hires + cleanroom-page
reference/grok_build/public/clean-room/hires/sheet-aab0-4.jpg,image,hires,gallery:hires + cleanroom-page
reference/grok_build/public/clean-room/hires/sheet-aab0-5.jpg,image,hires,gallery:hires + cleanroom-page
reference/grok_build/public/clean-room/hires/sit-more-1.jpg,image,hires,gallery:hires + cleanroom-page
reference/grok_build/public/clean-room/hires/sit-more-2.jpg,image,hires,gallery:hires + cleanroom-page
reference/grok_build/public/clean-room/hires/sit-more-3.jpg,image,hires,gallery:hires + cleanroom-page
reference/grok_build/public/clean-room/hires/walk-play-1.jpg,image,hires,gallery:hires + cleanroom-page
reference/grok_build/public/clean-room/hires/walk-play-2.jpg,image,hires,gallery:hires + cleanroom-page
reference/grok_build/public/clean-room/hires/walk-play-3.jpg,image,hires,gallery:hires + cleanroom-page
reference/grok_build/public/clean-room/hires/walk-play-4.jpg,image,hires,gallery:hires + cleanroom-page
reference/grok_build/public/clean-room/sheets/acts-2.jpg,image,sheets,gallery:sheets
reference/grok_build/public/clean-room/sheets/adjust-back.jpg,image,sheets,gallery:sheets
reference/grok_build/public/clean-room/sheets/adjust.jpg,image,sheets,gallery:sheets
reference/grok_build/public/clean-room/sheets/angles.jpg,image,sheets,gallery:sheets
reference/grok_build/public/clean-room/sheets/angles.png,image,sheets,gallery:sheets
reference/grok_build/public/clean-room/sheets/emo-2.jpg,image,sheets,gallery:sheets
reference/grok_build/public/clean-room/sheets/emotions.jpg,image,sheets,gallery:sheets
reference/grok_build/public/clean-room/sheets/extreme-back-dodge.jpg,image,sheets,gallery:sheets + cleanroom-page
reference/grok_build/public/clean-room/sheets/extreme-back-fall.jpg,image,sheets,gallery:sheets + cleanroom-page
reference/grok_build/public/clean-room/sheets/extreme-back-kick-2.jpg,image,sheets,gallery:sheets + cleanroom-page
reference/grok_build/public/clean-room/sheets/extreme-back-kick.jpg,image,sheets,gallery:sheets
reference/grok_build/public/clean-room/sheets/extreme-back-run.jpg,image,sheets,gallery:sheets + cleanroom-page
reference/grok_build/public/clean-room/sheets/extreme-back-squat.jpg,image,sheets,gallery:sheets + cleanroom-page
reference/grok_build/public/clean-room/sheets/extreme-back-up.jpg,image,sheets,gallery:sheets + cleanroom-page
reference/grok_build/public/clean-room/sheets/extreme-brace.jpg,image,sheets,gallery:sheets + cleanroom-page
reference/grok_build/public/clean-room/sheets/extreme-dodge.jpg,image,sheets,gallery:sheets + cleanroom-page
reference/grok_build/public/clean-room/sheets/extreme-drive.jpg,image,sheets,gallery:sheets + cleanroom-page
reference/grok_build/public/clean-room/sheets/extreme-fall.jpg,image,sheets,gallery:sheets + cleanroom-page
reference/grok_build/public/clean-room/sheets/extreme-front-kick-2.jpg,image,sheets,gallery:sheets + cleanroom-page
reference/grok_build/public/clean-room/sheets/extreme-front-kick.jpg,image,sheets,gallery:sheets
reference/grok_build/public/clean-room/sheets/extreme-front-run.jpg,image,sheets,gallery:sheets + cleanroom-page
reference/grok_build/public/clean-room/sheets/extreme-hop.jpg,image,sheets,gallery:sheets + cleanroom-page
reference/grok_build/public/clean-room/sheets/extreme-kick.jpg,image,sheets,gallery:sheets
reference/grok_build/public/clean-room/sheets/extreme-knee.jpg,image,sheets,gallery:sheets + cleanroom-page
reference/grok_build/public/clean-room/sheets/extreme-left-sprint.jpg,image,sheets,gallery:sheets + cleanroom-page
reference/grok_build/public/clean-room/sheets/extreme-lunge.jpg,image,sheets,gallery:sheets + cleanroom-page
reference/grok_build/public/clean-room/sheets/extreme-right-kick.jpg,image,sheets,gallery:sheets + cleanroom-page
reference/grok_build/public/clean-room/sheets/extreme-right-stumble.jpg,image,sheets,gallery:sheets + cleanroom-page
reference/grok_build/public/clean-room/sheets/extreme-side-dodge.jpg,image,sheets,gallery:sheets
reference/grok_build/public/clean-room/sheets/extreme-side-fall.jpg,image,sheets,gallery:sheets + cleanroom-page
reference/grok_build/public/clean-room/sheets/extreme-slide.jpg,image,sheets,gallery:sheets + cleanroom-page
reference/grok_build/public/clean-room/sheets/extreme-spin.jpg,image,sheets,gallery:sheets + cleanroom-page
reference/grok_build/public/clean-room/sheets/extreme-sprint-2.jpg,image,sheets,gallery:sheets + cleanroom-page
reference/grok_build/public/clean-room/sheets/extreme-sprint.jpg,image,sheets,gallery:sheets + cleanroom-page
reference/grok_build/public/clean-room/sheets/extreme-squat.jpg,image,sheets,gallery:sheets + cleanroom-page
reference/grok_build/public/clean-room/sheets/extreme-stumble.jpg,image,sheets,gallery:sheets + cleanroom-page
reference/grok_build/public/clean-room/sheets/extreme-turn.jpg,image,sheets,gallery:sheets + cleanroom-page
reference/grok_build/public/clean-room/sheets/extreme-twist.jpg,image,sheets,gallery:sheets + cleanroom-page
reference/grok_build/public/clean-room/sheets/faces-locked.jpg,image,sheets,gallery:sheets
reference/grok_build/public/clean-room/sheets/faces-locked.png,image,sheets,gallery:sheets
reference/grok_build/public/clean-room/sheets/getup-rise.jpg,image,sheets,gallery:sheets
reference/grok_build/public/clean-room/sheets/getup-rise.png,image,sheets,gallery:sheets
reference/grok_build/public/clean-room/sheets/getup.jpg,image,sheets,gallery:sheets
reference/grok_build/public/clean-room/sheets/getup.png,image,sheets,gallery:sheets
reference/grok_build/public/clean-room/sheets/hygiene.jpg,image,sheets,gallery:sheets
reference/grok_build/public/clean-room/sheets/idle-34.jpg,image,sheets,gallery:sheets
reference/grok_build/public/clean-room/sheets/idle-back.jpg,image,sheets,gallery:sheets
reference/grok_build/public/clean-room/sheets/idle-front.jpg,image,sheets,gallery:sheets
reference/grok_build/public/clean-room/sheets/idle-side.jpg,image,sheets,gallery:sheets
reference/grok_build/public/clean-room/sheets/idle-sway.jpg,image,sheets,gallery:sheets
reference/grok_build/public/clean-room/sheets/idle.jpg,image,sheets,gallery:sheets
reference/grok_build/public/clean-room/sheets/inspect.jpg,image,sheets,gallery:sheets
reference/grok_build/public/clean-room/sheets/interact.jpg,image,sheets,gallery:sheets
reference/grok_build/public/clean-room/sheets/jump-1.jpg,image,sheets,gallery:sheets + cleanroom-page
reference/grok_build/public/clean-room/sheets/jump-2.jpg,image,sheets,gallery:sheets + cleanroom-page
reference/grok_build/public/clean-room/sheets/jump-3.jpg,image,sheets,gallery:sheets + cleanroom-page
reference/grok_build/public/clean-room/sheets/jump-4.jpg,image,sheets,gallery:sheets + cleanroom-page
reference/grok_build/public/clean-room/sheets/jump-5.jpg,image,sheets,gallery:sheets + cleanroom-page
reference/grok_build/public/clean-room/sheets/jump-6.jpg,image,sheets,gallery:sheets + cleanroom-page
reference/grok_build/public/clean-room/sheets/jump-action.jpg,image,sheets,gallery:sheets
reference/grok_build/public/clean-room/sheets/lie-2.jpg,image,sheets,gallery:sheets
reference/grok_build/public/clean-room/sheets/lie-back.jpg,image,sheets,gallery:sheets
reference/grok_build/public/clean-room/sheets/lie-front.jpg,image,sheets,gallery:sheets
reference/grok_build/public/clean-room/sheets/lie.jpg,image,sheets,gallery:sheets
reference/grok_build/public/clean-room/sheets/life.jpg,image,sheets,gallery:sheets
reference/grok_build/public/clean-room/sheets/loop-blink.jpg,image,sheets,gallery:sheets
reference/grok_build/public/clean-room/sheets/loop-look.jpg,image,sheets,gallery:sheets
reference/grok_build/public/clean-room/sheets/loop-nod.jpg,image,sheets,gallery:sheets
reference/grok_build/public/clean-room/sheets/motion.jpg,image,sheets,gallery:sheets
reference/grok_build/public/clean-room/sheets/play-point.jpg,image,sheets,gallery:sheets + cleanroom-page
reference/grok_build/public/clean-room/sheets/play-smirk.jpg,image,sheets,gallery:sheets + cleanroom-page
reference/grok_build/public/clean-room/sheets/play-wave.jpg,image,sheets,gallery:sheets + cleanroom-page
reference/grok_build/public/clean-room/sheets/play.jpg,image,sheets,gallery:sheets
reference/grok_build/public/clean-room/sheets/reactions-2.jpg,image,sheets,gallery:sheets
reference/grok_build/public/clean-room/sheets/reactions.jpg,image,sheets,gallery:sheets
reference/grok_build/public/clean-room/sheets/run-1.jpg,image,sheets,gallery:sheets + cleanroom-page
reference/grok_build/public/clean-room/sheets/run-2.jpg,image,sheets,gallery:sheets + cleanroom-page
reference/grok_build/public/clean-room/sheets/run-3.jpg,image,sheets,gallery:sheets + cleanroom-page
reference/grok_build/public/clean-room/sheets/run-4.jpg,image,sheets,gallery:sheets + cleanroom-page
reference/grok_build/public/clean-room/sheets/run-action.jpg,image,sheets,gallery:sheets
reference/grok_build/public/clean-room/sheets/set-16.jpg,image,sheets,gallery:sheets
reference/grok_build/public/clean-room/sheets/set-17.jpg,image,sheets,gallery:sheets
reference/grok_build/public/clean-room/sheets/set-18.jpg,image,sheets,gallery:sheets
reference/grok_build/public/clean-room/sheets/sheet-1947.jpg,image,sheets,gallery:sheets
reference/grok_build/public/clean-room/sheets/sheet-1db5.jpg,image,sheets,gallery:sheets
reference/grok_build/public/clean-room/sheets/sheet-9f8e.jpg,image,sheets,gallery:sheets
reference/grok_build/public/clean-room/sheets/sheet-aab0.jpg,image,sheets,gallery:sheets
reference/grok_build/public/clean-room/sheets/sit-more.jpg,image,sheets,gallery:sheets
reference/grok_build/public/clean-room/sheets/walk-cycle.jpg,image,sheets,gallery:sheets
reference/grok_build/public/clean-room/sheets/walk-cycle.png,image,sheets,gallery:sheets
reference/grok_build/public/clean-room/sheets/walk-play.jpg,image,sheets,gallery:sheets
reference/grok_build/public/clean-room/sheets/walk.jpg,image,sheets,gallery:sheets
reference/grok_build/public/clean-room/frames/acts-2-1.jpg,image,frames,gallery:frames
reference/grok_build/public/clean-room/frames/acts-2-2.jpg,image,frames,gallery:frames
reference/grok_build/public/clean-room/frames/acts-2-3.jpg,image,frames,gallery:frames
reference/grok_build/public/clean-room/frames/acts-2-4.jpg,image,frames,gallery:frames
reference/grok_build/public/clean-room/frames/adjust-1.jpg,image,frames,gallery:frames
reference/grok_build/public/clean-room/frames/adjust-2.jpg,image,frames,gallery:frames
reference/grok_build/public/clean-room/frames/adjust-3.jpg,image,frames,gallery:frames
reference/grok_build/public/clean-room/frames/adjust-4.jpg,image,frames,gallery:frames
reference/grok_build/public/clean-room/frames/adjust-back-1.jpg,image,frames,gallery:frames
reference/grok_build/public/clean-room/frames/adjust-back-2.jpg,image,frames,gallery:frames
reference/grok_build/public/clean-room/frames/angles-1.jpg,image,frames,gallery:frames
reference/grok_build/public/clean-room/frames/angles-2.jpg,image,frames,gallery:frames
reference/grok_build/public/clean-room/frames/angles-3.jpg,image,frames,gallery:frames
reference/grok_build/public/clean-room/frames/angles-4.jpg,image,frames,gallery:frames
reference/grok_build/public/clean-room/frames/emo-2-1.jpg,image,frames,gallery:frames
reference/grok_build/public/clean-room/frames/emo-2-2.jpg,image,frames,gallery:frames
reference/grok_build/public/clean-room/frames/emo-2-3.jpg,image,frames,gallery:frames
reference/grok_build/public/clean-room/frames/emotions-1.jpg,image,frames,gallery:frames
reference/grok_build/public/clean-room/frames/emotions-2.jpg,image,frames,gallery:frames
reference/grok_build/public/clean-room/frames/emotions-3.jpg,image,frames,gallery:frames
reference/grok_build/public/clean-room/frames/emotions-4.jpg,image,frames,gallery:frames
reference/grok_build/public/clean-room/frames/emotions-5.jpg,image,frames,gallery:frames
reference/grok_build/public/clean-room/frames/emotions-6.jpg,image,frames,gallery:frames
reference/grok_build/public/clean-room/frames/emotions-7.jpg,image,frames,gallery:frames
reference/grok_build/public/clean-room/frames/emotions-8.jpg,image,frames,gallery:frames
reference/grok_build/public/clean-room/frames/faces-locked-1.jpg,image,frames,gallery:frames
reference/grok_build/public/clean-room/frames/faces-locked-2.jpg,image,frames,gallery:frames
reference/grok_build/public/clean-room/frames/faces-locked-3.jpg,image,frames,gallery:frames
reference/grok_build/public/clean-room/frames/faces-locked-4.jpg,image,frames,gallery:frames
reference/grok_build/public/clean-room/frames/faces-locked-5.jpg,image,frames,gallery:frames
reference/grok_build/public/clean-room/frames/faces-locked-6.jpg,image,frames,gallery:frames
reference/grok_build/public/clean-room/frames/faces-locked-7.jpg,image,frames,gallery:frames
reference/grok_build/public/clean-room/frames/faces-locked-8.jpg,image,frames,gallery:frames
reference/grok_build/public/clean-room/frames/getup-rise-1.jpg,image,frames,gallery:frames
reference/grok_build/public/clean-room/frames/getup-rise-2.jpg,image,frames,gallery:frames
reference/grok_build/public/clean-room/frames/getup-rise-3.jpg,image,frames,gallery:frames
reference/grok_build/public/clean-room/frames/getup-rise-4.jpg,image,frames,gallery:frames
reference/grok_build/public/clean-room/frames/hygiene-1.jpg,image,frames,gallery:frames
reference/grok_build/public/clean-room/frames/hygiene-2.jpg,image,frames,gallery:frames
reference/grok_build/public/clean-room/frames/hygiene-3.jpg,image,frames,gallery:frames
reference/grok_build/public/clean-room/frames/idle-34-1.jpg,image,frames,gallery:frames
reference/grok_build/public/clean-room/frames/idle-34-2.jpg,image,frames,gallery:frames
reference/grok_build/public/clean-room/frames/idle-34-3.jpg,image,frames,gallery:frames
reference/grok_build/public/clean-room/frames/idle-back-1.jpg,image,frames,gallery:frames
reference/grok_build/public/clean-room/frames/idle-back-2.jpg,image,frames,gallery:frames
reference/grok_build/public/clean-room/frames/idle-back-3.jpg,image,frames,gallery:frames
reference/grok_build/public/clean-room/frames/idle-back-4.jpg,image,frames,gallery:frames
reference/grok_build/public/clean-room/frames/idle-front-1.jpg,image,frames,gallery:frames
reference/grok_build/public/clean-room/frames/idle-front-2.jpg,image,frames,gallery:frames
reference/grok_build/public/clean-room/frames/idle-front-3.jpg,image,frames,gallery:frames
reference/grok_build/public/clean-room/frames/idle-front-4.jpg,image,frames,gallery:frames
reference/grok_build/public/clean-room/frames/idle-front-5.jpg,image,frames,gallery:frames
reference/grok_build/public/clean-room/frames/idle-front-6.jpg,image,frames,gallery:frames
reference/grok_build/public/clean-room/frames/idle-front-7.jpg,image,frames,gallery:frames
reference/grok_build/public/clean-room/frames/idle-front-8.jpg,image,frames,gallery:frames
reference/grok_build/public/clean-room/frames/idle-side-1.jpg,image,frames,gallery:frames
reference/grok_build/public/clean-room/frames/idle-side-2.jpg,image,frames,gallery:frames
reference/grok_build/public/clean-room/frames/idle-side-3.jpg,image,frames,gallery:frames
reference/grok_build/public/clean-room/frames/idle-side-4.jpg,image,frames,gallery:frames
reference/grok_build/public/clean-room/frames/idle-sway-1.jpg,image,frames,gallery:frames
reference/grok_build/public/clean-room/frames/idle-sway-2.jpg,image,frames,gallery:frames
reference/grok_build/public/clean-room/frames/idle-sway-3.jpg,image,frames,gallery:frames
reference/grok_build/public/clean-room/frames/idle-sway-4.jpg,image,frames,gallery:frames
reference/grok_build/public/clean-room/frames/inspect-1.jpg,image,frames,gallery:frames
reference/grok_build/public/clean-room/frames/inspect-2.jpg,image,frames,gallery:frames
reference/grok_build/public/clean-room/frames/inspect-3.jpg,image,frames,gallery:frames
reference/grok_build/public/clean-room/frames/interact-1.jpg,image,frames,gallery:frames
reference/grok_build/public/clean-room/frames/interact-2.jpg,image,frames,gallery:frames
reference/grok_build/public/clean-room/frames/interact-3.jpg,image,frames,gallery:frames
reference/grok_build/public/clean-room/frames/lie-1.jpg,image,frames,gallery:frames
reference/grok_build/public/clean-room/frames/lie-2-1.jpg,image,frames,gallery:frames
reference/grok_build/public/clean-room/frames/lie-2.jpg,image,frames,gallery:frames
reference/grok_build/public/clean-room/frames/lie-3.jpg,image,frames,gallery:frames
reference/grok_build/public/clean-room/frames/lie-4.jpg,image,frames,gallery:frames
reference/grok_build/public/clean-room/frames/lie-back-1.jpg,image,frames,gallery:frames
reference/grok_build/public/clean-room/frames/lie-front-1.jpg,image,frames,gallery:frames
reference/grok_build/public/clean-room/frames/life-1.jpg,image,frames,gallery:frames
reference/grok_build/public/clean-room/frames/life-2.jpg,image,frames,gallery:frames
reference/grok_build/public/clean-room/frames/life-3.jpg,image,frames,gallery:frames
reference/grok_build/public/clean-room/frames/loop-blink-1.jpg,image,frames,gallery:frames
reference/grok_build/public/clean-room/frames/loop-blink-2.jpg,image,frames,gallery:frames
reference/grok_build/public/clean-room/frames/loop-blink-3.jpg,image,frames,gallery:frames
reference/grok_build/public/clean-room/frames/loop-blink-4.jpg,image,frames,gallery:frames
reference/grok_build/public/clean-room/frames/loop-look-1.jpg,image,frames,gallery:frames
reference/grok_build/public/clean-room/frames/loop-look-2.jpg,image,frames,gallery:frames
reference/grok_build/public/clean-room/frames/loop-look-3.jpg,image,frames,gallery:frames
reference/grok_build/public/clean-room/frames/loop-look-4.jpg,image,frames,gallery:frames
reference/grok_build/public/clean-room/frames/loop-nod-1.jpg,image,frames,gallery:frames
reference/grok_build/public/clean-room/frames/loop-nod-2.jpg,image,frames,gallery:frames
reference/grok_build/public/clean-room/frames/loop-nod-3.jpg,image,frames,gallery:frames
reference/grok_build/public/clean-room/frames/loop-nod-4.jpg,image,frames,gallery:frames
reference/grok_build/public/clean-room/frames/motion-1.jpg,image,frames,gallery:frames
reference/grok_build/public/clean-room/frames/motion-2.jpg,image,frames,gallery:frames
reference/grok_build/public/clean-room/frames/motion-3.jpg,image,frames,gallery:frames
reference/grok_build/public/clean-room/frames/motion-4.jpg,image,frames,gallery:frames
reference/grok_build/public/clean-room/frames/reactions-1.jpg,image,frames,gallery:frames
reference/grok_build/public/clean-room/frames/reactions-2-1.jpg,image,frames,gallery:frames
reference/grok_build/public/clean-room/frames/reactions-2-2.jpg,image,frames,gallery:frames
reference/grok_build/public/clean-room/frames/reactions-2-3.jpg,image,frames,gallery:frames
reference/grok_build/public/clean-room/frames/reactions-2.jpg,image,frames,gallery:frames
reference/grok_build/public/clean-room/frames/reactions-3.jpg,image,frames,gallery:frames
reference/grok_build/public/clean-room/frames/reactions-4.jpg,image,frames,gallery:frames
reference/grok_build/public/clean-room/frames/set-16-1.jpg,image,frames,gallery:frames
reference/grok_build/public/clean-room/frames/set-16-10p1.jpg,image,frames,gallery:frames
reference/grok_build/public/clean-room/frames/set-16-10p2.jpg,image,frames,gallery:frames
reference/grok_build/public/clean-room/frames/set-16-11p1.jpg,image,frames,gallery:frames
reference/grok_build/public/clean-room/frames/set-16-11p2.jpg,image,frames,gallery:frames
reference/grok_build/public/clean-room/frames/set-16-12.jpg,image,frames,gallery:frames
reference/grok_build/public/clean-room/frames/set-16-2.jpg,image,frames,gallery:frames
reference/grok_build/public/clean-room/frames/set-16-3.jpg,image,frames,gallery:frames
reference/grok_build/public/clean-room/frames/set-16-4.jpg,image,frames,gallery:frames
reference/grok_build/public/clean-room/frames/set-16-5.jpg,image,frames,gallery:frames
reference/grok_build/public/clean-room/frames/set-16-6.jpg,image,frames,gallery:frames
reference/grok_build/public/clean-room/frames/set-16-7.jpg,image,frames,gallery:frames
reference/grok_build/public/clean-room/frames/set-16-8.jpg,image,frames,gallery:frames
reference/grok_build/public/clean-room/frames/set-16-9p1.jpg,image,frames,gallery:frames
reference/grok_build/public/clean-room/frames/set-16-9p2.jpg,image,frames,gallery:frames
reference/grok_build/public/clean-room/frames/set-17-1.jpg,image,frames,gallery:frames
reference/grok_build/public/clean-room/frames/set-17-2.jpg,image,frames,gallery:frames
reference/grok_build/public/clean-room/frames/set-17-3.jpg,image,frames,gallery:frames
reference/grok_build/public/clean-room/frames/set-17-4.jpg,image,frames,gallery:frames
reference/grok_build/public/clean-room/frames/set-17-5.jpg,image,frames,gallery:frames
reference/grok_build/public/clean-room/frames/set-17-6.jpg,image,frames,gallery:frames
reference/grok_build/public/clean-room/frames/set-17-7.jpg,image,frames,gallery:frames
reference/grok_build/public/clean-room/frames/set-17-8.jpg,image,frames,gallery:frames
reference/grok_build/public/clean-room/frames/set-17-9.jpg,image,frames,gallery:frames
reference/grok_build/public/clean-room/frames/set-18-1p1.jpg,image,frames,gallery:frames
reference/grok_build/public/clean-room/frames/set-18-1p2.jpg,image,frames,gallery:frames
reference/grok_build/public/clean-room/frames/set-18-2p1.jpg,image,frames,gallery:frames
reference/grok_build/public/clean-room/frames/set-18-2p2.jpg,image,frames,gallery:frames
reference/grok_build/public/clean-room/frames/set-18-3p1.jpg,image,frames,gallery:frames
reference/grok_build/public/clean-room/frames/set-18-3p2.jpg,image,frames,gallery:frames
reference/grok_build/public/clean-room/frames/set-18-4p1.jpg,image,frames,gallery:frames
reference/grok_build/public/clean-room/frames/set-18-4p2.jpg,image,frames,gallery:frames
reference/grok_build/public/clean-room/frames/sheet-1947-1.jpg,image,frames,gallery:frames
reference/grok_build/public/clean-room/frames/sheet-1947-2.jpg,image,frames,gallery:frames
reference/grok_build/public/clean-room/frames/sheet-1947-3.jpg,image,frames,gallery:frames
reference/grok_build/public/clean-room/frames/sheet-1947-4.jpg,image,frames,gallery:frames
reference/grok_build/public/clean-room/frames/sheet-1947-5.jpg,image,frames,gallery:frames
reference/grok_build/public/clean-room/frames/sheet-1db5-1.jpg,image,frames,gallery:frames
reference/grok_build/public/clean-room/frames/sheet-1db5-10.jpg,image,frames,gallery:frames
reference/grok_build/public/clean-room/frames/sheet-1db5-11.jpg,image,frames,gallery:frames
reference/grok_build/public/clean-room/frames/sheet-1db5-12.jpg,image,frames,gallery:frames
reference/grok_build/public/clean-room/frames/sheet-1db5-2.jpg,image,frames,gallery:frames
reference/grok_build/public/clean-room/frames/sheet-1db5-3.jpg,image,frames,gallery:frames
reference/grok_build/public/clean-room/frames/sheet-1db5-4.jpg,image,frames,gallery:frames
reference/grok_build/public/clean-room/frames/sheet-1db5-5.jpg,image,frames,gallery:frames
reference/grok_build/public/clean-room/frames/sheet-1db5-6.jpg,image,frames,gallery:frames
reference/grok_build/public/clean-room/frames/sheet-1db5-7.jpg,image,frames,gallery:frames
reference/grok_build/public/clean-room/frames/sheet-1db5-8.jpg,image,frames,gallery:frames
reference/grok_build/public/clean-room/frames/sheet-1db5-9.jpg,image,frames,gallery:frames
reference/grok_build/public/clean-room/frames/sheet-9f8e-1.jpg,image,frames,gallery:frames
reference/grok_build/public/clean-room/frames/sheet-9f8e-2.jpg,image,frames,gallery:frames
reference/grok_build/public/clean-room/frames/sheet-9f8e-3.jpg,image,frames,gallery:frames
reference/grok_build/public/clean-room/frames/sheet-9f8e-4.jpg,image,frames,gallery:frames
reference/grok_build/public/clean-room/frames/sheet-9f8e-5.jpg,image,frames,gallery:frames
reference/grok_build/public/clean-room/frames/sheet-9f8e-6.jpg,image,frames,gallery:frames
reference/grok_build/public/clean-room/frames/sheet-9f8e-7.jpg,image,frames,gallery:frames
reference/grok_build/public/clean-room/frames/sheet-9f8e-8.jpg,image,frames,gallery:frames
reference/grok_build/public/clean-room/frames/sheet-aab0-1.jpg,image,frames,gallery:frames
reference/grok_build/public/clean-room/frames/sheet-aab0-2.jpg,image,frames,gallery:frames
reference/grok_build/public/clean-room/frames/sheet-aab0-3.jpg,image,frames,gallery:frames
reference/grok_build/public/clean-room/frames/sheet-aab0-4.jpg,image,frames,gallery:frames
reference/grok_build/public/clean-room/frames/sheet-aab0-5.jpg,image,frames,gallery:frames
reference/grok_build/public/clean-room/frames/sit-more-1.jpg,image,frames,gallery:frames
reference/grok_build/public/clean-room/frames/sit-more-2.jpg,image,frames,gallery:frames
reference/grok_build/public/clean-room/frames/sit-more-3.jpg,image,frames,gallery:frames
reference/grok_build/public/clean-room/frames/walk-play-1.jpg,image,frames,gallery:frames
reference/grok_build/public/clean-room/frames/walk-play-2.jpg,image,frames,gallery:frames
reference/grok_build/public/clean-room/frames/walk-play-3.jpg,image,frames,gallery:frames
reference/grok_build/public/clean-room/frames/walk-play-4.jpg,image,frames,gallery:frames
reference/grok_build/public/clean-room/layers/anim/angry.png,image,layers,gallery:layers + cleanroom-page
reference/grok_build/public/clean-room/layers/anim/apose-turn.png,image,layers,gallery:layers + cleanroom-page
reference/grok_build/public/clean-room/layers/anim/back.png,image,layers,gallery:layers + cleanroom-page
reference/grok_build/public/clean-room/layers/anim/brace.png,image,layers,gallery:layers + cleanroom-page
reference/grok_build/public/clean-room/layers/anim/cheeks.png,image,layers,gallery:layers + cleanroom-page
reference/grok_build/public/clean-room/layers/anim/clasp.png,image,layers,gallery:layers + cleanroom-page
reference/grok_build/public/clean-room/layers/anim/dodge.png,image,layers,gallery:layers + cleanroom-page
reference/grok_build/public/clean-room/layers/anim/gasp.png,image,layers,gallery:layers + cleanroom-page
reference/grok_build/public/clean-room/layers/anim/getup.png,image,layers,gallery:layers + cleanroom-page
reference/grok_build/public/clean-room/layers/anim/glare.png,image,layers,gallery:layers + cleanroom-page
reference/grok_build/public/clean-room/layers/anim/hem.png,image,layers,gallery:layers + cleanroom-page
reference/grok_build/public/clean-room/layers/anim/hip.png,image,layers,gallery:layers + cleanroom-page
reference/grok_build/public/clean-room/layers/anim/idle-long.png,image,layers,gallery:layers + cleanroom-page
reference/grok_build/public/clean-room/layers/anim/idle.png,image,layers,gallery:layers + cleanroom-page
reference/grok_build/public/clean-room/layers/anim/inspect.png,image,layers,gallery:layers + cleanroom-page
reference/grok_build/public/clean-room/layers/anim/jump.png,image,layers,gallery:layers + cleanroom-page
reference/grok_build/public/clean-room/layers/anim/kick.png,image,layers,gallery:layers + cleanroom-page
reference/grok_build/public/clean-room/layers/anim/kneel.png,image,layers,gallery:layers + cleanroom-page
reference/grok_build/public/clean-room/layers/anim/look.png,image,layers,gallery:layers + cleanroom-page
reference/grok_build/public/clean-room/layers/anim/nod.png,image,layers,gallery:layers + cleanroom-page
reference/grok_build/public/clean-room/layers/anim/point.png,image,layers,gallery:layers + cleanroom-page
reference/grok_build/public/clean-room/layers/anim/ready.png,image,layers,gallery:layers + cleanroom-page
reference/grok_build/public/clean-room/layers/anim/run.png,image,layers,gallery:layers + cleanroom-page
reference/grok_build/public/clean-room/layers/anim/sad.png,image,layers,gallery:layers + cleanroom-page
reference/grok_build/public/clean-room/layers/anim/shrug.png,image,layers,gallery:layers + cleanroom-page
reference/grok_build/public/clean-room/layers/anim/side.png,image,layers,gallery:layers + cleanroom-page
reference/grok_build/public/clean-room/layers/anim/sit.png,image,layers,gallery:layers + cleanroom-page
reference/grok_build/public/clean-room/layers/anim/smirk.png,image,layers,gallery:layers + cleanroom-page
reference/grok_build/public/clean-room/layers/anim/squat.png,image,layers,gallery:layers + cleanroom-page
reference/grok_build/public/clean-room/layers/anim/startle.png,image,layers,gallery:layers + cleanroom-page
reference/grok_build/public/clean-room/layers/anim/stop.png,image,layers,gallery:layers + cleanroom-page
reference/grok_build/public/clean-room/layers/anim/strap.png,image,layers,gallery:layers + cleanroom-page
reference/grok_build/public/clean-room/layers/anim/stumble.png,image,layers,gallery:layers + cleanroom-page
reference/grok_build/public/clean-room/layers/anim/sway.png,image,layers,gallery:layers + cleanroom-page
reference/grok_build/public/clean-room/layers/anim/walk.png,image,layers,gallery:layers + cleanroom-page
reference/grok_build/public/clean-room/layers/anim/wave.png,image,layers,gallery:layers + cleanroom-page
reference/grok_build/public/clean-room/layers/anim/worry.png,image,layers,gallery:layers + cleanroom-page
reference/grok_build/public/clean-room/layers/anim/yawn.png,image,layers,gallery:layers + cleanroom-page
reference/grok_build/public/clean-room/layers/hierarchy/anim/angry/body.png,image,layers,gallery:layers
reference/grok_build/public/clean-room/layers/hierarchy/anim/angry/hair.png,image,layers,gallery:layers
reference/grok_build/public/clean-room/layers/hierarchy/anim/apose-turn/body.png,image,layers,gallery:layers
reference/grok_build/public/clean-room/layers/hierarchy/anim/apose-turn/hair.png,image,layers,gallery:layers
reference/grok_build/public/clean-room/layers/hierarchy/anim/back/body.png,image,layers,gallery:layers
reference/grok_build/public/clean-room/layers/hierarchy/anim/back/hair.png,image,layers,gallery:layers
reference/grok_build/public/clean-room/layers/hierarchy/anim/brace/body.png,image,layers,gallery:layers
reference/grok_build/public/clean-room/layers/hierarchy/anim/brace/hair.png,image,layers,gallery:layers
reference/grok_build/public/clean-room/layers/hierarchy/anim/cheeks/body.png,image,layers,gallery:layers
reference/grok_build/public/clean-room/layers/hierarchy/anim/cheeks/hair.png,image,layers,gallery:layers
reference/grok_build/public/clean-room/layers/hierarchy/anim/clasp/body.png,image,layers,gallery:layers
reference/grok_build/public/clean-room/layers/hierarchy/anim/clasp/hair.png,image,layers,gallery:layers
reference/grok_build/public/clean-room/layers/hierarchy/anim/dodge/body.png,image,layers,gallery:layers
reference/grok_build/public/clean-room/layers/hierarchy/anim/dodge/hair.png,image,layers,gallery:layers
reference/grok_build/public/clean-room/layers/hierarchy/anim/gasp/body.png,image,layers,gallery:layers
reference/grok_build/public/clean-room/layers/hierarchy/anim/gasp/hair.png,image,layers,gallery:layers
reference/grok_build/public/clean-room/layers/hierarchy/anim/getup/body.png,image,layers,gallery:layers
reference/grok_build/public/clean-room/layers/hierarchy/anim/getup/hair.png,image,layers,gallery:layers
reference/grok_build/public/clean-room/layers/hierarchy/anim/glare/body.png,image,layers,gallery:layers
reference/grok_build/public/clean-room/layers/hierarchy/anim/glare/hair.png,image,layers,gallery:layers
reference/grok_build/public/clean-room/layers/hierarchy/anim/hem/body.png,image,layers,gallery:layers
reference/grok_build/public/clean-room/layers/hierarchy/anim/hem/hair.png,image,layers,gallery:layers
reference/grok_build/public/clean-room/layers/hierarchy/anim/hip/body.png,image,layers,gallery:layers
reference/grok_build/public/clean-room/layers/hierarchy/anim/hip/hair.png,image,layers,gallery:layers
reference/grok_build/public/clean-room/layers/hierarchy/anim/idle-long/body.png,image,layers,gallery:layers
reference/grok_build/public/clean-room/layers/hierarchy/anim/idle-long/hair.png,image,layers,gallery:layers
reference/grok_build/public/clean-room/layers/hierarchy/anim/idle/body.png,image,layers,gallery:layers
reference/grok_build/public/clean-room/layers/hierarchy/anim/idle/hair.png,image,layers,gallery:layers
reference/grok_build/public/clean-room/layers/hierarchy/anim/inspect/body.png,image,layers,gallery:layers
reference/grok_build/public/clean-room/layers/hierarchy/anim/inspect/hair.png,image,layers,gallery:layers
reference/grok_build/public/clean-room/layers/hierarchy/anim/jump/body.png,image,layers,gallery:layers
reference/grok_build/public/clean-room/layers/hierarchy/anim/jump/hair.png,image,layers,gallery:layers
reference/grok_build/public/clean-room/layers/hierarchy/anim/kick/body.png,image,layers,gallery:layers
reference/grok_build/public/clean-room/layers/hierarchy/anim/kick/hair.png,image,layers,gallery:layers
reference/grok_build/public/clean-room/layers/hierarchy/anim/kneel/body.png,image,layers,gallery:layers
reference/grok_build/public/clean-room/layers/hierarchy/anim/kneel/hair.png,image,layers,gallery:layers
reference/grok_build/public/clean-room/layers/hierarchy/anim/look/body.png,image,layers,gallery:layers
reference/grok_build/public/clean-room/layers/hierarchy/anim/look/hair.png,image,layers,gallery:layers
reference/grok_build/public/clean-room/layers/hierarchy/anim/nod/body.png,image,layers,gallery:layers
reference/grok_build/public/clean-room/layers/hierarchy/anim/nod/hair.png,image,layers,gallery:layers
reference/grok_build/public/clean-room/layers/hierarchy/anim/point/body.png,image,layers,gallery:layers
reference/grok_build/public/clean-room/layers/hierarchy/anim/point/hair.png,image,layers,gallery:layers
reference/grok_build/public/clean-room/layers/hierarchy/anim/ready/body.png,image,layers,gallery:layers
reference/grok_build/public/clean-room/layers/hierarchy/anim/ready/hair.png,image,layers,gallery:layers
reference/grok_build/public/clean-room/layers/hierarchy/anim/run/body.png,image,layers,gallery:layers
reference/grok_build/public/clean-room/layers/hierarchy/anim/run/hair.png,image,layers,gallery:layers
reference/grok_build/public/clean-room/layers/hierarchy/anim/sad/body.png,image,layers,gallery:layers
reference/grok_build/public/clean-room/layers/hierarchy/anim/sad/hair.png,image,layers,gallery:layers
reference/grok_build/public/clean-room/layers/hierarchy/anim/shrug/body.png,image,layers,gallery:layers
reference/grok_build/public/clean-room/layers/hierarchy/anim/shrug/hair.png,image,layers,gallery:layers
reference/grok_build/public/clean-room/layers/hierarchy/anim/side/body.png,image,layers,gallery:layers
reference/grok_build/public/clean-room/layers/hierarchy/anim/side/hair.png,image,layers,gallery:layers
reference/grok_build/public/clean-room/layers/hierarchy/anim/sit/body.png,image,layers,gallery:layers
reference/grok_build/public/clean-room/layers/hierarchy/anim/sit/hair.png,image,layers,gallery:layers
reference/grok_build/public/clean-room/layers/hierarchy/anim/smirk/body.png,image,layers,gallery:layers
reference/grok_build/public/clean-room/layers/hierarchy/anim/smirk/hair.png,image,layers,gallery:layers
reference/grok_build/public/clean-room/layers/hierarchy/anim/squat/body.png,image,layers,gallery:layers
reference/grok_build/public/clean-room/layers/hierarchy/anim/squat/hair.png,image,layers,gallery:layers
reference/grok_build/public/clean-room/layers/hierarchy/anim/startle/body.png,image,layers,gallery:layers
reference/grok_build/public/clean-room/layers/hierarchy/anim/startle/hair.png,image,layers,gallery:layers
reference/grok_build/public/clean-room/layers/hierarchy/anim/stop/body.png,image,layers,gallery:layers
reference/grok_build/public/clean-room/layers/hierarchy/anim/stop/hair.png,image,layers,gallery:layers
reference/grok_build/public/clean-room/layers/hierarchy/anim/strap/body.png,image,layers,gallery:layers
reference/grok_build/public/clean-room/layers/hierarchy/anim/strap/hair.png,image,layers,gallery:layers
reference/grok_build/public/clean-room/layers/hierarchy/anim/stumble/body.png,image,layers,gallery:layers
reference/grok_build/public/clean-room/layers/hierarchy/anim/stumble/hair.png,image,layers,gallery:layers
reference/grok_build/public/clean-room/layers/hierarchy/anim/sway/body.png,image,layers,gallery:layers
reference/grok_build/public/clean-room/layers/hierarchy/anim/sway/hair.png,image,layers,gallery:layers
reference/grok_build/public/clean-room/layers/hierarchy/anim/walk/body.png,image,layers,gallery:layers
reference/grok_build/public/clean-room/layers/hierarchy/anim/walk/hair.png,image,layers,gallery:layers
reference/grok_build/public/clean-room/layers/hierarchy/anim/wave/body.png,image,layers,gallery:layers
reference/grok_build/public/clean-room/layers/hierarchy/anim/wave/hair.png,image,layers,gallery:layers
reference/grok_build/public/clean-room/layers/hierarchy/anim/worry/body.png,image,layers,gallery:layers
reference/grok_build/public/clean-room/layers/hierarchy/anim/worry/hair.png,image,layers,gallery:layers
reference/grok_build/public/clean-room/layers/hierarchy/anim/yawn/body.png,image,layers,gallery:layers
reference/grok_build/public/clean-room/layers/hierarchy/anim/yawn/hair.png,image,layers,gallery:layers
reference/grok_build/public/clean-room/layers/hierarchy/still/acts-2-1/body.png,image,layers,gallery:layers
reference/grok_build/public/clean-room/layers/hierarchy/still/acts-2-1/hair.png,image,layers,gallery:layers
reference/grok_build/public/clean-room/layers/hierarchy/still/acts-2-2/body.png,image,layers,gallery:layers
reference/grok_build/public/clean-room/layers/hierarchy/still/acts-2-2/hair.png,image,layers,gallery:layers
reference/grok_build/public/clean-room/layers/hierarchy/still/acts-2-3/body.png,image,layers,gallery:layers
reference/grok_build/public/clean-room/layers/hierarchy/still/acts-2-3/hair.png,image,layers,gallery:layers
reference/grok_build/public/clean-room/layers/hierarchy/still/acts-2-4/body.png,image,layers,gallery:layers
reference/grok_build/public/clean-room/layers/hierarchy/still/acts-2-4/hair.png,image,layers,gallery:layers
reference/grok_build/public/clean-room/layers/hierarchy/still/adjust-1/body.png,image,layers,gallery:layers
reference/grok_build/public/clean-room/layers/hierarchy/still/adjust-1/hair.png,image,layers,gallery:layers
reference/grok_build/public/clean-room/layers/hierarchy/still/adjust-2/body.png,image,layers,gallery:layers
reference/grok_build/public/clean-room/layers/hierarchy/still/adjust-2/hair.png,image,layers,gallery:layers
reference/grok_build/public/clean-room/layers/hierarchy/still/adjust-3/body.png,image,layers,gallery:layers
reference/grok_build/public/clean-room/layers/hierarchy/still/adjust-3/hair.png,image,layers,gallery:layers
reference/grok_build/public/clean-room/layers/hierarchy/still/adjust-4/body.png,image,layers,gallery:layers
reference/grok_build/public/clean-room/layers/hierarchy/still/adjust-4/hair.png,image,layers,gallery:layers
reference/grok_build/public/clean-room/layers/hierarchy/still/adjust-back-1/body.png,image,layers,gallery:layers
reference/grok_build/public/clean-room/layers/hierarchy/still/adjust-back-1/hair.png,image,layers,gallery:layers
reference/grok_build/public/clean-room/layers/hierarchy/still/adjust-back-2/body.png,image,layers,gallery:layers
reference/grok_build/public/clean-room/layers/hierarchy/still/adjust-back-2/hair.png,image,layers,gallery:layers
reference/grok_build/public/clean-room/layers/hierarchy/still/angles-1/body.png,image,layers,gallery:layers
reference/grok_build/public/clean-room/layers/hierarchy/still/angles-1/hair.png,image,layers,gallery:layers
reference/grok_build/public/clean-room/layers/hierarchy/still/angles-2/body.png,image,layers,gallery:layers
reference/grok_build/public/clean-room/layers/hierarchy/still/angles-2/hair.png,image,layers,gallery:layers
reference/grok_build/public/clean-room/layers/hierarchy/still/angles-3/body.png,image,layers,gallery:layers
reference/grok_build/public/clean-room/layers/hierarchy/still/angles-3/hair.png,image,layers,gallery:layers
reference/grok_build/public/clean-room/layers/hierarchy/still/angles-4/body.png,image,layers,gallery:layers
reference/grok_build/public/clean-room/layers/hierarchy/still/angles-4/hair.png,image,layers,gallery:layers
reference/grok_build/public/clean-room/layers/hierarchy/still/angry/body.png,image,layers,gallery:layers
reference/grok_build/public/clean-room/layers/hierarchy/still/angry/hair.png,image,layers,gallery:layers
reference/grok_build/public/clean-room/layers/hierarchy/still/apose-turn/body.png,image,layers,gallery:layers
reference/grok_build/public/clean-room/layers/hierarchy/still/apose-turn/hair.png,image,layers,gallery:layers
reference/grok_build/public/clean-room/layers/hierarchy/still/apose/body.png,image,layers,gallery:layers
reference/grok_build/public/clean-room/layers/hierarchy/still/apose/hair.png,image,layers,gallery:layers
reference/grok_build/public/clean-room/layers/hierarchy/still/back/body.png,image,layers,gallery:layers
reference/grok_build/public/clean-room/layers/hierarchy/still/back/hair.png,image,layers,gallery:layers
reference/grok_build/public/clean-room/layers/hierarchy/still/brace/body.png,image,layers,gallery:layers
reference/grok_build/public/clean-room/layers/hierarchy/still/brace/hair.png,image,layers,gallery:layers
reference/grok_build/public/clean-room/layers/hierarchy/still/cheeks/body.png,image,layers,gallery:layers
reference/grok_build/public/clean-room/layers/hierarchy/still/cheeks/hair.png,image,layers,gallery:layers
reference/grok_build/public/clean-room/layers/hierarchy/still/clasp/body.png,image,layers,gallery:layers
reference/grok_build/public/clean-room/layers/hierarchy/still/clasp/hair.png,image,layers,gallery:layers
reference/grok_build/public/clean-room/layers/hierarchy/still/dodge/body.png,image,layers,gallery:layers
reference/grok_build/public/clean-room/layers/hierarchy/still/dodge/hair.png,image,layers,gallery:layers
reference/grok_build/public/clean-room/layers/hierarchy/still/emo-2-1/body.png,image,layers,gallery:layers
reference/grok_build/public/clean-room/layers/hierarchy/still/emo-2-1/hair.png,image,layers,gallery:layers
reference/grok_build/public/clean-room/layers/hierarchy/still/emo-2-2/body.png,image,layers,gallery:layers
reference/grok_build/public/clean-room/layers/hierarchy/still/emo-2-2/hair.png,image,layers,gallery:layers
reference/grok_build/public/clean-room/layers/hierarchy/still/emo-2-3/body.png,image,layers,gallery:layers
reference/grok_build/public/clean-room/layers/hierarchy/still/emo-2-3/hair.png,image,layers,gallery:layers
reference/grok_build/public/clean-room/layers/hierarchy/still/emotions-1/body.png,image,layers,gallery:layers
reference/grok_build/public/clean-room/layers/hierarchy/still/emotions-1/hair.png,image,layers,gallery:layers
reference/grok_build/public/clean-room/layers/hierarchy/still/emotions-2/body.png,image,layers,gallery:layers
reference/grok_build/public/clean-room/layers/hierarchy/still/emotions-2/hair.png,image,layers,gallery:layers
reference/grok_build/public/clean-room/layers/hierarchy/still/emotions-3/body.png,image,layers,gallery:layers
reference/grok_build/public/clean-room/layers/hierarchy/still/emotions-3/hair.png,image,layers,gallery:layers
reference/grok_build/public/clean-room/layers/hierarchy/still/emotions-4/body.png,image,layers,gallery:layers
reference/grok_build/public/clean-room/layers/hierarchy/still/emotions-4/hair.png,image,layers,gallery:layers
reference/grok_build/public/clean-room/layers/hierarchy/still/emotions-5/body.png,image,layers,gallery:layers
reference/grok_build/public/clean-room/layers/hierarchy/still/emotions-5/hair.png,image,layers,gallery:layers
reference/grok_build/public/clean-room/layers/hierarchy/still/emotions-6/body.png,image,layers,gallery:layers
reference/grok_build/public/clean-room/layers/hierarchy/still/emotions-6/hair.png,image,layers,gallery:layers
reference/grok_build/public/clean-room/layers/hierarchy/still/emotions-7/body.png,image,layers,gallery:layers
reference/grok_build/public/clean-room/layers/hierarchy/still/emotions-7/hair.png,image,layers,gallery:layers
reference/grok_build/public/clean-room/layers/hierarchy/still/emotions-8/body.png,image,layers,gallery:layers
reference/grok_build/public/clean-room/layers/hierarchy/still/emotions-8/hair.png,image,layers,gallery:layers
reference/grok_build/public/clean-room/layers/hierarchy/still/faces-locked-1/body.png,image,layers,gallery:layers
reference/grok_build/public/clean-room/layers/hierarchy/still/faces-locked-1/hair.png,image,layers,gallery:layers
reference/grok_build/public/clean-room/layers/hierarchy/still/faces-locked-2/body.png,image,layers,gallery:layers
reference/grok_build/public/clean-room/layers/hierarchy/still/faces-locked-2/hair.png,image,layers,gallery:layers
reference/grok_build/public/clean-room/layers/hierarchy/still/faces-locked-3/body.png,image,layers,gallery:layers
reference/grok_build/public/clean-room/layers/hierarchy/still/faces-locked-3/hair.png,image,layers,gallery:layers
reference/grok_build/public/clean-room/layers/hierarchy/still/faces-locked-4/body.png,image,layers,gallery:layers
reference/grok_build/public/clean-room/layers/hierarchy/still/faces-locked-4/hair.png,image,layers,gallery:layers
reference/grok_build/public/clean-room/layers/hierarchy/still/faces-locked-5/body.png,image,layers,gallery:layers
reference/grok_build/public/clean-room/layers/hierarchy/still/faces-locked-5/hair.png,image,layers,gallery:layers
reference/grok_build/public/clean-room/layers/hierarchy/still/faces-locked-6/body.png,image,layers,gallery:layers
reference/grok_build/public/clean-room/layers/hierarchy/still/faces-locked-6/hair.png,image,layers,gallery:layers
reference/grok_build/public/clean-room/layers/hierarchy/still/faces-locked-7/body.png,image,layers,gallery:layers
reference/grok_build/public/clean-room/layers/hierarchy/still/faces-locked-7/hair.png,image,layers,gallery:layers
reference/grok_build/public/clean-room/layers/hierarchy/still/faces-locked-8/body.png,image,layers,gallery:layers
reference/grok_build/public/clean-room/layers/hierarchy/still/faces-locked-8/hair.png,image,layers,gallery:layers
reference/grok_build/public/clean-room/layers/hierarchy/still/gasp/body.png,image,layers,gallery:layers
reference/grok_build/public/clean-room/layers/hierarchy/still/gasp/hair.png,image,layers,gallery:layers
reference/grok_build/public/clean-room/layers/hierarchy/still/getup-rise-1/body.png,image,layers,gallery:layers
reference/grok_build/public/clean-room/layers/hierarchy/still/getup-rise-1/hair.png,image,layers,gallery:layers
reference/grok_build/public/clean-room/layers/hierarchy/still/getup-rise-2/body.png,image,layers,gallery:layers
reference/grok_build/public/clean-room/layers/hierarchy/still/getup-rise-2/hair.png,image,layers,gallery:layers
reference/grok_build/public/clean-room/layers/hierarchy/still/getup-rise-3/body.png,image,layers,gallery:layers
reference/grok_build/public/clean-room/layers/hierarchy/still/getup-rise-3/hair.png,image,layers,gallery:layers
reference/grok_build/public/clean-room/layers/hierarchy/still/getup-rise-4/body.png,image,layers,gallery:layers
reference/grok_build/public/clean-room/layers/hierarchy/still/getup-rise-4/hair.png,image,layers,gallery:layers
reference/grok_build/public/clean-room/layers/hierarchy/still/getup/body.png,image,layers,gallery:layers
reference/grok_build/public/clean-room/layers/hierarchy/still/getup/hair.png,image,layers,gallery:layers
reference/grok_build/public/clean-room/layers/hierarchy/still/glare/body.png,image,layers,gallery:layers
reference/grok_build/public/clean-room/layers/hierarchy/still/glare/hair.png,image,layers,gallery:layers
reference/grok_build/public/clean-room/layers/hierarchy/still/hair-000/body.png,image,layers,gallery:layers
reference/grok_build/public/clean-room/layers/hierarchy/still/hair-000/hair.png,image,layers,gallery:layers
reference/grok_build/public/clean-room/layers/hierarchy/still/hair-045/body.png,image,layers,gallery:layers
reference/grok_build/public/clean-room/layers/hierarchy/still/hair-045/hair.png,image,layers,gallery:layers
reference/grok_build/public/clean-room/layers/hierarchy/still/hair-090/body.png,image,layers,gallery:layers
reference/grok_build/public/clean-room/layers/hierarchy/still/hair-090/hair.png,image,layers,gallery:layers
reference/grok_build/public/clean-room/layers/hierarchy/still/hair-135/body.png,image,layers,gallery:layers
reference/grok_build/public/clean-room/layers/hierarchy/still/hair-135/hair.png,image,layers,gallery:layers
reference/grok_build/public/clean-room/layers/hierarchy/still/hair-180/body.png,image,layers,gallery:layers
reference/grok_build/public/clean-room/layers/hierarchy/still/hair-180/hair.png,image,layers,gallery:layers
reference/grok_build/public/clean-room/layers/hierarchy/still/hair-225/body.png,image,layers,gallery:layers
reference/grok_build/public/clean-room/layers/hierarchy/still/hair-225/hair.png,image,layers,gallery:layers
reference/grok_build/public/clean-room/layers/hierarchy/still/hair-270/body.png,image,layers,gallery:layers
reference/grok_build/public/clean-room/layers/hierarchy/still/hair-270/hair.png,image,layers,gallery:layers
reference/grok_build/public/clean-room/layers/hierarchy/still/hair-315/body.png,image,layers,gallery:layers
reference/grok_build/public/clean-room/layers/hierarchy/still/hair-315/hair.png,image,layers,gallery:layers
reference/grok_build/public/clean-room/layers/hierarchy/still/hem/body.png,image,layers,gallery:layers
reference/grok_build/public/clean-room/layers/hierarchy/still/hem/hair.png,image,layers,gallery:layers
reference/grok_build/public/clean-room/layers/hierarchy/still/hip/body.png,image,layers,gallery:layers
reference/grok_build/public/clean-room/layers/hierarchy/still/hip/hair.png,image,layers,gallery:layers
reference/grok_build/public/clean-room/layers/hierarchy/still/hygiene-1/body.png,image,layers,gallery:layers
reference/grok_build/public/clean-room/layers/hierarchy/still/hygiene-1/hair.png,image,layers,gallery:layers
reference/grok_build/public/clean-room/layers/hierarchy/still/hygiene-2/body.png,image,layers,gallery:layers
reference/grok_build/public/clean-room/layers/hierarchy/still/hygiene-2/hair.png,image,layers,gallery:layers
reference/grok_build/public/clean-room/layers/hierarchy/still/hygiene-3/body.png,image,layers,gallery:layers
reference/grok_build/public/clean-room/layers/hierarchy/still/hygiene-3/hair.png,image,layers,gallery:layers
reference/grok_build/public/clean-room/layers/hierarchy/still/idle-34-1/body.png,image,layers,gallery:layers
reference/grok_build/public/clean-room/layers/hierarchy/still/idle-34-1/hair.png,image,layers,gallery:layers
reference/grok_build/public/clean-room/layers/hierarchy/still/idle-34-2/body.png,image,layers,gallery:layers
reference/grok_build/public/clean-room/layers/hierarchy/still/idle-34-2/hair.png,image,layers,gallery:layers
reference/grok_build/public/clean-room/layers/hierarchy/still/idle-34-3/body.png,image,layers,gallery:layers
reference/grok_build/public/clean-room/layers/hierarchy/still/idle-34-3/hair.png,image,layers,gallery:layers
reference/grok_build/public/clean-room/layers/hierarchy/still/idle-back-1/body.png,image,layers,gallery:layers
reference/grok_build/public/clean-room/layers/hierarchy/still/idle-back-1/hair.png,image,layers,gallery:layers
reference/grok_build/public/clean-room/layers/hierarchy/still/idle-back-2/body.png,image,layers,gallery:layers
reference/grok_build/public/clean-room/layers/hierarchy/still/idle-back-2/hair.png,image,layers,gallery:layers
reference/grok_build/public/clean-room/layers/hierarchy/still/idle-back-3/body.png,image,layers,gallery:layers
reference/grok_build/public/clean-room/layers/hierarchy/still/idle-back-3/hair.png,image,layers,gallery:layers
reference/grok_build/public/clean-room/layers/hierarchy/still/idle-back-4/body.png,image,layers,gallery:layers
reference/grok_build/public/clean-room/layers/hierarchy/still/idle-back-4/hair.png,image,layers,gallery:layers
reference/grok_build/public/clean-room/layers/hierarchy/still/idle-front-1/body.png,image,layers,gallery:layers
reference/grok_build/public/clean-room/layers/hierarchy/still/idle-front-1/hair.png,image,layers,gallery:layers
reference/grok_build/public/clean-room/layers/hierarchy/still/idle-front-2/body.png,image,layers,gallery:layers
reference/grok_build/public/clean-room/layers/hierarchy/still/idle-front-2/hair.png,image,layers,gallery:layers
reference/grok_build/public/clean-room/layers/hierarchy/still/idle-front-3/body.png,image,layers,gallery:layers
reference/grok_build/public/clean-room/layers/hierarchy/still/idle-front-3/hair.png,image,layers,gallery:layers
reference/grok_build/public/clean-room/layers/hierarchy/still/idle-front-4/body.png,image,layers,gallery:layers
reference/grok_build/public/clean-room/layers/hierarchy/still/idle-front-4/hair.png,image,layers,gallery:layers
reference/grok_build/public/clean-room/layers/hierarchy/still/idle-front-5/body.png,image,layers,gallery:layers
reference/grok_build/public/clean-room/layers/hierarchy/still/idle-front-5/hair.png,image,layers,gallery:layers
reference/grok_build/public/clean-room/layers/hierarchy/still/idle-front-6/body.png,image,layers,gallery:layers
reference/grok_build/public/clean-room/layers/hierarchy/still/idle-front-6/hair.png,image,layers,gallery:layers
reference/grok_build/public/clean-room/layers/hierarchy/still/idle-front-7/body.png,image,layers,gallery:layers
reference/grok_build/public/clean-room/layers/hierarchy/still/idle-front-7/hair.png,image,layers,gallery:layers
reference/grok_build/public/clean-room/layers/hierarchy/still/idle-front-8/body.png,image,layers,gallery:layers
reference/grok_build/public/clean-room/layers/hierarchy/still/idle-front-8/hair.png,image,layers,gallery:layers
reference/grok_build/public/clean-room/layers/hierarchy/still/idle-long/body.png,image,layers,gallery:layers
reference/grok_build/public/clean-room/layers/hierarchy/still/idle-long/hair.png,image,layers,gallery:layers
reference/grok_build/public/clean-room/layers/hierarchy/still/idle-side-1/body.png,image,layers,gallery:layers
reference/grok_build/public/clean-room/layers/hierarchy/still/idle-side-1/hair.png,image,layers,gallery:layers
reference/grok_build/public/clean-room/layers/hierarchy/still/idle-side-2/body.png,image,layers,gallery:layers
reference/grok_build/public/clean-room/layers/hierarchy/still/idle-side-2/hair.png,image,layers,gallery:layers
reference/grok_build/public/clean-room/layers/hierarchy/still/idle-side-3/body.png,image,layers,gallery:layers
reference/grok_build/public/clean-room/layers/hierarchy/still/idle-side-3/hair.png,image,layers,gallery:layers
reference/grok_build/public/clean-room/layers/hierarchy/still/idle-side-4/body.png,image,layers,gallery:layers
reference/grok_build/public/clean-room/layers/hierarchy/still/idle-side-4/hair.png,image,layers,gallery:layers
reference/grok_build/public/clean-room/layers/hierarchy/still/idle-sway-1/body.png,image,layers,gallery:layers
reference/grok_build/public/clean-room/layers/hierarchy/still/idle-sway-1/hair.png,image,layers,gallery:layers
reference/grok_build/public/clean-room/layers/hierarchy/still/idle-sway-2/body.png,image,layers,gallery:layers
reference/grok_build/public/clean-room/layers/hierarchy/still/idle-sway-2/hair.png,image,layers,gallery:layers
reference/grok_build/public/clean-room/layers/hierarchy/still/idle-sway-3/body.png,image,layers,gallery:layers
reference/grok_build/public/clean-room/layers/hierarchy/still/idle-sway-3/hair.png,image,layers,gallery:layers
reference/grok_build/public/clean-room/layers/hierarchy/still/idle-sway-4/body.png,image,layers,gallery:layers
reference/grok_build/public/clean-room/layers/hierarchy/still/idle-sway-4/hair.png,image,layers,gallery:layers
reference/grok_build/public/clean-room/layers/hierarchy/still/idle/body.png,image,layers,gallery:layers
reference/grok_build/public/clean-room/layers/hierarchy/still/idle/hair.png,image,layers,gallery:layers
reference/grok_build/public/clean-room/layers/hierarchy/still/inspect-1/body.png,image,layers,gallery:layers
reference/grok_build/public/clean-room/layers/hierarchy/still/inspect-1/hair.png,image,layers,gallery:layers
reference/grok_build/public/clean-room/layers/hierarchy/still/inspect-2/body.png,image,layers,gallery:layers
reference/grok_build/public/clean-room/layers/hierarchy/still/inspect-2/hair.png,image,layers,gallery:layers
reference/grok_build/public/clean-room/layers/hierarchy/still/inspect-3/body.png,image,layers,gallery:layers
reference/grok_build/public/clean-room/layers/hierarchy/still/inspect-3/hair.png,image,layers,gallery:layers
reference/grok_build/public/clean-room/layers/hierarchy/still/inspect/body.png,image,layers,gallery:layers
reference/grok_build/public/clean-room/layers/hierarchy/still/inspect/hair.png,image,layers,gallery:layers
reference/grok_build/public/clean-room/layers/hierarchy/still/interact-1/body.png,image,layers,gallery:layers
reference/grok_build/public/clean-room/layers/hierarchy/still/interact-1/hair.png,image,layers,gallery:layers
reference/grok_build/public/clean-room/layers/hierarchy/still/interact-2/body.png,image,layers,gallery:layers
reference/grok_build/public/clean-room/layers/hierarchy/still/interact-2/hair.png,image,layers,gallery:layers
reference/grok_build/public/clean-room/layers/hierarchy/still/interact-3/body.png,image,layers,gallery:layers
reference/grok_build/public/clean-room/layers/hierarchy/still/interact-3/hair.png,image,layers,gallery:layers
reference/grok_build/public/clean-room/layers/hierarchy/still/j1/body.png,image,layers,gallery:layers
reference/grok_build/public/clean-room/layers/hierarchy/still/j1/hair.png,image,layers,gallery:layers
reference/grok_build/public/clean-room/layers/hierarchy/still/j2/body.png,image,layers,gallery:layers
reference/grok_build/public/clean-room/layers/hierarchy/still/j2/hair.png,image,layers,gallery:layers
reference/grok_build/public/clean-room/layers/hierarchy/still/j3/body.png,image,layers,gallery:layers
reference/grok_build/public/clean-room/layers/hierarchy/still/j3/hair.png,image,layers,gallery:layers
reference/grok_build/public/clean-room/layers/hierarchy/still/j4/body.png,image,layers,gallery:layers
reference/grok_build/public/clean-room/layers/hierarchy/still/j4/hair.png,image,layers,gallery:layers
reference/grok_build/public/clean-room/layers/hierarchy/still/j5/body.png,image,layers,gallery:layers
reference/grok_build/public/clean-room/layers/hierarchy/still/j5/hair.png,image,layers,gallery:layers
reference/grok_build/public/clean-room/layers/hierarchy/still/j6/body.png,image,layers,gallery:layers
reference/grok_build/public/clean-room/layers/hierarchy/still/j6/hair.png,image,layers,gallery:layers
reference/grok_build/public/clean-room/layers/hierarchy/still/jump/body.png,image,layers,gallery:layers
reference/grok_build/public/clean-room/layers/hierarchy/still/jump/hair.png,image,layers,gallery:layers
reference/grok_build/public/clean-room/layers/hierarchy/still/kick/body.png,image,layers,gallery:layers
reference/grok_build/public/clean-room/layers/hierarchy/still/kick/hair.png,image,layers,gallery:layers
reference/grok_build/public/clean-room/layers/hierarchy/still/kneel/body.png,image,layers,gallery:layers
reference/grok_build/public/clean-room/layers/hierarchy/still/kneel/hair.png,image,layers,gallery:layers
reference/grok_build/public/clean-room/layers/hierarchy/still/left/body.png,image,layers,gallery:layers
reference/grok_build/public/clean-room/layers/hierarchy/still/left/hair.png,image,layers,gallery:layers
reference/grok_build/public/clean-room/layers/hierarchy/still/lie-1/body.png,image,layers,gallery:layers
reference/grok_build/public/clean-room/layers/hierarchy/still/lie-1/hair.png,image,layers,gallery:layers
reference/grok_build/public/clean-room/layers/hierarchy/still/lie-2-1/body.png,image,layers,gallery:layers
reference/grok_build/public/clean-room/layers/hierarchy/still/lie-2-1/hair.png,image,layers,gallery:layers
reference/grok_build/public/clean-room/layers/hierarchy/still/lie-2/body.png,image,layers,gallery:layers
reference/grok_build/public/clean-room/layers/hierarchy/still/lie-2/hair.png,image,layers,gallery:layers
reference/grok_build/public/clean-room/layers/hierarchy/still/lie-3/body.png,image,layers,gallery:layers
reference/grok_build/public/clean-room/layers/hierarchy/still/lie-3/hair.png,image,layers,gallery:layers
reference/grok_build/public/clean-room/layers/hierarchy/still/lie-4/body.png,image,layers,gallery:layers
reference/grok_build/public/clean-room/layers/hierarchy/still/lie-4/hair.png,image,layers,gallery:layers
reference/grok_build/public/clean-room/layers/hierarchy/still/lie-back-1/body.png,image,layers,gallery:layers
reference/grok_build/public/clean-room/layers/hierarchy/still/lie-back-1/hair.png,image,layers,gallery:layers
reference/grok_build/public/clean-room/layers/hierarchy/still/lie-front-1/body.png,image,layers,gallery:layers
reference/grok_build/public/clean-room/layers/hierarchy/still/lie-front-1/hair.png,image,layers,gallery:layers
reference/grok_build/public/clean-room/layers/hierarchy/still/life-1/body.png,image,layers,gallery:layers
reference/grok_build/public/clean-room/layers/hierarchy/still/life-1/hair.png,image,layers,gallery:layers
reference/grok_build/public/clean-room/layers/hierarchy/still/life-2/body.png,image,layers,gallery:layers
reference/grok_build/public/clean-room/layers/hierarchy/still/life-2/hair.png,image,layers,gallery:layers
reference/grok_build/public/clean-room/layers/hierarchy/still/life-3/body.png,image,layers,gallery:layers
reference/grok_build/public/clean-room/layers/hierarchy/still/life-3/hair.png,image,layers,gallery:layers
reference/grok_build/public/clean-room/layers/hierarchy/still/look/body.png,image,layers,gallery:layers
reference/grok_build/public/clean-room/layers/hierarchy/still/look/hair.png,image,layers,gallery:layers
reference/grok_build/public/clean-room/layers/hierarchy/still/loop-blink-1/body.png,image,layers,gallery:layers
reference/grok_build/public/clean-room/layers/hierarchy/still/loop-blink-1/hair.png,image,layers,gallery:layers
reference/grok_build/public/clean-room/layers/hierarchy/still/loop-blink-2/body.png,image,layers,gallery:layers
reference/grok_build/public/clean-room/layers/hierarchy/still/loop-blink-2/hair.png,image,layers,gallery:layers
reference/grok_build/public/clean-room/layers/hierarchy/still/loop-blink-3/body.png,image,layers,gallery:layers
reference/grok_build/public/clean-room/layers/hierarchy/still/loop-blink-3/hair.png,image,layers,gallery:layers
reference/grok_build/public/clean-room/layers/hierarchy/still/loop-blink-4/body.png,image,layers,gallery:layers
reference/grok_build/public/clean-room/layers/hierarchy/still/loop-blink-4/hair.png,image,layers,gallery:layers
reference/grok_build/public/clean-room/layers/hierarchy/still/loop-look-1/body.png,image,layers,gallery:layers
reference/grok_build/public/clean-room/layers/hierarchy/still/loop-look-1/hair.png,image,layers,gallery:layers
reference/grok_build/public/clean-room/layers/hierarchy/still/loop-look-2/body.png,image,layers,gallery:layers
reference/grok_build/public/clean-room/layers/hierarchy/still/loop-look-2/hair.png,image,layers,gallery:layers
reference/grok_build/public/clean-room/layers/hierarchy/still/loop-look-3/body.png,image,layers,gallery:layers
reference/grok_build/public/clean-room/layers/hierarchy/still/loop-look-3/hair.png,image,layers,gallery:layers
reference/grok_build/public/clean-room/layers/hierarchy/still/loop-look-4/body.png,image,layers,gallery:layers
reference/grok_build/public/clean-room/layers/hierarchy/still/loop-look-4/hair.png,image,layers,gallery:layers
reference/grok_build/public/clean-room/layers/hierarchy/still/loop-nod-1/body.png,image,layers,gallery:layers
reference/grok_build/public/clean-room/layers/hierarchy/still/loop-nod-1/hair.png,image,layers,gallery:layers
reference/grok_build/public/clean-room/layers/hierarchy/still/loop-nod-2/body.png,image,layers,gallery:layers
reference/grok_build/public/clean-room/layers/hierarchy/still/loop-nod-2/hair.png,image,layers,gallery:layers
reference/grok_build/public/clean-room/layers/hierarchy/still/loop-nod-3/body.png,image,layers,gallery:layers
reference/grok_build/public/clean-room/layers/hierarchy/still/loop-nod-3/hair.png,image,layers,gallery:layers
reference/grok_build/public/clean-room/layers/hierarchy/still/loop-nod-4/body.png,image,layers,gallery:layers
reference/grok_build/public/clean-room/layers/hierarchy/still/loop-nod-4/hair.png,image,layers,gallery:layers
reference/grok_build/public/clean-room/layers/hierarchy/still/motion-1/body.png,image,layers,gallery:layers
reference/grok_build/public/clean-room/layers/hierarchy/still/motion-1/hair.png,image,layers,gallery:layers
reference/grok_build/public/clean-room/layers/hierarchy/still/motion-2/body.png,image,layers,gallery:layers
reference/grok_build/public/clean-room/layers/hierarchy/still/motion-2/hair.png,image,layers,gallery:layers
reference/grok_build/public/clean-room/layers/hierarchy/still/motion-3/body.png,image,layers,gallery:layers
reference/grok_build/public/clean-room/layers/hierarchy/still/motion-3/hair.png,image,layers,gallery:layers
reference/grok_build/public/clean-room/layers/hierarchy/still/motion-4/body.png,image,layers,gallery:layers
reference/grok_build/public/clean-room/layers/hierarchy/still/motion-4/hair.png,image,layers,gallery:layers
reference/grok_build/public/clean-room/layers/hierarchy/still/nod/body.png,image,layers,gallery:layers
reference/grok_build/public/clean-room/layers/hierarchy/still/nod/hair.png,image,layers,gallery:layers
reference/grok_build/public/clean-room/layers/hierarchy/still/point/body.png,image,layers,gallery:layers
reference/grok_build/public/clean-room/layers/hierarchy/still/point/hair.png,image,layers,gallery:layers
reference/grok_build/public/clean-room/layers/hierarchy/still/ppoint/body.png,image,layers,gallery:layers
reference/grok_build/public/clean-room/layers/hierarchy/still/ppoint/hair.png,image,layers,gallery:layers
reference/grok_build/public/clean-room/layers/hierarchy/still/psmirk/body.png,image,layers,gallery:layers
reference/grok_build/public/clean-room/layers/hierarchy/still/psmirk/hair.png,image,layers,gallery:layers
reference/grok_build/public/clean-room/layers/hierarchy/still/pwave/body.png,image,layers,gallery:layers
reference/grok_build/public/clean-room/layers/hierarchy/still/pwave/hair.png,image,layers,gallery:layers
reference/grok_build/public/clean-room/layers/hierarchy/still/reactions-1/body.png,image,layers,gallery:layers
reference/grok_build/public/clean-room/layers/hierarchy/still/reactions-1/hair.png,image,layers,gallery:layers
reference/grok_build/public/clean-room/layers/hierarchy/still/reactions-2-1/body.png,image,layers,gallery:layers
reference/grok_build/public/clean-room/layers/hierarchy/still/reactions-2-1/hair.png,image,layers,gallery:layers
reference/grok_build/public/clean-room/layers/hierarchy/still/reactions-2-2/body.png,image,layers,gallery:layers
reference/grok_build/public/clean-room/layers/hierarchy/still/reactions-2-2/hair.png,image,layers,gallery:layers
reference/grok_build/public/clean-room/layers/hierarchy/still/reactions-2-3/body.png,image,layers,gallery:layers
reference/grok_build/public/clean-room/layers/hierarchy/still/reactions-2-3/hair.png,image,layers,gallery:layers
reference/grok_build/public/clean-room/layers/hierarchy/still/reactions-2/body.png,image,layers,gallery:layers
reference/grok_build/public/clean-room/layers/hierarchy/still/reactions-2/hair.png,image,layers,gallery:layers
reference/grok_build/public/clean-room/layers/hierarchy/still/reactions-3/body.png,image,layers,gallery:layers
reference/grok_build/public/clean-room/layers/hierarchy/still/reactions-3/hair.png,image,layers,gallery:layers
reference/grok_build/public/clean-room/layers/hierarchy/still/reactions-4/body.png,image,layers,gallery:layers
reference/grok_build/public/clean-room/layers/hierarchy/still/reactions-4/hair.png,image,layers,gallery:layers
reference/grok_build/public/clean-room/layers/hierarchy/still/ready/body.png,image,layers,gallery:layers
reference/grok_build/public/clean-room/layers/hierarchy/still/ready/hair.png,image,layers,gallery:layers
reference/grok_build/public/clean-room/layers/hierarchy/still/right/body.png,image,layers,gallery:layers
reference/grok_build/public/clean-room/layers/hierarchy/still/right/hair.png,image,layers,gallery:layers
reference/grok_build/public/clean-room/layers/hierarchy/still/run/body.png,image,layers,gallery:layers
reference/grok_build/public/clean-room/layers/hierarchy/still/run/hair.png,image,layers,gallery:layers
reference/grok_build/public/clean-room/layers/hierarchy/still/run1/body.png,image,layers,gallery:layers
reference/grok_build/public/clean-room/layers/hierarchy/still/run1/hair.png,image,layers,gallery:layers
reference/grok_build/public/clean-room/layers/hierarchy/still/run2/body.png,image,layers,gallery:layers
reference/grok_build/public/clean-room/layers/hierarchy/still/run2/hair.png,image,layers,gallery:layers
reference/grok_build/public/clean-room/layers/hierarchy/still/run3/body.png,image,layers,gallery:layers
reference/grok_build/public/clean-room/layers/hierarchy/still/run3/hair.png,image,layers,gallery:layers
reference/grok_build/public/clean-room/layers/hierarchy/still/run4/body.png,image,layers,gallery:layers
reference/grok_build/public/clean-room/layers/hierarchy/still/run4/hair.png,image,layers,gallery:layers
reference/grok_build/public/clean-room/layers/hierarchy/still/sad/body.png,image,layers,gallery:layers
reference/grok_build/public/clean-room/layers/hierarchy/still/sad/hair.png,image,layers,gallery:layers
reference/grok_build/public/clean-room/layers/hierarchy/still/set-16-1/body.png,image,layers,gallery:layers
reference/grok_build/public/clean-room/layers/hierarchy/still/set-16-1/hair.png,image,layers,gallery:layers
reference/grok_build/public/clean-room/layers/hierarchy/still/set-16-10p1/body.png,image,layers,gallery:layers
reference/grok_build/public/clean-room/layers/hierarchy/still/set-16-10p1/hair.png,image,layers,gallery:layers
reference/grok_build/public/clean-room/layers/hierarchy/still/set-16-10p2/body.png,image,layers,gallery:layers
reference/grok_build/public/clean-room/layers/hierarchy/still/set-16-10p2/hair.png,image,layers,gallery:layers
reference/grok_build/public/clean-room/layers/hierarchy/still/set-16-11p1/body.png,image,layers,gallery:layers
reference/grok_build/public/clean-room/layers/hierarchy/still/set-16-11p1/hair.png,image,layers,gallery:layers
reference/grok_build/public/clean-room/layers/hierarchy/still/set-16-11p2/body.png,image,layers,gallery:layers
reference/grok_build/public/clean-room/layers/hierarchy/still/set-16-11p2/hair.png,image,layers,gallery:layers
reference/grok_build/public/clean-room/layers/hierarchy/still/set-16-12/body.png,image,layers,gallery:layers
reference/grok_build/public/clean-room/layers/hierarchy/still/set-16-12/hair.png,image,layers,gallery:layers
reference/grok_build/public/clean-room/layers/hierarchy/still/set-16-2/body.png,image,layers,gallery:layers
reference/grok_build/public/clean-room/layers/hierarchy/still/set-16-2/hair.png,image,layers,gallery:layers
reference/grok_build/public/clean-room/layers/hierarchy/still/set-16-3/body.png,image,layers,gallery:layers
reference/grok_build/public/clean-room/layers/hierarchy/still/set-16-3/hair.png,image,layers,gallery:layers
reference/grok_build/public/clean-room/layers/hierarchy/still/set-16-4/body.png,image,layers,gallery:layers
reference/grok_build/public/clean-room/layers/hierarchy/still/set-16-4/hair.png,image,layers,gallery:layers
reference/grok_build/public/clean-room/layers/hierarchy/still/set-16-5/body.png,image,layers,gallery:layers
reference/grok_build/public/clean-room/layers/hierarchy/still/set-16-5/hair.png,image,layers,gallery:layers
reference/grok_build/public/clean-room/layers/hierarchy/still/set-16-6/body.png,image,layers,gallery:layers
reference/grok_build/public/clean-room/layers/hierarchy/still/set-16-6/hair.png,image,layers,gallery:layers
reference/grok_build/public/clean-room/layers/hierarchy/still/set-16-7/body.png,image,layers,gallery:layers
reference/grok_build/public/clean-room/layers/hierarchy/still/set-16-7/hair.png,image,layers,gallery:layers
reference/grok_build/public/clean-room/layers/hierarchy/still/set-16-8/body.png,image,layers,gallery:layers
reference/grok_build/public/clean-room/layers/hierarchy/still/set-16-8/hair.png,image,layers,gallery:layers
reference/grok_build/public/clean-room/layers/hierarchy/still/set-16-9p1/body.png,image,layers,gallery:layers
reference/grok_build/public/clean-room/layers/hierarchy/still/set-16-9p1/hair.png,image,layers,gallery:layers
reference/grok_build/public/clean-room/layers/hierarchy/still/set-16-9p2/body.png,image,layers,gallery:layers
reference/grok_build/public/clean-room/layers/hierarchy/still/set-16-9p2/hair.png,image,layers,gallery:layers
reference/grok_build/public/clean-room/layers/hierarchy/still/set-17-1/body.png,image,layers,gallery:layers
reference/grok_build/public/clean-room/layers/hierarchy/still/set-17-1/hair.png,image,layers,gallery:layers
reference/grok_build/public/clean-room/layers/hierarchy/still/set-17-2/body.png,image,layers,gallery:layers
reference/grok_build/public/clean-room/layers/hierarchy/still/set-17-2/hair.png,image,layers,gallery:layers
reference/grok_build/public/clean-room/layers/hierarchy/still/set-17-3/body.png,image,layers,gallery:layers
reference/grok_build/public/clean-room/layers/hierarchy/still/set-17-3/hair.png,image,layers,gallery:layers
reference/grok_build/public/clean-room/layers/hierarchy/still/set-17-4/body.png,image,layers,gallery:layers
reference/grok_build/public/clean-room/layers/hierarchy/still/set-17-4/hair.png,image,layers,gallery:layers
reference/grok_build/public/clean-room/layers/hierarchy/still/set-17-5/body.png,image,layers,gallery:layers
reference/grok_build/public/clean-room/layers/hierarchy/still/set-17-5/hair.png,image,layers,gallery:layers
reference/grok_build/public/clean-room/layers/hierarchy/still/set-17-6/body.png,image,layers,gallery:layers
reference/grok_build/public/clean-room/layers/hierarchy/still/set-17-6/hair.png,image,layers,gallery:layers
reference/grok_build/public/clean-room/layers/hierarchy/still/set-17-7/body.png,image,layers,gallery:layers
reference/grok_build/public/clean-room/layers/hierarchy/still/set-17-7/hair.png,image,layers,gallery:layers
reference/grok_build/public/clean-room/layers/hierarchy/still/set-17-8/body.png,image,layers,gallery:layers
reference/grok_build/public/clean-room/layers/hierarchy/still/set-17-8/hair.png,image,layers,gallery:layers
reference/grok_build/public/clean-room/layers/hierarchy/still/set-17-9/body.png,image,layers,gallery:layers
reference/grok_build/public/clean-room/layers/hierarchy/still/set-17-9/hair.png,image,layers,gallery:layers
reference/grok_build/public/clean-room/layers/hierarchy/still/set-18-1p1/body.png,image,layers,gallery:layers
reference/grok_build/public/clean-room/layers/hierarchy/still/set-18-1p1/hair.png,image,layers,gallery:layers
reference/grok_build/public/clean-room/layers/hierarchy/still/set-18-1p2/body.png,image,layers,gallery:layers
reference/grok_build/public/clean-room/layers/hierarchy/still/set-18-1p2/hair.png,image,layers,gallery:layers
reference/grok_build/public/clean-room/layers/hierarchy/still/set-18-2p1/body.png,image,layers,gallery:layers
reference/grok_build/public/clean-room/layers/hierarchy/still/set-18-2p1/hair.png,image,layers,gallery:layers
reference/grok_build/public/clean-room/layers/hierarchy/still/set-18-2p2/body.png,image,layers,gallery:layers
reference/grok_build/public/clean-room/layers/hierarchy/still/set-18-2p2/hair.png,image,layers,gallery:layers
reference/grok_build/public/clean-room/layers/hierarchy/still/set-18-3p1/body.png,image,layers,gallery:layers
reference/grok_build/public/clean-room/layers/hierarchy/still/set-18-3p1/hair.png,image,layers,gallery:layers
reference/grok_build/public/clean-room/layers/hierarchy/still/set-18-3p2/body.png,image,layers,gallery:layers
reference/grok_build/public/clean-room/layers/hierarchy/still/set-18-3p2/hair.png,image,layers,gallery:layers
reference/grok_build/public/clean-room/layers/hierarchy/still/set-18-4p1/body.png,image,layers,gallery:layers
reference/grok_build/public/clean-room/layers/hierarchy/still/set-18-4p1/hair.png,image,layers,gallery:layers
reference/grok_build/public/clean-room/layers/hierarchy/still/set-18-4p2/body.png,image,layers,gallery:layers
reference/grok_build/public/clean-room/layers/hierarchy/still/set-18-4p2/hair.png,image,layers,gallery:layers
reference/grok_build/public/clean-room/layers/hierarchy/still/sheet-1947-1/body.png,image,layers,gallery:layers
reference/grok_build/public/clean-room/layers/hierarchy/still/sheet-1947-1/hair.png,image,layers,gallery:layers
reference/grok_build/public/clean-room/layers/hierarchy/still/sheet-1947-2/body.png,image,layers,gallery:layers
reference/grok_build/public/clean-room/layers/hierarchy/still/sheet-1947-2/hair.png,image,layers,gallery:layers
reference/grok_build/public/clean-room/layers/hierarchy/still/sheet-1947-2b/body.png,image,layers,gallery:layers
reference/grok_build/public/clean-room/layers/hierarchy/still/sheet-1947-2b/hair.png,image,layers,gallery:layers
reference/grok_build/public/clean-room/layers/hierarchy/still/sheet-1947-3/body.png,image,layers,gallery:layers
reference/grok_build/public/clean-room/layers/hierarchy/still/sheet-1947-3/hair.png,image,layers,gallery:layers
reference/grok_build/public/clean-room/layers/hierarchy/still/sheet-1947-4/body.png,image,layers,gallery:layers
reference/grok_build/public/clean-room/layers/hierarchy/still/sheet-1947-4/hair.png,image,layers,gallery:layers
reference/grok_build/public/clean-room/layers/hierarchy/still/sheet-1947-5/body.png,image,layers,gallery:layers
reference/grok_build/public/clean-room/layers/hierarchy/still/sheet-1947-5/hair.png,image,layers,gallery:layers
reference/grok_build/public/clean-room/layers/hierarchy/still/sheet-1db5-1/body.png,image,layers,gallery:layers
reference/grok_build/public/clean-room/layers/hierarchy/still/sheet-1db5-1/hair.png,image,layers,gallery:layers
reference/grok_build/public/clean-room/layers/hierarchy/still/sheet-1db5-10/body.png,image,layers,gallery:layers
reference/grok_build/public/clean-room/layers/hierarchy/still/sheet-1db5-10/hair.png,image,layers,gallery:layers
reference/grok_build/public/clean-room/layers/hierarchy/still/sheet-1db5-11/body.png,image,layers,gallery:layers
reference/grok_build/public/clean-room/layers/hierarchy/still/sheet-1db5-11/hair.png,image,layers,gallery:layers
reference/grok_build/public/clean-room/layers/hierarchy/still/sheet-1db5-12/body.png,image,layers,gallery:layers
reference/grok_build/public/clean-room/layers/hierarchy/still/sheet-1db5-12/hair.png,image,layers,gallery:layers
reference/grok_build/public/clean-room/layers/hierarchy/still/sheet-1db5-2/body.png,image,layers,gallery:layers
reference/grok_build/public/clean-room/layers/hierarchy/still/sheet-1db5-2/hair.png,image,layers,gallery:layers
reference/grok_build/public/clean-room/layers/hierarchy/still/sheet-1db5-3/body.png,image,layers,gallery:layers
reference/grok_build/public/clean-room/layers/hierarchy/still/sheet-1db5-3/hair.png,image,layers,gallery:layers
reference/grok_build/public/clean-room/layers/hierarchy/still/sheet-1db5-4/body.png,image,layers,gallery:layers
reference/grok_build/public/clean-room/layers/hierarchy/still/sheet-1db5-4/hair.png,image,layers,gallery:layers
reference/grok_build/public/clean-room/layers/hierarchy/still/sheet-1db5-5/body.png,image,layers,gallery:layers
reference/grok_build/public/clean-room/layers/hierarchy/still/sheet-1db5-5/hair.png,image,layers,gallery:layers
reference/grok_build/public/clean-room/layers/hierarchy/still/sheet-1db5-6/body.png,image,layers,gallery:layers
reference/grok_build/public/clean-room/layers/hierarchy/still/sheet-1db5-6/hair.png,image,layers,gallery:layers
reference/grok_build/public/clean-room/layers/hierarchy/still/sheet-1db5-7/body.png,image,layers,gallery:layers
reference/grok_build/public/clean-room/layers/hierarchy/still/sheet-1db5-7/hair.png,image,layers,gallery:layers
reference/grok_build/public/clean-room/layers/hierarchy/still/sheet-1db5-8/body.png,image,layers,gallery:layers
reference/grok_build/public/clean-room/layers/hierarchy/still/sheet-1db5-8/hair.png,image,layers,gallery:layers
reference/grok_build/public/clean-room/layers/hierarchy/still/sheet-1db5-9/body.png,image,layers,gallery:layers
reference/grok_build/public/clean-room/layers/hierarchy/still/sheet-1db5-9/hair.png,image,layers,gallery:layers
reference/grok_build/public/clean-room/layers/hierarchy/still/sheet-9f8e-1/body.png,image,layers,gallery:layers
reference/grok_build/public/clean-room/layers/hierarchy/still/sheet-9f8e-1/hair.png,image,layers,gallery:layers
reference/grok_build/public/clean-room/layers/hierarchy/still/sheet-9f8e-2/body.png,image,layers,gallery:layers
reference/grok_build/public/clean-room/layers/hierarchy/still/sheet-9f8e-2/hair.png,image,layers,gallery:layers
reference/grok_build/public/clean-room/layers/hierarchy/still/sheet-9f8e-3/body.png,image,layers,gallery:layers
reference/grok_build/public/clean-room/layers/hierarchy/still/sheet-9f8e-3/hair.png,image,layers,gallery:layers
reference/grok_build/public/clean-room/layers/hierarchy/still/sheet-9f8e-4/body.png,image,layers,gallery:layers
reference/grok_build/public/clean-room/layers/hierarchy/still/sheet-9f8e-4/hair.png,image,layers,gallery:layers
reference/grok_build/public/clean-room/layers/hierarchy/still/sheet-9f8e-5/body.png,image,layers,gallery:layers
reference/grok_build/public/clean-room/layers/hierarchy/still/sheet-9f8e-5/hair.png,image,layers,gallery:layers
reference/grok_build/public/clean-room/layers/hierarchy/still/sheet-9f8e-6/body.png,image,layers,gallery:layers
reference/grok_build/public/clean-room/layers/hierarchy/still/sheet-9f8e-6/hair.png,image,layers,gallery:layers
reference/grok_build/public/clean-room/layers/hierarchy/still/sheet-9f8e-7/body.png,image,layers,gallery:layers
reference/grok_build/public/clean-room/layers/hierarchy/still/sheet-9f8e-7/hair.png,image,layers,gallery:layers
reference/grok_build/public/clean-room/layers/hierarchy/still/sheet-9f8e-8/body.png,image,layers,gallery:layers
reference/grok_build/public/clean-room/layers/hierarchy/still/sheet-9f8e-8/hair.png,image,layers,gallery:layers
reference/grok_build/public/clean-room/layers/hierarchy/still/sheet-aab0-1/body.png,image,layers,gallery:layers
reference/grok_build/public/clean-room/layers/hierarchy/still/sheet-aab0-1/hair.png,image,layers,gallery:layers
reference/grok_build/public/clean-room/layers/hierarchy/still/sheet-aab0-2/body.png,image,layers,gallery:layers
reference/grok_build/public/clean-room/layers/hierarchy/still/sheet-aab0-2/hair.png,image,layers,gallery:layers
reference/grok_build/public/clean-room/layers/hierarchy/still/sheet-aab0-3/body.png,image,layers,gallery:layers
reference/grok_build/public/clean-room/layers/hierarchy/still/sheet-aab0-3/hair.png,image,layers,gallery:layers
reference/grok_build/public/clean-room/layers/hierarchy/still/sheet-aab0-4/body.png,image,layers,gallery:layers
reference/grok_build/public/clean-room/layers/hierarchy/still/sheet-aab0-4/hair.png,image,layers,gallery:layers
reference/grok_build/public/clean-room/layers/hierarchy/still/sheet-aab0-5/body.png,image,layers,gallery:layers
reference/grok_build/public/clean-room/layers/hierarchy/still/sheet-aab0-5/hair.png,image,layers,gallery:layers
reference/grok_build/public/clean-room/layers/hierarchy/still/shrug/body.png,image,layers,gallery:layers
reference/grok_build/public/clean-room/layers/hierarchy/still/shrug/hair.png,image,layers,gallery:layers
reference/grok_build/public/clean-room/layers/hierarchy/still/side/body.png,image,layers,gallery:layers
reference/grok_build/public/clean-room/layers/hierarchy/still/side/hair.png,image,layers,gallery:layers
reference/grok_build/public/clean-room/layers/hierarchy/still/sit-more-1/body.png,image,layers,gallery:layers
reference/grok_build/public/clean-room/layers/hierarchy/still/sit-more-1/hair.png,image,layers,gallery:layers
reference/grok_build/public/clean-room/layers/hierarchy/still/sit-more-2/body.png,image,layers,gallery:layers
reference/grok_build/public/clean-room/layers/hierarchy/still/sit-more-2/hair.png,image,layers,gallery:layers
reference/grok_build/public/clean-room/layers/hierarchy/still/sit-more-3/body.png,image,layers,gallery:layers
reference/grok_build/public/clean-room/layers/hierarchy/still/sit-more-3/hair.png,image,layers,gallery:layers
reference/grok_build/public/clean-room/layers/hierarchy/still/sit/body.png,image,layers,gallery:layers
reference/grok_build/public/clean-room/layers/hierarchy/still/sit/hair.png,image,layers,gallery:layers
reference/grok_build/public/clean-room/layers/hierarchy/still/smirk/body.png,image,layers,gallery:layers
reference/grok_build/public/clean-room/layers/hierarchy/still/smirk/hair.png,image,layers,gallery:layers
reference/grok_build/public/clean-room/layers/hierarchy/still/squat/body.png,image,layers,gallery:layers
reference/grok_build/public/clean-room/layers/hierarchy/still/squat/hair.png,image,layers,gallery:layers
reference/grok_build/public/clean-room/layers/hierarchy/still/startle/body.png,image,layers,gallery:layers
reference/grok_build/public/clean-room/layers/hierarchy/still/startle/hair.png,image,layers,gallery:layers
reference/grok_build/public/clean-room/layers/hierarchy/still/stop/body.png,image,layers,gallery:layers
reference/grok_build/public/clean-room/layers/hierarchy/still/stop/hair.png,image,layers,gallery:layers
reference/grok_build/public/clean-room/layers/hierarchy/still/strap/body.png,image,layers,gallery:layers
reference/grok_build/public/clean-room/layers/hierarchy/still/strap/hair.png,image,layers,gallery:layers
reference/grok_build/public/clean-room/layers/hierarchy/still/stumble/body.png,image,layers,gallery:layers
reference/grok_build/public/clean-room/layers/hierarchy/still/stumble/hair.png,image,layers,gallery:layers
reference/grok_build/public/clean-room/layers/hierarchy/still/sway/body.png,image,layers,gallery:layers
reference/grok_build/public/clean-room/layers/hierarchy/still/sway/hair.png,image,layers,gallery:layers
reference/grok_build/public/clean-room/layers/hierarchy/still/tpose/body.png,image,layers,gallery:layers
reference/grok_build/public/clean-room/layers/hierarchy/still/tpose/hair.png,image,layers,gallery:layers
reference/grok_build/public/clean-room/layers/hierarchy/still/walk-play-1/body.png,image,layers,gallery:layers
reference/grok_build/public/clean-room/layers/hierarchy/still/walk-play-1/hair.png,image,layers,gallery:layers
reference/grok_build/public/clean-room/layers/hierarchy/still/walk-play-2/body.png,image,layers,gallery:layers
reference/grok_build/public/clean-room/layers/hierarchy/still/walk-play-2/hair.png,image,layers,gallery:layers
reference/grok_build/public/clean-room/layers/hierarchy/still/walk-play-3/body.png,image,layers,gallery:layers
reference/grok_build/public/clean-room/layers/hierarchy/still/walk-play-3/hair.png,image,layers,gallery:layers
reference/grok_build/public/clean-room/layers/hierarchy/still/walk-play-4/body.png,image,layers,gallery:layers
reference/grok_build/public/clean-room/layers/hierarchy/still/walk-play-4/hair.png,image,layers,gallery:layers
reference/grok_build/public/clean-room/layers/hierarchy/still/walk/body.png,image,layers,gallery:layers
reference/grok_build/public/clean-room/layers/hierarchy/still/walk/hair.png,image,layers,gallery:layers
reference/grok_build/public/clean-room/layers/hierarchy/still/wave/body.png,image,layers,gallery:layers
reference/grok_build/public/clean-room/layers/hierarchy/still/wave/hair.png,image,layers,gallery:layers
reference/grok_build/public/clean-room/layers/hierarchy/still/worry/body.png,image,layers,gallery:layers
reference/grok_build/public/clean-room/layers/hierarchy/still/worry/hair.png,image,layers,gallery:layers
reference/grok_build/public/clean-room/layers/hierarchy/still/xbdodge/body.png,image,layers,gallery:layers
reference/grok_build/public/clean-room/layers/hierarchy/still/xbdodge/hair.png,image,layers,gallery:layers
reference/grok_build/public/clean-room/layers/hierarchy/still/xbfall/body.png,image,layers,gallery:layers
reference/grok_build/public/clean-room/layers/hierarchy/still/xbfall/hair.png,image,layers,gallery:layers
reference/grok_build/public/clean-room/layers/hierarchy/still/xbkick2/body.png,image,layers,gallery:layers
reference/grok_build/public/clean-room/layers/hierarchy/still/xbkick2/hair.png,image,layers,gallery:layers
reference/grok_build/public/clean-room/layers/hierarchy/still/xbrace/body.png,image,layers,gallery:layers
reference/grok_build/public/clean-room/layers/hierarchy/still/xbrace/hair.png,image,layers,gallery:layers
reference/grok_build/public/clean-room/layers/hierarchy/still/xbrun/body.png,image,layers,gallery:layers
reference/grok_build/public/clean-room/layers/hierarchy/still/xbrun/hair.png,image,layers,gallery:layers
reference/grok_build/public/clean-room/layers/hierarchy/still/xbsquat/body.png,image,layers,gallery:layers
reference/grok_build/public/clean-room/layers/hierarchy/still/xbsquat/hair.png,image,layers,gallery:layers
reference/grok_build/public/clean-room/layers/hierarchy/still/xbup/body.png,image,layers,gallery:layers
reference/grok_build/public/clean-room/layers/hierarchy/still/xbup/hair.png,image,layers,gallery:layers
reference/grok_build/public/clean-room/layers/hierarchy/still/xdodge/body.png,image,layers,gallery:layers
reference/grok_build/public/clean-room/layers/hierarchy/still/xdodge/hair.png,image,layers,gallery:layers
reference/grok_build/public/clean-room/layers/hierarchy/still/xdrive/body.png,image,layers,gallery:layers
reference/grok_build/public/clean-room/layers/hierarchy/still/xdrive/hair.png,image,layers,gallery:layers
reference/grok_build/public/clean-room/layers/hierarchy/still/xfall/body.png,image,layers,gallery:layers
reference/grok_build/public/clean-room/layers/hierarchy/still/xfall/hair.png,image,layers,gallery:layers
reference/grok_build/public/clean-room/layers/hierarchy/still/xfkick2/body.png,image,layers,gallery:layers
reference/grok_build/public/clean-room/layers/hierarchy/still/xfkick2/hair.png,image,layers,gallery:layers
reference/grok_build/public/clean-room/layers/hierarchy/still/xfrun/body.png,image,layers,gallery:layers
reference/grok_build/public/clean-room/layers/hierarchy/still/xfrun/hair.png,image,layers,gallery:layers
reference/grok_build/public/clean-room/layers/hierarchy/still/xhop/body.png,image,layers,gallery:layers
reference/grok_build/public/clean-room/layers/hierarchy/still/xhop/hair.png,image,layers,gallery:layers
reference/grok_build/public/clean-room/layers/hierarchy/still/xknee/body.png,image,layers,gallery:layers
reference/grok_build/public/clean-room/layers/hierarchy/still/xknee/hair.png,image,layers,gallery:layers
reference/grok_build/public/clean-room/layers/hierarchy/still/xlsprint/body.png,image,layers,gallery:layers
reference/grok_build/public/clean-room/layers/hierarchy/still/xlsprint/hair.png,image,layers,gallery:layers
reference/grok_build/public/clean-room/layers/hierarchy/still/xlunge/body.png,image,layers,gallery:layers
reference/grok_build/public/clean-room/layers/hierarchy/still/xlunge/hair.png,image,layers,gallery:layers
reference/grok_build/public/clean-room/layers/hierarchy/still/xrkick/body.png,image,layers,gallery:layers
reference/grok_build/public/clean-room/layers/hierarchy/still/xrkick/hair.png,image,layers,gallery:layers
reference/grok_build/public/clean-room/layers/hierarchy/still/xrstumble/body.png,image,layers,gallery:layers
reference/grok_build/public/clean-room/layers/hierarchy/still/xrstumble/hair.png,image,layers,gallery:layers
reference/grok_build/public/clean-room/layers/hierarchy/still/xsfall/body.png,image,layers,gallery:layers
reference/grok_build/public/clean-room/layers/hierarchy/still/xsfall/hair.png,image,layers,gallery:layers
reference/grok_build/public/clean-room/layers/hierarchy/still/xslide/body.png,image,layers,gallery:layers
reference/grok_build/public/clean-room/layers/hierarchy/still/xslide/hair.png,image,layers,gallery:layers
reference/grok_build/public/clean-room/layers/hierarchy/still/xspin/body.png,image,layers,gallery:layers
reference/grok_build/public/clean-room/layers/hierarchy/still/xspin/hair.png,image,layers,gallery:layers
reference/grok_build/public/clean-room/layers/hierarchy/still/xsprint/body.png,image,layers,gallery:layers
reference/grok_build/public/clean-room/layers/hierarchy/still/xsprint/hair.png,image,layers,gallery:layers
reference/grok_build/public/clean-room/layers/hierarchy/still/xsprint2/body.png,image,layers,gallery:layers
reference/grok_build/public/clean-room/layers/hierarchy/still/xsprint2/hair.png,image,layers,gallery:layers
reference/grok_build/public/clean-room/layers/hierarchy/still/xsquat/body.png,image,layers,gallery:layers
reference/grok_build/public/clean-room/layers/hierarchy/still/xsquat/hair.png,image,layers,gallery:layers
reference/grok_build/public/clean-room/layers/hierarchy/still/xstumble/body.png,image,layers,gallery:layers
reference/grok_build/public/clean-room/layers/hierarchy/still/xstumble/hair.png,image,layers,gallery:layers
reference/grok_build/public/clean-room/layers/hierarchy/still/xturn/body.png,image,layers,gallery:layers
reference/grok_build/public/clean-room/layers/hierarchy/still/xturn/hair.png,image,layers,gallery:layers
reference/grok_build/public/clean-room/layers/hierarchy/still/xtwist/body.png,image,layers,gallery:layers
reference/grok_build/public/clean-room/layers/hierarchy/still/xtwist/hair.png,image,layers,gallery:layers
reference/grok_build/public/clean-room/layers/hierarchy/still/yawn/body.png,image,layers,gallery:layers
reference/grok_build/public/clean-room/layers/hierarchy/still/yawn/hair.png,image,layers,gallery:layers
reference/grok_build/public/clean-room/rig/chest.png,image,rig,gallery:rig + cleanroom-page
reference/grok_build/public/clean-room/rig/hair.png,image,rig,gallery:rig + cleanroom-page
reference/grok_build/public/clean-room/rig/head.png,image,rig,gallery:rig + cleanroom-page
reference/grok_build/public/clean-room/rig/l-calf.png,image,rig,gallery:rig + cleanroom-page
reference/grok_build/public/clean-room/rig/l-foot.png,image,rig,gallery:rig + cleanroom-page
reference/grok_build/public/clean-room/rig/l-fore.png,image,rig,gallery:rig + cleanroom-page
reference/grok_build/public/clean-room/rig/l-thigh.png,image,rig,gallery:rig + cleanroom-page
reference/grok_build/public/clean-room/rig/l-upper.png,image,rig,gallery:rig + cleanroom-page
reference/grok_build/public/clean-room/rig/pelvis.png,image,rig,gallery:rig + cleanroom-page
reference/grok_build/public/clean-room/rig/r-calf.png,image,rig,gallery:rig + cleanroom-page
reference/grok_build/public/clean-room/rig/r-foot.png,image,rig,gallery:rig + cleanroom-page
reference/grok_build/public/clean-room/rig/r-fore.png,image,rig,gallery:rig + cleanroom-page
reference/grok_build/public/clean-room/rig/r-thigh.png,image,rig,gallery:rig + cleanroom-page
reference/grok_build/public/clean-room/rig/r-upper.png,image,rig,gallery:rig + cleanroom-page
reference/grok_build/artifacts/imagine_images/00f70f87-3de6-4a64-b4f0-9dd822fe8b52.jpg,image,imagine_images,gallery:imagine_images
reference/grok_build/artifacts/imagine_images/011e650f-d577-499e-8b19-4dc60fbaf1d3.jpg,image,imagine_images,gallery:imagine_images
reference/grok_build/artifacts/imagine_images/015ddc2c-ba5e-4b29-9ac9-7fc9d9b68f38.jpg,image,imagine_images,gallery:imagine_images
reference/grok_build/artifacts/imagine_images/02a54aa9-8a2f-40bd-9908-4a68b1cae3d9.jpg,image,imagine_images,gallery:imagine_images
reference/grok_build/artifacts/imagine_images/0412fe57-add0-49db-bea6-5dc36c5524ca.jpg,image,imagine_images,gallery:imagine_images
reference/grok_build/artifacts/imagine_images/0521b711-48c7-474a-8f9e-8eaeb92883d4.jpg,image,imagine_images,gallery:imagine_images
reference/grok_build/artifacts/imagine_images/05cf79d2-20b3-4171-a038-4e87495654d9.jpg,image,imagine_images,gallery:imagine_images
reference/grok_build/artifacts/imagine_images/06215c7e-6580-49bd-8fd6-90d87f3ae1c6.jpg,image,imagine_images,gallery:imagine_images
reference/grok_build/artifacts/imagine_images/09028795-9895-4d1f-a702-60c5c2673469.jpg,image,imagine_images,gallery:imagine_images
reference/grok_build/artifacts/imagine_images/09973acd-6292-428c-be2f-2946c4f265a0.jpg,image,imagine_images,gallery:imagine_images
reference/grok_build/artifacts/imagine_images/0a370e71-1eb3-4b20-81b1-ac556afd140f.jpg,image,imagine_images,gallery:imagine_images
reference/grok_build/artifacts/imagine_images/0a38ca6a-bbc5-4ae8-b9f3-c05c374ac2bc.jpg,image,imagine_images,gallery:imagine_images
reference/grok_build/artifacts/imagine_images/0a71b0b8-1063-4d0e-99b8-4c6e0ba1e33f.jpg,image,imagine_images,gallery:imagine_images
reference/grok_build/artifacts/imagine_images/0af8abe3-2552-4ff5-8463-7cd9cd154228.jpg,image,imagine_images,gallery:imagine_images
reference/grok_build/artifacts/imagine_images/0c39f2c6-fa23-4b19-ab57-20832a006247.jpg,image,imagine_images,gallery:imagine_images
reference/grok_build/artifacts/imagine_images/0c94e641-8e0e-4463-8ec5-a6f322d62630.jpg,image,imagine_images,gallery:imagine_images
reference/grok_build/artifacts/imagine_images/0ca1102f-dd50-4f56-a4e8-60a22fda0545.jpg,image,imagine_images,gallery:imagine_images
reference/grok_build/artifacts/imagine_images/0da1a546-e089-4d4a-9d96-371ed310c24c.jpg,image,imagine_images,gallery:imagine_images
reference/grok_build/artifacts/imagine_images/0e180f4e-86ec-4b4f-b607-9c3005bc9460.jpg,image,imagine_images,gallery:imagine_images
reference/grok_build/artifacts/imagine_images/0e32510b-93b4-4980-b73a-de61a8307591.jpg,image,imagine_images,gallery:imagine_images
reference/grok_build/artifacts/imagine_images/0e5c9728-c224-4f1f-b560-39fa0fdcc854.jpg,image,imagine_images,gallery:imagine_images
reference/grok_build/artifacts/imagine_images/0eae08b3-fb6d-4f53-856d-16b0233d4a76.jpg,image,imagine_images,gallery:imagine_images
reference/grok_build/artifacts/imagine_images/0ed1e1bd-8dd3-423d-bbff-6eec0f54e05c.jpg,image,imagine_images,gallery:imagine_images
reference/grok_build/artifacts/imagine_images/0f823f56-6892-4a3e-b630-704d84055956.jpg,image,imagine_images,gallery:imagine_images
reference/grok_build/artifacts/imagine_images/0feea3dc-4753-4601-8568-e987bf393046.jpg,image,imagine_images,gallery:imagine_images
reference/grok_build/artifacts/imagine_images/0ff1b22e-993b-4525-8c6b-9055f4ccd6ed.jpg,image,imagine_images,gallery:imagine_images
reference/grok_build/artifacts/imagine_images/1004f535-dec4-4300-8e9b-6b1ee855b65d.jpg,image,imagine_images,gallery:imagine_images
reference/grok_build/artifacts/imagine_images/101e776e-ae0e-4cb5-b5e9-877ca7a10ceb.jpg,image,imagine_images,gallery:imagine_images
reference/grok_build/artifacts/imagine_images/104ba0d2-95d8-4a1a-8dae-d7c7b1cae8ac.jpg,image,imagine_images,gallery:imagine_images
reference/grok_build/artifacts/imagine_images/10fafbba-153f-4b7c-afc3-8887e30d768a.jpg,image,imagine_images,gallery:imagine_images
reference/grok_build/artifacts/imagine_images/110a14af-b9a3-4ff9-8a36-a292d5c91d66.jpg,image,imagine_images,gallery:imagine_images
reference/grok_build/artifacts/imagine_images/115af67d-98c6-4882-92f7-b86c49e2f8b7.jpg,image,imagine_images,gallery:imagine_images
reference/grok_build/artifacts/imagine_images/1211b0ca-2d56-4b72-8e40-30b6ba3466e9.jpg,image,imagine_images,gallery:imagine_images
reference/grok_build/artifacts/imagine_images/12a979fa-81c3-471e-a5e2-ce039cee974a.jpg,image,imagine_images,gallery:imagine_images
reference/grok_build/artifacts/imagine_images/12cd9436-02d3-45c0-bc34-92d335295085.jpg,image,imagine_images,gallery:imagine_images
reference/grok_build/artifacts/imagine_images/1336ff0a-ac2e-4be9-9198-7a74bff57a34.jpg,image,imagine_images,gallery:imagine_images
reference/grok_build/artifacts/imagine_images/13b7ea9e-7a57-4dfc-aeb2-20403a987be9.jpg,image,imagine_images,gallery:imagine_images
reference/grok_build/artifacts/imagine_images/14c4c6bc-b7f3-467a-983c-9759d987b7c8.jpg,image,imagine_images,gallery:imagine_images
reference/grok_build/artifacts/imagine_images/1685da25-c56a-473b-b6cf-4e9927ff9cff.jpg,image,imagine_images,gallery:imagine_images
reference/grok_build/artifacts/imagine_images/17241d75-18b7-4cd8-9f27-228c3fc4e172.jpg,image,imagine_images,gallery:imagine_images
reference/grok_build/artifacts/imagine_images/173d08f7-f678-4534-92e5-69572855bc5a.jpg,image,imagine_images,gallery:imagine_images
reference/grok_build/artifacts/imagine_images/17c49704-f85e-4510-91eb-4a3736e1b846.jpg,image,imagine_images,gallery:imagine_images
reference/grok_build/artifacts/imagine_images/181bd55f-7da9-445c-9d0a-b96babd8e144.jpg,image,imagine_images,gallery:imagine_images
reference/grok_build/artifacts/imagine_images/182e389f-0cb9-4fbe-9a8a-57bfe086b008.jpg,image,imagine_images,gallery:imagine_images
reference/grok_build/artifacts/imagine_images/18b1ba36-4b25-4304-9dc9-ebb87b589a87.jpg,image,imagine_images,gallery:imagine_images
reference/grok_build/artifacts/imagine_images/19472abf-6962-4987-a8a9-6354a392d9e4.jpg,image,imagine_images,gallery:imagine_images
reference/grok_build/artifacts/imagine_images/19630b46-a34a-4179-869c-b21bdae61546.jpg,image,imagine_images,gallery:imagine_images
reference/grok_build/artifacts/imagine_images/1a3c2c9f-6046-4881-b9b0-61aaa0c1b62d.jpg,image,imagine_images,gallery:imagine_images
reference/grok_build/artifacts/imagine_images/1ad56372-29e9-4c7a-9f65-65e646ec3abc.jpg,image,imagine_images,gallery:imagine_images
reference/grok_build/artifacts/imagine_images/1b1ed577-b4be-469d-855a-8fbca57d76fb.jpg,image,imagine_images,gallery:imagine_images
reference/grok_build/artifacts/imagine_images/1b30d4bc-6da8-4620-8cc6-43a3142a7d65.jpg,image,imagine_images,gallery:imagine_images
reference/grok_build/artifacts/imagine_images/1c3bbff2-aff4-40d6-b95b-7a5eb34f00aa.jpg,image,imagine_images,gallery:imagine_images
reference/grok_build/artifacts/imagine_images/1d9040e0-74ed-4098-a86a-670be422be88.jpg,image,imagine_images,gallery:imagine_images
reference/grok_build/artifacts/imagine_images/1d9c2df4-f60a-4bff-b995-1370e07508f5.jpg,image,imagine_images,gallery:imagine_images
reference/grok_build/artifacts/imagine_images/1db5465b-557f-4dda-aada-ed5eff502dd2.jpg,image,imagine_images,gallery:imagine_images
reference/grok_build/artifacts/imagine_images/1dbb05d4-deae-47ee-9a99-44ee723d1f14.jpg,image,imagine_images,gallery:imagine_images
reference/grok_build/artifacts/imagine_images/1e46f5ab-0f8b-4bc8-9942-4ea05f8870c9.jpg,image,imagine_images,gallery:imagine_images
reference/grok_build/artifacts/imagine_images/1f99db37-e832-4637-9bd3-2e55ba00de44.jpg,image,imagine_images,gallery:imagine_images
reference/grok_build/artifacts/imagine_images/1fde070f-70f2-4a54-84b9-9dc971cb962d.jpg,image,imagine_images,gallery:imagine_images
reference/grok_build/artifacts/imagine_images/20182391-d26e-492a-bec0-8706969a84d9.jpg,image,imagine_images,gallery:imagine_images
reference/grok_build/artifacts/imagine_images/2042adc8-15eb-4223-a1b7-935fbeec797f.jpg,image,imagine_images,gallery:imagine_images
reference/grok_build/artifacts/imagine_images/20dc9ac4-2226-436f-b807-797b9d7e7cd0.jpg,image,imagine_images,gallery:imagine_images
reference/grok_build/artifacts/imagine_images/21d8a07a-8d46-410f-9d6a-3bcb6bee7a4d.jpg,image,imagine_images,gallery:imagine_images
reference/grok_build/artifacts/imagine_images/21eb3801-f622-4a34-b9cb-902b8d788f08.jpg,image,imagine_images,gallery:imagine_images
reference/grok_build/artifacts/imagine_images/221e15f4-a933-466e-a766-112baf75a1c8.jpg,image,imagine_images,gallery:imagine_images
reference/grok_build/artifacts/imagine_images/22a01a46-55e2-45ff-a230-5fa931db6738.jpg,image,imagine_images,gallery:imagine_images
reference/grok_build/artifacts/imagine_images/239e90ea-73d2-483e-b383-0270fc6d925b.jpg,image,imagine_images,gallery:imagine_images
reference/grok_build/artifacts/imagine_images/23a855e8-1a2b-4b9b-874a-6e56f9066c72.jpg,image,imagine_images,gallery:imagine_images
reference/grok_build/artifacts/imagine_images/23e39f15-3232-4197-8516-0fa30619c053.jpg,image,imagine_images,gallery:imagine_images
reference/grok_build/artifacts/imagine_images/241b6703-2440-481e-917b-6ae21a1c0343.jpg,image,imagine_images,gallery:imagine_images
reference/grok_build/artifacts/imagine_images/244f7341-66ac-4c68-a6e2-b493e386a550.jpg,image,imagine_images,gallery:imagine_images
reference/grok_build/artifacts/imagine_images/2481977f-8494-4a8d-8c7b-98b0b6396523.jpg,image,imagine_images,gallery:imagine_images
reference/grok_build/artifacts/imagine_images/25ba1a4d-6d14-41e4-af2c-9c9b3eea50dd.jpg,image,imagine_images,gallery:imagine_images
reference/grok_build/artifacts/imagine_images/26929bf5-f5a1-4577-9323-71bc8db7002b.jpg,image,imagine_images,gallery:imagine_images
reference/grok_build/artifacts/imagine_images/26c196e4-0ccf-4bc5-a14c-b438ed83ceeb.jpg,image,imagine_images,gallery:imagine_images
reference/grok_build/artifacts/imagine_images/2759a434-4c25-4739-88af-1fec2cb2ebc1.jpg,image,imagine_images,gallery:imagine_images
reference/grok_build/artifacts/imagine_images/29585337-ca5a-4e99-8ff9-8e5332a3c03b.jpg,image,imagine_images,gallery:imagine_images
reference/grok_build/artifacts/imagine_images/295a412e-1f1d-4246-8264-cbba938381dd.jpg,image,imagine_images,gallery:imagine_images
reference/grok_build/artifacts/imagine_images/29b6ba7c-fd8e-46ab-b522-6d7eacaf971f.jpg,image,imagine_images,gallery:imagine_images
reference/grok_build/artifacts/imagine_images/29d12776-ca61-4915-8b14-2cd43244224f.jpg,image,imagine_images,gallery:imagine_images
reference/grok_build/artifacts/imagine_images/29db3fc1-8d96-4c16-be7b-7cfe1d25200b.jpg,image,imagine_images,gallery:imagine_images
reference/grok_build/artifacts/imagine_images/29f8e360-3afa-4ce2-9775-d7e48338b885.jpg,image,imagine_images,gallery:imagine_images
reference/grok_build/artifacts/imagine_images/2b0271da-8e5d-45a8-9ab5-80f358e40186.jpg,image,imagine_images,gallery:imagine_images
reference/grok_build/artifacts/imagine_images/2b516449-d877-4fa6-96ad-2a2618d28927.jpg,image,imagine_images,gallery:imagine_images
reference/grok_build/artifacts/imagine_images/2b836a7c-14ed-448d-844d-72ac3514977f.jpg,image,imagine_images,gallery:imagine_images
reference/grok_build/artifacts/imagine_images/2cc7ff70-2aa9-4c00-b2b1-4723ada37e54.jpg,image,imagine_images,gallery:imagine_images
reference/grok_build/artifacts/imagine_images/2d1eeb04-41f3-476c-a0f9-4e48f3ffcebf.jpg,image,imagine_images,gallery:imagine_images
reference/grok_build/artifacts/imagine_images/2d2be4ce-1f4a-46ed-bb63-1ca898b3d2c8.jpg,image,imagine_images,gallery:imagine_images
reference/grok_build/artifacts/imagine_images/2dfd2bba-3221-460c-a4d3-10c6648d3455.jpg,image,imagine_images,gallery:imagine_images
reference/grok_build/artifacts/imagine_images/2ea0b32b-91d9-4d66-a3bd-bfb5d70679d6.jpg,image,imagine_images,gallery:imagine_images
reference/grok_build/artifacts/imagine_images/2f8eacc1-313f-4576-8693-6e48c14242da.jpg,image,imagine_images,gallery:imagine_images
reference/grok_build/artifacts/imagine_images/2faaca79-1e53-4b8b-a58b-5305e1d31f47.jpg,image,imagine_images,gallery:imagine_images
reference/grok_build/artifacts/imagine_images/303ea726-fcff-4828-99a2-bba92c80130d.jpg,image,imagine_images,gallery:imagine_images
reference/grok_build/artifacts/imagine_images/30a25fe0-3f1d-4d87-9303-62dfc366b7b0.jpg,image,imagine_images,gallery:imagine_images
reference/grok_build/artifacts/imagine_images/30b3d26c-923c-4f69-813f-5b6ed674849f.jpg,image,imagine_images,gallery:imagine_images
reference/grok_build/artifacts/imagine_images/31ce7b95-84c5-432a-b1b4-6944fc73056f.jpg,image,imagine_images,gallery:imagine_images
reference/grok_build/artifacts/imagine_images/322b117c-753d-4708-bbcc-a140c9f1e3b7.jpg,image,imagine_images,gallery:imagine_images
reference/grok_build/artifacts/imagine_images/323034fa-2607-45fe-99bb-4002703ce86e.jpg,image,imagine_images,gallery:imagine_images
reference/grok_build/artifacts/imagine_images/32329802-d2a1-4456-b126-bd0b14ad6098.jpg,image,imagine_images,gallery:imagine_images
reference/grok_build/artifacts/imagine_images/32e7a42c-6a84-48a2-9afa-232bcbb71b42.jpg,image,imagine_images,gallery:imagine_images
reference/grok_build/artifacts/imagine_images/334710d9-b587-4924-bb83-9924a5d20703.jpg,image,imagine_images,gallery:imagine_images
reference/grok_build/artifacts/imagine_images/335bec6c-45bb-4cd0-a7d1-ccead2cb5423.jpg,image,imagine_images,gallery:imagine_images
reference/grok_build/artifacts/imagine_images/336f43d4-9237-47b8-b94c-840132a89001.jpg,image,imagine_images,gallery:imagine_images
reference/grok_build/artifacts/imagine_images/3395b6ea-d7f9-46e9-af5f-f9b1cd518cce.jpg,image,imagine_images,gallery:imagine_images
reference/grok_build/artifacts/imagine_images/342c654e-97ae-4fc1-bb18-2722a005ee61.jpg,image,imagine_images,gallery:imagine_images
reference/grok_build/artifacts/imagine_images/346f59f2-42e8-4fd8-a87e-8df360228f8d.jpg,image,imagine_images,gallery:imagine_images
reference/grok_build/artifacts/imagine_images/351b772b-0984-4850-99ea-c05c7448d7ff.jpg,image,imagine_images,gallery:imagine_images
reference/grok_build/artifacts/imagine_images/37795a44-bca6-4701-a63c-f83a47b30ebf.jpg,image,imagine_images,gallery:imagine_images
reference/grok_build/artifacts/imagine_images/3a8fc726-cdd6-4920-b7b2-3a051140a9da.jpg,image,imagine_images,gallery:imagine_images
reference/grok_build/artifacts/imagine_images/3b2319c1-61cd-4de6-86f7-9f4fdc114878.jpg,image,imagine_images,gallery:imagine_images
reference/grok_build/artifacts/imagine_images/3b5177c2-c880-48c9-a48c-3f2a1d58efad.jpg,image,imagine_images,gallery:imagine_images
reference/grok_build/artifacts/imagine_images/3d5dd946-f16d-41bf-8776-59f7b6722140.jpg,image,imagine_images,gallery:imagine_images
reference/grok_build/artifacts/imagine_images/3df8ded0-6754-4d96-89bc-af07d1812ccf.jpg,image,imagine_images,gallery:imagine_images
reference/grok_build/artifacts/imagine_images/3e2b792d-1022-4281-83a7-d806d4e14fde.jpg,image,imagine_images,gallery:imagine_images
reference/grok_build/artifacts/imagine_images/3ff4e1a9-805b-4143-bd38-fbed10d48460.jpg,image,imagine_images,gallery:imagine_images
reference/grok_build/artifacts/imagine_images/409c89ea-574c-425e-a532-595ce03cd6fe.jpg,image,imagine_images,gallery:imagine_images
reference/grok_build/artifacts/imagine_images/411aed3a-7ea1-456b-b1fd-00d885a79e5d.jpg,image,imagine_images,gallery:imagine_images
reference/grok_build/artifacts/imagine_images/41fad7d9-1055-4d56-8f5d-14c078d1269a.jpg,image,imagine_images,gallery:imagine_images
reference/grok_build/artifacts/imagine_images/433ff231-0718-4850-af17-f86f2b2ecb07.jpg,image,imagine_images,gallery:imagine_images
reference/grok_build/artifacts/imagine_images/43f1fad8-a867-461b-b8ab-ed619f062d2f.jpg,image,imagine_images,gallery:imagine_images
reference/grok_build/artifacts/imagine_images/445ae3a8-8bb9-4799-b5b7-3dd7c7d93009.jpg,image,imagine_images,gallery:imagine_images
reference/grok_build/artifacts/imagine_images/4494afe2-10ed-448b-8c81-c5e1b9aedf35.jpg,image,imagine_images,gallery:imagine_images
reference/grok_build/artifacts/imagine_images/452ca997-fe24-497e-ae1c-5c20bf1b0d32.jpg,image,imagine_images,gallery:imagine_images
reference/grok_build/artifacts/imagine_images/460f108a-afd0-4d05-b259-5ac4db4bde44.jpg,image,imagine_images,gallery:imagine_images
reference/grok_build/artifacts/imagine_images/4635f60b-d038-477e-af8d-96cab05576c1.jpg,image,imagine_images,gallery:imagine_images
reference/grok_build/artifacts/imagine_images/464f262d-1784-44e9-8667-a0b5a0095f24.jpg,image,imagine_images,gallery:imagine_images
reference/grok_build/artifacts/imagine_images/4713e570-7493-4765-812f-eb70c8c5bc23.jpg,image,imagine_images,gallery:imagine_images
reference/grok_build/artifacts/imagine_images/47736a18-a920-4f07-9663-f3fef968afbe.jpg,image,imagine_images,gallery:imagine_images
reference/grok_build/artifacts/imagine_images/47bdb540-6626-46e6-a86a-304aad23134e.jpg,image,imagine_images,gallery:imagine_images
reference/grok_build/artifacts/imagine_images/47c76b62-a4f8-4de2-88e6-089059bd0e0b.jpg,image,imagine_images,gallery:imagine_images
reference/grok_build/artifacts/imagine_images/48ae3632-9c92-4945-b6f4-50b11b3cd8d9.jpg,image,imagine_images,gallery:imagine_images
reference/grok_build/artifacts/imagine_images/4921b9c9-ac4d-4b48-85c3-193c67e9f98e.jpg,image,imagine_images,gallery:imagine_images
reference/grok_build/artifacts/imagine_images/4967d0b5-b14d-4df7-a8fa-334a6b6a4920.jpg,image,imagine_images,gallery:imagine_images
reference/grok_build/artifacts/imagine_images/4a39f5b9-9070-45d1-a111-7454ea7aa62b.jpg,image,imagine_images,gallery:imagine_images
reference/grok_build/artifacts/imagine_images/4bd1e6d2-d178-4dfd-9ab2-8a882822a40d.jpg,image,imagine_images,gallery:imagine_images
reference/grok_build/artifacts/imagine_images/4cb5e850-d318-4c82-b97f-8e044e723501.jpg,image,imagine_images,gallery:imagine_images
reference/grok_build/artifacts/imagine_images/4cbfd0b8-e88b-4772-acbd-b70e50ec589b.jpg,image,imagine_images,gallery:imagine_images
reference/grok_build/artifacts/imagine_images/4ce26785-42ef-42e8-afa8-c54a702b5b17.jpg,image,imagine_images,gallery:imagine_images
reference/grok_build/artifacts/imagine_images/4def4705-c6bb-4ae8-8db4-8f78b7cfd054.jpg,image,imagine_images,gallery:imagine_images
reference/grok_build/artifacts/imagine_images/4dfd0e68-fd75-4681-a545-596b68e0338c.jpg,image,imagine_images,gallery:imagine_images
reference/grok_build/artifacts/imagine_images/4ea397d6-965d-457f-b51f-8f7e2e50c58b.jpg,image,imagine_images,gallery:imagine_images
reference/grok_build/artifacts/imagine_images/4f0aca08-06a9-499a-a9ab-f71586a3bc59.jpg,image,imagine_images,gallery:imagine_images
reference/grok_build/artifacts/imagine_images/4f4d0d9a-8641-4f8e-8c0b-ed9358c1e690.jpg,image,imagine_images,gallery:imagine_images
reference/grok_build/artifacts/imagine_images/51684f07-0b2c-4326-b569-1f64aa5f4ca2.jpg,image,imagine_images,gallery:imagine_images
reference/grok_build/artifacts/imagine_images/51f712de-95ad-483e-a143-97062a8a47ea.jpg,image,imagine_images,gallery:imagine_images
reference/grok_build/artifacts/imagine_images/523150e5-aa4c-4129-9465-c862473e15b0.jpg,image,imagine_images,gallery:imagine_images
reference/grok_build/artifacts/imagine_images/524025f7-44a3-4392-81d9-6d1c493bb51e.jpg,image,imagine_images,gallery:imagine_images
reference/grok_build/artifacts/imagine_images/55f5268c-79c8-4614-8676-81172296ad89.jpg,image,imagine_images,gallery:imagine_images
reference/grok_build/artifacts/imagine_images/55f6fc0a-1445-46dd-9725-012c652a1f8c.jpg,image,imagine_images,gallery:imagine_images
reference/grok_build/artifacts/imagine_images/56210e03-2885-495e-95e1-add7ab3f079d.jpg,image,imagine_images,gallery:imagine_images
reference/grok_build/artifacts/imagine_images/56a94ac3-667a-406b-9ca6-7d8ca3355d55.jpg,image,imagine_images,gallery:imagine_images
reference/grok_build/artifacts/imagine_images/56ac3bae-f858-4a2c-830d-a607cdc56245.jpg,image,imagine_images,gallery:imagine_images
reference/grok_build/artifacts/imagine_images/572bd7db-142f-4d89-a7d3-249d83c416a2.jpg,image,imagine_images,gallery:imagine_images
reference/grok_build/artifacts/imagine_images/57438485-26bf-4756-adad-4a96032effac.jpg,image,imagine_images,gallery:imagine_images
reference/grok_build/artifacts/imagine_images/57887a3a-fd7e-4f11-9315-915a4301be72.jpg,image,imagine_images,gallery:imagine_images
reference/grok_build/artifacts/imagine_images/57c192cb-a571-431f-83e2-f63d7f22555b.jpg,image,imagine_images,gallery:imagine_images
reference/grok_build/artifacts/imagine_images/57dce68b-99ba-4afd-bac7-5ef1d784f083.jpg,image,imagine_images,gallery:imagine_images
reference/grok_build/artifacts/imagine_images/57de64dc-88a7-4d0b-8764-fdb6bd7fc925.jpg,image,imagine_images,gallery:imagine_images
reference/grok_build/artifacts/imagine_images/587c1ad3-e76a-456c-9e9c-f01af2d7937a.jpg,image,imagine_images,gallery:imagine_images
reference/grok_build/artifacts/imagine_images/58c82317-b8c1-4a52-a2b0-b9618f6b5cb6.jpg,image,imagine_images,gallery:imagine_images
reference/grok_build/artifacts/imagine_images/59017d06-f974-43f1-bc8b-3dacbad891ac.jpg,image,imagine_images,gallery:imagine_images
reference/grok_build/artifacts/imagine_images/5a944aa9-1d9f-4606-8fa4-2bb83fbaccb5.jpg,image,imagine_images,gallery:imagine_images
reference/grok_build/artifacts/imagine_images/5ac37c42-e233-43a3-a93c-4032a779a27d.jpg,image,imagine_images,gallery:imagine_images
reference/grok_build/artifacts/imagine_images/5ae051e2-e4d1-4967-8f29-708d3df65af8.jpg,image,imagine_images,gallery:imagine_images
reference/grok_build/artifacts/imagine_images/5b523cb4-a128-4521-92f1-f6bbccd69842.jpg,image,imagine_images,gallery:imagine_images
reference/grok_build/artifacts/imagine_images/5bce22a3-3c9a-4f44-9733-edd331ea2d26.jpg,image,imagine_images,gallery:imagine_images
reference/grok_build/artifacts/imagine_images/5d233cbd-f79a-4303-8fff-25f2a6d61145.jpg,image,imagine_images,gallery:imagine_images
reference/grok_build/artifacts/imagine_images/5df575e1-d21f-45ec-8a39-f620519f3979.jpg,image,imagine_images,gallery:imagine_images
reference/grok_build/artifacts/imagine_images/6069a04a-ef67-4b2f-9f7b-70bd0f25f1a9.jpg,image,imagine_images,gallery:imagine_images
reference/grok_build/artifacts/imagine_images/60880211-c217-4183-9c0d-435b8efa6454.jpg,image,imagine_images,gallery:imagine_images
reference/grok_build/artifacts/imagine_images/60f422db-ecfe-4b3c-b8ac-e5983c12a843.jpg,image,imagine_images,gallery:imagine_images
reference/grok_build/artifacts/imagine_images/611fe510-7609-429d-a440-80122478bb60.jpg,image,imagine_images,gallery:imagine_images
reference/grok_build/artifacts/imagine_images/6187370c-1296-4ce1-bec7-157ca756f81f.jpg,image,imagine_images,gallery:imagine_images
reference/grok_build/artifacts/imagine_images/6260746c-52c2-4f83-98b6-27584a34c7a8.jpg,image,imagine_images,gallery:imagine_images
reference/grok_build/artifacts/imagine_images/6300ee7a-837c-4488-8d25-7d881b312805.jpg,image,imagine_images,gallery:imagine_images
reference/grok_build/artifacts/imagine_images/6480079c-ba66-42f8-8200-b9d184bb2599.jpg,image,imagine_images,gallery:imagine_images
reference/grok_build/artifacts/imagine_images/65e0acce-fef8-4c8e-9bc4-785dea6acbbe.jpg,image,imagine_images,gallery:imagine_images
reference/grok_build/artifacts/imagine_images/660af854-b210-45db-bb14-25e5e0da9eef.jpg,image,imagine_images,gallery:imagine_images
reference/grok_build/artifacts/imagine_images/67a592e1-c0eb-4bb9-a93c-3339c627324d.jpg,image,imagine_images,gallery:imagine_images
reference/grok_build/artifacts/imagine_images/681408f1-0d28-4fcd-84f7-20471530a5df.jpg,image,imagine_images,gallery:imagine_images
reference/grok_build/artifacts/imagine_images/69377dbb-668b-4919-ba23-0b98a8454c72.jpg,image,imagine_images,gallery:imagine_images
reference/grok_build/artifacts/imagine_images/69eed438-d80c-49b7-9cac-ec52a5969f6e.jpg,image,imagine_images,gallery:imagine_images
reference/grok_build/artifacts/imagine_images/69f325b3-e8a4-4899-a33e-0ade8f0d55e8.jpg,image,imagine_images,gallery:imagine_images
reference/grok_build/artifacts/imagine_images/6a9ce66d-8202-450d-ace8-e5c14ae07be6.jpg,image,imagine_images,gallery:imagine_images
reference/grok_build/artifacts/imagine_images/6b2aa036-1a98-4f60-bb03-c04a19a760cc.jpg,image,imagine_images,gallery:imagine_images
reference/grok_build/artifacts/imagine_images/6b53d4e0-5bef-4f24-9ffc-3b1ab55f9442.jpg,image,imagine_images,gallery:imagine_images
reference/grok_build/artifacts/imagine_images/6bc5796f-60cf-40e5-ac7a-927edfc454eb.jpg,image,imagine_images,gallery:imagine_images
reference/grok_build/artifacts/imagine_images/6c3fdb4d-dab9-47de-a7fe-3dc15688418c.jpg,image,imagine_images,gallery:imagine_images
reference/grok_build/artifacts/imagine_images/6c4096f4-b0cc-47f4-8323-1e84b7c7c391.jpg,image,imagine_images,gallery:imagine_images
reference/grok_build/artifacts/imagine_images/6cbc37ae-038d-4acf-bdc8-b2a3b1680f61.jpg,image,imagine_images,gallery:imagine_images
reference/grok_build/artifacts/imagine_images/6d677e7b-72e5-482f-9957-999334bf16de.jpg,image,imagine_images,gallery:imagine_images
reference/grok_build/artifacts/imagine_images/6da7ce02-70dc-4eb2-b7d4-8304bbbcec45.jpg,image,imagine_images,gallery:imagine_images
reference/grok_build/artifacts/imagine_images/6de6aca8-df99-4246-9df7-6ad36e478284.jpg,image,imagine_images,gallery:imagine_images
reference/grok_build/artifacts/imagine_images/6e27cb63-1274-4b7b-8fa8-b5f34a15ecca.jpg,image,imagine_images,gallery:imagine_images
reference/grok_build/artifacts/imagine_images/6e5cb760-8831-4445-a3f6-b41fa58b1057.jpg,image,imagine_images,gallery:imagine_images
reference/grok_build/artifacts/imagine_images/6fe3741f-a090-459f-a9bd-1480ab0eb775.jpg,image,imagine_images,gallery:imagine_images
reference/grok_build/artifacts/imagine_images/7128d1ed-d4e3-45a7-b942-b2285d9b9bcb.jpg,image,imagine_images,gallery:imagine_images
reference/grok_build/artifacts/imagine_images/7170c5cb-c4f3-4100-b799-65b2ec52c92a.jpg,image,imagine_images,gallery:imagine_images
reference/grok_build/artifacts/imagine_images/721fd619-4ba1-4d2f-9679-64cb66c424e0.jpg,image,imagine_images,gallery:imagine_images
reference/grok_build/artifacts/imagine_images/729d89be-a94c-4c29-8917-93529b98e3a8.jpg,image,imagine_images,gallery:imagine_images
reference/grok_build/artifacts/imagine_images/72fd4d90-9456-4969-846e-3a137c582c57.jpg,image,imagine_images,gallery:imagine_images
reference/grok_build/artifacts/imagine_images/73098d1c-3797-40f8-8c77-c8f94f5910b1.jpg,image,imagine_images,gallery:imagine_images
reference/grok_build/artifacts/imagine_images/73f8b83e-ae58-4fe2-a688-2e9dcaeed623.jpg,image,imagine_images,gallery:imagine_images
reference/grok_build/artifacts/imagine_images/75872052-fa4c-4482-90d1-e959abd029dd.jpg,image,imagine_images,gallery:imagine_images
reference/grok_build/artifacts/imagine_images/76a52bd9-6c76-45ce-b81e-1c7014419c08.jpg,image,imagine_images,gallery:imagine_images
reference/grok_build/artifacts/imagine_images/773d11eb-8bd2-42e7-b18b-dc8f8e0742ce.jpg,image,imagine_images,gallery:imagine_images
reference/grok_build/artifacts/imagine_images/77dc77f2-ecad-4881-90b7-041af4a77da7.jpg,image,imagine_images,gallery:imagine_images
reference/grok_build/artifacts/imagine_images/794df9e5-95aa-43f2-81e1-08bd5d8d1d7d.jpg,image,imagine_images,gallery:imagine_images
reference/grok_build/artifacts/imagine_images/79618c58-7697-4ea3-9be7-ef28b16eb401.jpg,image,imagine_images,gallery:imagine_images
reference/grok_build/artifacts/imagine_images/7cd75d5d-65d9-46e0-894b-090d25edf038.jpg,image,imagine_images,gallery:imagine_images
reference/grok_build/artifacts/imagine_images/7d678cf3-c9d7-4860-b252-c2d2d4553e35.jpg,image,imagine_images,gallery:imagine_images
reference/grok_build/artifacts/imagine_images/7d6b8c9c-86a4-4f97-9ec0-c822e72e9b8e.jpg,image,imagine_images,gallery:imagine_images
reference/grok_build/artifacts/imagine_images/7df89cf1-a63b-4cae-893e-ede392948964.jpg,image,imagine_images,gallery:imagine_images
reference/grok_build/artifacts/imagine_images/7e132f98-80d6-4a83-a3f3-3034a69b2f16.jpg,image,imagine_images,gallery:imagine_images
reference/grok_build/artifacts/imagine_images/7e6b8a9b-6d6d-40ca-8879-f293c67cccd7.jpg,image,imagine_images,gallery:imagine_images
reference/grok_build/artifacts/imagine_images/7fb02093-b2c3-49b1-ab4b-0b6134782fa6.jpg,image,imagine_images,gallery:imagine_images
reference/grok_build/artifacts/imagine_images/7fc9878c-2525-4ab9-884a-98d6d796cdea.jpg,image,imagine_images,gallery:imagine_images
reference/grok_build/artifacts/imagine_images/7fef9b6c-06f4-4cb3-8d66-fd21cc373b47.jpg,image,imagine_images,gallery:imagine_images
reference/grok_build/artifacts/imagine_images/8182b16b-5adb-46b1-8b5d-e0a810e10f63.jpg,image,imagine_images,gallery:imagine_images
reference/grok_build/artifacts/imagine_images/818b22b9-ff38-41bf-a2b1-e2fdee6fb243.jpg,image,imagine_images,gallery:imagine_images
reference/grok_build/artifacts/imagine_images/81e0fd24-158d-497b-900f-a52c69d04192.jpg,image,imagine_images,gallery:imagine_images
reference/grok_build/artifacts/imagine_images/82abbcec-9ee4-4e3c-bde3-0f04dd3318f5.jpg,image,imagine_images,gallery:imagine_images
reference/grok_build/artifacts/imagine_images/8401e76d-be96-42f1-ba37-683deafaffe8.jpg,image,imagine_images,gallery:imagine_images
reference/grok_build/artifacts/imagine_images/84146192-c8d5-4970-9b12-f92ae89197c1.jpg,image,imagine_images,gallery:imagine_images
reference/grok_build/artifacts/imagine_images/843a958f-8405-49a7-8c3f-008f915611ef.jpg,image,imagine_images,gallery:imagine_images
reference/grok_build/artifacts/imagine_images/84428b4d-3b93-4196-9e89-d609f221d636.jpg,image,imagine_images,gallery:imagine_images
reference/grok_build/artifacts/imagine_images/8467eff0-ba38-4f50-bd1c-57008cfbbaf7.jpg,image,imagine_images,gallery:imagine_images
reference/grok_build/artifacts/imagine_images/846e4260-2589-48b6-952f-429c4a2f504a.jpg,image,imagine_images,gallery:imagine_images
reference/grok_build/artifacts/imagine_images/848c3b7b-ee13-47e7-8a0d-947535fc8f59.jpg,image,imagine_images,gallery:imagine_images
reference/grok_build/artifacts/imagine_images/863454e1-98aa-48f9-9509-96998e45b334.jpg,image,imagine_images,gallery:imagine_images
reference/grok_build/artifacts/imagine_images/86dab711-f852-4019-a7dc-34a69a0388a9.jpg,image,imagine_images,gallery:imagine_images
reference/grok_build/artifacts/imagine_images/87c5f22d-eec4-4eb9-acc2-a773cc2f8105.jpg,image,imagine_images,gallery:imagine_images
reference/grok_build/artifacts/imagine_images/8863be78-5e90-4144-b769-1a6c363490d6.jpg,image,imagine_images,gallery:imagine_images
reference/grok_build/artifacts/imagine_images/88835380-41fb-4183-8e5f-c3c9ee3044fd.jpg,image,imagine_images,gallery:imagine_images
reference/grok_build/artifacts/imagine_images/8904e786-c698-4ca6-b90f-70f18a4f92d1.jpg,image,imagine_images,gallery:imagine_images
reference/grok_build/artifacts/imagine_images/895373e4-7451-4e70-92b3-a978dcc22467.jpg,image,imagine_images,gallery:imagine_images
reference/grok_build/artifacts/imagine_images/8a282bfa-2d8d-4a64-adcd-305e3a30f9ea.jpg,image,imagine_images,gallery:imagine_images
reference/grok_build/artifacts/imagine_images/8ca3dae0-d598-4aae-b4dc-4cccbe03c1d4.jpg,image,imagine_images,gallery:imagine_images
reference/grok_build/artifacts/imagine_images/8ce14cfc-fbdc-4577-a32d-ab9132eef5ef.jpg,image,imagine_images,gallery:imagine_images
reference/grok_build/artifacts/imagine_images/8daaf191-bc84-4306-9715-4746d92d9e8c.jpg,image,imagine_images,gallery:imagine_images
reference/grok_build/artifacts/imagine_images/8e221f22-bba4-491a-a882-175b89e25347.jpg,image,imagine_images,gallery:imagine_images
reference/grok_build/artifacts/imagine_images/8f1a99fc-1390-4e71-8305-8df8a4d7a404.jpg,image,imagine_images,gallery:imagine_images
reference/grok_build/artifacts/imagine_images/8f426193-aedc-4162-a046-4fab324dd3c2.jpg,image,imagine_images,gallery:imagine_images
reference/grok_build/artifacts/imagine_images/8f552695-bf92-477e-8b8f-e03668864bfd.jpg,image,imagine_images,gallery:imagine_images
reference/grok_build/artifacts/imagine_images/8f65735d-27be-41c6-ad40-ccae92c1a211.jpg,image,imagine_images,gallery:imagine_images
reference/grok_build/artifacts/imagine_images/92dd4093-08aa-49f6-be7a-8560b585bd71.jpg,image,imagine_images,gallery:imagine_images
reference/grok_build/artifacts/imagine_images/93930931-77ea-41cd-9627-ce0d10ad0b8e.jpg,image,imagine_images,gallery:imagine_images
reference/grok_build/artifacts/imagine_images/944fa452-3b05-4e29-841e-d75f8a51ddb7.jpg,image,imagine_images,gallery:imagine_images
reference/grok_build/artifacts/imagine_images/9456f7ee-c8cf-443e-b036-2acaf5e3035d.jpg,image,imagine_images,gallery:imagine_images
reference/grok_build/artifacts/imagine_images/95428b30-4f01-47a9-8f78-008d3c8546cc.jpg,image,imagine_images,gallery:imagine_images
reference/grok_build/artifacts/imagine_images/95593635-1832-41dd-85ea-2806acb646b7.jpg,image,imagine_images,gallery:imagine_images
reference/grok_build/artifacts/imagine_images/9633f997-496a-4e23-ac85-9c56d3323e2b.jpg,image,imagine_images,gallery:imagine_images
reference/grok_build/artifacts/imagine_images/977e5fe0-ba57-4a05-aa05-c70160413a01.jpg,image,imagine_images,gallery:imagine_images
reference/grok_build/artifacts/imagine_images/97d3f24b-e9e2-4922-8a78-ab96bebb2cd3.jpg,image,imagine_images,gallery:imagine_images
reference/grok_build/artifacts/imagine_images/984cd0f3-ac66-45b3-afff-be2d2390882d.jpg,image,imagine_images,gallery:imagine_images
reference/grok_build/artifacts/imagine_images/99881c36-20ee-4a42-a297-3bdc9341a886.jpg,image,imagine_images,gallery:imagine_images
reference/grok_build/artifacts/imagine_images/99a78873-f61e-4e33-af68-8fade06e2818.jpg,image,imagine_images,gallery:imagine_images
reference/grok_build/artifacts/imagine_images/9accfea2-0075-4e68-aabb-9ace56684054.jpg,image,imagine_images,gallery:imagine_images
reference/grok_build/artifacts/imagine_images/9bc49bf9-aa3b-4f48-aa07-6e63c8680231.jpg,image,imagine_images,gallery:imagine_images
reference/grok_build/artifacts/imagine_images/9c412501-0740-4b9c-8302-6ecaf95dcbc9.jpg,image,imagine_images,gallery:imagine_images
reference/grok_build/artifacts/imagine_images/9c7eae14-38b0-44ca-a9de-38afcc6c5850.jpg,image,imagine_images,gallery:imagine_images
reference/grok_build/artifacts/imagine_images/9c898080-d06e-4b04-9c80-a4e363d44ceb.jpg,image,imagine_images,gallery:imagine_images
reference/grok_build/artifacts/imagine_images/9c90ff2b-76b6-4a3c-bbae-991b8a74d53e.jpg,image,imagine_images,gallery:imagine_images
reference/grok_build/artifacts/imagine_images/9cdd8a1e-9a6f-470c-9b47-6693820b2d0d.jpg,image,imagine_images,gallery:imagine_images
reference/grok_build/artifacts/imagine_images/9d149d5b-1548-464d-8b73-476aa18da9c6.jpg,image,imagine_images,gallery:imagine_images
reference/grok_build/artifacts/imagine_images/9dbb4912-d047-40fc-964c-a12f28aa50ba.jpg,image,imagine_images,gallery:imagine_images
reference/grok_build/artifacts/imagine_images/9e04175f-a733-4fda-91cb-303f0f18d586.jpg,image,imagine_images,gallery:imagine_images
reference/grok_build/artifacts/imagine_images/9e2b04b7-50d8-4ca5-bdbc-3bd79f4280a0.jpg,image,imagine_images,gallery:imagine_images
reference/grok_build/artifacts/imagine_images/9e8accf0-3a94-415c-ac47-7ab0db4aee8a.jpg,image,imagine_images,gallery:imagine_images
reference/grok_build/artifacts/imagine_images/9f8eab39-0480-4a16-945d-e435e13ec702.jpg,image,imagine_images,gallery:imagine_images
reference/grok_build/artifacts/imagine_images/9f9098f9-6129-4a9d-8b46-d602a40ecafc.jpg,image,imagine_images,gallery:imagine_images
reference/grok_build/artifacts/imagine_images/9fdab4af-87ee-47bd-978c-6fab1ce4b492.jpg,image,imagine_images,gallery:imagine_images
reference/grok_build/artifacts/imagine_images/a0855e13-c7fc-4fd5-8722-7f8bcfedd3c0.jpg,image,imagine_images,gallery:imagine_images
reference/grok_build/artifacts/imagine_images/a0c1ef9d-1886-4003-b6fc-78088963fb5d.jpg,image,imagine_images,gallery:imagine_images
reference/grok_build/artifacts/imagine_images/a11860e8-b6ee-4281-a1b0-4c962b4334de.jpg,image,imagine_images,gallery:imagine_images
reference/grok_build/artifacts/imagine_images/a15f042e-d593-4f8d-86a4-a4942f8c3943.jpg,image,imagine_images,gallery:imagine_images
reference/grok_build/artifacts/imagine_images/a1871836-d89e-4cba-98f2-cc2d237ea32d.jpg,image,imagine_images,gallery:imagine_images
reference/grok_build/artifacts/imagine_images/a2ac1840-197e-4d9c-962d-75892565c9c3.jpg,image,imagine_images,gallery:imagine_images
reference/grok_build/artifacts/imagine_images/a2bb2827-680f-41a8-9261-e589f12757a9.jpg,image,imagine_images,gallery:imagine_images
reference/grok_build/artifacts/imagine_images/a2ec80b4-9ade-4cee-afb9-9aaa0389fa1f.jpg,image,imagine_images,gallery:imagine_images
reference/grok_build/artifacts/imagine_images/a359ebab-915c-4109-833a-f4d9e109d63c.jpg,image,imagine_images,gallery:imagine_images
reference/grok_build/artifacts/imagine_images/a540c335-794c-4fb0-ab91-9a64efcf3cb2.jpg,image,imagine_images,gallery:imagine_images
reference/grok_build/artifacts/imagine_images/a70e68ba-2b2c-4b45-91fd-5c3d3c6168cc.jpg,image,imagine_images,gallery:imagine_images
reference/grok_build/artifacts/imagine_images/a71be9a4-d093-4174-998a-777c1685df84.jpg,image,imagine_images,gallery:imagine_images
reference/grok_build/artifacts/imagine_images/a77dcdf6-e371-498c-a999-9d940149c748.jpg,image,imagine_images,gallery:imagine_images
reference/grok_build/artifacts/imagine_images/a7a54ea6-336b-4212-a912-8a9d4d3134a2.jpg,image,imagine_images,gallery:imagine_images
reference/grok_build/artifacts/imagine_images/a81ab785-54c4-4549-8d28-7322e612a79e.jpg,image,imagine_images,gallery:imagine_images
reference/grok_build/artifacts/imagine_images/a825c836-25d0-445b-bd00-a306052c2cc6.jpg,image,imagine_images,gallery:imagine_images
reference/grok_build/artifacts/imagine_images/a8d409c1-a129-430f-87b1-54d3b065823b.jpg,image,imagine_images,gallery:imagine_images
reference/grok_build/artifacts/imagine_images/aa12d633-271b-4438-8ede-3087da60fca7.jpg,image,imagine_images,gallery:imagine_images
reference/grok_build/artifacts/imagine_images/aab0551c-e301-4d98-b7cb-b68a80cb5509.jpg,image,imagine_images,gallery:imagine_images
reference/grok_build/artifacts/imagine_images/ac794926-b3ba-4685-adfd-4f8c370ad1f2.jpg,image,imagine_images,gallery:imagine_images
reference/grok_build/artifacts/imagine_images/acb70545-7a51-451a-8a2b-a822c74a6727.jpg,image,imagine_images,gallery:imagine_images
reference/grok_build/artifacts/imagine_images/acbba529-9b71-4864-8a9f-30f6512e408d.jpg,image,imagine_images,gallery:imagine_images
reference/grok_build/artifacts/imagine_images/ad9303ba-24f2-4bcd-94fe-d42d709be328.jpg,image,imagine_images,gallery:imagine_images
reference/grok_build/artifacts/imagine_images/aebaa7e1-4649-4ab7-811d-391c5a499a88.jpg,image,imagine_images,gallery:imagine_images
reference/grok_build/artifacts/imagine_images/aedff7e2-7a05-40f6-a007-00212a899dc8.jpg,image,imagine_images,gallery:imagine_images
reference/grok_build/artifacts/imagine_images/aee382cd-5263-48cd-9a7f-ce083b8736c6.jpg,image,imagine_images,gallery:imagine_images
reference/grok_build/artifacts/imagine_images/af835057-a4f6-4efd-8b95-6c8eed79fce2.jpg,image,imagine_images,gallery:imagine_images
reference/grok_build/artifacts/imagine_images/af945fd2-95e2-4f2a-85a2-1e76c7be15d9.jpg,image,imagine_images,gallery:imagine_images
reference/grok_build/artifacts/imagine_images/afc99b5b-bfdf-4fef-84ba-8c41328619d2.jpg,image,imagine_images,gallery:imagine_images
reference/grok_build/artifacts/imagine_images/b16ea7d7-9141-46ff-871f-65258880fad5.jpg,image,imagine_images,gallery:imagine_images
reference/grok_build/artifacts/imagine_images/b1d08480-792d-4051-8b30-6af748acd7d1.jpg,image,imagine_images,gallery:imagine_images
reference/grok_build/artifacts/imagine_images/b218fccd-c650-47ca-ad64-7d0c1ffa90d0.jpg,image,imagine_images,gallery:imagine_images
reference/grok_build/artifacts/imagine_images/b2ddc738-d917-4b0e-83f2-279d1df0b7b2.jpg,image,imagine_images,gallery:imagine_images
reference/grok_build/artifacts/imagine_images/b4ee32ff-05d3-4ca4-885e-c1f565cac3a2.jpg,image,imagine_images,gallery:imagine_images
reference/grok_build/artifacts/imagine_images/b4f2fe0c-28ec-4c17-b1ef-68dfb7857d6f.jpg,image,imagine_images,gallery:imagine_images
reference/grok_build/artifacts/imagine_images/b5475a8b-a817-4c1c-a57e-4f6bd9221509.jpg,image,imagine_images,gallery:imagine_images
reference/grok_build/artifacts/imagine_images/b5a96a6e-3edf-4a80-ba51-61547bb6080b.jpg,image,imagine_images,gallery:imagine_images
reference/grok_build/artifacts/imagine_images/b5c4008f-0d01-4290-b150-c45e18472720.jpg,image,imagine_images,gallery:imagine_images
reference/grok_build/artifacts/imagine_images/b7e0cdc0-efa5-42ce-b898-aeafce873d7f.jpg,image,imagine_images,gallery:imagine_images
reference/grok_build/artifacts/imagine_images/b8bb5773-e6b7-43f7-8318-27ae864026bb.jpg,image,imagine_images,gallery:imagine_images
reference/grok_build/artifacts/imagine_images/b91b79c0-fed0-4bd5-bd11-5b12d52812db.jpg,image,imagine_images,gallery:imagine_images
reference/grok_build/artifacts/imagine_images/b9c4ac2f-320b-471e-9079-af1520be67de.jpg,image,imagine_images,gallery:imagine_images
reference/grok_build/artifacts/imagine_images/ba201b2c-c4ba-4e02-9921-6eaa0aacd974.jpg,image,imagine_images,gallery:imagine_images
reference/grok_build/artifacts/imagine_images/ba531c9a-e8e3-42d2-9573-9e72363a2a3d.jpg,image,imagine_images,gallery:imagine_images
reference/grok_build/artifacts/imagine_images/bbebceb4-904d-4141-8b91-1bc4230824f1.jpg,image,imagine_images,gallery:imagine_images
reference/grok_build/artifacts/imagine_images/bc2ff1a8-f249-4199-9b0a-9ddd0da9f5c0.jpg,image,imagine_images,gallery:imagine_images
reference/grok_build/artifacts/imagine_images/bcaa153c-987b-4573-8414-ccfac1ac06a9.jpg,image,imagine_images,gallery:imagine_images
reference/grok_build/artifacts/imagine_images/bd33c711-5b74-48b3-b6df-592a8d957171.jpg,image,imagine_images,gallery:imagine_images
reference/grok_build/artifacts/imagine_images/bd39605b-d40e-486b-aa2f-721b0610f8b1.jpg,image,imagine_images,gallery:imagine_images
reference/grok_build/artifacts/imagine_images/bea907a9-6bfc-4742-907d-3c40c672e2ce.jpg,image,imagine_images,gallery:imagine_images
reference/grok_build/artifacts/imagine_images/bf8b756e-e7b8-4d62-85be-52721d5c7780.jpg,image,imagine_images,gallery:imagine_images
reference/grok_build/artifacts/imagine_images/bfb895c9-0698-48f1-8604-e2af8c28d0c0.jpg,image,imagine_images,gallery:imagine_images
reference/grok_build/artifacts/imagine_images/bfe93474-d2a6-4c6e-a508-a1b226594c01.jpg,image,imagine_images,gallery:imagine_images
reference/grok_build/artifacts/imagine_images/c05d4fd2-b299-43da-b0a0-ba886f6079f1.jpg,image,imagine_images,gallery:imagine_images
reference/grok_build/artifacts/imagine_images/c1007cb2-7a3d-415b-abc1-d38c4e1f2520.jpg,image,imagine_images,gallery:imagine_images
reference/grok_build/artifacts/imagine_images/c1e48cc3-ac5b-4f0d-8ea1-14f5b25a909c.jpg,image,imagine_images,gallery:imagine_images
reference/grok_build/artifacts/imagine_images/c20363cf-b12d-4caf-a3b5-0383da245497.jpg,image,imagine_images,gallery:imagine_images
reference/grok_build/artifacts/imagine_images/c2182cc0-0700-4365-b697-29b6e1922fa8.jpg,image,imagine_images,gallery:imagine_images
reference/grok_build/artifacts/imagine_images/c21b2440-d725-4ab7-9535-eafa54a036d0.jpg,image,imagine_images,gallery:imagine_images
reference/grok_build/artifacts/imagine_images/c25b5717-f713-4194-94fd-b820b766fd6a.jpg,image,imagine_images,gallery:imagine_images
reference/grok_build/artifacts/imagine_images/c262706d-bca0-4c8a-9229-9f0abcbd2ebf.jpg,image,imagine_images,gallery:imagine_images
reference/grok_build/artifacts/imagine_images/c2b33008-6441-41e8-b7a3-e62acfda00d3.jpg,image,imagine_images,gallery:imagine_images
reference/grok_build/artifacts/imagine_images/c4bdec8c-ed8b-45aa-8d08-cb4166eb4ba2.jpg,image,imagine_images,gallery:imagine_images
reference/grok_build/artifacts/imagine_images/c4e7842b-2504-4ecf-bbc6-dca543359687.jpg,image,imagine_images,gallery:imagine_images
reference/grok_build/artifacts/imagine_images/c5f16149-3fa3-4b3d-b513-6dda2e2c4c9f.jpg,image,imagine_images,gallery:imagine_images
reference/grok_build/artifacts/imagine_images/c62286e8-0755-4fba-8baa-694f9787c640.jpg,image,imagine_images,gallery:imagine_images
reference/grok_build/artifacts/imagine_images/c655ff9e-2e59-4aa1-af8c-cde39342984a.jpg,image,imagine_images,gallery:imagine_images
reference/grok_build/artifacts/imagine_images/c69d92d8-7986-4939-aca8-032c126a8a3c.jpg,image,imagine_images,gallery:imagine_images
reference/grok_build/artifacts/imagine_images/c72e13ba-c471-43d0-9daa-bcb113257e49.jpg,image,imagine_images,gallery:imagine_images
reference/grok_build/artifacts/imagine_images/c851ca40-40bc-43f9-95db-65dc48d84ee1.jpg,image,imagine_images,gallery:imagine_images
reference/grok_build/artifacts/imagine_images/c88a4126-720d-4494-91e6-33d6241fdd73.jpg,image,imagine_images,gallery:imagine_images
reference/grok_build/artifacts/imagine_images/c91b6f3d-ed22-4ab7-9be8-45d11c01de9a.jpg,image,imagine_images,gallery:imagine_images
reference/grok_build/artifacts/imagine_images/c9fee60a-2307-429c-a6b9-526269a0a08e.jpg,image,imagine_images,gallery:imagine_images
reference/grok_build/artifacts/imagine_images/ca63fbc0-5bda-460e-8137-4ac3a4620145.jpg,image,imagine_images,gallery:imagine_images
reference/grok_build/artifacts/imagine_images/ca9f1dd6-a0d1-40ee-ba4c-a412edf89eaa.jpg,image,imagine_images,gallery:imagine_images
reference/grok_build/artifacts/imagine_images/cb529f48-27a9-4a37-98b4-3cecee746c47.jpg,image,imagine_images,gallery:imagine_images
reference/grok_build/artifacts/imagine_images/cb792990-aba2-42bd-aeea-0814a047ca52.jpg,image,imagine_images,gallery:imagine_images
reference/grok_build/artifacts/imagine_images/cbc79bc9-79de-4036-a42c-b47ccdc51a6e.jpg,image,imagine_images,gallery:imagine_images
reference/grok_build/artifacts/imagine_images/cc15b25a-4f30-46b1-99aa-7e984f8d6086.jpg,image,imagine_images,gallery:imagine_images
reference/grok_build/artifacts/imagine_images/ccefcc2f-edab-4c64-ba66-40cfa40f8e86.jpg,image,imagine_images,gallery:imagine_images
reference/grok_build/artifacts/imagine_images/ccffbd97-9257-4872-bc28-3894c98b4630.jpg,image,imagine_images,gallery:imagine_images
reference/grok_build/artifacts/imagine_images/ce89ec81-fd1c-489e-b562-934667d56577.jpg,image,imagine_images,gallery:imagine_images
reference/grok_build/artifacts/imagine_images/ced57965-99c6-49a6-b12c-ed683f43d0e0.jpg,image,imagine_images,gallery:imagine_images
reference/grok_build/artifacts/imagine_images/cf51b649-995a-4383-9a24-ba5a09d474ad.jpg,image,imagine_images,gallery:imagine_images
reference/grok_build/artifacts/imagine_images/d059ae25-cf6e-484c-b02c-f41462cd5861.jpg,image,imagine_images,gallery:imagine_images
reference/grok_build/artifacts/imagine_images/d10f4307-3a07-4173-845e-6f34845781f3.jpg,image,imagine_images,gallery:imagine_images
reference/grok_build/artifacts/imagine_images/d11b49a9-a40b-4264-96f4-bbfa9039beff.jpg,image,imagine_images,gallery:imagine_images
reference/grok_build/artifacts/imagine_images/d18780a3-06e8-402d-8faa-23f008c5755f.jpg,image,imagine_images,gallery:imagine_images
reference/grok_build/artifacts/imagine_images/d24c9eb7-c2fa-4f7e-af37-78d7b7f5f3a5.jpg,image,imagine_images,gallery:imagine_images
reference/grok_build/artifacts/imagine_images/d2bb1020-c936-44de-89b3-fff96471cb77.jpg,image,imagine_images,gallery:imagine_images
reference/grok_build/artifacts/imagine_images/d2bd9772-fb64-4a1a-9424-2df9ca49d0f9.jpg,image,imagine_images,gallery:imagine_images
reference/grok_build/artifacts/imagine_images/d2d244fd-745d-4774-8f6f-e5229cb72961.jpg,image,imagine_images,gallery:imagine_images
reference/grok_build/artifacts/imagine_images/d2e9d3a1-733a-4ab3-9489-c441f26d9657.jpg,image,imagine_images,gallery:imagine_images
reference/grok_build/artifacts/imagine_images/d42e5be0-9180-4f30-876e-e2d796b48431.jpg,image,imagine_images,gallery:imagine_images
reference/grok_build/artifacts/imagine_images/d4e94ec9-4594-41fe-9ab0-83171c308282.jpg,image,imagine_images,gallery:imagine_images
reference/grok_build/artifacts/imagine_images/d6485cd6-7969-44dd-9f2e-2f1feddad997.jpg,image,imagine_images,gallery:imagine_images
reference/grok_build/artifacts/imagine_images/d73b1a10-a4f7-4d61-a3b9-9c7039fa3ae4.jpg,image,imagine_images,gallery:imagine_images
reference/grok_build/artifacts/imagine_images/d7787fce-c19f-4b50-ac51-8f1ace400327.jpg,image,imagine_images,gallery:imagine_images
reference/grok_build/artifacts/imagine_images/d82375cd-0292-425d-8979-3959360f3bdd.jpg,image,imagine_images,gallery:imagine_images
reference/grok_build/artifacts/imagine_images/d99c0c95-e6d4-42fd-8076-e71fe620a2aa.jpg,image,imagine_images,gallery:imagine_images
reference/grok_build/artifacts/imagine_images/d9d472e6-17ba-4fdf-95a5-686fa0edaeb1.jpg,image,imagine_images,gallery:imagine_images
reference/grok_build/artifacts/imagine_images/dadfbb0e-d3fe-4b2a-832a-7db23dc0d3ef.jpg,image,imagine_images,gallery:imagine_images
reference/grok_build/artifacts/imagine_images/dbc2de8f-1965-4b29-bed8-a3d10e9ff147.jpg,image,imagine_images,gallery:imagine_images
reference/grok_build/artifacts/imagine_images/dbea6426-d0ee-4739-9b36-f61036b97da0.jpg,image,imagine_images,gallery:imagine_images
reference/grok_build/artifacts/imagine_images/dbf09e37-9f52-4d1a-a12e-ad919495042c.jpg,image,imagine_images,gallery:imagine_images
reference/grok_build/artifacts/imagine_images/dc8a14e3-8fae-41c7-918c-27734447c3a1.jpg,image,imagine_images,gallery:imagine_images
reference/grok_build/artifacts/imagine_images/dcb50719-023e-4825-a33c-99e7de45b8c0.jpg,image,imagine_images,gallery:imagine_images
reference/grok_build/artifacts/imagine_images/ddfb5f89-c485-4aea-a16e-358676bef35d.jpg,image,imagine_images,gallery:imagine_images
reference/grok_build/artifacts/imagine_images/de0bc7fb-b37b-4362-aa85-7e8738d4922e.jpg,image,imagine_images,gallery:imagine_images
reference/grok_build/artifacts/imagine_images/de335fa3-77e7-427b-b193-b7d42fdfc1ba.jpg,image,imagine_images,gallery:imagine_images
reference/grok_build/artifacts/imagine_images/de7fdce0-d291-4609-af2f-81432d5434cb.jpg,image,imagine_images,gallery:imagine_images
reference/grok_build/artifacts/imagine_images/e0225f97-9810-4492-9e6e-9c49b7b3db4f.jpg,image,imagine_images,gallery:imagine_images
reference/grok_build/artifacts/imagine_images/e18676dd-0b68-4a9b-8e33-673b53897ea9.jpg,image,imagine_images,gallery:imagine_images
reference/grok_build/artifacts/imagine_images/e204c290-64c4-445e-9c0b-c0d8efe950e6.jpg,image,imagine_images,gallery:imagine_images
reference/grok_build/artifacts/imagine_images/e26ee113-1668-46a1-901c-7a7ee757a19f.jpg,image,imagine_images,gallery:imagine_images
reference/grok_build/artifacts/imagine_images/e2ee27e3-a33a-4576-b471-40341b558433.jpg,image,imagine_images,gallery:imagine_images
reference/grok_build/artifacts/imagine_images/e31a262b-6f84-43b6-a07c-f43a3ac00747.jpg,image,imagine_images,gallery:imagine_images
reference/grok_build/artifacts/imagine_images/e3ca90ac-39c1-46dc-a7e5-f68175553f8c.jpg,image,imagine_images,gallery:imagine_images
reference/grok_build/artifacts/imagine_images/e4845873-75dd-412f-995a-fe681c1ea22c.jpg,image,imagine_images,gallery:imagine_images
reference/grok_build/artifacts/imagine_images/e4d5d745-8181-4764-9cf2-64783da93c08.jpg,image,imagine_images,gallery:imagine_images
reference/grok_build/artifacts/imagine_images/e5a548ea-1cfd-4b36-832b-d2c6392e7c4d.jpg,image,imagine_images,gallery:imagine_images
reference/grok_build/artifacts/imagine_images/e5e1bc09-4aad-4df7-b9f0-ede6f28c8456.jpg,image,imagine_images,gallery:imagine_images
reference/grok_build/artifacts/imagine_images/e74bd106-b9d8-4d9c-b64f-3da1426a88d8.jpg,image,imagine_images,gallery:imagine_images
reference/grok_build/artifacts/imagine_images/e79e7d7f-a7da-4fa9-8633-84fdd8304f7a.jpg,image,imagine_images,gallery:imagine_images
reference/grok_build/artifacts/imagine_images/e843956d-1e25-414e-8793-341da4274435.jpg,image,imagine_images,gallery:imagine_images
reference/grok_build/artifacts/imagine_images/e853fbb5-ea18-436e-9c1c-d9864964cbec.jpg,image,imagine_images,gallery:imagine_images
reference/grok_build/artifacts/imagine_images/e8708d58-95be-4df5-9a0b-54afb64482b8.jpg,image,imagine_images,gallery:imagine_images
reference/grok_build/artifacts/imagine_images/ea2a37da-de98-432f-8a38-aa7331668f7a.jpg,image,imagine_images,gallery:imagine_images
reference/grok_build/artifacts/imagine_images/ea6e69ff-9bdc-4b6b-9f02-31959e7bad85.jpg,image,imagine_images,gallery:imagine_images
reference/grok_build/artifacts/imagine_images/ea7a6440-32f9-4b21-a1d2-16a31c9c67c8.jpg,image,imagine_images,gallery:imagine_images
reference/grok_build/artifacts/imagine_images/ea93dfdb-c6b4-4415-8ff4-42ecd505b03e.jpg,image,imagine_images,gallery:imagine_images
reference/grok_build/artifacts/imagine_images/eaa042c4-1963-45b4-9eeb-809c2b9f7143.jpg,image,imagine_images,gallery:imagine_images
reference/grok_build/artifacts/imagine_images/eb365be8-e107-4ee9-8114-d4cc1edcbe96.jpg,image,imagine_images,gallery:imagine_images
reference/grok_build/artifacts/imagine_images/eba1654c-25d8-4d2d-a8d2-2b3ae6eb79d6.jpg,image,imagine_images,gallery:imagine_images
reference/grok_build/artifacts/imagine_images/ec6d2a33-3282-4bd0-a0a5-7d3f4f9f90f6.jpg,image,imagine_images,gallery:imagine_images
reference/grok_build/artifacts/imagine_images/ecad8733-bc2d-4d2a-b565-cce6a22c6559.jpg,image,imagine_images,gallery:imagine_images
reference/grok_build/artifacts/imagine_images/ecfde5c8-472e-4793-bfa9-8498bfa889da.jpg,image,imagine_images,gallery:imagine_images
reference/grok_build/artifacts/imagine_images/ed0b574d-af8f-49c2-90a1-405e5fd87855.jpg,image,imagine_images,gallery:imagine_images
reference/grok_build/artifacts/imagine_images/ed260fa6-6dc2-4f30-99d4-280b6d952ef9.jpg,image,imagine_images,gallery:imagine_images
reference/grok_build/artifacts/imagine_images/ed6e8a8d-50ce-46b7-8855-62eac224056c.jpg,image,imagine_images,gallery:imagine_images
reference/grok_build/artifacts/imagine_images/edd19f9d-598c-4bab-854a-d8d61dfe7446.jpg,image,imagine_images,gallery:imagine_images
reference/grok_build/artifacts/imagine_images/eede5ed7-07fa-44de-879a-a5465e41ccea.jpg,image,imagine_images,gallery:imagine_images
reference/grok_build/artifacts/imagine_images/ef4019f6-9061-4e7b-a9ca-c2764fae60a6.jpg,image,imagine_images,gallery:imagine_images
reference/grok_build/artifacts/imagine_images/ef9bc533-4e9f-4225-a8dd-9d738a97892d.jpg,image,imagine_images,gallery:imagine_images
reference/grok_build/artifacts/imagine_images/f02722e6-a5aa-4743-8ad0-35e9f25f0fb9.jpg,image,imagine_images,gallery:imagine_images
reference/grok_build/artifacts/imagine_images/f0898c99-0210-4a69-81cf-b57f4a3b7cc6.jpg,image,imagine_images,gallery:imagine_images
reference/grok_build/artifacts/imagine_images/f121be34-6542-402a-80ae-09a6c4699db8.jpg,image,imagine_images,gallery:imagine_images
reference/grok_build/artifacts/imagine_images/f267e7a1-16da-4dc3-b2bc-8ba0539a7661.jpg,image,imagine_images,gallery:imagine_images
reference/grok_build/artifacts/imagine_images/f384595b-37e0-4cfc-9e7e-dc4d43d5f117.jpg,image,imagine_images,gallery:imagine_images
reference/grok_build/artifacts/imagine_images/f4b38a84-bb37-4939-b259-59693ec1fee8.jpg,image,imagine_images,gallery:imagine_images
reference/grok_build/artifacts/imagine_images/f518f260-5c90-4544-b1f9-b53f16d8de7c.jpg,image,imagine_images,gallery:imagine_images
reference/grok_build/artifacts/imagine_images/f56d2cf4-213f-45c3-bfb3-3851947982e3.jpg,image,imagine_images,gallery:imagine_images
reference/grok_build/artifacts/imagine_images/f57147e0-a0cb-42c9-88eb-2ae4d858cc06.jpg,image,imagine_images,gallery:imagine_images
reference/grok_build/artifacts/imagine_images/f61addd8-7a4f-41e1-81b0-11a4035d214e.jpg,image,imagine_images,gallery:imagine_images
reference/grok_build/artifacts/imagine_images/f7621490-55fc-4ba9-b364-2fb661894bb5.jpg,image,imagine_images,gallery:imagine_images
reference/grok_build/artifacts/imagine_images/f7a6f23d-f77a-406f-8fc1-ffe02ae2f37e.jpg,image,imagine_images,gallery:imagine_images
reference/grok_build/artifacts/imagine_images/f8d281b5-00fb-4dcb-bf48-8673fc0a204e.jpg,image,imagine_images,gallery:imagine_images
reference/grok_build/artifacts/imagine_images/fa1891e8-7702-4dd5-9a8c-ec8afa261131.jpg,image,imagine_images,gallery:imagine_images
reference/grok_build/artifacts/imagine_images/fa46fb16-45b2-4de7-b603-6c3bf5e8fd88.jpg,image,imagine_images,gallery:imagine_images
reference/grok_build/artifacts/imagine_images/fa6615ed-83de-4fb1-9763-015e7e108de6.jpg,image,imagine_images,gallery:imagine_images
reference/grok_build/artifacts/imagine_images/fc4b4b71-8393-4b2d-bf31-5d2f162dda61.jpg,image,imagine_images,gallery:imagine_images
reference/grok_build/artifacts/imagine_images/fc4cbc4e-b9f5-4e50-abdd-d0d585ca75e0.jpg,image,imagine_images,gallery:imagine_images
reference/grok_build/artifacts/imagine_images/fc910228-1191-45fe-983f-3280bea63d1b.jpg,image,imagine_images,gallery:imagine_images
reference/grok_build/artifacts/imagine_images/fc919611-5e5e-435f-8b94-10a02fbe62e9.jpg,image,imagine_images,gallery:imagine_images
reference/grok_build/artifacts/imagine_images/fd97c26a-9bc3-4519-add6-fa02ab771c65.jpg,image,imagine_images,gallery:imagine_images
reference/grok_build/artifacts/imagine_images/fdb2b27f-5ac5-4759-9c45-9790f8330e9d.jpg,image,imagine_images,gallery:imagine_images
reference/grok_build/artifacts/imagine_images/fdf21241-f481-42df-b2fb-b6e92c3a9004.jpg,image,imagine_images,gallery:imagine_images
reference/grok_build/artifacts/imagine_images/ffef78c8-33db-4e96-9817-de6325b286a9.jpg,image,imagine_images,gallery:imagine_images
reference/grok_build/artifacts/imagine_images/shadowveil-ref-a.png,image,imagine_images,gallery:imagine_images
reference/grok_build/artifacts/imagine_images/shadowveil-ref-b.png,image,imagine_images,gallery:imagine_images
reference/grok_build/artifacts/imagine_videos/070c30b3-c375-4f8f-8b95-3e18d352b987.mp4,video,imagine_videos,gallery:imagine_videos
reference/grok_build/artifacts/imagine_videos/07f4bd2d-f5cf-48fe-ab68-6d7446a48070.mp4,video,imagine_videos,gallery:imagine_videos
reference/grok_build/artifacts/imagine_videos/092feea9-c25f-4f10-9c9e-38864561ec4a.mp4,video,imagine_videos,gallery:imagine_videos
reference/grok_build/artifacts/imagine_videos/0a4d3351-36d4-416d-b9d8-2ff73835c7fc.mp4,video,imagine_videos,gallery:imagine_videos
reference/grok_build/artifacts/imagine_videos/0ad8327e-6cdf-4fe4-8b42-f8a6cdfe56d8.mp4,video,imagine_videos,gallery:imagine_videos
reference/grok_build/artifacts/imagine_videos/12ebebe1-83d1-435e-ab66-71dcf96aa270.mp4,video,imagine_videos,gallery:imagine_videos
reference/grok_build/artifacts/imagine_videos/1377fc7a-816b-4dc0-a4b4-fc181a9c7955.mp4,video,imagine_videos,gallery:imagine_videos
reference/grok_build/artifacts/imagine_videos/165c68c9-a741-49fc-90d5-ea900463d413.mp4,video,imagine_videos,gallery:imagine_videos
reference/grok_build/artifacts/imagine_videos/16f5040e-da91-4924-808d-2b074eafdc9f.mp4,video,imagine_videos,gallery:imagine_videos
reference/grok_build/artifacts/imagine_videos/193308ff-e533-49f2-b869-96ae58a91838.mp4,video,imagine_videos,gallery:imagine_videos
reference/grok_build/artifacts/imagine_videos/1bb69d27-9070-40fc-9d04-c8d36fb808b4.mp4,video,imagine_videos,gallery:imagine_videos
reference/grok_build/artifacts/imagine_videos/1de40edb-6405-4066-a11e-0e010239dc98.mp4,video,imagine_videos,gallery:imagine_videos
reference/grok_build/artifacts/imagine_videos/1f3abc0b-a526-47a7-9737-c4c22c6fc180.mp4,video,imagine_videos,gallery:imagine_videos
reference/grok_build/artifacts/imagine_videos/20a1568b-6101-4fd3-91ba-5b00b2130918.mp4,video,imagine_videos,gallery:imagine_videos
reference/grok_build/artifacts/imagine_videos/265ecf58-b985-4db7-9973-7221914c5c34.mp4,video,imagine_videos,gallery:imagine_videos
reference/grok_build/artifacts/imagine_videos/26ac9b4f-7fce-4c8a-bbab-2396e39904a9.mp4,video,imagine_videos,gallery:imagine_videos
reference/grok_build/artifacts/imagine_videos/31d6b477-b933-44ad-9291-4149c8d89401.mp4,video,imagine_videos,gallery:imagine_videos
reference/grok_build/artifacts/imagine_videos/35056002-9079-4cc0-8b19-30b00a1cf985.mp4,video,imagine_videos,gallery:imagine_videos
reference/grok_build/artifacts/imagine_videos/3b85744c-5796-4101-96a2-2747a0e37e7b.mp4,video,imagine_videos,gallery:imagine_videos
reference/grok_build/artifacts/imagine_videos/418650a7-c9f7-4d2f-90b6-61148357c9ab.mp4,video,imagine_videos,gallery:imagine_videos
reference/grok_build/artifacts/imagine_videos/41d0e5a3-d6aa-450f-a7f8-9cdb12910869.mp4,video,imagine_videos,gallery:imagine_videos
reference/grok_build/artifacts/imagine_videos/4428d35f-633e-442a-ad0e-8c5387650823.mp4,video,imagine_videos,gallery:imagine_videos
reference/grok_build/artifacts/imagine_videos/47d2804a-eb95-4c8d-ab2a-f41c88ee5acb.mp4,video,imagine_videos,gallery:imagine_videos
reference/grok_build/artifacts/imagine_videos/488c2818-0d73-450f-8fcc-cbec88c34492.mp4,video,imagine_videos,gallery:imagine_videos
reference/grok_build/artifacts/imagine_videos/4d8cd101-8f00-4584-8106-eb4c1f73b86a.mp4,video,imagine_videos,gallery:imagine_videos
reference/grok_build/artifacts/imagine_videos/58e6f869-211b-4968-a380-fb1cd2a9f47a.mp4,video,imagine_videos,gallery:imagine_videos
reference/grok_build/artifacts/imagine_videos/598c69ba-5ed8-45ea-a140-9b74381eaa33.mp4,video,imagine_videos,gallery:imagine_videos
reference/grok_build/artifacts/imagine_videos/5eae6bbc-2d08-45d2-9241-8f0a93260876.mp4,video,imagine_videos,gallery:imagine_videos
reference/grok_build/artifacts/imagine_videos/6aef2e8c-715a-4952-871d-e09a8079aa00.mp4,video,imagine_videos,gallery:imagine_videos
reference/grok_build/artifacts/imagine_videos/6e542945-cdc6-4ad6-9f3e-63e9c2601bea.mp4,video,imagine_videos,gallery:imagine_videos
reference/grok_build/artifacts/imagine_videos/6e82044c-2789-441a-8975-9c8fd2890f7f.mp4,video,imagine_videos,gallery:imagine_videos
reference/grok_build/artifacts/imagine_videos/71db90be-a75c-421f-a976-15a40da86a96.mp4,video,imagine_videos,gallery:imagine_videos
reference/grok_build/artifacts/imagine_videos/7258d640-d3b2-4b3d-8bd7-4890ae534134.mp4,video,imagine_videos,gallery:imagine_videos
reference/grok_build/artifacts/imagine_videos/776a26ee-6815-43b8-973d-dae3689718f6.mp4,video,imagine_videos,gallery:imagine_videos
reference/grok_build/artifacts/imagine_videos/77cd4372-3026-4b01-8760-d6693402d4c1.mp4,video,imagine_videos,gallery:imagine_videos
reference/grok_build/artifacts/imagine_videos/7c669024-8328-4dac-b0b1-d2a0d85a6d5a.mp4,video,imagine_videos,gallery:imagine_videos
reference/grok_build/artifacts/imagine_videos/80cceec1-0b81-4b38-909d-0a58e335ae4e.mp4,video,imagine_videos,gallery:imagine_videos
reference/grok_build/artifacts/imagine_videos/81c12d08-cea5-4116-9a0c-fdfb2303772c.mp4,video,imagine_videos,gallery:imagine_videos
reference/grok_build/artifacts/imagine_videos/890fdb66-54c1-48d1-bcc2-5bccc9b1437b.mp4,video,imagine_videos,gallery:imagine_videos
reference/grok_build/artifacts/imagine_videos/89679ad3-9a14-435c-ac67-84eca4b88bda.mp4,video,imagine_videos,gallery:imagine_videos
reference/grok_build/artifacts/imagine_videos/929c2f5b-73ee-492a-8612-2fb6d0ad380b.mp4,video,imagine_videos,gallery:imagine_videos
reference/grok_build/artifacts/imagine_videos/93a4e8d5-2c0b-418e-bb70-92991897e1fb.mp4,video,imagine_videos,gallery:imagine_videos
reference/grok_build/artifacts/imagine_videos/951599a0-9b8d-4abc-b2d3-4c3ac620c4a4.mp4,video,imagine_videos,gallery:imagine_videos
reference/grok_build/artifacts/imagine_videos/a6338c8b-1d60-4f2c-9421-b3bf7e79068b.mp4,video,imagine_videos,gallery:imagine_videos
reference/grok_build/artifacts/imagine_videos/a8a3fa7e-19cc-4f7a-83c3-c819023ee768.mp4,video,imagine_videos,gallery:imagine_videos
reference/grok_build/artifacts/imagine_videos/ad306d80-0f0d-4ac2-b34c-904f3d542f79.mp4,video,imagine_videos,gallery:imagine_videos
reference/grok_build/artifacts/imagine_videos/b72b9542-a73e-40cb-b3d5-2a5186a540fc.mp4,video,imagine_videos,gallery:imagine_videos
reference/grok_build/artifacts/imagine_videos/b75e5068-4842-4d7c-803e-b3fab312ee8e.mp4,video,imagine_videos,gallery:imagine_videos
reference/grok_build/artifacts/imagine_videos/c6692e05-1719-49a4-8a80-095440ec36f1.mp4,video,imagine_videos,gallery:imagine_videos
reference/grok_build/artifacts/imagine_videos/cde736ee-a434-45a5-9b61-3171fcaa9fed.mp4,video,imagine_videos,gallery:imagine_videos
reference/grok_build/artifacts/imagine_videos/cef5ead2-ab0d-46da-8e12-861e51a8df2e.mp4,video,imagine_videos,gallery:imagine_videos
reference/grok_build/artifacts/imagine_videos/d31813f9-f502-4926-acea-52d74b4ac6fe.mp4,video,imagine_videos,gallery:imagine_videos
reference/grok_build/artifacts/imagine_videos/d8bdba2e-f27d-495c-90e2-17fae2fd8eec.mp4,video,imagine_videos,gallery:imagine_videos
reference/grok_build/artifacts/imagine_videos/de618c19-57bc-4cae-b56e-4ca5e61851c1.mp4,video,imagine_videos,gallery:imagine_videos
reference/grok_build/artifacts/imagine_videos/e0bccefe-95aa-4335-a2e1-d26f84c7cc1e.mp4,video,imagine_videos,gallery:imagine_videos
reference/grok_build/artifacts/imagine_videos/e3ba4198-95a8-4ab2-b5f7-665c0bb445ad.mp4,video,imagine_videos,gallery:imagine_videos
reference/grok_build/artifacts/imagine_videos/f2cb6ec1-f1f5-477c-9393-7120bade14c5.mp4,video,imagine_videos,gallery:imagine_videos
reference/grok_build/artifacts/imagine_videos/f5cc6c4c-4c29-41f1-8cdb-a86ac08db91b.mp4,video,imagine_videos,gallery:imagine_videos
reference/grok_build/artifacts/imagine_videos/f7efbcf3-72b4-4923-af10-4ac7025280cf.mp4,video,imagine_videos,gallery:imagine_videos
reference/grok_build/artifacts/imagine_videos/f982137e-3219-4aef-bfcc-613a12bb0f97.mp4,video,imagine_videos,gallery:imagine_videos
reference/grok_build/artifacts/imagine_videos/fc8044eb-3482-4cfa-9ec1-d5df417adebe.mp4,video,imagine_videos,gallery:imagine_videos
reference/grok_build/artifacts/apose-head.png,image,artifacts,gallery:artifacts
reference/grok_build/artifacts/apose-ref.jpg,image,artifacts,gallery:artifacts
reference/grok_build/artifacts/body-pose.png,image,artifacts,gallery:artifacts
reference/grok_build/artifacts/body-rest.png,image,artifacts,gallery:artifacts
reference/grok_build/artifacts/body-side.png,image,artifacts,gallery:artifacts
reference/grok_build/artifacts/clean-front.png,image,artifacts,gallery:artifacts
reference/grok_build/artifacts/clean-profile.png,image,artifacts,gallery:artifacts
reference/grok_build/artifacts/crops/front_eyes_grid.png,image,artifacts,gallery:artifacts
reference/grok_build/artifacts/crops/prof_eyes_grid.png,image,artifacts,gallery:artifacts
reference/grok_build/artifacts/crops/sit1_limbs.jpg,image,artifacts,gallery:artifacts
reference/grok_build/artifacts/crops/sit1_torso.jpg,image,artifacts,gallery:artifacts
reference/grok_build/artifacts/crops/sit2_feet.jpg,image,artifacts,gallery:artifacts
reference/grok_build/artifacts/crops/sit2_left.jpg,image,artifacts,gallery:artifacts
reference/grok_build/artifacts/crops/sit2_lhip.jpg,image,artifacts,gallery:artifacts
reference/grok_build/artifacts/crops/sit2_rhip.jpg,image,artifacts,gallery:artifacts
reference/grok_build/artifacts/crops/sit2_right.jpg,image,artifacts,gallery:artifacts
reference/grok_build/artifacts/crops/tq_eyes_grid.png,image,artifacts,gallery:artifacts
reference/grok_build/artifacts/drift-audit/faces-1.jpg,image,artifacts,gallery:artifacts
reference/grok_build/artifacts/drift-audit/faces-2.jpg,image,artifacts,gallery:artifacts
reference/grok_build/artifacts/drift-audit/faces.jpg,image,artifacts,gallery:artifacts
reference/grok_build/artifacts/drift-audit/fix-sheet.jpg,image,artifacts,gallery:artifacts
reference/grok_build/artifacts/drift-audit/g0-a.jpg,image,artifacts,gallery:artifacts
reference/grok_build/artifacts/drift-audit/g0-b.jpg,image,artifacts,gallery:artifacts
reference/grok_build/artifacts/drift-audit/g1-a.jpg,image,artifacts,gallery:artifacts
reference/grok_build/artifacts/drift-audit/g1-b.jpg,image,artifacts,gallery:artifacts
reference/grok_build/artifacts/drift-audit/g2-a.jpg,image,artifacts,gallery:artifacts
reference/grok_build/artifacts/drift-audit/g2-b.jpg,image,artifacts,gallery:artifacts
reference/grok_build/artifacts/drift-audit/g3-a.jpg,image,artifacts,gallery:artifacts
reference/grok_build/artifacts/drift-audit/g3-b.jpg,image,artifacts,gallery:artifacts
reference/grok_build/artifacts/drift-audit/g4-a.jpg,image,artifacts,gallery:artifacts
reference/grok_build/artifacts/drift-audit/g4-b.jpg,image,artifacts,gallery:artifacts
reference/grok_build/artifacts/drift-audit/getup-face.jpg,image,artifacts,gallery:artifacts
reference/grok_build/artifacts/drift-audit/getup-face2.jpg,image,artifacts,gallery:artifacts
reference/grok_build/artifacts/drift-audit/idle-src.jpg,image,artifacts,gallery:artifacts
reference/grok_build/artifacts/drift-audit/jump-a.jpg,image,artifacts,gallery:artifacts
reference/grok_build/artifacts/drift-audit/jump-b.jpg,image,artifacts,gallery:artifacts
reference/grok_build/artifacts/drift-audit/jump-new.jpg,image,artifacts,gallery:artifacts
reference/grok_build/artifacts/drift-audit/kick-1.6.jpg,image,artifacts,gallery:artifacts
reference/grok_build/artifacts/drift-audit/kick-2.6.jpg,image,artifacts,gallery:artifacts
reference/grok_build/artifacts/drift-audit/sheet-a.jpg,image,artifacts,gallery:artifacts
reference/grok_build/artifacts/drift-audit/sheet-b.jpg,image,artifacts,gallery:artifacts
reference/grok_build/artifacts/drift-audit/squat-1.6.jpg,image,artifacts,gallery:artifacts
reference/grok_build/artifacts/drift-audit/startle-1.6.jpg,image,artifacts,gallery:artifacts
reference/grok_build/artifacts/face-now.jpg,image,artifacts,gallery:artifacts
reference/grok_build/artifacts/fix-pose.png,image,artifacts,gallery:artifacts
reference/grok_build/artifacts/fix-rest.png,image,artifacts,gallery:artifacts
reference/grok_build/artifacts/front.png,image,artifacts,gallery:artifacts
reference/grok_build/artifacts/keyed-3q.jpg,image,artifacts,gallery:artifacts
reference/grok_build/artifacts/keyed-proof.jpg,image,artifacts,gallery:artifacts
reference/grok_build/artifacts/left-ref.jpg,image,artifacts,gallery:artifacts
reference/grok_build/artifacts/lookqa/f01.jpg,image,artifacts,gallery:artifacts
reference/grok_build/artifacts/lookqa/f02.jpg,image,artifacts,gallery:artifacts
reference/grok_build/artifacts/lookqa/f03.jpg,image,artifacts,gallery:artifacts
reference/grok_build/artifacts/lookqa/f04.jpg,image,artifacts,gallery:artifacts
reference/grok_build/artifacts/lookqa/f05.jpg,image,artifacts,gallery:artifacts
reference/grok_build/artifacts/lookqa/f06.jpg,image,artifacts,gallery:artifacts
reference/grok_build/artifacts/lookqa/f07.jpg,image,artifacts,gallery:artifacts
reference/grok_build/artifacts/lookqa/f08.jpg,image,artifacts,gallery:artifacts
reference/grok_build/artifacts/lookqa/f09.jpg,image,artifacts,gallery:artifacts
reference/grok_build/artifacts/lookqa/f10.jpg,image,artifacts,gallery:artifacts
reference/grok_build/artifacts/lookqa/f11.jpg,image,artifacts,gallery:artifacts
reference/grok_build/artifacts/lookqa/f12.jpg,image,artifacts,gallery:artifacts
reference/grok_build/artifacts/lookqa2/f01.jpg,image,artifacts,gallery:artifacts
reference/grok_build/artifacts/lookqa2/f02.jpg,image,artifacts,gallery:artifacts
reference/grok_build/artifacts/lookqa2/f03.jpg,image,artifacts,gallery:artifacts
reference/grok_build/artifacts/lookqa2/f04.jpg,image,artifacts,gallery:artifacts
reference/grok_build/artifacts/lookqa2/f05.jpg,image,artifacts,gallery:artifacts
reference/grok_build/artifacts/lookqa2/f06.jpg,image,artifacts,gallery:artifacts
reference/grok_build/artifacts/lookqa2/f07.jpg,image,artifacts,gallery:artifacts
reference/grok_build/artifacts/lookqa2/f08.jpg,image,artifacts,gallery:artifacts
reference/grok_build/artifacts/lookqa2/f09.jpg,image,artifacts,gallery:artifacts
reference/grok_build/artifacts/lookqa2/f10.jpg,image,artifacts,gallery:artifacts
reference/grok_build/artifacts/lookqa2/f11.jpg,image,artifacts,gallery:artifacts
reference/grok_build/artifacts/lookqa2/f12.jpg,image,artifacts,gallery:artifacts
reference/grok_build/artifacts/pose-key-proof.jpg,image,artifacts,gallery:artifacts
reference/grok_build/artifacts/posed-front.png,image,artifacts,gallery:artifacts
reference/grok_build/artifacts/posed-profile.png,image,artifacts,gallery:artifacts
reference/grok_build/artifacts/profile.png,image,artifacts,gallery:artifacts
reference/grok_build/artifacts/qa3/angry-a.jpg,image,artifacts,gallery:artifacts
reference/grok_build/artifacts/qa3/angry-b.jpg,image,artifacts,gallery:artifacts
reference/grok_build/artifacts/qa3/dodge-a.jpg,image,artifacts,gallery:artifacts
reference/grok_build/artifacts/qa3/dodge-b.jpg,image,artifacts,gallery:artifacts
reference/grok_build/artifacts/qa3/inspect-a.jpg,image,artifacts,gallery:artifacts
reference/grok_build/artifacts/qa3/inspect-b.jpg,image,artifacts,gallery:artifacts
reference/grok_build/artifacts/qa3/kick-a.jpg,image,artifacts,gallery:artifacts
reference/grok_build/artifacts/qa3/kick-b.jpg,image,artifacts,gallery:artifacts
reference/grok_build/artifacts/qa3/lie-a.jpg,image,artifacts,gallery:artifacts
reference/grok_build/artifacts/qa3/lie-b.jpg,image,artifacts,gallery:artifacts
reference/grok_build/artifacts/qa3/point-a.jpg,image,artifacts,gallery:artifacts
reference/grok_build/artifacts/qa3/point-b.jpg,image,artifacts,gallery:artifacts
reference/grok_build/artifacts/qa3/sit-a.jpg,image,artifacts,gallery:artifacts
reference/grok_build/artifacts/qa3/sit-b.jpg,image,artifacts,gallery:artifacts
reference/grok_build/artifacts/qa3/startle-a.jpg,image,artifacts,gallery:artifacts
reference/grok_build/artifacts/qa3/startle-b.jpg,image,artifacts,gallery:artifacts
reference/grok_build/artifacts/qa4/brace-a.jpg,image,artifacts,gallery:artifacts
reference/grok_build/artifacts/qa4/brace-b.jpg,image,artifacts,gallery:artifacts
reference/grok_build/artifacts/qa4/brace-c.jpg,image,artifacts,gallery:artifacts
reference/grok_build/artifacts/qa4/lunge-a.jpg,image,artifacts,gallery:artifacts
reference/grok_build/artifacts/qa4/lunge-b.jpg,image,artifacts,gallery:artifacts
reference/grok_build/artifacts/qa4/smirk-a.jpg,image,artifacts,gallery:artifacts
reference/grok_build/artifacts/qa4/smirk-b.jpg,image,artifacts,gallery:artifacts
reference/grok_build/artifacts/qa4/spin-a.jpg,image,artifacts,gallery:artifacts
reference/grok_build/artifacts/qa4/spin-b.jpg,image,artifacts,gallery:artifacts
reference/grok_build/artifacts/qa4/squat-a.jpg,image,artifacts,gallery:artifacts
reference/grok_build/artifacts/qa4/squat-b.jpg,image,artifacts,gallery:artifacts
reference/grok_build/artifacts/qa4/stop-a.jpg,image,artifacts,gallery:artifacts
reference/grok_build/artifacts/qa4/stop-b.jpg,image,artifacts,gallery:artifacts
reference/grok_build/artifacts/qa4/stumble-a.jpg,image,artifacts,gallery:artifacts
reference/grok_build/artifacts/qa4/stumble-b.jpg,image,artifacts,gallery:artifacts
reference/grok_build/artifacts/qa4/stumble-c.jpg,image,artifacts,gallery:artifacts
reference/grok_build/artifacts/qa4/worry-a.jpg,image,artifacts,gallery:artifacts
reference/grok_build/artifacts/qa4/worry-b.jpg,image,artifacts,gallery:artifacts
reference/grok_build/artifacts/qa5/gasp-a.jpg,image,artifacts,gallery:artifacts
reference/grok_build/artifacts/qa5/gasp-b.jpg,image,artifacts,gallery:artifacts
reference/grok_build/artifacts/qa5/knee-a.jpg,image,artifacts,gallery:artifacts
reference/grok_build/artifacts/qa5/knee-b.jpg,image,artifacts,gallery:artifacts
reference/grok_build/artifacts/qa5/twist-a.jpg,image,artifacts,gallery:artifacts
reference/grok_build/artifacts/qa5/twist-b.jpg,image,artifacts,gallery:artifacts
reference/grok_build/artifacts/qa5/yawn-a.jpg,image,artifacts,gallery:artifacts
reference/grok_build/artifacts/qa5/yawn-b.jpg,image,artifacts,gallery:artifacts
reference/grok_build/artifacts/qa6/chest-a.jpg,image,artifacts,gallery:artifacts
reference/grok_build/artifacts/qa6/chest-b.jpg,image,artifacts,gallery:artifacts
reference/grok_build/artifacts/qa6/gasp-01.jpg,image,artifacts,gallery:artifacts
reference/grok_build/artifacts/qa6/gasp-02.jpg,image,artifacts,gallery:artifacts
reference/grok_build/artifacts/qa6/gasp-03.jpg,image,artifacts,gallery:artifacts
reference/grok_build/artifacts/qa6/gasp-04.jpg,image,artifacts,gallery:artifacts
reference/grok_build/artifacts/qa6/gasp-05.jpg,image,artifacts,gallery:artifacts
reference/grok_build/artifacts/qa6/gasp-06.jpg,image,artifacts,gallery:artifacts
reference/grok_build/artifacts/qa6/gasp-07.jpg,image,artifacts,gallery:artifacts
reference/grok_build/artifacts/qa6/hair-a.jpg,image,artifacts,gallery:artifacts
reference/grok_build/artifacts/qa6/hair-b.jpg,image,artifacts,gallery:artifacts
reference/grok_build/artifacts/qa6/ready-a.jpg,image,artifacts,gallery:artifacts
reference/grok_build/artifacts/qa6/ready-b.jpg,image,artifacts,gallery:artifacts
reference/grok_build/artifacts/qa6/strap-a.jpg,image,artifacts,gallery:artifacts
reference/grok_build/artifacts/qa6/strap-b.jpg,image,artifacts,gallery:artifacts
reference/grok_build/artifacts/qa7/a-01.jpg,image,artifacts,gallery:artifacts
reference/grok_build/artifacts/qa7/a-02.jpg,image,artifacts,gallery:artifacts
reference/grok_build/artifacts/qa7/a-03.jpg,image,artifacts,gallery:artifacts
reference/grok_build/artifacts/qa7/a-04.jpg,image,artifacts,gallery:artifacts
reference/grok_build/artifacts/qa7/a-05.jpg,image,artifacts,gallery:artifacts
reference/grok_build/artifacts/qa7/b-01.jpg,image,artifacts,gallery:artifacts
reference/grok_build/artifacts/qa7/b-02.jpg,image,artifacts,gallery:artifacts
reference/grok_build/artifacts/qa7/b-03.jpg,image,artifacts,gallery:artifacts
reference/grok_build/artifacts/qa7/b-04.jpg,image,artifacts,gallery:artifacts
reference/grok_build/artifacts/qa7/b-05.jpg,image,artifacts,gallery:artifacts
reference/grok_build/artifacts/qa8/cheeks-a.jpg,image,artifacts,gallery:artifacts
reference/grok_build/artifacts/qa8/cheeks-b.jpg,image,artifacts,gallery:artifacts
reference/grok_build/artifacts/qa8/clasp-a.jpg,image,artifacts,gallery:artifacts
reference/grok_build/artifacts/qa8/clasp-b.jpg,image,artifacts,gallery:artifacts
reference/grok_build/artifacts/qa8/glare-a.jpg,image,artifacts,gallery:artifacts
reference/grok_build/artifacts/qa8/glare-b.jpg,image,artifacts,gallery:artifacts
reference/grok_build/artifacts/qa8/hem-a.jpg,image,artifacts,gallery:artifacts
reference/grok_build/artifacts/qa8/hem-b.jpg,image,artifacts,gallery:artifacts
reference/grok_build/artifacts/qa8/hip-a.jpg,image,artifacts,gallery:artifacts
reference/grok_build/artifacts/qa8/hip-b.jpg,image,artifacts,gallery:artifacts
reference/grok_build/artifacts/qa8/sad-a.jpg,image,artifacts,gallery:artifacts
reference/grok_build/artifacts/qa8/sad-b.jpg,image,artifacts,gallery:artifacts
reference/grok_build/artifacts/qa8/shrug-a.jpg,image,artifacts,gallery:artifacts
reference/grok_build/artifacts/qa8/shrug-b.jpg,image,artifacts,gallery:artifacts
reference/grok_build/artifacts/rest-front.png,image,artifacts,gallery:artifacts
reference/grok_build/artifacts/rig-check.jpg,image,artifacts,gallery:artifacts
reference/grok_build/artifacts/rigid-front.png,image,artifacts,gallery:artifacts
reference/grok_build/artifacts/rigid-profile.png,image,artifacts,gallery:artifacts
reference/grok_build/artifacts/rt-pose.png,image,artifacts,gallery:artifacts
reference/grok_build/artifacts/rt-rest.png,image,artifacts,gallery:artifacts
reference/grok_build/artifacts/rt-side.png,image,artifacts,gallery:artifacts
reference/grok_build/artifacts/side-far-bent.png,image,artifacts,gallery:artifacts
reference/grok_build/artifacts/side-far-knee-crop.png,image,artifacts,gallery:artifacts
reference/grok_build/artifacts/side-far-knee.png,image,artifacts,gallery:artifacts
reference/grok_build/artifacts/side-legs-crop.png,image,artifacts,gallery:artifacts
reference/grok_build/artifacts/side-sep-bent-crop.png,image,artifacts,gallery:artifacts
reference/grok_build/artifacts/side-sep-bent.png,image,artifacts,gallery:artifacts
reference/grok_build/artifacts/side-sep-crop.png,image,artifacts,gallery:artifacts
reference/grok_build/artifacts/side-sep.png,image,artifacts,gallery:artifacts
reference/grok_build/artifacts/side-two-legs.png,image,artifacts,gallery:artifacts
reference/grok_build/artifacts/size-match.jpg,image,artifacts,gallery:artifacts
reference/grok_build/artifacts/stretch_preview.jpg,image,artifacts,gallery:artifacts
reference/grok_build/artifacts/stride-crop.png,image,artifacts,gallery:artifacts
reference/grok_build/artifacts/stride.png,image,artifacts,gallery:artifacts
reference/grok_build/artifacts/sway_b_low.jpg,image,artifacts,gallery:artifacts
reference/grok_build/artifacts/sway_d_low.jpg,image,artifacts,gallery:artifacts
reference/grok_build/artifacts/tone/fix-idle.jpg,image,artifacts,gallery:artifacts
reference/grok_build/artifacts/tone/fix-lie3.jpg,image,artifacts,gallery:artifacts
reference/grok_build/artifacts/tone/fix-stumble.jpg,image,artifacts,gallery:artifacts
reference/grok_build/artifacts/tpose-head.png,image,artifacts,gallery:artifacts
reference/grok_build/artifacts/tune-apose.jpg,image,artifacts,gallery:artifacts
reference/grok_build/artifacts/tune-face-t.jpg,image,artifacts,gallery:artifacts
reference/grok_build/artifacts/tune-face.jpg,image,artifacts,gallery:artifacts
reference/grok_build/artifacts/turn/apose-face.jpg,image,artifacts,gallery:artifacts
reference/grok_build/artifacts/turn/apose-holes.png,image,artifacts,gallery:artifacts
reference/grok_build/artifacts/turn/apose.jpg,image,artifacts,gallery:artifacts
reference/grok_build/artifacts/turn/f-idle.png,image,artifacts,gallery:artifacts
reference/grok_build/artifacts/turn/f-smirk.png,image,artifacts,gallery:artifacts
reference/grok_build/artifacts/turn/f-walk.png,image,artifacts,gallery:artifacts
reference/grok_build/artifacts/turn/final-apose.png,image,artifacts,gallery:artifacts
reference/grok_build/artifacts/turn/final-face.png,image,artifacts,gallery:artifacts
reference/grok_build/artifacts/turn/fix/src-head-000.png,image,artifacts,gallery:artifacts
reference/grok_build/artifacts/turn/fix/src-head-045.png,image,artifacts,gallery:artifacts
reference/grok_build/artifacts/turn/fix/src-head-315.png,image,artifacts,gallery:artifacts
reference/grok_build/artifacts/turn/hier-apose.jpg,image,artifacts,gallery:artifacts
reference/grok_build/artifacts/turn/hier-back.jpg,image,artifacts,gallery:artifacts
reference/grok_build/artifacts/turn/hier-face.jpg,image,artifacts,gallery:artifacts
reference/grok_build/artifacts/turn/hip-045.jpg,image,artifacts,gallery:artifacts
reference/grok_build/artifacts/turn/hip-090.jpg,image,artifacts,gallery:artifacts
reference/grok_build/artifacts/turn/hip-180.jpg,image,artifacts,gallery:artifacts
reference/grok_build/artifacts/turn/hip-270.jpg,image,artifacts,gallery:artifacts
reference/grok_build/artifacts/turn/hole-scan.jpg,image,artifacts,gallery:artifacts
reference/grok_build/artifacts/turn/idle.png,image,artifacts,gallery:artifacts
reference/grok_build/artifacts/turn/jump-1.6.jpg,image,artifacts,gallery:artifacts
reference/grok_build/artifacts/turn/jump-bot.jpg,image,artifacts,gallery:artifacts
reference/grok_build/artifacts/turn/jump-fixed.png,image,artifacts,gallery:artifacts
reference/grok_build/artifacts/turn/jump-top.jpg,image,artifacts,gallery:artifacts
reference/grok_build/artifacts/turn/jump.png,image,artifacts,gallery:artifacts
reference/grok_build/artifacts/turn/key-eaten-head.png,image,artifacts,gallery:artifacts
reference/grok_build/artifacts/turn/key-eaten.png,image,artifacts,gallery:artifacts
reference/grok_build/artifacts/turn/key-head.png,image,artifacts,gallery:artifacts
reference/grok_build/artifacts/turn/key-overlay.png,image,artifacts,gallery:artifacts
reference/grok_build/artifacts/turn/key-recovered-head.png,image,artifacts,gallery:artifacts
reference/grok_build/artifacts/turn/keycheck.png,image,artifacts,gallery:artifacts
reference/grok_build/artifacts/turn/kick.png,image,artifacts,gallery:artifacts
reference/grok_build/artifacts/turn/knee045.png,image,artifacts,gallery:artifacts
reference/grok_build/artifacts/turn/knee045b.png,image,artifacts,gallery:artifacts
reference/grok_build/artifacts/turn/knee315.png,image,artifacts,gallery:artifacts
reference/grok_build/artifacts/turn/knee315b.png,image,artifacts,gallery:artifacts
reference/grok_build/artifacts/turn/knee315c.png,image,artifacts,gallery:artifacts
reference/grok_build/artifacts/turn/knee315d.png,image,artifacts,gallery:artifacts
reference/grok_build/artifacts/turn/knee315e.png,image,artifacts,gallery:artifacts
reference/grok_build/artifacts/turn/kneel-0.4.jpg,image,artifacts,gallery:artifacts
reference/grok_build/artifacts/turn/kneel-1.6.jpg,image,artifacts,gallery:artifacts
reference/grok_build/artifacts/turn/kneel-bot.jpg,image,artifacts,gallery:artifacts
reference/grok_build/artifacts/turn/kneel-fixed.png,image,artifacts,gallery:artifacts
reference/grok_build/artifacts/turn/kneel-hair.jpg,image,artifacts,gallery:artifacts
reference/grok_build/artifacts/turn/kneel-plate.jpg,image,artifacts,gallery:artifacts
reference/grok_build/artifacts/turn/kneel-top.jpg,image,artifacts,gallery:artifacts
reference/grok_build/artifacts/turn/kneel.png,image,artifacts,gallery:artifacts
reference/grok_build/artifacts/turn/layer-off.jpg,image,artifacts,gallery:artifacts
reference/grok_build/artifacts/turn/layer-test.jpg,image,artifacts,gallery:artifacts
reference/grok_build/artifacts/turn/layer-test2.jpg,image,artifacts,gallery:artifacts
reference/grok_build/artifacts/turn/layer-test3.jpg,image,artifacts,gallery:artifacts
reference/grok_build/artifacts/turn/left-rebuilt.png,image,artifacts,gallery:artifacts
reference/grok_build/artifacts/turn/lock/clean-40-body.jpg,image,artifacts,gallery:artifacts
reference/grok_build/artifacts/turn/lock/clean-40.jpg,image,artifacts,gallery:artifacts
reference/grok_build/artifacts/turn/lock/clean40-body.jpg,image,artifacts,gallery:artifacts
reference/grok_build/artifacts/turn/lock/clean40.jpg,image,artifacts,gallery:artifacts
reference/grok_build/artifacts/turn/lock/col-40-face.jpg,image,artifacts,gallery:artifacts
reference/grok_build/artifacts/turn/lock/col-40-full.jpg,image,artifacts,gallery:artifacts
reference/grok_build/artifacts/turn/lock/col28-face.jpg,image,artifacts,gallery:artifacts
reference/grok_build/artifacts/turn/lock/col28-full.jpg,image,artifacts,gallery:artifacts
reference/grok_build/artifacts/turn/lock/col40-face.jpg,image,artifacts,gallery:artifacts
reference/grok_build/artifacts/turn/lock/col40-full.jpg,image,artifacts,gallery:artifacts
reference/grok_build/artifacts/turn/lock/mesh-48.jpg,image,artifacts,gallery:artifacts
reference/grok_build/artifacts/turn/lock/mesh32.jpg,image,artifacts,gallery:artifacts
reference/grok_build/artifacts/turn/lock/mesh48.jpg,image,artifacts,gallery:artifacts
reference/grok_build/artifacts/turn/lock/y-45_k000115-face.jpg,image,artifacts,gallery:artifacts
reference/grok_build/artifacts/turn/lock/y-45_k000115-full.jpg,image,artifacts,gallery:artifacts
reference/grok_build/artifacts/turn/lock/y45_k00007-face.jpg,image,artifacts,gallery:artifacts
reference/grok_build/artifacts/turn/lock/y45_k00007-full.jpg,image,artifacts,gallery:artifacts
reference/grok_build/artifacts/turn/lock/y45_k000115-face.jpg,image,artifacts,gallery:artifacts
reference/grok_build/artifacts/turn/lock/y45_k000115-full.jpg,image,artifacts,gallery:artifacts
reference/grok_build/artifacts/turn/m-all.png,image,artifacts,gallery:artifacts
reference/grok_build/artifacts/turn/mask-walk.jpg,image,artifacts,gallery:artifacts
reference/grok_build/artifacts/turn/masks.jpg,image,artifacts,gallery:artifacts
reference/grok_build/artifacts/turn/off-body.jpg,image,artifacts,gallery:artifacts
reference/grok_build/artifacts/turn/off-face.jpg,image,artifacts,gallery:artifacts
reference/grok_build/artifacts/turn/play-all.png,image,artifacts,gallery:artifacts
reference/grok_build/artifacts/turn/qa-apose.png,image,artifacts,gallery:artifacts
reference/grok_build/artifacts/turn/qa-wave.png,image,artifacts,gallery:artifacts
reference/grok_build/artifacts/turn/qa-wave1.jpg,image,artifacts,gallery:artifacts
reference/grok_build/artifacts/turn/refit-qa.jpg,image,artifacts,gallery:artifacts
reference/grok_build/artifacts/turn/rig-blink.png,image,artifacts,gallery:artifacts
reference/grok_build/artifacts/turn/rig-look.png,image,artifacts,gallery:artifacts
reference/grok_build/artifacts/turn/rig-parts.jpg,image,artifacts,gallery:artifacts
reference/grok_build/artifacts/turn/rig-raised.png,image,artifacts,gallery:artifacts
reference/grok_build/artifacts/turn/rig-real.jpg,image,artifacts,gallery:artifacts
reference/grok_build/artifacts/turn/rig-rest.png,image,artifacts,gallery:artifacts
reference/grok_build/artifacts/turn/right-rebuilt.png,image,artifacts,gallery:artifacts
reference/grok_build/artifacts/turn/skel.jpg,image,artifacts,gallery:artifacts
reference/grok_build/artifacts/turn/smirk-col.jpg,image,artifacts,gallery:artifacts
reference/grok_build/artifacts/turn/split-apose.jpg,image,artifacts,gallery:artifacts
reference/grok_build/artifacts/turn/t0.4.jpg,image,artifacts,gallery:artifacts
reference/grok_build/artifacts/turn/t2.8.jpg,image,artifacts,gallery:artifacts
reference/grok_build/artifacts/turn/t8.8.jpg,image,artifacts,gallery:artifacts
reference/grok_build/artifacts/turn/video-holes.png,image,artifacts,gallery:artifacts
reference/grok_build/artifacts/turn/wave-white.jpg,image,artifacts,gallery:artifacts
reference/grok_build/artifacts/turn/worry-bot.jpg,image,artifacts,gallery:artifacts
reference/grok_build/artifacts/turn/worry-top.jpg,image,artifacts,gallery:artifacts
reference/grok_build/artifacts/turn/worry.png,image,artifacts,gallery:artifacts
reference/grok_build/artifacts/views-proof.jpg,image,artifacts,gallery:artifacts
reference/grok_build/artifacts/vqa/idle-01.jpg,image,artifacts,gallery:artifacts
reference/grok_build/artifacts/vqa/idle-03.jpg,image,artifacts,gallery:artifacts
reference/grok_build/artifacts/vqa/jump-01.jpg,image,artifacts,gallery:artifacts
reference/grok_build/artifacts/vqa/jump-03.jpg,image,artifacts,gallery:artifacts
reference/grok_build/artifacts/vqa/look-01.jpg,image,artifacts,gallery:artifacts
reference/grok_build/artifacts/vqa/look-03.jpg,image,artifacts,gallery:artifacts
reference/grok_build/artifacts/vqa/nod-01.jpg,image,artifacts,gallery:artifacts
reference/grok_build/artifacts/vqa/nod-03.jpg,image,artifacts,gallery:artifacts
reference/grok_build/artifacts/vqa/run-01.jpg,image,artifacts,gallery:artifacts
reference/grok_build/artifacts/vqa/run-03.jpg,image,artifacts,gallery:artifacts
reference/grok_build/artifacts/vqa/sway-01.jpg,image,artifacts,gallery:artifacts
reference/grok_build/artifacts/vqa/sway-03.jpg,image,artifacts,gallery:artifacts
reference/grok_build/artifacts/vqa/walk-01.jpg,image,artifacts,gallery:artifacts
reference/grok_build/artifacts/vqa/walk-03.jpg,image,artifacts,gallery:artifacts
reference/grok_build/artifacts/vqa2/back.jpg,image,artifacts,gallery:artifacts
reference/grok_build/artifacts/vqa2/getup.jpg,image,artifacts,gallery:artifacts
reference/grok_build/artifacts/vqa2/ground.jpg,image,artifacts,gallery:artifacts
reference/grok_build/artifacts/vqa2/idle-long.jpg,image,artifacts,gallery:artifacts
reference/grok_build/artifacts/vqa2/side.jpg,image,artifacts,gallery:artifacts
reference/grok_build/artifacts/vqa2/wave.jpg,image,artifacts,gallery:artifacts
reference/grok_build/artifacts/w-pose.png,image,artifacts,gallery:artifacts
reference/grok_build/artifacts/w-rest.png,image,artifacts,gallery:artifacts
reference/grok_build/artifacts/walk_f0.jpg,image,artifacts,gallery:artifacts
reference/grok_build/artifacts/walk_f1.jpg,image,artifacts,gallery:artifacts
reference/grok_build/artifacts/walk_f2.jpg,image,artifacts,gallery:artifacts
reference/grok_build/artifacts/walk_f3.jpg,image,artifacts,gallery:artifacts
reference/grok_build/artifacts/base-model-clean-room.html,data,data,gallery:data + registry
reference/grok_build/artifacts/base-model-rig-brief.md,data,data,gallery:data + registry
reference/grok_build/artifacts/clean-room.html,data,data,gallery:data + registry
reference/grok_build/artifacts/clean-room.zip,data,data,gallery:data
reference/grok_build/artifacts/index.html,data,data,gallery:data + registry
reference/grok_build/public/clean-room/clips.json,data,data,gallery:data
reference/grok_build/public/clean-room/index.html,data,data,gallery:data + cleanroom-page + registry
reference/grok_build/public/clean-room/layers/anim/index.json,data,data,gallery:data
reference/grok_build/public/clean-room/layers/hierarchy/anim/angry/layers.json,data,data,gallery:data
reference/grok_build/public/clean-room/layers/hierarchy/anim/apose-turn/layers.json,data,data,gallery:data
reference/grok_build/public/clean-room/layers/hierarchy/anim/back/layers.json,data,data,gallery:data
reference/grok_build/public/clean-room/layers/hierarchy/anim/brace/layers.json,data,data,gallery:data
reference/grok_build/public/clean-room/layers/hierarchy/anim/cheeks/layers.json,data,data,gallery:data
reference/grok_build/public/clean-room/layers/hierarchy/anim/clasp/layers.json,data,data,gallery:data
reference/grok_build/public/clean-room/layers/hierarchy/anim/dodge/layers.json,data,data,gallery:data
reference/grok_build/public/clean-room/layers/hierarchy/anim/gasp/layers.json,data,data,gallery:data
reference/grok_build/public/clean-room/layers/hierarchy/anim/getup/layers.json,data,data,gallery:data
reference/grok_build/public/clean-room/layers/hierarchy/anim/glare/layers.json,data,data,gallery:data
reference/grok_build/public/clean-room/layers/hierarchy/anim/hem/layers.json,data,data,gallery:data
reference/grok_build/public/clean-room/layers/hierarchy/anim/hip/layers.json,data,data,gallery:data
reference/grok_build/public/clean-room/layers/hierarchy/anim/idle-long/layers.json,data,data,gallery:data
reference/grok_build/public/clean-room/layers/hierarchy/anim/idle/layers.json,data,data,gallery:data
reference/grok_build/public/clean-room/layers/hierarchy/anim/inspect/layers.json,data,data,gallery:data
reference/grok_build/public/clean-room/layers/hierarchy/anim/jump/layers.json,data,data,gallery:data
reference/grok_build/public/clean-room/layers/hierarchy/anim/kick/layers.json,data,data,gallery:data
reference/grok_build/public/clean-room/layers/hierarchy/anim/kneel/layers.json,data,data,gallery:data
reference/grok_build/public/clean-room/layers/hierarchy/anim/look/layers.json,data,data,gallery:data
reference/grok_build/public/clean-room/layers/hierarchy/anim/nod/layers.json,data,data,gallery:data
reference/grok_build/public/clean-room/layers/hierarchy/anim/point/layers.json,data,data,gallery:data
reference/grok_build/public/clean-room/layers/hierarchy/anim/ready/layers.json,data,data,gallery:data
reference/grok_build/public/clean-room/layers/hierarchy/anim/run/layers.json,data,data,gallery:data
reference/grok_build/public/clean-room/layers/hierarchy/anim/sad/layers.json,data,data,gallery:data
reference/grok_build/public/clean-room/layers/hierarchy/anim/shrug/layers.json,data,data,gallery:data
reference/grok_build/public/clean-room/layers/hierarchy/anim/side/layers.json,data,data,gallery:data
reference/grok_build/public/clean-room/layers/hierarchy/anim/sit/layers.json,data,data,gallery:data
reference/grok_build/public/clean-room/layers/hierarchy/anim/smirk/layers.json,data,data,gallery:data
reference/grok_build/public/clean-room/layers/hierarchy/anim/squat/layers.json,data,data,gallery:data
reference/grok_build/public/clean-room/layers/hierarchy/anim/startle/layers.json,data,data,gallery:data
reference/grok_build/public/clean-room/layers/hierarchy/anim/stop/layers.json,data,data,gallery:data
reference/grok_build/public/clean-room/layers/hierarchy/anim/strap/layers.json,data,data,gallery:data
reference/grok_build/public/clean-room/layers/hierarchy/anim/stumble/layers.json,data,data,gallery:data
reference/grok_build/public/clean-room/layers/hierarchy/anim/sway/layers.json,data,data,gallery:data
reference/grok_build/public/clean-room/layers/hierarchy/anim/talk/layers.json,data,data,gallery:data
reference/grok_build/public/clean-room/layers/hierarchy/anim/tongue/layers.json,data,data,gallery:data
reference/grok_build/public/clean-room/layers/hierarchy/anim/walk/layers.json,data,data,gallery:data
reference/grok_build/public/clean-room/layers/hierarchy/anim/wave/layers.json,data,data,gallery:data
reference/grok_build/public/clean-room/layers/hierarchy/anim/worry/layers.json,data,data,gallery:data
reference/grok_build/public/clean-room/layers/hierarchy/anim/yawn/layers.json,data,data,gallery:data
reference/grok_build/public/clean-room/layers/hierarchy/index.json,data,data,gallery:data
reference/grok_build/public/clean-room/layers/hierarchy/still/acts-2-1/layers.json,data,data,gallery:data
reference/grok_build/public/clean-room/layers/hierarchy/still/acts-2-2/layers.json,data,data,gallery:data
reference/grok_build/public/clean-room/layers/hierarchy/still/acts-2-3/layers.json,data,data,gallery:data
reference/grok_build/public/clean-room/layers/hierarchy/still/acts-2-4/layers.json,data,data,gallery:data
reference/grok_build/public/clean-room/layers/hierarchy/still/adjust-1/layers.json,data,data,gallery:data
reference/grok_build/public/clean-room/layers/hierarchy/still/adjust-2/layers.json,data,data,gallery:data
reference/grok_build/public/clean-room/layers/hierarchy/still/adjust-3/layers.json,data,data,gallery:data
reference/grok_build/public/clean-room/layers/hierarchy/still/adjust-4/layers.json,data,data,gallery:data
reference/grok_build/public/clean-room/layers/hierarchy/still/adjust-back-1/layers.json,data,data,gallery:data
reference/grok_build/public/clean-room/layers/hierarchy/still/adjust-back-2/layers.json,data,data,gallery:data
reference/grok_build/public/clean-room/layers/hierarchy/still/angles-1/layers.json,data,data,gallery:data
reference/grok_build/public/clean-room/layers/hierarchy/still/angles-2/layers.json,data,data,gallery:data
reference/grok_build/public/clean-room/layers/hierarchy/still/angles-3/layers.json,data,data,gallery:data
reference/grok_build/public/clean-room/layers/hierarchy/still/angles-4/layers.json,data,data,gallery:data
reference/grok_build/public/clean-room/layers/hierarchy/still/angry/layers.json,data,data,gallery:data
reference/grok_build/public/clean-room/layers/hierarchy/still/apose-turn/layers.json,data,data,gallery:data
reference/grok_build/public/clean-room/layers/hierarchy/still/apose/layers.json,data,data,gallery:data
reference/grok_build/public/clean-room/layers/hierarchy/still/back/layers.json,data,data,gallery:data
reference/grok_build/public/clean-room/layers/hierarchy/still/brace/layers.json,data,data,gallery:data
reference/grok_build/public/clean-room/layers/hierarchy/still/cheeks/layers.json,data,data,gallery:data
reference/grok_build/public/clean-room/layers/hierarchy/still/clasp/layers.json,data,data,gallery:data
reference/grok_build/public/clean-room/layers/hierarchy/still/dodge/layers.json,data,data,gallery:data
reference/grok_build/public/clean-room/layers/hierarchy/still/emo-2-1/layers.json,data,data,gallery:data
reference/grok_build/public/clean-room/layers/hierarchy/still/emo-2-2/layers.json,data,data,gallery:data
reference/grok_build/public/clean-room/layers/hierarchy/still/emo-2-3/layers.json,data,data,gallery:data
reference/grok_build/public/clean-room/layers/hierarchy/still/emotions-1/layers.json,data,data,gallery:data
reference/grok_build/public/clean-room/layers/hierarchy/still/emotions-2/layers.json,data,data,gallery:data
reference/grok_build/public/clean-room/layers/hierarchy/still/emotions-3/layers.json,data,data,gallery:data
reference/grok_build/public/clean-room/layers/hierarchy/still/emotions-4/layers.json,data,data,gallery:data
reference/grok_build/public/clean-room/layers/hierarchy/still/emotions-5/layers.json,data,data,gallery:data
reference/grok_build/public/clean-room/layers/hierarchy/still/emotions-6/layers.json,data,data,gallery:data
reference/grok_build/public/clean-room/layers/hierarchy/still/emotions-7/layers.json,data,data,gallery:data
reference/grok_build/public/clean-room/layers/hierarchy/still/emotions-8/layers.json,data,data,gallery:data
reference/grok_build/public/clean-room/layers/hierarchy/still/faces-locked-1/layers.json,data,data,gallery:data
reference/grok_build/public/clean-room/layers/hierarchy/still/faces-locked-2/layers.json,data,data,gallery:data
reference/grok_build/public/clean-room/layers/hierarchy/still/faces-locked-3/layers.json,data,data,gallery:data
reference/grok_build/public/clean-room/layers/hierarchy/still/faces-locked-4/layers.json,data,data,gallery:data
reference/grok_build/public/clean-room/layers/hierarchy/still/faces-locked-5/layers.json,data,data,gallery:data
reference/grok_build/public/clean-room/layers/hierarchy/still/faces-locked-6/layers.json,data,data,gallery:data
reference/grok_build/public/clean-room/layers/hierarchy/still/faces-locked-7/layers.json,data,data,gallery:data
reference/grok_build/public/clean-room/layers/hierarchy/still/faces-locked-8/layers.json,data,data,gallery:data
reference/grok_build/public/clean-room/layers/hierarchy/still/gasp/layers.json,data,data,gallery:data
reference/grok_build/public/clean-room/layers/hierarchy/still/getup-rise-1/layers.json,data,data,gallery:data
reference/grok_build/public/clean-room/layers/hierarchy/still/getup-rise-2/layers.json,data,data,gallery:data
reference/grok_build/public/clean-room/layers/hierarchy/still/getup-rise-3/layers.json,data,data,gallery:data
reference/grok_build/public/clean-room/layers/hierarchy/still/getup-rise-4/layers.json,data,data,gallery:data
reference/grok_build/public/clean-room/layers/hierarchy/still/getup/layers.json,data,data,gallery:data
reference/grok_build/public/clean-room/layers/hierarchy/still/glare/layers.json,data,data,gallery:data
reference/grok_build/public/clean-room/layers/hierarchy/still/hair-000/layers.json,data,data,gallery:data
reference/grok_build/public/clean-room/layers/hierarchy/still/hair-045/layers.json,data,data,gallery:data
reference/grok_build/public/clean-room/layers/hierarchy/still/hair-090/layers.json,data,data,gallery:data
reference/grok_build/public/clean-room/layers/hierarchy/still/hair-135/layers.json,data,data,gallery:data
reference/grok_build/public/clean-room/layers/hierarchy/still/hair-180/layers.json,data,data,gallery:data
reference/grok_build/public/clean-room/layers/hierarchy/still/hair-225/layers.json,data,data,gallery:data
reference/grok_build/public/clean-room/layers/hierarchy/still/hair-270/layers.json,data,data,gallery:data
reference/grok_build/public/clean-room/layers/hierarchy/still/hair-315/layers.json,data,data,gallery:data
reference/grok_build/public/clean-room/layers/hierarchy/still/hem/layers.json,data,data,gallery:data
reference/grok_build/public/clean-room/layers/hierarchy/still/hip/layers.json,data,data,gallery:data
reference/grok_build/public/clean-room/layers/hierarchy/still/hygiene-1/layers.json,data,data,gallery:data
reference/grok_build/public/clean-room/layers/hierarchy/still/hygiene-2/layers.json,data,data,gallery:data
reference/grok_build/public/clean-room/layers/hierarchy/still/hygiene-3/layers.json,data,data,gallery:data
reference/grok_build/public/clean-room/layers/hierarchy/still/idle-34-1/layers.json,data,data,gallery:data
reference/grok_build/public/clean-room/layers/hierarchy/still/idle-34-2/layers.json,data,data,gallery:data
reference/grok_build/public/clean-room/layers/hierarchy/still/idle-34-3/layers.json,data,data,gallery:data
reference/grok_build/public/clean-room/layers/hierarchy/still/idle-back-1/layers.json,data,data,gallery:data
reference/grok_build/public/clean-room/layers/hierarchy/still/idle-back-2/layers.json,data,data,gallery:data
reference/grok_build/public/clean-room/layers/hierarchy/still/idle-back-3/layers.json,data,data,gallery:data
reference/grok_build/public/clean-room/layers/hierarchy/still/idle-back-4/layers.json,data,data,gallery:data
reference/grok_build/public/clean-room/layers/hierarchy/still/idle-front-1/layers.json,data,data,gallery:data
reference/grok_build/public/clean-room/layers/hierarchy/still/idle-front-2/layers.json,data,data,gallery:data
reference/grok_build/public/clean-room/layers/hierarchy/still/idle-front-3/layers.json,data,data,gallery:data
reference/grok_build/public/clean-room/layers/hierarchy/still/idle-front-4/layers.json,data,data,gallery:data
reference/grok_build/public/clean-room/layers/hierarchy/still/idle-front-5/layers.json,data,data,gallery:data
reference/grok_build/public/clean-room/layers/hierarchy/still/idle-front-6/layers.json,data,data,gallery:data
reference/grok_build/public/clean-room/layers/hierarchy/still/idle-front-7/layers.json,data,data,gallery:data
reference/grok_build/public/clean-room/layers/hierarchy/still/idle-front-8/layers.json,data,data,gallery:data
reference/grok_build/public/clean-room/layers/hierarchy/still/idle-long/layers.json,data,data,gallery:data
reference/grok_build/public/clean-room/layers/hierarchy/still/idle-side-1/layers.json,data,data,gallery:data
reference/grok_build/public/clean-room/layers/hierarchy/still/idle-side-2/layers.json,data,data,gallery:data
reference/grok_build/public/clean-room/layers/hierarchy/still/idle-side-3/layers.json,data,data,gallery:data
reference/grok_build/public/clean-room/layers/hierarchy/still/idle-side-4/layers.json,data,data,gallery:data
reference/grok_build/public/clean-room/layers/hierarchy/still/idle-sway-1/layers.json,data,data,gallery:data
reference/grok_build/public/clean-room/layers/hierarchy/still/idle-sway-2/layers.json,data,data,gallery:data
reference/grok_build/public/clean-room/layers/hierarchy/still/idle-sway-3/layers.json,data,data,gallery:data
reference/grok_build/public/clean-room/layers/hierarchy/still/idle-sway-4/layers.json,data,data,gallery:data
reference/grok_build/public/clean-room/layers/hierarchy/still/idle/layers.json,data,data,gallery:data
reference/grok_build/public/clean-room/layers/hierarchy/still/inspect-1/layers.json,data,data,gallery:data
reference/grok_build/public/clean-room/layers/hierarchy/still/inspect-2/layers.json,data,data,gallery:data
reference/grok_build/public/clean-room/layers/hierarchy/still/inspect-3/layers.json,data,data,gallery:data
reference/grok_build/public/clean-room/layers/hierarchy/still/inspect/layers.json,data,data,gallery:data
reference/grok_build/public/clean-room/layers/hierarchy/still/interact-1/layers.json,data,data,gallery:data
reference/grok_build/public/clean-room/layers/hierarchy/still/interact-2/layers.json,data,data,gallery:data
reference/grok_build/public/clean-room/layers/hierarchy/still/interact-3/layers.json,data,data,gallery:data
reference/grok_build/public/clean-room/layers/hierarchy/still/j1/layers.json,data,data,gallery:data
reference/grok_build/public/clean-room/layers/hierarchy/still/j2/layers.json,data,data,gallery:data
reference/grok_build/public/clean-room/layers/hierarchy/still/j3/layers.json,data,data,gallery:data
reference/grok_build/public/clean-room/layers/hierarchy/still/j4/layers.json,data,data,gallery:data
reference/grok_build/public/clean-room/layers/hierarchy/still/j5/layers.json,data,data,gallery:data
reference/grok_build/public/clean-room/layers/hierarchy/still/j6/layers.json,data,data,gallery:data
reference/grok_build/public/clean-room/layers/hierarchy/still/jump/layers.json,data,data,gallery:data
reference/grok_build/public/clean-room/layers/hierarchy/still/kick/layers.json,data,data,gallery:data
reference/grok_build/public/clean-room/layers/hierarchy/still/kneel/layers.json,data,data,gallery:data
reference/grok_build/public/clean-room/layers/hierarchy/still/left/layers.json,data,data,gallery:data
reference/grok_build/public/clean-room/layers/hierarchy/still/lie-1/layers.json,data,data,gallery:data
reference/grok_build/public/clean-room/layers/hierarchy/still/lie-2-1/layers.json,data,data,gallery:data
reference/grok_build/public/clean-room/layers/hierarchy/still/lie-2/layers.json,data,data,gallery:data
reference/grok_build/public/clean-room/layers/hierarchy/still/lie-3/layers.json,data,data,gallery:data
reference/grok_build/public/clean-room/layers/hierarchy/still/lie-4/layers.json,data,data,gallery:data
reference/grok_build/public/clean-room/layers/hierarchy/still/lie-back-1/layers.json,data,data,gallery:data
reference/grok_build/public/clean-room/layers/hierarchy/still/lie-front-1/layers.json,data,data,gallery:data
reference/grok_build/public/clean-room/layers/hierarchy/still/life-1/layers.json,data,data,gallery:data
reference/grok_build/public/clean-room/layers/hierarchy/still/life-2/layers.json,data,data,gallery:data
reference/grok_build/public/clean-room/layers/hierarchy/still/life-3/layers.json,data,data,gallery:data
reference/grok_build/public/clean-room/layers/hierarchy/still/look/layers.json,data,data,gallery:data
reference/grok_build/public/clean-room/layers/hierarchy/still/loop-blink-1/layers.json,data,data,gallery:data
reference/grok_build/public/clean-room/layers/hierarchy/still/loop-blink-2/layers.json,data,data,gallery:data
reference/grok_build/public/clean-room/layers/hierarchy/still/loop-blink-3/layers.json,data,data,gallery:data
reference/grok_build/public/clean-room/layers/hierarchy/still/loop-blink-4/layers.json,data,data,gallery:data
reference/grok_build/public/clean-room/layers/hierarchy/still/loop-look-1/layers.json,data,data,gallery:data
reference/grok_build/public/clean-room/layers/hierarchy/still/loop-look-2/layers.json,data,data,gallery:data
reference/grok_build/public/clean-room/layers/hierarchy/still/loop-look-3/layers.json,data,data,gallery:data
reference/grok_build/public/clean-room/layers/hierarchy/still/loop-look-4/layers.json,data,data,gallery:data
reference/grok_build/public/clean-room/layers/hierarchy/still/loop-nod-1/layers.json,data,data,gallery:data
reference/grok_build/public/clean-room/layers/hierarchy/still/loop-nod-2/layers.json,data,data,gallery:data
reference/grok_build/public/clean-room/layers/hierarchy/still/loop-nod-3/layers.json,data,data,gallery:data
reference/grok_build/public/clean-room/layers/hierarchy/still/loop-nod-4/layers.json,data,data,gallery:data
reference/grok_build/public/clean-room/layers/hierarchy/still/loop-talk-1/layers.json,data,data,gallery:data
reference/grok_build/public/clean-room/layers/hierarchy/still/loop-talk-2/layers.json,data,data,gallery:data
reference/grok_build/public/clean-room/layers/hierarchy/still/loop-talk-3/layers.json,data,data,gallery:data
reference/grok_build/public/clean-room/layers/hierarchy/still/loop-talk-4/layers.json,data,data,gallery:data
reference/grok_build/public/clean-room/layers/hierarchy/still/motion-1/layers.json,data,data,gallery:data
reference/grok_build/public/clean-room/layers/hierarchy/still/motion-2/layers.json,data,data,gallery:data
reference/grok_build/public/clean-room/layers/hierarchy/still/motion-3/layers.json,data,data,gallery:data
reference/grok_build/public/clean-room/layers/hierarchy/still/motion-4/layers.json,data,data,gallery:data
reference/grok_build/public/clean-room/layers/hierarchy/still/nod/layers.json,data,data,gallery:data
reference/grok_build/public/clean-room/layers/hierarchy/still/point/layers.json,data,data,gallery:data
reference/grok_build/public/clean-room/layers/hierarchy/still/ppoint/layers.json,data,data,gallery:data
reference/grok_build/public/clean-room/layers/hierarchy/still/psmirk/layers.json,data,data,gallery:data
reference/grok_build/public/clean-room/layers/hierarchy/still/ptongue/layers.json,data,data,gallery:data
reference/grok_build/public/clean-room/layers/hierarchy/still/pwave/layers.json,data,data,gallery:data
reference/grok_build/public/clean-room/layers/hierarchy/still/reactions-1/layers.json,data,data,gallery:data
reference/grok_build/public/clean-room/layers/hierarchy/still/reactions-2-1/layers.json,data,data,gallery:data
reference/grok_build/public/clean-room/layers/hierarchy/still/reactions-2-2/layers.json,data,data,gallery:data
reference/grok_build/public/clean-room/layers/hierarchy/still/reactions-2-3/layers.json,data,data,gallery:data
reference/grok_build/public/clean-room/layers/hierarchy/still/reactions-2/layers.json,data,data,gallery:data
reference/grok_build/public/clean-room/layers/hierarchy/still/reactions-3/layers.json,data,data,gallery:data
reference/grok_build/public/clean-room/layers/hierarchy/still/reactions-4/layers.json,data,data,gallery:data
reference/grok_build/public/clean-room/layers/hierarchy/still/ready/layers.json,data,data,gallery:data
reference/grok_build/public/clean-room/layers/hierarchy/still/right/layers.json,data,data,gallery:data
reference/grok_build/public/clean-room/layers/hierarchy/still/run/layers.json,data,data,gallery:data
reference/grok_build/public/clean-room/layers/hierarchy/still/run1/layers.json,data,data,gallery:data
reference/grok_build/public/clean-room/layers/hierarchy/still/run2/layers.json,data,data,gallery:data
reference/grok_build/public/clean-room/layers/hierarchy/still/run3/layers.json,data,data,gallery:data
reference/grok_build/public/clean-room/layers/hierarchy/still/run4/layers.json,data,data,gallery:data
reference/grok_build/public/clean-room/layers/hierarchy/still/sad/layers.json,data,data,gallery:data
reference/grok_build/public/clean-room/layers/hierarchy/still/set-16-1/layers.json,data,data,gallery:data
reference/grok_build/public/clean-room/layers/hierarchy/still/set-16-10p1/layers.json,data,data,gallery:data
reference/grok_build/public/clean-room/layers/hierarchy/still/set-16-10p2/layers.json,data,data,gallery:data
reference/grok_build/public/clean-room/layers/hierarchy/still/set-16-11p1/layers.json,data,data,gallery:data
reference/grok_build/public/clean-room/layers/hierarchy/still/set-16-11p2/layers.json,data,data,gallery:data
reference/grok_build/public/clean-room/layers/hierarchy/still/set-16-12/layers.json,data,data,gallery:data
reference/grok_build/public/clean-room/layers/hierarchy/still/set-16-2/layers.json,data,data,gallery:data
reference/grok_build/public/clean-room/layers/hierarchy/still/set-16-3/layers.json,data,data,gallery:data
reference/grok_build/public/clean-room/layers/hierarchy/still/set-16-4/layers.json,data,data,gallery:data
reference/grok_build/public/clean-room/layers/hierarchy/still/set-16-5/layers.json,data,data,gallery:data
reference/grok_build/public/clean-room/layers/hierarchy/still/set-16-6/layers.json,data,data,gallery:data
reference/grok_build/public/clean-room/layers/hierarchy/still/set-16-7/layers.json,data,data,gallery:data
reference/grok_build/public/clean-room/layers/hierarchy/still/set-16-8/layers.json,data,data,gallery:data
reference/grok_build/public/clean-room/layers/hierarchy/still/set-16-9p1/layers.json,data,data,gallery:data
reference/grok_build/public/clean-room/layers/hierarchy/still/set-16-9p2/layers.json,data,data,gallery:data
reference/grok_build/public/clean-room/layers/hierarchy/still/set-17-1/layers.json,data,data,gallery:data
reference/grok_build/public/clean-room/layers/hierarchy/still/set-17-2/layers.json,data,data,gallery:data
reference/grok_build/public/clean-room/layers/hierarchy/still/set-17-3/layers.json,data,data,gallery:data
reference/grok_build/public/clean-room/layers/hierarchy/still/set-17-4/layers.json,data,data,gallery:data
reference/grok_build/public/clean-room/layers/hierarchy/still/set-17-5/layers.json,data,data,gallery:data
reference/grok_build/public/clean-room/layers/hierarchy/still/set-17-6/layers.json,data,data,gallery:data
reference/grok_build/public/clean-room/layers/hierarchy/still/set-17-7/layers.json,data,data,gallery:data
reference/grok_build/public/clean-room/layers/hierarchy/still/set-17-8/layers.json,data,data,gallery:data
reference/grok_build/public/clean-room/layers/hierarchy/still/set-17-9/layers.json,data,data,gallery:data
reference/grok_build/public/clean-room/layers/hierarchy/still/set-18-1p1/layers.json,data,data,gallery:data
reference/grok_build/public/clean-room/layers/hierarchy/still/set-18-1p2/layers.json,data,data,gallery:data
reference/grok_build/public/clean-room/layers/hierarchy/still/set-18-2p1/layers.json,data,data,gallery:data
reference/grok_build/public/clean-room/layers/hierarchy/still/set-18-2p2/layers.json,data,data,gallery:data
reference/grok_build/public/clean-room/layers/hierarchy/still/set-18-3p1/layers.json,data,data,gallery:data
reference/grok_build/public/clean-room/layers/hierarchy/still/set-18-3p2/layers.json,data,data,gallery:data
reference/grok_build/public/clean-room/layers/hierarchy/still/set-18-4p1/layers.json,data,data,gallery:data
reference/grok_build/public/clean-room/layers/hierarchy/still/set-18-4p2/layers.json,data,data,gallery:data
reference/grok_build/public/clean-room/layers/hierarchy/still/sheet-1947-1/layers.json,data,data,gallery:data
reference/grok_build/public/clean-room/layers/hierarchy/still/sheet-1947-2/layers.json,data,data,gallery:data
reference/grok_build/public/clean-room/layers/hierarchy/still/sheet-1947-2b/layers.json,data,data,gallery:data
reference/grok_build/public/clean-room/layers/hierarchy/still/sheet-1947-3/layers.json,data,data,gallery:data
reference/grok_build/public/clean-room/layers/hierarchy/still/sheet-1947-4/layers.json,data,data,gallery:data
reference/grok_build/public/clean-room/layers/hierarchy/still/sheet-1947-5/layers.json,data,data,gallery:data
reference/grok_build/public/clean-room/layers/hierarchy/still/sheet-1db5-1/layers.json,data,data,gallery:data
reference/grok_build/public/clean-room/layers/hierarchy/still/sheet-1db5-10/layers.json,data,data,gallery:data
reference/grok_build/public/clean-room/layers/hierarchy/still/sheet-1db5-11/layers.json,data,data,gallery:data
reference/grok_build/public/clean-room/layers/hierarchy/still/sheet-1db5-12/layers.json,data,data,gallery:data
reference/grok_build/public/clean-room/layers/hierarchy/still/sheet-1db5-2/layers.json,data,data,gallery:data
reference/grok_build/public/clean-room/layers/hierarchy/still/sheet-1db5-3/layers.json,data,data,gallery:data
reference/grok_build/public/clean-room/layers/hierarchy/still/sheet-1db5-4/layers.json,data,data,gallery:data
reference/grok_build/public/clean-room/layers/hierarchy/still/sheet-1db5-5/layers.json,data,data,gallery:data
reference/grok_build/public/clean-room/layers/hierarchy/still/sheet-1db5-6/layers.json,data,data,gallery:data
reference/grok_build/public/clean-room/layers/hierarchy/still/sheet-1db5-7/layers.json,data,data,gallery:data
reference/grok_build/public/clean-room/layers/hierarchy/still/sheet-1db5-8/layers.json,data,data,gallery:data
reference/grok_build/public/clean-room/layers/hierarchy/still/sheet-1db5-9/layers.json,data,data,gallery:data
reference/grok_build/public/clean-room/layers/hierarchy/still/sheet-9f8e-1/layers.json,data,data,gallery:data
reference/grok_build/public/clean-room/layers/hierarchy/still/sheet-9f8e-2/layers.json,data,data,gallery:data
reference/grok_build/public/clean-room/layers/hierarchy/still/sheet-9f8e-3/layers.json,data,data,gallery:data
reference/grok_build/public/clean-room/layers/hierarchy/still/sheet-9f8e-4/layers.json,data,data,gallery:data
reference/grok_build/public/clean-room/layers/hierarchy/still/sheet-9f8e-5/layers.json,data,data,gallery:data
reference/grok_build/public/clean-room/layers/hierarchy/still/sheet-9f8e-6/layers.json,data,data,gallery:data
reference/grok_build/public/clean-room/layers/hierarchy/still/sheet-9f8e-7/layers.json,data,data,gallery:data
reference/grok_build/public/clean-room/layers/hierarchy/still/sheet-9f8e-8/layers.json,data,data,gallery:data
reference/grok_build/public/clean-room/layers/hierarchy/still/sheet-aab0-1/layers.json,data,data,gallery:data
reference/grok_build/public/clean-room/layers/hierarchy/still/sheet-aab0-2/layers.json,data,data,gallery:data
reference/grok_build/public/clean-room/layers/hierarchy/still/sheet-aab0-3/layers.json,data,data,gallery:data
reference/grok_build/public/clean-room/layers/hierarchy/still/sheet-aab0-4/layers.json,data,data,gallery:data
reference/grok_build/public/clean-room/layers/hierarchy/still/sheet-aab0-5/layers.json,data,data,gallery:data
reference/grok_build/public/clean-room/layers/hierarchy/still/shrug/layers.json,data,data,gallery:data
reference/grok_build/public/clean-room/layers/hierarchy/still/side/layers.json,data,data,gallery:data
reference/grok_build/public/clean-room/layers/hierarchy/still/sit-more-1/layers.json,data,data,gallery:data
reference/grok_build/public/clean-room/layers/hierarchy/still/sit-more-2/layers.json,data,data,gallery:data
reference/grok_build/public/clean-room/layers/hierarchy/still/sit-more-3/layers.json,data,data,gallery:data
reference/grok_build/public/clean-room/layers/hierarchy/still/sit/layers.json,data,data,gallery:data
reference/grok_build/public/clean-room/layers/hierarchy/still/smirk/layers.json,data,data,gallery:data
reference/grok_build/public/clean-room/layers/hierarchy/still/squat/layers.json,data,data,gallery:data
reference/grok_build/public/clean-room/layers/hierarchy/still/startle/layers.json,data,data,gallery:data
reference/grok_build/public/clean-room/layers/hierarchy/still/stop/layers.json,data,data,gallery:data
reference/grok_build/public/clean-room/layers/hierarchy/still/strap/layers.json,data,data,gallery:data
reference/grok_build/public/clean-room/layers/hierarchy/still/stumble/layers.json,data,data,gallery:data
reference/grok_build/public/clean-room/layers/hierarchy/still/sway/layers.json,data,data,gallery:data
reference/grok_build/public/clean-room/layers/hierarchy/still/talk/layers.json,data,data,gallery:data
reference/grok_build/public/clean-room/layers/hierarchy/still/tongue/layers.json,data,data,gallery:data
reference/grok_build/public/clean-room/layers/hierarchy/still/tpose/layers.json,data,data,gallery:data
reference/grok_build/public/clean-room/layers/hierarchy/still/turnaround-1/layers.json,data,data,gallery:data
reference/grok_build/public/clean-room/layers/hierarchy/still/turnaround-2/layers.json,data,data,gallery:data
reference/grok_build/public/clean-room/layers/hierarchy/still/turnaround-3/layers.json,data,data,gallery:data
reference/grok_build/public/clean-room/layers/hierarchy/still/turnaround-4/layers.json,data,data,gallery:data
reference/grok_build/public/clean-room/layers/hierarchy/still/walk-play-1/layers.json,data,data,gallery:data
reference/grok_build/public/clean-room/layers/hierarchy/still/walk-play-2/layers.json,data,data,gallery:data
reference/grok_build/public/clean-room/layers/hierarchy/still/walk-play-3/layers.json,data,data,gallery:data
reference/grok_build/public/clean-room/layers/hierarchy/still/walk-play-4/layers.json,data,data,gallery:data
reference/grok_build/public/clean-room/layers/hierarchy/still/walk/layers.json,data,data,gallery:data
reference/grok_build/public/clean-room/layers/hierarchy/still/wave/layers.json,data,data,gallery:data
reference/grok_build/public/clean-room/layers/hierarchy/still/worry/layers.json,data,data,gallery:data
reference/grok_build/public/clean-room/layers/hierarchy/still/xbdodge/layers.json,data,data,gallery:data
reference/grok_build/public/clean-room/layers/hierarchy/still/xbfall/layers.json,data,data,gallery:data
reference/grok_build/public/clean-room/layers/hierarchy/still/xbkick2/layers.json,data,data,gallery:data
reference/grok_build/public/clean-room/layers/hierarchy/still/xbrace/layers.json,data,data,gallery:data
reference/grok_build/public/clean-room/layers/hierarchy/still/xbrun/layers.json,data,data,gallery:data
reference/grok_build/public/clean-room/layers/hierarchy/still/xbsquat/layers.json,data,data,gallery:data
reference/grok_build/public/clean-room/layers/hierarchy/still/xbup/layers.json,data,data,gallery:data
reference/grok_build/public/clean-room/layers/hierarchy/still/xdodge/layers.json,data,data,gallery:data
reference/grok_build/public/clean-room/layers/hierarchy/still/xdrive/layers.json,data,data,gallery:data
reference/grok_build/public/clean-room/layers/hierarchy/still/xfall/layers.json,data,data,gallery:data
reference/grok_build/public/clean-room/layers/hierarchy/still/xfkick2/layers.json,data,data,gallery:data
reference/grok_build/public/clean-room/layers/hierarchy/still/xfrun/layers.json,data,data,gallery:data
reference/grok_build/public/clean-room/layers/hierarchy/still/xhop/layers.json,data,data,gallery:data
reference/grok_build/public/clean-room/layers/hierarchy/still/xknee/layers.json,data,data,gallery:data
reference/grok_build/public/clean-room/layers/hierarchy/still/xlsprint/layers.json,data,data,gallery:data
reference/grok_build/public/clean-room/layers/hierarchy/still/xlunge/layers.json,data,data,gallery:data
reference/grok_build/public/clean-room/layers/hierarchy/still/xrkick/layers.json,data,data,gallery:data
reference/grok_build/public/clean-room/layers/hierarchy/still/xrstumble/layers.json,data,data,gallery:data
reference/grok_build/public/clean-room/layers/hierarchy/still/xsfall/layers.json,data,data,gallery:data
reference/grok_build/public/clean-room/layers/hierarchy/still/xslide/layers.json,data,data,gallery:data
reference/grok_build/public/clean-room/layers/hierarchy/still/xspin/layers.json,data,data,gallery:data
reference/grok_build/public/clean-room/layers/hierarchy/still/xsprint/layers.json,data,data,gallery:data
reference/grok_build/public/clean-room/layers/hierarchy/still/xsprint2/layers.json,data,data,gallery:data
reference/grok_build/public/clean-room/layers/hierarchy/still/xsquat/layers.json,data,data,gallery:data
reference/grok_build/public/clean-room/layers/hierarchy/still/xstumble/layers.json,data,data,gallery:data
reference/grok_build/public/clean-room/layers/hierarchy/still/xturn/layers.json,data,data,gallery:data
reference/grok_build/public/clean-room/layers/hierarchy/still/xtwist/layers.json,data,data,gallery:data
reference/grok_build/public/clean-room/layers/hierarchy/still/yawn/layers.json,data,data,gallery:data
reference/grok_build/public/clean-room/layers/stack/index.json,data,data,gallery:data
reference/grok_build/public/clean-room/rig/apose.json,data,data,gallery:data + cleanroom-page
