view,shape,x,y,hex,r,g,b,reason,kind,nearest_local_hex,nearest_local_d,nearest_local_kind,nearest_global_d
apose,AA,669,284,#554236,85,66,54,gt5_from_local_palette,warm/fill,#4d3a2c,10,warm/fill,1
apose,AA,670,284,#68564b,104,86,75,gt5_from_local_palette,warm/fill,#6e584a,6,warm/fill,1
apose,AA,671,284,#756459,117,100,89,gt5_from_local_palette,warm/fill,#7c6251,8,warm/fill,1
apose,AA,672,284,#95867b,149,134,123,gt5_from_local_palette,warm/fill,#a4846b,16,warm/fill,2
apose,AA,673,284,#a29388,162,147,136,gt5_from_local_palette,warm/fill,#b3907c,17,warm/fill,4
apose,AA,674,284,#b2a499,178,164,153,gt5_from_local_palette,warm/fill,#c29d8a,16,warm/fill,1
apose,AA,675,284,#bcaea4,188,174,164,gt5_from_local_palette,warm/fill,#cca995,16,warm/fill,2
apose,AA,676,284,#bcaea4,188,174,164,gt5_from_local_palette,warm/fill,#cca995,16,warm/fill,2
apose,AA,677,284,#bcaea4,188,174,164,gt5_from_local_palette,warm/fill,#cca995,16,warm/fill,2
apose,AA,678,284,#c2b5aa,194,181,170,gt5_from_local_palette,warm/fill,#d6b29a,20,warm/fill,1
apose,AA,679,284,#d5c9bf,213,201,191,gt5_from_local_palette,warm/fill,#f0ccb4,27,warm/fill,4
apose,AA,680,284,#d5c9bf,213,201,191,gt5_from_local_palette,warm/fill,#f0ccb4,27,warm/fill,4
apose,AA,681,284,#d5c9bf,213,201,191,gt5_from_local_palette,warm/fill,#f0ccb4,27,warm/fill,4
apose,AA,682,284,#c2b5aa,194,181,170,gt5_from_local_palette,warm/fill,#d6b29a,20,warm/fill,1
apose,AA,683,284,#bcaea4,188,174,164,gt5_from_local_palette,warm/fill,#cca995,16,warm/fill,2
apose,AA,684,284,#bcaea4,188,174,164,gt5_from_local_palette,warm/fill,#cca995,16,warm/fill,2
apose,AA,685,284,#bcaea4,188,174,164,gt5_from_local_palette,warm/fill,#cca995,16,warm/fill,2
apose,AA,686,284,#b2a499,178,164,153,gt5_from_local_palette,warm/fill,#c29d8a,16,warm/fill,1
apose,AA,687,284,#a29388,162,147,136,gt5_from_local_palette,warm/fill,#b3907c,17,warm/fill,4
apose,AA,688,284,#95867b,149,134,123,gt5_from_local_palette,warm/fill,#a4846b,16,warm/fill,2
apose,AA,689,284,#756459,117,100,89,gt5_from_local_palette,warm/fill,#7c6251,8,warm/fill,1
apose,AA,690,284,#68564b,104,86,75,gt5_from_local_palette,warm/fill,#6e584a,6,warm/fill,1
apose,AA,691,284,#554236,85,66,54,gt5_from_local_palette,warm/fill,#4d3a2c,10,warm/fill,1
apose,AA,665,285,#9f9085,159,144,133,gt5_from_local_palette,warm/fill,#a88c74,17,warm/fill,5
apose,AA,666,285,#c2b5aa,194,181,170,gt5_from_local_palette,warm/fill,#d6b29a,20,warm/fill,1
apose,AA,667,285,#e2d6cc,226,214,204,gt5_from_local_palette,warm/fill,#f1cbb6,22,warm/fill,2
apose,AA,668,285,#efe4da,239,228,218,gt5_from_local_palette,warm/fill,#f1cbb6,36,warm/fill,2
apose,AA,669,285,#efe4da,239,228,218,gt5_from_local_palette,warm/fill,#f1cbb6,36,warm/fill,2
apose,AA,670,285,#e4d8ce,228,216,206,gt5_from_local_palette,warm/fill,#f1cbb6,24,warm/fill,3
apose,AA,671,285,#d9ccc2,217,204,194,gt5_from_local_palette,warm/fill,#f0ccb4,23,warm/fill,4
apose,AA,672,285,#cec0b6,206,192,182,gt5_from_local_palette,warm/fill,#deb8a3,19,warm/fill,2
apose,AA,673,285,#c3b4aa,195,180,170,gt5_from_local_palette,warm/fill,#d6b29a,19,warm/fill,2
apose,AA,674,285,#c3b4aa,195,180,170,gt5_from_local_palette,warm/fill,#d6b29a,19,warm/fill,2
apose,AA,675,285,#b2a298,178,162,152,gt5_from_local_palette,warm/fill,#c29d8a,16,warm/fill,2
apose,AA,676,285,#ad9c92,173,156,146,gt5_from_local_palette,warm/fill,#c29d8a,21,warm/fill,3
apose,AA,677,285,#ad9c92,173,156,146,gt5_from_local_palette,warm/fill,#c29d8a,21,warm/fill,3
apose,AA,678,285,#ad9c92,173,156,146,gt5_from_local_palette,warm/fill,#c29d8a,21,warm/fill,3
apose,AA,679,285,#ad9c92,173,156,146,gt5_from_local_palette,warm/fill,#c29d8a,21,warm/fill,3
apose,AA,680,285,#ad9c92,173,156,146,gt5_from_local_palette,warm/fill,#c29d8a,21,warm/fill,3
apose,AA,681,285,#ad9c92,173,156,146,gt5_from_local_palette,warm/fill,#c29d8a,21,warm/fill,3
apose,AA,682,285,#ad9c92,173,156,146,gt5_from_local_palette,warm/fill,#c29d8a,21,warm/fill,3
apose,AA,683,285,#ad9c92,173,156,146,gt5_from_local_palette,warm/fill,#c29d8a,21,warm/fill,3
apose,AA,684,285,#ad9c92,173,156,146,gt5_from_local_palette,warm/fill,#c29d8a,21,warm/fill,3
apose,AA,685,285,#b2a298,178,162,152,gt5_from_local_palette,warm/fill,#c29d8a,16,warm/fill,2
apose,AA,686,285,#c3b4aa,195,180,170,gt5_from_local_palette,warm/fill,#d6b29a,19,warm/fill,2
apose,AA,687,285,#c3b4aa,195,180,170,gt5_from_local_palette,warm/fill,#d6b29a,19,warm/fill,2
apose,AA,688,285,#cec0b6,206,192,182,gt5_from_local_palette,warm/fill,#deb8a3,19,warm/fill,2
apose,AA,689,285,#d9ccc2,217,204,194,gt5_from_local_palette,warm/fill,#f0ccb4,23,warm/fill,4
apose,AA,690,285,#e4d8ce,228,216,206,gt5_from_local_palette,warm/fill,#f1cbb6,24,warm/fill,3
apose,AA,691,285,#efe4da,239,228,218,gt5_from_local_palette,warm/fill,#f1cbb6,36,warm/fill,2
apose,AA,692,285,#efe4da,239,228,218,gt5_from_local_palette,warm/fill,#f1cbb6,36,warm/fill,2
apose,AA,693,285,#e2d6cc,226,214,204,gt5_from_local_palette,warm/fill,#f1cbb6,22,warm/fill,2
apose,AA,694,285,#c2b5aa,194,181,170,gt5_from_local_palette,warm/fill,#d6b29a,20,warm/fill,1
apose,AA,695,285,#9f9085,159,144,133,gt5_from_local_palette,warm/fill,#a88c74,17,warm/fill,5
apose,AA,665,286,#8f7a70,143,122,112,gt5_from_local_palette,warm/fill,#9d7b62,14,warm/fill,1
apose,AA,668,286,#553b31,85,59,49,gt5_from_local_palette,warm/fill,#5c3b2a,7,warm/fill,1
apose,AA,692,286,#553b31,85,59,49,gt5_from_local_palette,warm/fill,#5c3b2a,7,warm/fill,1
apose,AA,695,286,#8f7a70,143,122,112,gt5_from_local_palette,warm/fill,#9d7b62,14,warm/fill,1
apose,AA,674,293,#7c4739,124,71,57,gt5_from_local_palette,warm/fill,#774b32,7,warm/fill,7
apose,AA,675,293,#925445,146,84,69,gt5_from_local_palette,warm/fill,#895d42,9,warm/fill,7
apose,AA,676,293,#9c5a4a,156,90,74,gt5_from_local_palette,warm/fill,#936242,9,warm/fill,6
apose,AA,677,293,#9c5a4a,156,90,74,gt5_from_local_palette,warm/fill,#936242,9,warm/fill,6
apose,AA,678,293,#9c5a4a,156,90,74,gt5_from_local_palette,warm/fill,#936242,9,warm/fill,6
apose,AA,679,293,#9c5a4a,156,90,74,gt5_from_local_palette,warm/fill,#936242,9,warm/fill,6
apose,AA,680,293,#9c5a4a,156,90,74,gt5_from_local_palette,warm/fill,#936242,9,warm/fill,6
apose,AA,681,293,#9c5a4a,156,90,74,gt5_from_local_palette,warm/fill,#936242,9,warm/fill,6
apose,AA,682,293,#9c5a4a,156,90,74,gt5_from_local_palette,warm/fill,#936242,9,warm/fill,6
apose,AA,683,293,#9c5a4a,156,90,74,gt5_from_local_palette,warm/fill,#936242,9,warm/fill,6
apose,AA,684,293,#9c5a4a,156,90,74,gt5_from_local_palette,warm/fill,#936242,9,warm/fill,6
apose,AA,685,293,#925445,146,84,69,gt5_from_local_palette,warm/fill,#895d42,9,warm/fill,7
apose,AA,686,293,#7c4739,124,71,57,gt5_from_local_palette,warm/fill,#774b32,7,warm/fill,7
apose,AA,667,294,#715f54,113,95,84,gt5_from_local_palette,warm/fill,#6c5857,7,warm/fill,1
apose,AA,672,294,#985748,152,87,72,gt5_from_local_palette,warm/fill,#916040,9,warm/fill,7
apose,AA,673,294,#9c5a4a,156,90,74,gt5_from_local_palette,warm/fill,#936242,9,warm/fill,6
apose,AA,674,294,#9c5a4a,156,90,74,gt5_from_local_palette,warm/fill,#936242,9,warm/fill,6
apose,AA,675,294,#9c5a4a,156,90,74,gt5_from_local_palette,warm/fill,#936242,9,warm/fill,6
apose,AA,676,294,#9c5a4a,156,90,74,gt5_from_local_palette,warm/fill,#936242,9,warm/fill,6
apose,AA,677,294,#9c5a4a,156,90,74,gt5_from_local_palette,warm/fill,#936242,9,warm/fill,6
apose,AA,678,294,#9c5a4a,156,90,74,gt5_from_local_palette,warm/fill,#936242,9,warm/fill,6
apose,AA,679,294,#9c5a4a,156,90,74,gt5_from_local_palette,warm/fill,#936242,9,warm/fill,6
apose,AA,680,294,#9c5a4a,156,90,74,gt5_from_local_palette,warm/fill,#936242,9,warm/fill,6
apose,AA,681,294,#9c5a4a,156,90,74,gt5_from_local_palette,warm/fill,#936242,9,warm/fill,6
apose,AA,682,294,#9c5a4a,156,90,74,gt5_from_local_palette,warm/fill,#936242,9,warm/fill,6
apose,AA,683,294,#9c5a4a,156,90,74,gt5_from_local_palette,warm/fill,#936242,9,warm/fill,6
apose,AA,684,294,#9c5a4a,156,90,74,gt5_from_local_palette,warm/fill,#936242,9,warm/fill,6
apose,AA,685,294,#9c5a4a,156,90,74,gt5_from_local_palette,warm/fill,#936242,9,warm/fill,6
apose,AA,686,294,#9c5a4a,156,90,74,gt5_from_local_palette,warm/fill,#936242,9,warm/fill,6
apose,AA,687,294,#9c5a4a,156,90,74,gt5_from_local_palette,warm/fill,#936242,9,warm/fill,6
apose,AA,688,294,#985748,152,87,72,gt5_from_local_palette,warm/fill,#916040,9,warm/fill,7
apose,AA,693,294,#715f54,113,95,84,gt5_from_local_palette,warm/fill,#6c5857,7,warm/fill,1
apose,AA,669,295,#80655a,128,101,90,gt5_from_local_palette,warm/fill,#866b56,6,warm/fill,1
apose,AA,670,295,#955646,149,86,70,gt5_from_local_palette,warm/fill,#935e3e,8,warm/fill,8
apose,AA,671,295,#9c5a4a,156,90,74,gt5_from_local_palette,warm/fill,#936242,9,warm/fill,6
apose,AA,672,295,#9c5a4a,156,90,74,gt5_from_local_palette,warm/fill,#936242,9,warm/fill,6
apose,AA,673,295,#9c5a4a,156,90,74,gt5_from_local_palette,warm/fill,#936242,9,warm/fill,6
apose,AA,674,295,#9c5a4a,156,90,74,gt5_from_local_palette,warm/fill,#936242,9,warm/fill,6
apose,AA,675,295,#9c5a4a,156,90,74,gt5_from_local_palette,warm/fill,#936242,9,warm/fill,6
apose,AA,676,295,#9c5a4a,156,90,74,gt5_from_local_palette,warm/fill,#936242,9,warm/fill,6
apose,AA,677,295,#9c5a4a,156,90,74,gt5_from_local_palette,warm/fill,#936242,9,warm/fill,6
apose,AA,678,295,#9c5a4a,156,90,74,gt5_from_local_palette,warm/fill,#936242,9,warm/fill,6
apose,AA,679,295,#9c5a4a,156,90,74,gt5_from_local_palette,warm/fill,#936242,9,warm/fill,6
apose,AA,680,295,#9c5a4a,156,90,74,gt5_from_local_palette,warm/fill,#936242,9,warm/fill,6
apose,AA,681,295,#9c5a4a,156,90,74,gt5_from_local_palette,warm/fill,#936242,9,warm/fill,6
apose,AA,682,295,#9c5a4a,156,90,74,gt5_from_local_palette,warm/fill,#936242,9,warm/fill,6
apose,AA,683,295,#9c5a4a,156,90,74,gt5_from_local_palette,warm/fill,#936242,9,warm/fill,6
apose,AA,684,295,#9c5a4a,156,90,74,gt5_from_local_palette,warm/fill,#936242,9,warm/fill,6
apose,AA,685,295,#9c5a4a,156,90,74,gt5_from_local_palette,warm/fill,#936242,9,warm/fill,6
apose,AA,686,295,#9c5a4a,156,90,74,gt5_from_local_palette,warm/fill,#936242,9,warm/fill,6
apose,AA,687,295,#9c5a4a,156,90,74,gt5_from_local_palette,warm/fill,#936242,9,warm/fill,6
apose,AA,688,295,#9c5a4a,156,90,74,gt5_from_local_palette,warm/fill,#936242,9,warm/fill,6
apose,AA,689,295,#9c5a4a,156,90,74,gt5_from_local_palette,warm/fill,#936242,9,warm/fill,6
apose,AA,690,295,#955646,149,86,70,gt5_from_local_palette,warm/fill,#935e3e,8,warm/fill,8
apose,AA,691,295,#80655a,128,101,90,gt5_from_local_palette,warm/fill,#866b56,6,warm/fill,1
apose,AA,670,296,#93786c,147,120,108,gt5_from_local_palette,warm/fill,#9d7b62,10,warm/fill,1
apose,AA,671,296,#b27f70,178,127,112,gt5_from_local_palette,warm/fill,#ac8671,7,warm/fill,4
apose,AA,672,296,#9c5a4a,156,90,74,gt5_from_local_palette,warm/fill,#936242,9,warm/fill,6
apose,AA,673,296,#9c5a4a,156,90,74,gt5_from_local_palette,warm/fill,#936242,9,warm/fill,6
apose,AA,674,296,#9c5a4a,156,90,74,gt5_from_local_palette,warm/fill,#936242,9,warm/fill,6
apose,AA,675,296,#9c5a4a,156,90,74,gt5_from_local_palette,warm/fill,#936242,9,warm/fill,6
apose,AA,676,296,#9c5a4a,156,90,74,gt5_from_local_palette,warm/fill,#936242,9,warm/fill,6
apose,AA,677,296,#9c5a4a,156,90,74,gt5_from_local_palette,warm/fill,#936242,9,warm/fill,6
apose,AA,678,296,#9c5a4a,156,90,74,gt5_from_local_palette,warm/fill,#936242,9,warm/fill,6
apose,AA,679,296,#9c5a4a,156,90,74,gt5_from_local_palette,warm/fill,#936242,9,warm/fill,6
apose,AA,680,296,#9c5a4a,156,90,74,gt5_from_local_palette,warm/fill,#936242,9,warm/fill,6
apose,AA,681,296,#9c5a4a,156,90,74,gt5_from_local_palette,warm/fill,#936242,9,warm/fill,6
apose,AA,682,296,#9c5a4a,156,90,74,gt5_from_local_palette,warm/fill,#936242,9,warm/fill,6
apose,AA,683,296,#9c5a4a,156,90,74,gt5_from_local_palette,warm/fill,#936242,9,warm/fill,6
apose,AA,684,296,#9c5a4a,156,90,74,gt5_from_local_palette,warm/fill,#936242,9,warm/fill,6
apose,AA,685,296,#9c5a4a,156,90,74,gt5_from_local_palette,warm/fill,#936242,9,warm/fill,6
apose,AA,686,296,#9c5a4a,156,90,74,gt5_from_local_palette,warm/fill,#936242,9,warm/fill,6
apose,AA,687,296,#9c5a4a,156,90,74,gt5_from_local_palette,warm/fill,#936242,9,warm/fill,6
apose,AA,688,296,#9c5a4a,156,90,74,gt5_from_local_palette,warm/fill,#936242,9,warm/fill,6
apose,AA,689,296,#b27f70,178,127,112,gt5_from_local_palette,warm/fill,#ac8671,7,warm/fill,4
apose,AA,690,296,#93786c,147,120,108,gt5_from_local_palette,warm/fill,#9d7b62,10,warm/fill,1
apose,AA,672,297,#9a8276,154,130,118,gt5_from_local_palette,warm/fill,#a4846b,11,warm/fill,3
apose,AA,673,297,#ba9082,186,144,130,gt5_from_local_palette,warm/fill,#b3907c,7,warm/fill,2
apose,AA,674,297,#a5695a,165,105,90,gt5_from_local_palette,warm/fill,#9e7152,8,warm/fill,5
apose,AA,675,297,#9c5a4a,156,90,74,gt5_from_local_palette,warm/fill,#936242,9,warm/fill,6
apose,AA,676,297,#9c5a4a,156,90,74,gt5_from_local_palette,warm/fill,#936242,9,warm/fill,6
apose,AA,677,297,#9c5a4a,156,90,74,gt5_from_local_palette,warm/fill,#936242,9,warm/fill,6
apose,AA,678,297,#9c5a4a,156,90,74,gt5_from_local_palette,warm/fill,#936242,9,warm/fill,6
apose,AA,679,297,#9c5a4a,156,90,74,gt5_from_local_palette,warm/fill,#936242,9,warm/fill,6
apose,AA,680,297,#9c5a4a,156,90,74,gt5_from_local_palette,warm/fill,#936242,9,warm/fill,6
apose,AA,681,297,#9c5a4a,156,90,74,gt5_from_local_palette,warm/fill,#936242,9,warm/fill,6
apose,AA,682,297,#9c5a4a,156,90,74,gt5_from_local_palette,warm/fill,#936242,9,warm/fill,6
apose,AA,683,297,#9c5a4a,156,90,74,gt5_from_local_palette,warm/fill,#936242,9,warm/fill,6
apose,AA,684,297,#9c5a4a,156,90,74,gt5_from_local_palette,warm/fill,#936242,9,warm/fill,6
apose,AA,685,297,#9c5a4a,156,90,74,gt5_from_local_palette,warm/fill,#936242,9,warm/fill,6
apose,AA,686,297,#a5695a,165,105,90,gt5_from_local_palette,warm/fill,#9e7152,8,warm/fill,5
apose,AA,687,297,#ba9082,186,144,130,gt5_from_local_palette,warm/fill,#b3907c,7,warm/fill,2
apose,AA,688,297,#9a8276,154,130,118,gt5_from_local_palette,warm/fill,#a4846b,11,warm/fill,3
apose,AA,674,298,#726055,114,96,85,gt5_from_local_palette,warm/fill,#6c5857,8,warm/fill,1
apose,AA,675,298,#9f877b,159,135,123,gt5_from_local_palette,warm/fill,#a88c74,9,warm/fill,1
apose,AA,676,298,#bf9c90,191,156,144,gt5_from_local_palette,warm/fill,#c29d8a,6,warm/fill,5
apose,AA,677,298,#bf9487,191,148,135,gt5_from_local_palette,warm/fill,#c29d8a,9,warm/fill,3
apose,AA,678,298,#b58375,181,131,117,gt5_from_local_palette,warm/fill,#ae8a70,7,warm/fill,4
apose,AA,679,298,#b17c6e,177,124,110,gt5_from_local_palette,warm/fill,#ac8564,10,warm/fill,4
apose,AA,680,298,#b17c6e,177,124,110,gt5_from_local_palette,warm/fill,#ac8564,10,warm/fill,4
apose,AA,681,298,#b17c6e,177,124,110,gt5_from_local_palette,warm/fill,#ac8564,10,warm/fill,4
apose,AA,682,298,#b58375,181,131,117,gt5_from_local_palette,warm/fill,#ae8a70,7,warm/fill,4
apose,AA,683,298,#bf9487,191,148,135,gt5_from_local_palette,warm/fill,#c29d8a,9,warm/fill,3
apose,AA,684,298,#bf9c90,191,156,144,gt5_from_local_palette,warm/fill,#c29d8a,6,warm/fill,5
apose,AA,685,298,#9f877b,159,135,123,gt5_from_local_palette,warm/fill,#a88c74,9,warm/fill,1
apose,AA,686,298,#726055,114,96,85,gt5_from_local_palette,warm/fill,#6c5857,8,warm/fill,1
apose,AA,678,299,#5c473a,92,71,58,gt5_from_local_palette,warm/fill,#644d3d,8,warm/fill,1
apose,AA,682,299,#5c473a,92,71,58,gt5_from_local_palette,warm/fill,#644d3d,8,warm/fill,1
apose,AA_half,674,284,#554236,85,66,54,gt5_from_local_palette,warm/fill,#4d3a2c,10,warm/fill,1
apose,AA_half,675,284,#554236,85,66,54,gt5_from_local_palette,warm/fill,#4d3a2c,10,warm/fill,1
apose,AA_half,676,284,#58453a,88,69,58,gt5_from_local_palette,warm/fill,#624a30,10,warm/fill,1
apose,AA_half,684,284,#58453a,88,69,58,gt5_from_local_palette,warm/fill,#624a30,10,warm/fill,1
apose,AA_half,685,284,#554236,85,66,54,gt5_from_local_palette,warm/fill,#4d3a2c,10,warm/fill,1
apose,AA_half,686,284,#554236,85,66,54,gt5_from_local_palette,warm/fill,#4d3a2c,10,warm/fill,1
apose,AA_half,663,285,#7c6a5f,124,106,95,gt5_from_local_palette,warm/fill,#866b56,10,warm/fill,2
apose,AA_half,664,285,#7c695e,124,105,94,gt5_from_local_palette,warm/fill,#866b56,10,warm/fill,1
apose,AA_half,665,285,#7d6a5f,125,106,95,gt5_from_local_palette,warm/fill,#866b56,9,warm/fill,2
apose,AA_half,666,285,#96847a,150,132,122,gt5_from_local_palette,warm/fill,#a4846b,15,warm/fill,1
apose,AA_half,667,285,#a9998e,169,153,142,gt5_from_local_palette,warm/fill,#b3907c,18,warm/fill,2
apose,AA_half,668,285,#bdada3,189,173,163,gt5_from_local_palette,warm/fill,#cca995,15,warm/fill,1
apose,AA_half,669,285,#c3b4aa,195,180,170,gt5_from_local_palette,warm/fill,#d6b29a,19,warm/fill,2
apose,AA_half,670,285,#ad9c92,173,156,146,gt5_from_local_palette,warm/fill,#c29d8a,21,warm/fill,3
apose,AA_half,671,285,#ad9c92,173,156,146,gt5_from_local_palette,warm/fill,#c29d8a,21,warm/fill,3
apose,AA_half,672,285,#ad9c92,173,156,146,gt5_from_local_palette,warm/fill,#c29d8a,21,warm/fill,3
apose,AA_half,673,285,#ad9c92,173,156,146,gt5_from_local_palette,warm/fill,#c29d8a,21,warm/fill,3
apose,AA_half,674,285,#ad9c92,173,156,146,gt5_from_local_palette,warm/fill,#c29d8a,21,warm/fill,3
apose,AA_half,675,285,#ad9c92,173,156,146,gt5_from_local_palette,warm/fill,#c29d8a,21,warm/fill,3
apose,AA_half,676,285,#ad9c92,173,156,146,gt5_from_local_palette,warm/fill,#c29d8a,21,warm/fill,3
apose,AA_half,677,285,#ad9c92,173,156,146,gt5_from_local_palette,warm/fill,#c29d8a,21,warm/fill,3
apose,AA_half,678,285,#ad9c92,173,156,146,gt5_from_local_palette,warm/fill,#c29d8a,21,warm/fill,3
apose,AA_half,679,285,#ad9c92,173,156,146,gt5_from_local_palette,warm/fill,#c29d8a,21,warm/fill,3
apose,AA_half,680,285,#ad9c92,173,156,146,gt5_from_local_palette,warm/fill,#c29d8a,21,warm/fill,3
apose,AA_half,681,285,#ad9c92,173,156,146,gt5_from_local_palette,warm/fill,#c29d8a,21,warm/fill,3
apose,AA_half,682,285,#ad9c92,173,156,146,gt5_from_local_palette,warm/fill,#c29d8a,21,warm/fill,3
apose,AA_half,683,285,#ad9c92,173,156,146,gt5_from_local_palette,warm/fill,#c29d8a,21,warm/fill,3
apose,AA_half,684,285,#ad9c92,173,156,146,gt5_from_local_palette,warm/fill,#c29d8a,21,warm/fill,3
apose,AA_half,685,285,#ad9c92,173,156,146,gt5_from_local_palette,warm/fill,#c29d8a,21,warm/fill,3
apose,AA_half,686,285,#ad9c92,173,156,146,gt5_from_local_palette,warm/fill,#c29d8a,21,warm/fill,3
apose,AA_half,687,285,#ad9c92,173,156,146,gt5_from_local_palette,warm/fill,#c29d8a,21,warm/fill,3
apose,AA_half,688,285,#ad9c92,173,156,146,gt5_from_local_palette,warm/fill,#c29d8a,21,warm/fill,3
apose,AA_half,689,285,#ad9c92,173,156,146,gt5_from_local_palette,warm/fill,#c29d8a,21,warm/fill,3
apose,AA_half,690,285,#ad9c92,173,156,146,gt5_from_local_palette,warm/fill,#c29d8a,21,warm/fill,3
apose,AA_half,691,285,#c3b4aa,195,180,170,gt5_from_local_palette,warm/fill,#d6b29a,19,warm/fill,2
apose,AA_half,692,285,#bdada3,189,173,163,gt5_from_local_palette,warm/fill,#cca995,15,warm/fill,1
apose,AA_half,693,285,#a9998e,169,153,142,gt5_from_local_palette,warm/fill,#b3907c,18,warm/fill,2
apose,AA_half,694,285,#96847a,150,132,122,gt5_from_local_palette,warm/fill,#a4846b,15,warm/fill,1
apose,AA_half,695,285,#7d6a5f,125,106,95,gt5_from_local_palette,warm/fill,#866b56,9,warm/fill,2
apose,AA_half,696,285,#7c695e,124,105,94,gt5_from_local_palette,warm/fill,#866b56,10,warm/fill,1
apose,AA_half,697,285,#7c6a5f,124,106,95,gt5_from_local_palette,warm/fill,#866b56,10,warm/fill,2
apose,EE,663,284,#68564b,104,86,75,gt5_from_local_palette,warm/fill,#6e584a,6,warm/fill,1
apose,EE,697,284,#68564b,104,86,75,gt5_from_local_palette,warm/fill,#6e584a,6,warm/fill,1
apose,EE,664,285,#ccbfb5,204,191,181,gt5_from_local_palette,warm/fill,#deb8a3,18,warm/fill,1
apose,EE,665,285,#e5dad0,229,218,208,gt5_from_local_palette,warm/fill,#f1cbb6,26,warm/fill,4
apose,EE,666,285,#bcaea4,188,174,164,gt5_from_local_palette,warm/fill,#cca995,16,warm/fill,2
apose,EE,667,285,#99897e,153,137,126,gt5_from_local_palette,warm/fill,#a88c74,15,warm/fill,2
apose,EE,668,285,#756459,117,100,89,gt5_from_local_palette,warm/fill,#7c6251,8,warm/fill,1
apose,EE,669,285,#5c493d,92,73,61,gt5_from_local_palette,warm/fill,#644d3d,8,warm/fill,1
apose,EE,691,285,#5c493d,92,73,61,gt5_from_local_palette,warm/fill,#644d3d,8,warm/fill,1
apose,EE,692,285,#756459,117,100,89,gt5_from_local_palette,warm/fill,#7c6251,8,warm/fill,1
apose,EE,693,285,#99897e,153,137,126,gt5_from_local_palette,warm/fill,#a88c74,15,warm/fill,2
apose,EE,694,285,#bcaea4,188,174,164,gt5_from_local_palette,warm/fill,#cca995,16,warm/fill,2
apose,EE,695,285,#e5dad0,229,218,208,gt5_from_local_palette,warm/fill,#f1cbb6,26,warm/fill,4
apose,EE,696,285,#ccbfb5,204,191,181,gt5_from_local_palette,warm/fill,#deb8a3,18,warm/fill,1
apose,EE,665,286,#756155,117,97,85,gt5_from_local_palette,warm/fill,#7c6251,7,warm/fill,1
apose,EE,666,286,#dcd0c6,220,208,198,gt5_from_local_palette,warm/fill,#f0ccb4,20,warm/fill,4
apose,EE,667,286,#efe4da,239,228,218,gt5_from_local_palette,warm/fill,#f1cbb6,36,warm/fill,2
apose,EE,668,286,#efe4da,239,228,218,gt5_from_local_palette,warm/fill,#f1cbb6,36,warm/fill,2
apose,EE,669,286,#efe4da,239,228,218,gt5_from_local_palette,warm/fill,#f1cbb6,36,warm/fill,2
apose,EE,670,286,#efe4da,239,228,218,gt5_from_local_palette,warm/fill,#f1cbb6,36,warm/fill,2
apose,EE,671,286,#e9ddd3,233,221,211,gt5_from_local_palette,warm/fill,#f1cbb6,29,warm/fill,1
apose,EE,672,286,#d2c6bb,210,198,187,gt5_from_local_palette,warm/fill,#deb8a3,24,warm/fill,3
apose,EE,673,286,#c2b5aa,194,181,170,gt5_from_local_palette,warm/fill,#d6b29a,20,warm/fill,1
apose,EE,674,286,#b5a79d,181,167,157,gt5_from_local_palette,warm/fill,#c29d8a,19,warm/fill,1
apose,EE,675,286,#a29388,162,147,136,gt5_from_local_palette,warm/fill,#b3907c,17,warm/fill,4
apose,EE,676,286,#95867b,149,134,123,gt5_from_local_palette,warm/fill,#a4846b,16,warm/fill,2
apose,EE,677,286,#88786d,136,120,109,gt5_from_local_palette,warm/fill,#94745f,14,warm/fill,3
apose,EE,678,286,#88786d,136,120,109,gt5_from_local_palette,warm/fill,#94745f,14,warm/fill,3
apose,EE,679,286,#88786d,136,120,109,gt5_from_local_palette,warm/fill,#94745f,14,warm/fill,3
apose,EE,680,286,#88786d,136,120,109,gt5_from_local_palette,warm/fill,#94745f,14,warm/fill,3
apose,EE,681,286,#88786d,136,120,109,gt5_from_local_palette,warm/fill,#94745f,14,warm/fill,3
apose,EE,682,286,#88786d,136,120,109,gt5_from_local_palette,warm/fill,#94745f,14,warm/fill,3
apose,EE,683,286,#88786d,136,120,109,gt5_from_local_palette,warm/fill,#94745f,14,warm/fill,3
apose,EE,684,286,#95867b,149,134,123,gt5_from_local_palette,warm/fill,#a4846b,16,warm/fill,2
apose,EE,685,286,#a29388,162,147,136,gt5_from_local_palette,warm/fill,#b3907c,17,warm/fill,4
apose,EE,686,286,#b5a79d,181,167,157,gt5_from_local_palette,warm/fill,#c29d8a,19,warm/fill,1
apose,EE,687,286,#c2b5aa,194,181,170,gt5_from_local_palette,warm/fill,#d6b29a,20,warm/fill,1
apose,EE,688,286,#d2c6bb,210,198,187,gt5_from_local_palette,warm/fill,#deb8a3,24,warm/fill,3
apose,EE,689,286,#e9ddd3,233,221,211,gt5_from_local_palette,warm/fill,#f1cbb6,29,warm/fill,1
apose,EE,690,286,#efe4da,239,228,218,gt5_from_local_palette,warm/fill,#f1cbb6,36,warm/fill,2
apose,EE,691,286,#efe4da,239,228,218,gt5_from_local_palette,warm/fill,#f1cbb6,36,warm/fill,2
apose,EE,692,286,#efe4da,239,228,218,gt5_from_local_palette,warm/fill,#f1cbb6,36,warm/fill,2
apose,EE,693,286,#efe4da,239,228,218,gt5_from_local_palette,warm/fill,#f1cbb6,36,warm/fill,2
apose,EE,694,286,#dcd0c6,220,208,198,gt5_from_local_palette,warm/fill,#f0ccb4,20,warm/fill,4
apose,EE,695,286,#756155,117,97,85,gt5_from_local_palette,warm/fill,#7c6251,7,warm/fill,1
apose,EE,667,287,#786558,120,101,88,gt5_from_local_palette,warm/fill,#7e6453,6,warm/fill,1
apose,EE,668,287,#cfc2b8,207,194,184,gt5_from_local_palette,warm/fill,#deb8a3,21,warm/fill,3
apose,EE,669,287,#efe4da,239,228,218,gt5_from_local_palette,warm/fill,#f1cbb6,36,warm/fill,2
apose,EE,670,287,#efe4da,239,228,218,gt5_from_local_palette,warm/fill,#f1cbb6,36,warm/fill,2
apose,EE,671,287,#efe4da,239,228,218,gt5_from_local_palette,warm/fill,#f1cbb6,36,warm/fill,2
apose,EE,672,287,#efe4da,239,228,218,gt5_from_local_palette,warm/fill,#f1cbb6,36,warm/fill,2
apose,EE,673,287,#efe4da,239,228,218,gt5_from_local_palette,warm/fill,#f1cbb6,36,warm/fill,2
apose,EE,674,287,#efe4da,239,228,218,gt5_from_local_palette,warm/fill,#f1cbb6,36,warm/fill,2
apose,EE,675,287,#efe4da,239,228,218,gt5_from_local_palette,warm/fill,#f1cbb6,36,warm/fill,2
apose,EE,676,287,#efe4da,239,228,218,gt5_from_local_palette,warm/fill,#f1cbb6,36,warm/fill,2
apose,EE,677,287,#efe4da,239,228,218,gt5_from_local_palette,warm/fill,#f1cbb6,36,warm/fill,2
apose,EE,678,287,#efe4da,239,228,218,gt5_from_local_palette,warm/fill,#f1cbb6,36,warm/fill,2
apose,EE,679,287,#efe4da,239,228,218,gt5_from_local_palette,warm/fill,#f1cbb6,36,warm/fill,2
apose,EE,680,287,#efe4da,239,228,218,gt5_from_local_palette,warm/fill,#f1cbb6,36,warm/fill,2
apose,EE,681,287,#efe4da,239,228,218,gt5_from_local_palette,warm/fill,#f1cbb6,36,warm/fill,2
apose,EE,682,287,#efe4da,239,228,218,gt5_from_local_palette,warm/fill,#f1cbb6,36,warm/fill,2
apose,EE,683,287,#efe4da,239,228,218,gt5_from_local_palette,warm/fill,#f1cbb6,36,warm/fill,2
apose,EE,684,287,#efe4da,239,228,218,gt5_from_local_palette,warm/fill,#f1cbb6,36,warm/fill,2
apose,EE,685,287,#efe4da,239,228,218,gt5_from_local_palette,warm/fill,#f1cbb6,36,warm/fill,2
apose,EE,686,287,#efe4da,239,228,218,gt5_from_local_palette,warm/fill,#f1cbb6,36,warm/fill,2
apose,EE,687,287,#efe4da,239,228,218,gt5_from_local_palette,warm/fill,#f1cbb6,36,warm/fill,2
apose,EE,688,287,#efe4da,239,228,218,gt5_from_local_palette,warm/fill,#f1cbb6,36,warm/fill,2
apose,EE,689,287,#efe4da,239,228,218,gt5_from_local_palette,warm/fill,#f1cbb6,36,warm/fill,2
apose,EE,690,287,#efe4da,239,228,218,gt5_from_local_palette,warm/fill,#f1cbb6,36,warm/fill,2
apose,EE,691,287,#efe4da,239,228,218,gt5_from_local_palette,warm/fill,#f1cbb6,36,warm/fill,2
apose,EE,692,287,#cfc2b8,207,194,184,gt5_from_local_palette,warm/fill,#deb8a3,21,warm/fill,3
apose,EE,693,287,#786558,120,101,88,gt5_from_local_palette,warm/fill,#7e6453,6,warm/fill,1
apose,EE,670,288,#a5968c,165,150,140,gt5_from_local_palette,warm/fill,#b3907c,16,warm/fill,4
apose,EE,671,288,#e5dad0,229,218,208,gt5_from_local_palette,warm/fill,#f1cbb6,26,warm/fill,4
apose,EE,672,288,#ded2c8,222,210,200,gt5_from_local_palette,warm/fill,#f1cbb6,19,warm/fill,2
apose,EE,673,288,#c6b7ad,198,183,173,gt5_from_local_palette,warm/fill,#d6b29a,19,warm/fill,4
apose,EE,674,288,#c8bab0,200,186,176,gt5_from_local_palette,warm/fill,#d6b29a,22,warm/fill,2
apose,EE,675,288,#d9ccc2,217,204,194,gt5_from_local_palette,warm/fill,#f0ccb4,23,warm/fill,4
apose,EE,676,288,#ece1d7,236,225,215,gt5_from_local_palette,warm/fill,#f1cbb6,33,warm/fill,3
apose,EE,677,288,#efe4da,239,228,218,gt5_from_local_palette,warm/fill,#f1cbb6,36,warm/fill,2
apose,EE,678,288,#efe4da,239,228,218,gt5_from_local_palette,warm/fill,#f1cbb6,36,warm/fill,2
apose,EE,679,288,#efe4da,239,228,218,gt5_from_local_palette,warm/fill,#f1cbb6,36,warm/fill,2
apose,EE,680,288,#efe4da,239,228,218,gt5_from_local_palette,warm/fill,#f1cbb6,36,warm/fill,2
apose,EE,681,288,#efe4da,239,228,218,gt5_from_local_palette,warm/fill,#f1cbb6,36,warm/fill,2
apose,EE,682,288,#efe4da,239,228,218,gt5_from_local_palette,warm/fill,#f1cbb6,36,warm/fill,2
apose,EE,683,288,#efe4da,239,228,218,gt5_from_local_palette,warm/fill,#f1cbb6,36,warm/fill,2
apose,EE,684,288,#ece1d7,236,225,215,gt5_from_local_palette,warm/fill,#f1cbb6,33,warm/fill,3
apose,EE,685,288,#d9ccc2,217,204,194,gt5_from_local_palette,warm/fill,#f0ccb4,23,warm/fill,4
apose,EE,686,288,#c8bab0,200,186,176,gt5_from_local_palette,warm/fill,#d6b29a,22,warm/fill,2
apose,EE,687,288,#c6b7ad,198,183,173,gt5_from_local_palette,warm/fill,#d6b29a,19,warm/fill,4
apose,EE,688,288,#ded2c8,222,210,200,gt5_from_local_palette,warm/fill,#f1cbb6,19,warm/fill,2
apose,EE,689,288,#e5dad0,229,218,208,gt5_from_local_palette,warm/fill,#f1cbb6,26,warm/fill,4
apose,EE,690,288,#a5968c,165,150,140,gt5_from_local_palette,warm/fill,#b3907c,16,warm/fill,4
apose,EE,673,289,#95867b,149,134,123,gt5_from_local_palette,warm/fill,#a4846b,16,warm/fill,2
apose,EE,674,289,#b0a096,176,160,150,gt5_from_local_palette,warm/fill,#c29d8a,18,warm/fill,2
apose,EE,675,289,#b2a197,178,161,151,gt5_from_local_palette,warm/fill,#c29d8a,16,warm/fill,2
apose,EE,676,289,#948076,148,128,118,gt5_from_local_palette,warm/fill,#a4846b,16,warm/fill,4
apose,EE,677,289,#816b61,129,107,97,gt5_from_local_palette,warm/fill,#866b56,11,warm/fill,1
apose,EE,679,289,#816b61,129,107,97,gt5_from_local_palette,warm/fill,#866b56,11,warm/fill,1
apose,EE,680,289,#816b61,129,107,97,gt5_from_local_palette,warm/fill,#866b56,11,warm/fill,1
apose,EE,681,289,#816b61,129,107,97,gt5_from_local_palette,warm/fill,#866b56,11,warm/fill,1
apose,EE,683,289,#816b61,129,107,97,gt5_from_local_palette,warm/fill,#866b56,11,warm/fill,1
apose,EE,684,289,#948076,148,128,118,gt5_from_local_palette,warm/fill,#a4846b,16,warm/fill,4
apose,EE,685,289,#b2a197,178,161,151,gt5_from_local_palette,warm/fill,#c29d8a,16,warm/fill,2
apose,EE,686,289,#b0a096,176,160,150,gt5_from_local_palette,warm/fill,#c29d8a,18,warm/fill,2
apose,EE,687,289,#95867b,149,134,123,gt5_from_local_palette,warm/fill,#a4846b,16,warm/fill,2
apose,EE,678,290,#7a675b,122,103,91,gt5_from_local_palette,warm/fill,#7e6453,8,warm/fill,1
apose,EE,679,290,#88786d,136,120,109,gt5_from_local_palette,warm/fill,#94745f,14,warm/fill,3
apose,EE,680,290,#88786d,136,120,109,gt5_from_local_palette,warm/fill,#94745f,14,warm/fill,3
apose,EE,681,290,#88786d,136,120,109,gt5_from_local_palette,warm/fill,#94745f,14,warm/fill,3
apose,EE,682,290,#7a675b,122,103,91,gt5_from_local_palette,warm/fill,#7e6453,8,warm/fill,1
apose,EE_half,671,286,#928277,146,130,119,gt5_from_local_palette,warm/fill,#9f8165,18,warm/fill,3
apose,EE_half,672,286,#a5968c,165,150,140,gt5_from_local_palette,warm/fill,#b3907c,16,warm/fill,4
apose,EE_half,673,286,#a29388,162,147,136,gt5_from_local_palette,warm/fill,#b3907c,17,warm/fill,4
apose,EE_half,674,286,#928277,146,130,119,gt5_from_local_palette,warm/fill,#9f8165,18,warm/fill,3
apose,EE_half,675,286,#827166,130,113,102,gt5_from_local_palette,warm/fill,#866b56,16,warm/fill,1
apose,EE_half,677,286,#655348,101,83,72,gt5_from_local_palette,warm/fill,#675040,8,warm/fill,1
apose,EE_half,678,286,#554236,85,66,54,gt5_from_local_palette,warm/fill,#4d3a2c,10,warm/fill,1
apose,EE_half,679,286,#554236,85,66,54,gt5_from_local_palette,warm/fill,#4d3a2c,10,warm/fill,1
apose,EE_half,680,286,#554236,85,66,54,gt5_from_local_palette,warm/fill,#4d3a2c,10,warm/fill,1
apose,EE_half,681,286,#554236,85,66,54,gt5_from_local_palette,warm/fill,#4d3a2c,10,warm/fill,1
apose,EE_half,682,286,#554236,85,66,54,gt5_from_local_palette,warm/fill,#4d3a2c,10,warm/fill,1
apose,EE_half,683,286,#655348,101,83,72,gt5_from_local_palette,warm/fill,#675040,8,warm/fill,1
apose,EE_half,685,286,#827166,130,113,102,gt5_from_local_palette,warm/fill,#866b56,16,warm/fill,1
apose,EE_half,686,286,#928277,146,130,119,gt5_from_local_palette,warm/fill,#9f8165,18,warm/fill,3
apose,EE_half,687,286,#a29388,162,147,136,gt5_from_local_palette,warm/fill,#b3907c,17,warm/fill,4
apose,EE_half,688,286,#a5968c,165,150,140,gt5_from_local_palette,warm/fill,#b3907c,16,warm/fill,4
apose,EE_half,689,286,#928277,146,130,119,gt5_from_local_palette,warm/fill,#9f8165,18,warm/fill,3
apose,EE_half,674,287,#745e50,116,94,80,gt5_from_local_palette,warm/fill,#6e584a,6,warm/fill,1
apose,EE_half,675,287,#917f73,145,127,115,gt5_from_local_palette,warm/fill,#9f8165,14,warm/fill,2
apose,EE_half,676,287,#a99a8f,169,154,143,gt5_from_local_palette,warm/fill,#b3907c,19,warm/fill,2
apose,EE_half,677,287,#bcaea4,188,174,164,gt5_from_local_palette,warm/fill,#cca995,16,warm/fill,2
apose,EE_half,678,287,#d5c9bf,213,201,191,gt5_from_local_palette,warm/fill,#f0ccb4,27,warm/fill,4
apose,EE_half,679,287,#d5c9bf,213,201,191,gt5_from_local_palette,warm/fill,#f0ccb4,27,warm/fill,4
apose,EE_half,680,287,#d5c9bf,213,201,191,gt5_from_local_palette,warm/fill,#f0ccb4,27,warm/fill,4
apose,EE_half,681,287,#d5c9bf,213,201,191,gt5_from_local_palette,warm/fill,#f0ccb4,27,warm/fill,4
apose,EE_half,682,287,#d5c9bf,213,201,191,gt5_from_local_palette,warm/fill,#f0ccb4,27,warm/fill,4
apose,EE_half,683,287,#bcaea4,188,174,164,gt5_from_local_palette,warm/fill,#cca995,16,warm/fill,2
apose,EE_half,684,287,#a99a8f,169,154,143,gt5_from_local_palette,warm/fill,#b3907c,19,warm/fill,2
apose,EE_half,685,287,#917f73,145,127,115,gt5_from_local_palette,warm/fill,#9f8165,14,warm/fill,2
apose,EE_half,686,287,#745e50,116,94,80,gt5_from_local_palette,warm/fill,#6e584a,6,warm/fill,1
apose,OH,678,283,#8c7b70,140,123,112,gt5_from_local_palette,warm/fill,#94745f,17,warm/fill,2
apose,OH,679,283,#938177,147,129,119,gt5_from_local_palette,warm/fill,#a4846b,17,warm/fill,3
apose,OH,680,283,#a9998e,169,153,142,gt5_from_local_palette,warm/fill,#b3907c,18,warm/fill,2
apose,OH,681,283,#938177,147,129,119,gt5_from_local_palette,warm/fill,#a4846b,17,warm/fill,3
apose,OH,682,283,#8c7b70,140,123,112,gt5_from_local_palette,warm/fill,#94745f,17,warm/fill,2
apose,OH,676,284,#7c665c,124,102,92,gt5_from_local_palette,warm/fill,#7e6453,9,warm/fill,1
apose,OH,684,284,#7c665c,124,102,92,gt5_from_local_palette,warm/fill,#7e6453,9,warm/fill,1
apose,OH,678,291,#784537,120,69,55,gt5_from_local_palette,warm/fill,#734b31,6,warm/fill,6
apose,OH,679,291,#854c3e,133,76,62,gt5_from_local_palette,warm/fill,#7c4e37,9,warm/fill,6
apose,OH,680,291,#854c3e,133,76,62,gt5_from_local_palette,warm/fill,#7c4e37,9,warm/fill,6
apose,OH,681,291,#854c3e,133,76,62,gt5_from_local_palette,warm/fill,#7c4e37,9,warm/fill,6
apose,OH,682,291,#784537,120,69,55,gt5_from_local_palette,warm/fill,#734b31,6,warm/fill,6
apose,OH,676,292,#965747,150,87,71,gt5_from_local_palette,warm/fill,#945f3f,8,warm/fill,7
apose,OH,677,292,#9c5a4a,156,90,74,gt5_from_local_palette,warm/fill,#936242,9,warm/fill,6
apose,OH,678,292,#9c5a4a,156,90,74,gt5_from_local_palette,warm/fill,#936242,9,warm/fill,6
apose,OH,679,292,#9c5a4a,156,90,74,gt5_from_local_palette,warm/fill,#936242,9,warm/fill,6
apose,OH,680,292,#9c5a4a,156,90,74,gt5_from_local_palette,warm/fill,#936242,9,warm/fill,6
apose,OH,681,292,#9c5a4a,156,90,74,gt5_from_local_palette,warm/fill,#936242,9,warm/fill,6
apose,OH,682,292,#9c5a4a,156,90,74,gt5_from_local_palette,warm/fill,#936242,9,warm/fill,6
apose,OH,683,292,#9c5a4a,156,90,74,gt5_from_local_palette,warm/fill,#936242,9,warm/fill,6
apose,OH,684,292,#965747,150,87,71,gt5_from_local_palette,warm/fill,#945f3f,8,warm/fill,7
apose,OH,675,293,#946254,148,98,84,gt5_from_local_palette,warm/fill,#8e694e,7,warm/fill,5
apose,OH,676,293,#9c5a4a,156,90,74,gt5_from_local_palette,warm/fill,#936242,9,warm/fill,6
apose,OH,677,293,#9c5a4a,156,90,74,gt5_from_local_palette,warm/fill,#936242,9,warm/fill,6
apose,OH,678,293,#9c5a4a,156,90,74,gt5_from_local_palette,warm/fill,#936242,9,warm/fill,6
apose,OH,679,293,#9c5a4a,156,90,74,gt5_from_local_palette,warm/fill,#936242,9,warm/fill,6
apose,OH,680,293,#9c5a4a,156,90,74,gt5_from_local_palette,warm/fill,#936242,9,warm/fill,6
apose,OH,681,293,#9c5a4a,156,90,74,gt5_from_local_palette,warm/fill,#936242,9,warm/fill,6
apose,OH,682,293,#9c5a4a,156,90,74,gt5_from_local_palette,warm/fill,#936242,9,warm/fill,6
apose,OH,683,293,#9c5a4a,156,90,74,gt5_from_local_palette,warm/fill,#936242,9,warm/fill,6
apose,OH,684,293,#9c5a4a,156,90,74,gt5_from_local_palette,warm/fill,#936242,9,warm/fill,6
apose,OH,685,293,#946254,148,98,84,gt5_from_local_palette,warm/fill,#8e694e,7,warm/fill,5
apose,OH,677,294,#a06051,160,96,81,gt5_from_local_palette,warm/fill,#996848,9,warm/fill,7
apose,OH,678,294,#9c5a4a,156,90,74,gt5_from_local_palette,warm/fill,#936242,9,warm/fill,6
apose,OH,679,294,#9c5a4a,156,90,74,gt5_from_local_palette,warm/fill,#936242,9,warm/fill,6
apose,OH,680,294,#9c5a4a,156,90,74,gt5_from_local_palette,warm/fill,#936242,9,warm/fill,6
apose,OH,681,294,#9c5a4a,156,90,74,gt5_from_local_palette,warm/fill,#936242,9,warm/fill,6
apose,OH,682,294,#9c5a4a,156,90,74,gt5_from_local_palette,warm/fill,#936242,9,warm/fill,6
apose,OH,683,294,#a06051,160,96,81,gt5_from_local_palette,warm/fill,#996848,9,warm/fill,7
apose,OH,678,295,#a88679,168,134,121,gt5_from_local_palette,warm/fill,#a88c74,6,warm/fill,2
apose,OH,679,295,#bc9082,188,144,130,gt5_from_local_palette,warm/fill,#b8967a,8,warm/fill,3
apose,OH,680,295,#b38172,179,129,114,gt5_from_local_palette,warm/fill,#ac8671,7,warm/fill,4
apose,OH,681,295,#bc9082,188,144,130,gt5_from_local_palette,warm/fill,#b8967a,8,warm/fill,3
apose,OH,682,295,#a88679,168,134,121,gt5_from_local_palette,warm/fill,#a88c74,6,warm/fill,2
apose,OH_half,676,284,#493429,73,52,41,gt5_from_local_palette,warm/fill,#4d3a2c,6,warm/fill,1
apose,OH_half,684,284,#493429,73,52,41,gt5_from_local_palette,warm/fill,#4d3a2c,6,warm/fill,1
apose,OH_half,674,285,#4e342a,78,52,42,gt5_from_local_palette,warm/fill,#4d3a2c,6,warm/fill,2
apose,OH_half,686,285,#4e342a,78,52,42,gt5_from_local_palette,warm/fill,#4d3a2c,6,warm/fill,2
apose,OH_half,680,289,#794538,121,69,56,gt5_from_local_palette,warm/fill,#774b32,6,warm/fill,6
apose,OH_half,678,290,#7e4638,126,70,56,gt5_from_local_palette,warm/fill,#774b32,7,warm/fill,7
apose,OH_half,679,290,#8d5041,141,80,65,gt5_from_local_palette,warm/fill,#845740,9,warm/fill,8
apose,OH_half,680,290,#8d5041,141,80,65,gt5_from_local_palette,warm/fill,#845740,9,warm/fill,8
apose,OH_half,681,290,#8d5041,141,80,65,gt5_from_local_palette,warm/fill,#845740,9,warm/fill,8
apose,OH_half,682,290,#7e4638,126,70,56,gt5_from_local_palette,warm/fill,#774b32,7,warm/fill,7
tpose,AA,673,275,#877163,135,113,99,gt5_from_local_palette,warm/fill,#836b62,6,warm/fill,2
tpose,AA,674,275,#907a6d,144,122,109,gt5_from_local_palette,warm/fill,#8f7161,12,warm/fill,3
tpose,AA,675,275,#998477,153,132,119,gt5_from_local_palette,warm/fill,#a3856c,11,warm/fill,3
tpose,AA,676,275,#a89588,168,149,136,gt5_from_local_palette,warm/fill,#b7977e,15,warm/fill,6
tpose,AA,677,275,#c0afa4,192,175,164,gt5_from_local_palette,warm/fill,#ccae93,17,warm/fill,3
tpose,AA,678,275,#c0afa4,192,175,164,gt5_from_local_palette,warm/fill,#ccae93,17,warm/fill,3
tpose,AA,679,275,#c0afa4,192,175,164,gt5_from_local_palette,warm/fill,#ccae93,17,warm/fill,3
tpose,AA,680,275,#c5b6aa,197,182,170,gt5_from_local_palette,warm/fill,#ccae93,23,warm/fill,4
tpose,AA,681,275,#d7cabf,215,202,191,gt5_from_local_palette,warm/fill,#ccae93,44,warm/fill,4
tpose,AA,682,275,#c5b6aa,197,182,170,gt5_from_local_palette,warm/fill,#ccae93,23,warm/fill,4
tpose,AA,683,275,#c0afa4,192,175,164,gt5_from_local_palette,warm/fill,#ccae93,17,warm/fill,3
tpose,AA,684,275,#c0afa4,192,175,164,gt5_from_local_palette,warm/fill,#ccae93,17,warm/fill,3
tpose,AA,685,275,#c0afa4,192,175,164,gt5_from_local_palette,warm/fill,#ccae93,17,warm/fill,3
tpose,AA,686,275,#a89588,168,149,136,gt5_from_local_palette,warm/fill,#b7977e,15,warm/fill,6
tpose,AA,687,275,#998477,153,132,119,gt5_from_local_palette,warm/fill,#a3856c,11,warm/fill,3
tpose,AA,688,275,#907a6d,144,122,109,gt5_from_local_palette,warm/fill,#8f7161,12,warm/fill,3
tpose,AA,689,275,#877163,135,113,99,gt5_from_local_palette,warm/fill,#836b62,6,warm/fill,2
tpose,AA,666,276,#735a4b,115,90,75,gt5_from_local_palette,warm/fill,#6d5346,7,warm/fill,1
tpose,AA,667,276,#a89588,168,149,136,gt5_from_local_palette,warm/fill,#b7977e,15,warm/fill,6
tpose,AA,668,276,#cec0b5,206,192,181,gt5_from_local_palette,warm/fill,#ccae93,34,warm/fill,5
tpose,AA,669,276,#ece1d7,236,225,215,gt5_from_local_palette,warm/fill,#ccae93,68,warm/fill,2
tpose,AA,670,276,#efe4da,239,228,218,gt5_from_local_palette,warm/fill,#ccae93,71,warm/fill,2
tpose,AA,671,276,#efe4da,239,228,218,gt5_from_local_palette,warm/fill,#ccae93,71,warm/fill,2
tpose,AA,672,276,#d9ccc2,217,204,194,gt5_from_local_palette,warm/fill,#ccae93,47,warm/fill,4
tpose,AA,673,276,#d9ccc2,217,204,194,gt5_from_local_palette,warm/fill,#ccae93,47,warm/fill,4
tpose,AA,674,276,#c3b4aa,195,180,170,gt5_from_local_palette,warm/fill,#ccae93,23,warm/fill,3
tpose,AA,675,276,#c3b4aa,195,180,170,gt5_from_local_palette,warm/fill,#ccae93,23,warm/fill,3
tpose,AA,676,276,#c0b1a7,192,177,167,gt5_from_local_palette,warm/fill,#ccae93,20,warm/fill,2
tpose,AA,677,276,#ad9c92,173,156,146,gt5_from_local_palette,warm/fill,#bc9d85,15,warm/fill,4
tpose,AA,678,276,#ad9c92,173,156,146,gt5_from_local_palette,warm/fill,#bc9d85,15,warm/fill,4
tpose,AA,679,276,#ad9c92,173,156,146,gt5_from_local_palette,warm/fill,#bc9d85,15,warm/fill,4
tpose,AA,680,276,#ad9c92,173,156,146,gt5_from_local_palette,warm/fill,#bc9d85,15,warm/fill,4
tpose,AA,681,276,#ad9c92,173,156,146,gt5_from_local_palette,warm/fill,#bc9d85,15,warm/fill,4
tpose,AA,682,276,#ad9c92,173,156,146,gt5_from_local_palette,warm/fill,#bc9d85,15,warm/fill,4
tpose,AA,683,276,#ad9c92,173,156,146,gt5_from_local_palette,warm/fill,#bc9d85,15,warm/fill,4
tpose,AA,684,276,#ad9c92,173,156,146,gt5_from_local_palette,warm/fill,#bc9d85,15,warm/fill,4
tpose,AA,685,276,#ad9c92,173,156,146,gt5_from_local_palette,warm/fill,#bc9d85,15,warm/fill,4
tpose,AA,686,276,#c0b1a7,192,177,167,gt5_from_local_palette,warm/fill,#ccae93,20,warm/fill,2
tpose,AA,687,276,#c3b4aa,195,180,170,gt5_from_local_palette,warm/fill,#ccae93,23,warm/fill,3
tpose,AA,688,276,#c3b4aa,195,180,170,gt5_from_local_palette,warm/fill,#ccae93,23,warm/fill,3
tpose,AA,689,276,#d9ccc2,217,204,194,gt5_from_local_palette,warm/fill,#ccae93,47,warm/fill,4
tpose,AA,690,276,#d9ccc2,217,204,194,gt5_from_local_palette,warm/fill,#ccae93,47,warm/fill,4
tpose,AA,691,276,#efe4da,239,228,218,gt5_from_local_palette,warm/fill,#ccae93,71,warm/fill,2
tpose,AA,692,276,#efe4da,239,228,218,gt5_from_local_palette,warm/fill,#ccae93,71,warm/fill,2
tpose,AA,693,276,#ece1d7,236,225,215,gt5_from_local_palette,warm/fill,#ccae93,68,warm/fill,2
tpose,AA,694,276,#cec0b5,206,192,181,gt5_from_local_palette,warm/fill,#ccae93,34,warm/fill,5
tpose,AA,695,276,#a89588,168,149,136,gt5_from_local_palette,warm/fill,#b7977e,15,warm/fill,6
tpose,AA,668,277,#6e564c,110,86,76,gt5_from_local_palette,warm/fill,#6d5346,6,warm/fill,1
tpose,AA,696,277,#8f7a70,143,122,112,gt5_from_local_palette,warm/fill,#9d7d63,14,warm/fill,3
tpose,AA,680,283,#794538,121,69,56,gt5_from_local_palette,warm/fill,#744932,6,warm/fill,4
tpose,AA,681,283,#794538,121,69,56,gt5_from_local_palette,warm/fill,#744932,6,warm/fill,4
tpose,AA,682,283,#794538,121,69,56,gt5_from_local_palette,warm/fill,#744932,6,warm/fill,4
tpose,AA,674,284,#754335,117,67,53,gt5_from_local_palette,warm/fill,#744932,6,warm/fill,5
tpose,AA,675,284,#925445,146,84,69,gt5_from_local_palette,warm/fill,#895d46,9,warm/fill,7
tpose,AA,676,284,#9c5a4a,156,90,74,gt5_from_local_palette,warm/fill,#936246,9,warm/fill,5
tpose,AA,677,284,#9c5a4a,156,90,74,gt5_from_local_palette,warm/fill,#936246,9,warm/fill,5
tpose,AA,678,284,#9c5a4a,156,90,74,gt5_from_local_palette,warm/fill,#936246,9,warm/fill,5
tpose,AA,679,284,#9c5a4a,156,90,74,gt5_from_local_palette,warm/fill,#936246,9,warm/fill,5
tpose,AA,680,284,#9c5a4a,156,90,74,gt5_from_local_palette,warm/fill,#936246,9,warm/fill,5
tpose,AA,681,284,#9c5a4a,156,90,74,gt5_from_local_palette,warm/fill,#936246,9,warm/fill,5
tpose,AA,682,284,#9c5a4a,156,90,74,gt5_from_local_palette,warm/fill,#936246,9,warm/fill,5
tpose,AA,683,284,#9c5a4a,156,90,74,gt5_from_local_palette,warm/fill,#936246,9,warm/fill,5
tpose,AA,684,284,#9c5a4a,156,90,74,gt5_from_local_palette,warm/fill,#936246,9,warm/fill,5
tpose,AA,685,284,#9c5a4a,156,90,74,gt5_from_local_palette,warm/fill,#936246,9,warm/fill,5
tpose,AA,686,284,#9c5a4a,156,90,74,gt5_from_local_palette,warm/fill,#936246,9,warm/fill,5
tpose,AA,687,284,#935545,147,85,69,gt5_from_local_palette,warm/fill,#8a5d3e,9,warm/fill,6
tpose,AA,672,285,#7f493b,127,73,59,gt5_from_local_palette,warm/fill,#794f35,6,warm/fill,5
tpose,AA,673,285,#9c5a4a,156,90,74,gt5_from_local_palette,warm/fill,#936246,9,warm/fill,5
tpose,AA,674,285,#9c5a4a,156,90,74,gt5_from_local_palette,warm/fill,#936246,9,warm/fill,5
tpose,AA,675,285,#9c5a4a,156,90,74,gt5_from_local_palette,warm/fill,#936246,9,warm/fill,5
tpose,AA,676,285,#9c5a4a,156,90,74,gt5_from_local_palette,warm/fill,#936246,9,warm/fill,5
tpose,AA,677,285,#9c5a4a,156,90,74,gt5_from_local_palette,warm/fill,#936246,9,warm/fill,5
tpose,AA,678,285,#9c5a4a,156,90,74,gt5_from_local_palette,warm/fill,#936246,9,warm/fill,5
tpose,AA,679,285,#9c5a4a,156,90,74,gt5_from_local_palette,warm/fill,#936246,9,warm/fill,5
tpose,AA,680,285,#9c5a4a,156,90,74,gt5_from_local_palette,warm/fill,#936246,9,warm/fill,5
tpose,AA,681,285,#9c5a4a,156,90,74,gt5_from_local_palette,warm/fill,#936246,9,warm/fill,5
tpose,AA,682,285,#9c5a4a,156,90,74,gt5_from_local_palette,warm/fill,#936246,9,warm/fill,5
tpose,AA,683,285,#9c5a4a,156,90,74,gt5_from_local_palette,warm/fill,#936246,9,warm/fill,5
tpose,AA,684,285,#9c5a4a,156,90,74,gt5_from_local_palette,warm/fill,#936246,9,warm/fill,5
tpose,AA,685,285,#9c5a4a,156,90,74,gt5_from_local_palette,warm/fill,#936246,9,warm/fill,5
tpose,AA,686,285,#9c5a4a,156,90,74,gt5_from_local_palette,warm/fill,#936246,9,warm/fill,5
tpose,AA,687,285,#9c5a4a,156,90,74,gt5_from_local_palette,warm/fill,#936246,9,warm/fill,5
tpose,AA,688,285,#9c5a4a,156,90,74,gt5_from_local_palette,warm/fill,#936246,9,warm/fill,5
tpose,AA,689,285,#9c5a4a,156,90,74,gt5_from_local_palette,warm/fill,#936246,9,warm/fill,5
tpose,AA,690,285,#834b3d,131,75,61,gt5_from_local_palette,warm/fill,#7c5037,7,warm/fill,5
tpose,AA,671,286,#ab8376,171,131,118,gt5_from_local_palette,warm/fill,#a98a6f,7,warm/fill,2
tpose,AA,672,286,#9f5e4e,159,94,78,gt5_from_local_palette,warm/fill,#976445,9,warm/fill,6
tpose,AA,673,286,#9c5a4a,156,90,74,gt5_from_local_palette,warm/fill,#936246,9,warm/fill,5
tpose,AA,674,286,#9c5a4a,156,90,74,gt5_from_local_palette,warm/fill,#936246,9,warm/fill,5
tpose,AA,675,286,#9c5a4a,156,90,74,gt5_from_local_palette,warm/fill,#936246,9,warm/fill,5
tpose,AA,676,286,#9c5a4a,156,90,74,gt5_from_local_palette,warm/fill,#936246,9,warm/fill,5
tpose,AA,677,286,#9c5a4a,156,90,74,gt5_from_local_palette,warm/fill,#936246,9,warm/fill,5
tpose,AA,678,286,#9c5a4a,156,90,74,gt5_from_local_palette,warm/fill,#936246,9,warm/fill,5
tpose,AA,679,286,#9c5a4a,156,90,74,gt5_from_local_palette,warm/fill,#936246,9,warm/fill,5
tpose,AA,680,286,#9c5a4a,156,90,74,gt5_from_local_palette,warm/fill,#936246,9,warm/fill,5
tpose,AA,681,286,#9c5a4a,156,90,74,gt5_from_local_palette,warm/fill,#936246,9,warm/fill,5
tpose,AA,682,286,#9c5a4a,156,90,74,gt5_from_local_palette,warm/fill,#936246,9,warm/fill,5
tpose,AA,683,286,#9c5a4a,156,90,74,gt5_from_local_palette,warm/fill,#936246,9,warm/fill,5
tpose,AA,684,286,#9c5a4a,156,90,74,gt5_from_local_palette,warm/fill,#936246,9,warm/fill,5
tpose,AA,685,286,#9c5a4a,156,90,74,gt5_from_local_palette,warm/fill,#936246,9,warm/fill,5
tpose,AA,686,286,#9c5a4a,156,90,74,gt5_from_local_palette,warm/fill,#936246,9,warm/fill,5
tpose,AA,687,286,#9c5a4a,156,90,74,gt5_from_local_palette,warm/fill,#936246,9,warm/fill,5
tpose,AA,688,286,#9c5a4a,156,90,74,gt5_from_local_palette,warm/fill,#936246,9,warm/fill,5
tpose,AA,689,286,#9c5a4a,156,90,74,gt5_from_local_palette,warm/fill,#936246,9,warm/fill,5
tpose,AA,690,286,#9d5c4c,157,92,76,gt5_from_local_palette,warm/fill,#976445,8,warm/fill,5
tpose,AA,691,286,#ae8578,174,133,120,gt5_from_local_palette,warm/fill,#a88c6f,9,warm/fill,3
tpose,AA,672,287,#91776a,145,119,106,gt5_from_local_palette,warm/fill,#8f7161,9,warm/fill,3
tpose,AA,673,287,#ba9082,186,144,130,gt5_from_local_palette,warm/fill,#b7977e,7,warm/fill,5
tpose,AA,674,287,#a16353,161,99,83,gt5_from_local_palette,warm/fill,#996b4d,8,warm/fill,6
tpose,AA,675,287,#9c5a4a,156,90,74,gt5_from_local_palette,warm/fill,#936246,9,warm/fill,5
tpose,AA,676,287,#9c5a4a,156,90,74,gt5_from_local_palette,warm/fill,#936246,9,warm/fill,5
tpose,AA,677,287,#9c5a4a,156,90,74,gt5_from_local_palette,warm/fill,#936246,9,warm/fill,5
tpose,AA,678,287,#9c5a4a,156,90,74,gt5_from_local_palette,warm/fill,#936246,9,warm/fill,5
tpose,AA,679,287,#9c5a4a,156,90,74,gt5_from_local_palette,warm/fill,#936246,9,warm/fill,5
tpose,AA,680,287,#9c5a4a,156,90,74,gt5_from_local_palette,warm/fill,#936246,9,warm/fill,5
tpose,AA,681,287,#9c5a4a,156,90,74,gt5_from_local_palette,warm/fill,#936246,9,warm/fill,5
tpose,AA,682,287,#9c5a4a,156,90,74,gt5_from_local_palette,warm/fill,#936246,9,warm/fill,5
tpose,AA,683,287,#9c5a4a,156,90,74,gt5_from_local_palette,warm/fill,#936246,9,warm/fill,5
tpose,AA,684,287,#9c5a4a,156,90,74,gt5_from_local_palette,warm/fill,#936246,9,warm/fill,5
tpose,AA,685,287,#9c5a4a,156,90,74,gt5_from_local_palette,warm/fill,#936246,9,warm/fill,5
tpose,AA,686,287,#9c5a4a,156,90,74,gt5_from_local_palette,warm/fill,#936246,9,warm/fill,5
tpose,AA,687,287,#9c5a4a,156,90,74,gt5_from_local_palette,warm/fill,#936246,9,warm/fill,5
tpose,AA,688,287,#a06051,160,96,81,gt5_from_local_palette,warm/fill,#9b684b,8,warm/fill,6
tpose,AA,689,287,#b98e80,185,142,128,gt5_from_local_palette,warm/fill,#b7977e,9,warm/fill,5
tpose,AA,675,288,#b19184,177,145,132,gt5_from_local_palette,warm/fill,#b7977e,6,warm/fill,4
tpose,AA,676,288,#bb8e80,187,142,128,gt5_from_local_palette,warm/fill,#b7977e,9,warm/fill,5
tpose,AA,677,288,#aa7263,170,114,99,gt5_from_local_palette,warm/fill,#a2775c,8,warm/fill,6
tpose,AA,678,288,#9c5a4a,156,90,74,gt5_from_local_palette,warm/fill,#936246,9,warm/fill,5
tpose,AA,679,288,#9c5a4a,156,90,74,gt5_from_local_palette,warm/fill,#936246,9,warm/fill,5
tpose,AA,680,288,#9c5a4a,156,90,74,gt5_from_local_palette,warm/fill,#936246,9,warm/fill,5
tpose,AA,681,288,#9c5a4a,156,90,74,gt5_from_local_palette,warm/fill,#936246,9,warm/fill,5
tpose,AA,682,288,#9c5a4a,156,90,74,gt5_from_local_palette,warm/fill,#936246,9,warm/fill,5
tpose,AA,683,288,#9c5a4a,156,90,74,gt5_from_local_palette,warm/fill,#936246,9,warm/fill,5
tpose,AA,684,288,#9c5a4a,156,90,74,gt5_from_local_palette,warm/fill,#936246,9,warm/fill,5
tpose,AA,685,288,#a86d5e,168,109,94,gt5_from_local_palette,warm/fill,#a27755,10,warm/fill,5
tpose,AA,686,288,#bb8e80,187,142,128,gt5_from_local_palette,warm/fill,#b7977e,9,warm/fill,5
tpose,AA,687,288,#af8d80,175,141,128,gt5_from_local_palette,warm/fill,#b7977e,10,warm/fill,3
tpose,AA,677,289,#745b4c,116,91,76,gt5_from_local_palette,warm/fill,#6d5346,8,warm/fill,1
tpose,AA,678,289,#968073,150,128,115,gt5_from_local_palette,warm/fill,#9e7d67,12,warm/fill,2
tpose,AA,679,289,#a4897c,164,137,124,gt5_from_local_palette,warm/fill,#a88c6f,13,warm/fill,2
tpose,AA,680,289,#ab8d80,171,141,128,gt5_from_local_palette,warm/fill,#b29175,11,warm/fill,3
tpose,AA,681,289,#ab8d80,171,141,128,gt5_from_local_palette,warm/fill,#b29175,11,warm/fill,3
tpose,AA,682,289,#ab8d80,171,141,128,gt5_from_local_palette,warm/fill,#b29175,11,warm/fill,3
tpose,AA,683,289,#a4897c,164,137,124,gt5_from_local_palette,warm/fill,#a88c6f,13,warm/fill,2
tpose,AA,684,289,#957e70,149,126,112,gt5_from_local_palette,warm/fill,#9e7d67,9,warm/fill,2
tpose,AA_half,665,276,#7a6255,122,98,85,gt5_from_local_palette,warm/fill,#755c54,6,warm/fill,1
tpose,AA_half,666,276,#7e675b,126,103,91,gt5_from_local_palette,warm/fill,#836b62,7,warm/fill,1
tpose,AA_half,667,276,#8e786c,142,120,108,gt5_from_local_palette,warm/fill,#8f7161,11,warm/fill,2
tpose,AA_half,668,276,#a28f84,162,143,132,gt5_from_local_palette,warm/fill,#b29175,16,warm/fill,7
tpose,AA_half,669,276,#ab998e,171,153,142,gt5_from_local_palette,warm/fill,#b7977e,16,warm/fill,5
tpose,AA_half,670,276,#ab998e,171,153,142,gt5_from_local_palette,warm/fill,#b7977e,16,warm/fill,5
tpose,AA_half,671,276,#c0b0a6,192,176,166,gt5_from_local_palette,warm/fill,#ccae93,19,warm/fill,2
tpose,AA_half,672,276,#b2a298,178,162,152,gt5_from_local_palette,warm/fill,#c4a589,18,warm/fill,6
tpose,AA_half,673,276,#ad9c92,173,156,146,gt5_from_local_palette,warm/fill,#bc9d85,15,warm/fill,4
tpose,AA_half,674,276,#ad9c92,173,156,146,gt5_from_local_palette,warm/fill,#bc9d85,15,warm/fill,4
tpose,AA_half,675,276,#ad9c92,173,156,146,gt5_from_local_palette,warm/fill,#bc9d85,15,warm/fill,4
tpose,AA_half,676,276,#ad9c92,173,156,146,gt5_from_local_palette,warm/fill,#bc9d85,15,warm/fill,4
tpose,AA_half,677,276,#ad9c92,173,156,146,gt5_from_local_palette,warm/fill,#bc9d85,15,warm/fill,4
tpose,AA_half,678,276,#ad9c92,173,156,146,gt5_from_local_palette,warm/fill,#bc9d85,15,warm/fill,4
tpose,AA_half,679,276,#ad9c92,173,156,146,gt5_from_local_palette,warm/fill,#bc9d85,15,warm/fill,4
tpose,AA_half,680,276,#ad9c92,173,156,146,gt5_from_local_palette,warm/fill,#bc9d85,15,warm/fill,4
tpose,AA_half,681,276,#ad9c92,173,156,146,gt5_from_local_palette,warm/fill,#bc9d85,15,warm/fill,4
tpose,AA_half,682,276,#ad9c92,173,156,146,gt5_from_local_palette,warm/fill,#bc9d85,15,warm/fill,4
tpose,AA_half,683,276,#ad9c92,173,156,146,gt5_from_local_palette,warm/fill,#bc9d85,15,warm/fill,4
tpose,AA_half,684,276,#ad9c92,173,156,146,gt5_from_local_palette,warm/fill,#bc9d85,15,warm/fill,4
tpose,AA_half,685,276,#ad9c92,173,156,146,gt5_from_local_palette,warm/fill,#bc9d85,15,warm/fill,4
tpose,AA_half,686,276,#ad9c92,173,156,146,gt5_from_local_palette,warm/fill,#bc9d85,15,warm/fill,4
tpose,AA_half,687,276,#ad9c92,173,156,146,gt5_from_local_palette,warm/fill,#bc9d85,15,warm/fill,4
tpose,AA_half,688,276,#ad9c92,173,156,146,gt5_from_local_palette,warm/fill,#bc9d85,15,warm/fill,4
tpose,AA_half,689,276,#ad9c92,173,156,146,gt5_from_local_palette,warm/fill,#bc9d85,15,warm/fill,4
tpose,AA_half,690,276,#b2a298,178,162,152,gt5_from_local_palette,warm/fill,#c4a589,18,warm/fill,6
tpose,AA_half,691,276,#c0b0a6,192,176,166,gt5_from_local_palette,warm/fill,#ccae93,19,warm/fill,2
tpose,AA_half,692,276,#ab998e,171,153,142,gt5_from_local_palette,warm/fill,#b7977e,16,warm/fill,5
tpose,AA_half,693,276,#ab998e,171,153,142,gt5_from_local_palette,warm/fill,#b7977e,16,warm/fill,5
tpose,AA_half,694,276,#a28f84,162,143,132,gt5_from_local_palette,warm/fill,#b29175,16,warm/fill,7
tpose,AA_half,695,276,#8e786c,142,120,108,gt5_from_local_palette,warm/fill,#8f7161,11,warm/fill,2
tpose,AA_half,697,276,#7a6255,122,98,85,gt5_from_local_palette,warm/fill,#755c54,6,warm/fill,1
tpose,AA_half,679,281,#6e3e32,110,62,50,gt5_from_local_palette,warm/fill,#67422d,7,warm/fill,4
tpose,AA_half,680,281,#794538,121,69,56,gt5_from_local_palette,warm/fill,#744932,6,warm/fill,4
tpose,AA_half,681,281,#794538,121,69,56,gt5_from_local_palette,warm/fill,#744932,6,warm/fill,4
tpose,AA_half,682,281,#794538,121,69,56,gt5_from_local_palette,warm/fill,#744932,6,warm/fill,4
tpose,AA_half,683,281,#6e3e32,110,62,50,gt5_from_local_palette,warm/fill,#67422d,7,warm/fill,4
tpose,AA_half,671,284,#794e2c,121,78,44,gt5_from_local_palette,warm/fill,#73482a,6,warm/fill,1
tpose,EE,666,276,#e3d7cc,227,215,204,gt5_from_local_palette,warm/fill,#ccae93,57,warm/fill,3
tpose,EE,667,276,#cec0b5,206,192,181,gt5_from_local_palette,warm/fill,#ccae93,34,warm/fill,5
tpose,EE,668,276,#ae9b8f,174,155,143,gt5_from_local_palette,warm/fill,#bc9d85,14,warm/fill,5
tpose,EE,694,276,#ae9b8f,174,155,143,gt5_from_local_palette,warm/fill,#bc9d85,14,warm/fill,5
tpose,EE,695,276,#cbbcb1,203,188,177,gt5_from_local_palette,warm/fill,#ccae93,30,warm/fill,5
tpose,EE,696,276,#e0d4c9,224,212,201,gt5_from_local_palette,warm/fill,#ccae93,54,warm/fill,4
tpose,EE,697,276,#8d7768,141,119,104,gt5_from_local_palette,warm/fill,#8f7161,7,warm/fill,1
tpose,EE,667,277,#9d887b,157,136,123,gt5_from_local_palette,warm/fill,#a88c6f,12,warm/fill,3
tpose,EE,668,277,#e9ddd3,233,221,211,gt5_from_local_palette,warm/fill,#ccae93,64,warm/fill,3
tpose,EE,669,277,#efe4da,239,228,218,gt5_from_local_palette,warm/fill,#ccae93,71,warm/fill,2
tpose,EE,670,277,#efe4da,239,228,218,gt5_from_local_palette,warm/fill,#ccae93,71,warm/fill,2
tpose,EE,671,277,#efe4da,239,228,218,gt5_from_local_palette,warm/fill,#ccae93,71,warm/fill,2
tpose,EE,672,277,#efe4da,239,228,218,gt5_from_local_palette,warm/fill,#ccae93,71,warm/fill,2
tpose,EE,673,277,#e3d7cc,227,215,204,gt5_from_local_palette,warm/fill,#ccae93,57,warm/fill,3
tpose,EE,674,277,#cbbcb1,203,188,177,gt5_from_local_palette,warm/fill,#ccae93,30,warm/fill,5
tpose,EE,675,277,#bdaca0,189,172,160,gt5_from_local_palette,warm/fill,#ccac92,15,warm/fill,1
tpose,EE,676,277,#a89588,168,149,136,gt5_from_local_palette,warm/fill,#b7977e,15,warm/fill,6
tpose,EE,677,277,#998477,153,132,119,gt5_from_local_palette,warm/fill,#a3856c,11,warm/fill,3
tpose,EE,678,277,#907a6d,144,122,109,gt5_from_local_palette,warm/fill,#8f7161,12,warm/fill,3
tpose,EE,679,277,#907a6d,144,122,109,gt5_from_local_palette,warm/fill,#8f7161,12,warm/fill,3
tpose,EE,680,277,#907a6d,144,122,109,gt5_from_local_palette,warm/fill,#8f7161,12,warm/fill,3
tpose,EE,681,277,#907a6d,144,122,109,gt5_from_local_palette,warm/fill,#8f7161,12,warm/fill,3
tpose,EE,682,277,#907a6d,144,122,109,gt5_from_local_palette,warm/fill,#8f7161,12,warm/fill,3
tpose,EE,683,277,#907a6d,144,122,109,gt5_from_local_palette,warm/fill,#8f7161,12,warm/fill,3
tpose,EE,684,277,#907a6d,144,122,109,gt5_from_local_palette,warm/fill,#8f7161,12,warm/fill,3
tpose,EE,685,277,#998477,153,132,119,gt5_from_local_palette,warm/fill,#a3856c,11,warm/fill,3
tpose,EE,686,277,#a89588,168,149,136,gt5_from_local_palette,warm/fill,#b7977e,15,warm/fill,6
tpose,EE,687,277,#baa99d,186,169,157,gt5_from_local_palette,warm/fill,#c8aa8e,15,warm/fill,3
tpose,EE,688,277,#cbbcb1,203,188,177,gt5_from_local_palette,warm/fill,#ccae93,30,warm/fill,5
tpose,EE,689,277,#e3d7cc,227,215,204,gt5_from_local_palette,warm/fill,#ccae93,57,warm/fill,3
tpose,EE,690,277,#efe4da,239,228,218,gt5_from_local_palette,warm/fill,#ccae93,71,warm/fill,2
tpose,EE,691,277,#efe4da,239,228,218,gt5_from_local_palette,warm/fill,#ccae93,71,warm/fill,2
tpose,EE,692,277,#efe4da,239,228,218,gt5_from_local_palette,warm/fill,#ccae93,71,warm/fill,2
tpose,EE,693,277,#efe4da,239,228,218,gt5_from_local_palette,warm/fill,#ccae93,71,warm/fill,2
tpose,EE,694,277,#e9ddd3,233,221,211,gt5_from_local_palette,warm/fill,#ccae93,64,warm/fill,3
tpose,EE,695,277,#9d887b,157,136,123,gt5_from_local_palette,warm/fill,#a88c6f,12,warm/fill,3
tpose,EE,669,278,#957f71,149,127,113,gt5_from_local_palette,warm/fill,#9e7d67,10,warm/fill,3
tpose,EE,670,278,#e0d4c9,224,212,201,gt5_from_local_palette,warm/fill,#ccae93,54,warm/fill,4
tpose,EE,671,278,#efe4da,239,228,218,gt5_from_local_palette,warm/fill,#ccae93,71,warm/fill,2
tpose,EE,672,278,#efe4da,239,228,218,gt5_from_local_palette,warm/fill,#ccae93,71,warm/fill,2
tpose,EE,673,278,#efe4da,239,228,218,gt5_from_local_palette,warm/fill,#ccae93,71,warm/fill,2
tpose,EE,674,278,#efe4da,239,228,218,gt5_from_local_palette,warm/fill,#ccae93,71,warm/fill,2
tpose,EE,675,278,#efe4da,239,228,218,gt5_from_local_palette,warm/fill,#ccae93,71,warm/fill,2
tpose,EE,676,278,#efe4da,239,228,218,gt5_from_local_palette,warm/fill,#ccae93,71,warm/fill,2
tpose,EE,677,278,#efe4da,239,228,218,gt5_from_local_palette,warm/fill,#ccae93,71,warm/fill,2
tpose,EE,678,278,#efe4da,239,228,218,gt5_from_local_palette,warm/fill,#ccae93,71,warm/fill,2
tpose,EE,679,278,#efe4da,239,228,218,gt5_from_local_palette,warm/fill,#ccae93,71,warm/fill,2
tpose,EE,680,278,#efe4da,239,228,218,gt5_from_local_palette,warm/fill,#ccae93,71,warm/fill,2
tpose,EE,681,278,#efe4da,239,228,218,gt5_from_local_palette,warm/fill,#ccae93,71,warm/fill,2
tpose,EE,682,278,#efe4da,239,228,218,gt5_from_local_palette,warm/fill,#ccae93,71,warm/fill,2
tpose,EE,683,278,#efe4da,239,228,218,gt5_from_local_palette,warm/fill,#ccae93,71,warm/fill,2
tpose,EE,684,278,#efe4da,239,228,218,gt5_from_local_palette,warm/fill,#ccae93,71,warm/fill,2
tpose,EE,685,278,#efe4da,239,228,218,gt5_from_local_palette,warm/fill,#ccae93,71,warm/fill,2
tpose,EE,686,278,#efe4da,239,228,218,gt5_from_local_palette,warm/fill,#ccae93,71,warm/fill,2
tpose,EE,687,278,#efe4da,239,228,218,gt5_from_local_palette,warm/fill,#ccae93,71,warm/fill,2
tpose,EE,688,278,#efe4da,239,228,218,gt5_from_local_palette,warm/fill,#ccae93,71,warm/fill,2
tpose,EE,689,278,#efe4da,239,228,218,gt5_from_local_palette,warm/fill,#ccae93,71,warm/fill,2
tpose,EE,690,278,#efe4da,239,228,218,gt5_from_local_palette,warm/fill,#ccae93,71,warm/fill,2
tpose,EE,691,278,#efe4da,239,228,218,gt5_from_local_palette,warm/fill,#ccae93,71,warm/fill,2
tpose,EE,692,278,#e3d7cc,227,215,204,gt5_from_local_palette,warm/fill,#ccae93,57,warm/fill,3
tpose,EE,693,278,#978274,151,130,116,gt5_from_local_palette,warm/fill,#a3856c,12,warm/fill,2
tpose,EE,672,279,#b4a296,180,162,150,gt5_from_local_palette,warm/fill,#c4a589,16,warm/fill,5
tpose,EE,673,279,#e4d7cd,228,215,205,gt5_from_local_palette,warm/fill,#ccae93,58,warm/fill,2
tpose,EE,674,279,#cec0b6,206,192,182,gt5_from_local_palette,warm/fill,#ccae93,35,warm/fill,5
tpose,EE,675,279,#bbaba1,187,171,161,gt5_from_local_palette,warm/fill,#ccac92,17,warm/fill,2
tpose,EE,676,279,#c3b4aa,195,180,170,gt5_from_local_palette,warm/fill,#ccae93,23,warm/fill,3
tpose,EE,677,279,#d1c3b9,209,195,185,gt5_from_local_palette,warm/fill,#ccae93,38,warm/fill,6
tpose,EE,678,279,#d9ccc2,217,204,194,gt5_from_local_palette,warm/fill,#ccae93,47,warm/fill,4
tpose,EE,679,279,#e1d5cb,225,213,203,gt5_from_local_palette,warm/fill,#ccae93,56,warm/fill,5
tpose,EE,680,279,#efe4da,239,228,218,gt5_from_local_palette,warm/fill,#ccae93,71,warm/fill,2
tpose,EE,681,279,#efe4da,239,228,218,gt5_from_local_palette,warm/fill,#ccae93,71,warm/fill,2
tpose,EE,682,279,#efe4da,239,228,218,gt5_from_local_palette,warm/fill,#ccae93,71,warm/fill,2
tpose,EE,683,279,#e4d8ce,228,216,206,gt5_from_local_palette,warm/fill,#ccae93,59,warm/fill,3
tpose,EE,684,279,#d9ccc2,217,204,194,gt5_from_local_palette,warm/fill,#ccae93,47,warm/fill,4
tpose,EE,685,279,#d4c6bc,212,198,188,gt5_from_local_palette,warm/fill,#ccae93,41,warm/fill,5
tpose,EE,686,279,#c3b4aa,195,180,170,gt5_from_local_palette,warm/fill,#ccae93,23,warm/fill,3
tpose,EE,687,279,#b8a89e,184,168,158,gt5_from_local_palette,warm/fill,#c8aa8e,16,warm/fill,2
tpose,EE,688,279,#cec0b6,206,192,182,gt5_from_local_palette,warm/fill,#ccae93,35,warm/fill,5
tpose,EE,689,279,#e7dbd1,231,219,209,gt5_from_local_palette,warm/fill,#ccae93,62,warm/fill,3
tpose,EE,690,279,#bdaca0,189,172,160,gt5_from_local_palette,warm/fill,#ccac92,15,warm/fill,1
tpose,EE,691,279,#7b6252,123,98,82,gt5_from_local_palette,warm/fill,#755c54,6,warm/fill,1
tpose,EE,675,280,#9c887b,156,136,123,gt5_from_local_palette,warm/fill,#a88c6f,12,warm/fill,3
tpose,EE,676,280,#aa988d,170,152,141,gt5_from_local_palette,warm/fill,#b7977e,15,warm/fill,6
tpose,EE,677,280,#ac9b90,172,155,144,gt5_from_local_palette,warm/fill,#bb9c80,16,warm/fill,4
tpose,EE,678,280,#9c8a80,156,138,128,gt5_from_local_palette,warm/fill,#a88c6f,17,warm/fill,5
tpose,EE,679,280,#8c776d,140,119,109,gt5_from_local_palette,warm/fill,#836b62,12,warm/fill,2
tpose,EE,683,280,#8c776d,140,119,109,gt5_from_local_palette,warm/fill,#836b62,12,warm/fill,2
tpose,EE,684,280,#9c8a80,156,138,128,gt5_from_local_palette,warm/fill,#a88c6f,17,warm/fill,5
tpose,EE,685,280,#af9e94,175,158,148,gt5_from_local_palette,warm/fill,#bc9d85,15,warm/fill,5
tpose,EE,686,280,#aa988d,170,152,141,gt5_from_local_palette,warm/fill,#b7977e,15,warm/fill,6
tpose,EE,687,280,#9f8b7e,159,139,126,gt5_from_local_palette,warm/fill,#a88c6f,15,warm/fill,3
tpose,EE_half,672,277,#8d7768,141,119,104,gt5_from_local_palette,warm/fill,#8f7161,7,warm/fill,1
tpose,EE_half,673,277,#9f8b7e,159,139,126,gt5_from_local_palette,warm/fill,#a88c6f,15,warm/fill,3
tpose,EE_half,674,277,#ae9b8f,174,155,143,gt5_from_local_palette,warm/fill,#bc9d85,14,warm/fill,5
tpose,EE_half,675,277,#9f8b7e,159,139,126,gt5_from_local_palette,warm/fill,#a88c6f,15,warm/fill,3
tpose,EE_half,676,277,#8d776a,141,119,106,gt5_from_local_palette,warm/fill,#8f7161,9,warm/fill,2
tpose,EE_half,687,277,#9f8b7e,159,139,126,gt5_from_local_palette,warm/fill,#a88c6f,15,warm/fill,3
tpose,EE_half,688,277,#b19f92,177,159,146,gt5_from_local_palette,warm/fill,#bc9d85,13,warm/fill,6
tpose,EE_half,689,277,#a28e81,162,142,129,gt5_from_local_palette,warm/fill,#b29175,16,warm/fill,4
tpose,EE_half,690,277,#8d7768,141,119,104,gt5_from_local_palette,warm/fill,#8f7161,7,warm/fill,1
tpose,EE_half,677,278,#9b8679,155,134,121,gt5_from_local_palette,warm/fill,#a3856c,13,warm/fill,2
tpose,EE_half,678,278,#ae9b8f,174,155,143,gt5_from_local_palette,warm/fill,#bc9d85,14,warm/fill,5
tpose,EE_half,679,278,#c0afa4,192,175,164,gt5_from_local_palette,warm/fill,#ccae93,17,warm/fill,3
tpose,EE_half,680,278,#c5b6aa,197,182,170,gt5_from_local_palette,warm/fill,#ccae93,23,warm/fill,4
tpose,EE_half,681,278,#d7cabf,215,202,191,gt5_from_local_palette,warm/fill,#ccae93,44,warm/fill,4
tpose,EE_half,682,278,#c5b6aa,197,182,170,gt5_from_local_palette,warm/fill,#ccae93,23,warm/fill,4
tpose,EE_half,683,278,#c0afa4,192,175,164,gt5_from_local_palette,warm/fill,#ccae93,17,warm/fill,3
tpose,EE_half,684,278,#ae9b8f,174,155,143,gt5_from_local_palette,warm/fill,#bc9d85,14,warm/fill,5
tpose,EE_half,685,278,#9b8679,155,134,121,gt5_from_local_palette,warm/fill,#a3856c,13,warm/fill,2
tpose,EE_half,681,287,#794e2c,121,78,44,gt5_from_local_palette,warm/fill,#73482a,6,warm/fill,1
tpose,M,688,282,#794e2c,121,78,44,gt5_from_local_palette,warm/fill,#73482a,6,warm/fill,1
tpose,OH,679,274,#8a7467,138,116,103,gt5_from_local_palette,warm/fill,#8f7161,6,warm/fill,3
tpose,OH,680,274,#9e8a7e,158,138,126,gt5_from_local_palette,warm/fill,#a88c6f,15,warm/fill,3
tpose,OH,681,274,#947f73,148,127,115,gt5_from_local_palette,warm/fill,#9e7d67,12,warm/fill,4
tpose,OH,682,274,#9e8a7e,158,138,126,gt5_from_local_palette,warm/fill,#a88c6f,15,warm/fill,3
tpose,OH,683,274,#8a7467,138,116,103,gt5_from_local_palette,warm/fill,#8f7161,6,warm/fill,3
tpose,OH,685,275,#7e685c,126,104,92,gt5_from_local_palette,warm/fill,#836b62,6,warm/fill,1
tpose,OH,678,282,#734235,115,66,53,gt5_from_local_palette,warm/fill,#6e4830,6,warm/fill,6
tpose,OH,679,282,#8b5041,139,80,65,gt5_from_local_palette,warm/fill,#825638,9,warm/fill,7
tpose,OH,680,282,#995848,153,88,72,gt5_from_local_palette,warm/fill,#926142,9,warm/fill,6
tpose,OH,681,282,#9c5a4a,156,90,74,gt5_from_local_palette,warm/fill,#936246,9,warm/fill,5
tpose,OH,682,282,#9b5949,155,89,73,gt5_from_local_palette,warm/fill,#946141,8,warm/fill,6
tpose,OH,683,282,#8c5142,140,81,66,gt5_from_local_palette,warm/fill,#835943,9,warm/fill,8
tpose,OH,684,282,#734235,115,66,53,gt5_from_local_palette,warm/fill,#6e4830,6,warm/fill,6
tpose,OH,676,283,#703f32,112,63,50,gt5_from_local_palette,warm/fill,#6a452d,6,warm/fill,6
tpose,OH,677,283,#9c5a4a,156,90,74,gt5_from_local_palette,warm/fill,#936246,9,warm/fill,5
tpose,OH,678,283,#9c5a4a,156,90,74,gt5_from_local_palette,warm/fill,#936246,9,warm/fill,5
tpose,OH,679,283,#9c5a4a,156,90,74,gt5_from_local_palette,warm/fill,#936246,9,warm/fill,5
tpose,OH,680,283,#9c5a4a,156,90,74,gt5_from_local_palette,warm/fill,#936246,9,warm/fill,5
tpose,OH,681,283,#9c5a4a,156,90,74,gt5_from_local_palette,warm/fill,#936246,9,warm/fill,5
tpose,OH,682,283,#9c5a4a,156,90,74,gt5_from_local_palette,warm/fill,#936246,9,warm/fill,5
tpose,OH,683,283,#9c5a4a,156,90,74,gt5_from_local_palette,warm/fill,#936246,9,warm/fill,5
tpose,OH,684,283,#9c5a4a,156,90,74,gt5_from_local_palette,warm/fill,#936246,9,warm/fill,5
tpose,OH,685,283,#9c5a4a,156,90,74,gt5_from_local_palette,warm/fill,#936246,9,warm/fill,5
tpose,OH,677,284,#a16454,161,100,84,gt5_from_local_palette,warm/fill,#a16b4d,7,warm/fill,6
tpose,OH,678,284,#9c5a4a,156,90,74,gt5_from_local_palette,warm/fill,#936246,9,warm/fill,5
tpose,OH,679,284,#9c5a4a,156,90,74,gt5_from_local_palette,warm/fill,#936246,9,warm/fill,5
tpose,OH,680,284,#9c5a4a,156,90,74,gt5_from_local_palette,warm/fill,#936246,9,warm/fill,5
tpose,OH,681,284,#9c5a4a,156,90,74,gt5_from_local_palette,warm/fill,#936246,9,warm/fill,5
tpose,OH,682,284,#9c5a4a,156,90,74,gt5_from_local_palette,warm/fill,#936246,9,warm/fill,5
tpose,OH,683,284,#9c5a4a,156,90,74,gt5_from_local_palette,warm/fill,#936246,9,warm/fill,5
tpose,OH,684,284,#9c5a4a,156,90,74,gt5_from_local_palette,warm/fill,#936246,9,warm/fill,5
tpose,OH,685,284,#a16454,161,100,84,gt5_from_local_palette,warm/fill,#a16b4d,7,warm/fill,6
tpose,OH,678,285,#a97c6e,169,124,110,gt5_from_local_palette,warm/fill,#a68267,7,warm/fill,3
tpose,OH,679,285,#a06051,160,96,81,gt5_from_local_palette,warm/fill,#9b684b,8,warm/fill,6
tpose,OH,680,285,#9c5a4a,156,90,74,gt5_from_local_palette,warm/fill,#936246,9,warm/fill,5
tpose,OH,681,285,#9c5a4a,156,90,74,gt5_from_local_palette,warm/fill,#936246,9,warm/fill,5
tpose,OH,682,285,#9c5a4a,156,90,74,gt5_from_local_palette,warm/fill,#936246,9,warm/fill,5
tpose,OH,683,285,#a06051,160,96,81,gt5_from_local_palette,warm/fill,#9b684b,8,warm/fill,6
tpose,OH,684,285,#a8796a,168,121,106,gt5_from_local_palette,warm/fill,#a07f66,8,warm/fill,4
tpose,OH,680,286,#97796b,151,121,107,gt5_from_local_palette,warm/fill,#9e7d67,7,warm/fill,1
tpose,OH,681,286,#ab8d80,171,141,128,gt5_from_local_palette,warm/fill,#b29175,11,warm/fill,3
tpose,OH,683,286,#775c4c,119,92,76,gt5_from_local_palette,warm/fill,#7d5c47,6,warm/fill,1
tpose,OH_half,678,280,#693c2f,105,60,47,gt5_from_local_palette,warm/fill,#634129,6,warm/fill,2
tpose,OH_half,680,280,#834b3d,131,75,61,gt5_from_local_palette,warm/fill,#7c5037,7,warm/fill,5
tpose,OH_half,681,280,#854c3e,133,76,62,gt5_from_local_palette,warm/fill,#7c5037,9,warm/fill,6
tpose,OH_half,682,280,#834b3d,131,75,61,gt5_from_local_palette,warm/fill,#7c5037,7,warm/fill,5
tpose,OH_half,684,280,#693c2f,105,60,47,gt5_from_local_palette,warm/fill,#634129,6,warm/fill,2
tpose,OH_half,679,281,#6a3827,106,56,39,gt5_from_local_palette,warm/fill,#643c22,6,warm/fill,2
tpose,OH_half,680,281,#743f2e,116,63,46,gt5_from_local_palette,warm/fill,#774529,6,warm/fill,5
tpose,OH_half,681,281,#743f2e,116,63,46,gt5_from_local_palette,warm/fill,#774529,6,warm/fill,5
tpose,OH_half,682,281,#743f2e,116,63,46,gt5_from_local_palette,warm/fill,#774529,6,warm/fill,5
tpose,OH_half,683,281,#6a3827,106,56,39,gt5_from_local_palette,warm/fill,#643c22,6,warm/fill,2
tpose,smile,691,283,#794e2c,121,78,44,gt5_from_local_palette,warm/fill,#73482a,6,warm/fill,1
tpose,smile,677,286,#794e2c,121,78,44,gt5_from_local_palette,warm/fill,#73482a,6,warm/fill,1
left,AA,591,258,#492a28,73,42,40,gt5_from_local_palette,warm/fill,#4c3129,7,warm/fill,1
left,AA,589,261,#180617,24,6,23,gt5_from_local_palette,purple/line,#100019,8,purple/line,1
left,AA,589,262,#291116,41,17,22,gt5_from_local_palette,warm/line,#290f1e,8,purple/line,1
left,AA,588,264,#170517,23,5,23,gt5_from_local_palette,purple/line,#100019,7,purple/line,1
left,AA,589,266,#321616,50,22,22,kind_change,warm/line,#361a19,4,warm/fill,1
left,AA,589,267,#190617,25,6,23,gt5_from_local_palette,purple/line,#100019,9,purple/line,1
left,AA,590,267,#4f2915,79,41,21,gt5_from_local_palette,warm/fill,#513014,7,warm/fill,1
left,AA,590,268,#1d0917,29,9,23,gt5_from_local_palette,purple/line,#290f1e,12,purple/line,2
left,AA,591,268,#512a14,81,42,20,gt5_from_local_palette,warm/fill,#513014,6,warm/fill,1
left,AA,594,269,#b8a190,184,161,144,gt5_from_local_palette,warm/fill,#bb9e88,8,warm/fill,3
left,AA,595,269,#ab9280,171,146,128,gt5_from_local_palette,warm/fill,#b08b77,9,warm/fill,8
left,AA,597,269,#7d614f,125,97,79,gt5_from_local_palette,warm/fill,#856552,8,warm/fill,2
left,AA,607,269,#421e0a,66,30,10,gt5_from_local_palette,warm/fill,#3c180c,6,warm/fill,1
left,AA,608,269,#502912,80,41,18,gt5_from_local_palette,warm/fill,#51250b,7,warm/fill,1
left,AA,592,270,#3f2319,63,35,25,gt5_from_local_palette,warm/fill,#462512,7,warm/fill,1
left,AA,593,270,#472c22,71,44,34,gt5_from_local_palette,warm/fill,#402629,7,warm/fill,1
left,AA,594,270,#d9ccc2,217,204,194,gt5_from_local_palette,warm/fill,#bb9e88,58,warm/fill,5
left,AA,595,270,#efe4da,239,228,218,gt5_from_local_palette,warm/fill,#bb9e88,82,warm/fill,2
left,AA,596,270,#efe4da,239,228,218,gt5_from_local_palette,warm/fill,#bb9e88,82,warm/fill,2
left,AA,597,270,#ece1d7,236,225,215,gt5_from_local_palette,warm/fill,#bb9e88,79,warm/fill,2
left,AA,598,270,#ac9a90,172,154,144,gt5_from_local_palette,warm/fill,#bb9e88,15,warm/fill,7
left,AA,599,270,#beaea4,190,174,164,gt5_from_local_palette,warm/fill,#bb9e88,28,warm/fill,4
left,AA,600,270,#af9e93,175,158,147,gt5_from_local_palette,warm/fill,#bb9e88,12,warm/fill,10
left,AA,601,270,#a69489,166,148,137,gt5_from_local_palette,warm/fill,#b08b77,18,warm/fill,8
left,AA,602,270,#948075,148,128,117,gt5_from_local_palette,warm/fill,#927674,10,warm/fill,3
left,AA,603,270,#8e796e,142,121,110,gt5_from_local_palette,warm/fill,#927674,6,warm/fill,3
left,AA,593,271,#3f2319,63,35,25,gt5_from_local_palette,warm/fill,#462512,7,warm/fill,1
left,AA,595,271,#d9ccc2,217,204,194,gt5_from_local_palette,warm/fill,#bb9e88,58,warm/fill,5
left,AA,596,271,#d9ccc2,217,204,194,gt5_from_local_palette,warm/fill,#bb9e88,58,warm/fill,5
left,AA,597,271,#d9ccc2,217,204,194,gt5_from_local_palette,warm/fill,#bb9e88,58,warm/fill,5
left,AA,598,271,#dccfc5,220,207,197,gt5_from_local_palette,warm/fill,#bb9e88,61,warm/fill,4
left,AA,599,271,#cec0b6,206,192,182,gt5_from_local_palette,warm/fill,#bb9e88,46,warm/fill,6
left,AA,600,271,#bbaba1,187,171,161,gt5_from_local_palette,warm/fill,#bb9e88,25,warm/fill,2
left,AA,601,271,#aa998f,170,153,143,gt5_from_local_palette,warm/fill,#bb9e88,17,warm/fill,5
left,AA,602,271,#97847a,151,132,122,gt5_from_local_palette,warm/fill,#927674,14,warm/fill,4
left,AA,603,271,#816b61,129,107,97,gt5_from_local_palette,warm/fill,#89645f,8,warm/fill,4
left,AA,605,271,#3f2319,63,35,25,gt5_from_local_palette,warm/fill,#462512,7,warm/fill,1
left,AA,606,271,#3f2319,63,35,25,gt5_from_local_palette,warm/fill,#462512,7,warm/fill,1
left,AA,607,271,#3f2319,63,35,25,gt5_from_local_palette,warm/fill,#462512,7,warm/fill,1
left,AA,608,271,#3f2319,63,35,25,gt5_from_local_palette,warm/fill,#462512,7,warm/fill,1
left,AA,609,271,#3e2218,62,34,24,gt5_from_local_palette,warm/fill,#431e11,7,warm/fill,1
left,AA,610,271,#3d2016,61,32,22,gt5_from_local_palette,warm/fill,#422210,6,warm/fill,1
left,AA,593,272,#3f2319,63,35,25,gt5_from_local_palette,warm/fill,#462512,7,warm/fill,1
left,AA,594,272,#3f2319,63,35,25,gt5_from_local_palette,warm/fill,#462512,7,warm/fill,1
left,AA,595,272,#3f2319,63,35,25,gt5_from_local_palette,warm/fill,#462512,7,warm/fill,1
left,AA,596,272,#3f2319,63,35,25,gt5_from_local_palette,warm/fill,#462512,7,warm/fill,1
left,AA,597,272,#3f2319,63,35,25,gt5_from_local_palette,warm/fill,#462512,7,warm/fill,1
left,AA,598,272,#3f2319,63,35,25,gt5_from_local_palette,warm/fill,#462512,7,warm/fill,1
left,AA,599,272,#3f2319,63,35,25,gt5_from_local_palette,warm/fill,#462512,7,warm/fill,1
left,AA,600,272,#3f2319,63,35,25,gt5_from_local_palette,warm/fill,#462512,7,warm/fill,1
left,AA,601,272,#3f2319,63,35,25,gt5_from_local_palette,warm/fill,#462512,7,warm/fill,1
left,AA,602,272,#3f2319,63,35,25,gt5_from_local_palette,warm/fill,#462512,7,warm/fill,1
left,AA,603,272,#3f2319,63,35,25,gt5_from_local_palette,warm/fill,#462512,7,warm/fill,1
left,AA,604,272,#3f2319,63,35,25,gt5_from_local_palette,warm/fill,#462512,7,warm/fill,1
left,AA,605,272,#3f2319,63,35,25,gt5_from_local_palette,warm/fill,#462512,7,warm/fill,1
left,AA,606,272,#3f2319,63,35,25,gt5_from_local_palette,warm/fill,#462512,7,warm/fill,1
left,AA,607,272,#3f2319,63,35,25,gt5_from_local_palette,warm/fill,#462512,7,warm/fill,1
left,AA,608,272,#3f2319,63,35,25,gt5_from_local_palette,warm/fill,#462512,7,warm/fill,1
left,AA,609,272,#3f2319,63,35,25,gt5_from_local_palette,warm/fill,#462512,7,warm/fill,1
left,AA,594,273,#3f2319,63,35,25,gt5_from_local_palette,warm/fill,#462512,7,warm/fill,1
left,AA,595,273,#3f2319,63,35,25,gt5_from_local_palette,warm/fill,#462512,7,warm/fill,1
left,AA,596,273,#3f2319,63,35,25,gt5_from_local_palette,warm/fill,#462512,7,warm/fill,1
left,AA,597,273,#3f2319,63,35,25,gt5_from_local_palette,warm/fill,#462512,7,warm/fill,1
left,AA,598,273,#3f2319,63,35,25,gt5_from_local_palette,warm/fill,#462512,7,warm/fill,1
left,AA,599,273,#3f2319,63,35,25,gt5_from_local_palette,warm/fill,#462512,7,warm/fill,1
left,AA,600,273,#3f2319,63,35,25,gt5_from_local_palette,warm/fill,#462512,7,warm/fill,1
left,AA,601,273,#3f2319,63,35,25,gt5_from_local_palette,warm/fill,#462512,7,warm/fill,1
left,AA,602,273,#3f2319,63,35,25,gt5_from_local_palette,warm/fill,#462512,7,warm/fill,1
left,AA,603,273,#3f2319,63,35,25,gt5_from_local_palette,warm/fill,#462512,7,warm/fill,1
left,AA,604,273,#3f2319,63,35,25,gt5_from_local_palette,warm/fill,#462512,7,warm/fill,1
left,AA,605,273,#3f2319,63,35,25,gt5_from_local_palette,warm/fill,#462512,7,warm/fill,1
left,AA,606,273,#3f2319,63,35,25,gt5_from_local_palette,warm/fill,#462512,7,warm/fill,1
left,AA,607,273,#3f2319,63,35,25,gt5_from_local_palette,warm/fill,#462512,7,warm/fill,1
left,AA,608,273,#3f2319,63,35,25,gt5_from_local_palette,warm/fill,#462512,7,warm/fill,1
left,AA,609,273,#422419,66,36,25,gt5_from_local_palette,warm/fill,#462512,7,warm/fill,1
left,AA,593,274,#3f2319,63,35,25,gt5_from_local_palette,warm/fill,#462512,7,warm/fill,1
left,AA,594,274,#3f2319,63,35,25,gt5_from_local_palette,warm/fill,#462512,7,warm/fill,1
left,AA,595,274,#3f2319,63,35,25,gt5_from_local_palette,warm/fill,#462512,7,warm/fill,1
left,AA,596,274,#3f2319,63,35,25,gt5_from_local_palette,warm/fill,#462512,7,warm/fill,1
left,AA,597,274,#3f2319,63,35,25,gt5_from_local_palette,warm/fill,#462512,7,warm/fill,1
left,AA,598,274,#3f2319,63,35,25,gt5_from_local_palette,warm/fill,#462512,7,warm/fill,1
left,AA,599,274,#3f2319,63,35,25,gt5_from_local_palette,warm/fill,#462512,7,warm/fill,1
left,AA,600,274,#3f2319,63,35,25,gt5_from_local_palette,warm/fill,#462512,7,warm/fill,1
left,AA,601,274,#3f2319,63,35,25,gt5_from_local_palette,warm/fill,#462512,7,warm/fill,1
left,AA,602,274,#3f2319,63,35,25,gt5_from_local_palette,warm/fill,#462512,7,warm/fill,1
left,AA,603,274,#3f2319,63,35,25,gt5_from_local_palette,warm/fill,#462512,7,warm/fill,1
left,AA,604,274,#3f2319,63,35,25,gt5_from_local_palette,warm/fill,#462512,7,warm/fill,1
left,AA,605,274,#3f2319,63,35,25,gt5_from_local_palette,warm/fill,#462512,7,warm/fill,1
left,AA,606,274,#3f2319,63,35,25,gt5_from_local_palette,warm/fill,#462512,7,warm/fill,1
left,AA,607,274,#40241a,64,36,26,gt5_from_local_palette,warm/fill,#462512,8,warm/fill,1
left,AA,608,274,#4b2a1c,75,42,28,gt5_from_local_palette,warm/fill,#513014,8,warm/fill,1
left,AA,593,275,#3f2319,63,35,25,gt5_from_local_palette,warm/fill,#462512,7,warm/fill,1
left,AA,594,275,#3f2319,63,35,25,gt5_from_local_palette,warm/fill,#462512,7,warm/fill,1
left,AA,595,275,#3f2319,63,35,25,gt5_from_local_palette,warm/fill,#462512,7,warm/fill,1
left,AA,596,275,#3f2319,63,35,25,gt5_from_local_palette,warm/fill,#462512,7,warm/fill,1
left,AA,597,275,#3f2319,63,35,25,gt5_from_local_palette,warm/fill,#462512,7,warm/fill,1
left,AA,598,275,#3f2319,63,35,25,gt5_from_local_palette,warm/fill,#462512,7,warm/fill,1
left,AA,599,275,#3f2319,63,35,25,gt5_from_local_palette,warm/fill,#462512,7,warm/fill,1
left,AA,600,275,#3f2319,63,35,25,gt5_from_local_palette,warm/fill,#462512,7,warm/fill,1
left,AA,601,275,#3f2319,63,35,25,gt5_from_local_palette,warm/fill,#462512,7,warm/fill,1
left,AA,602,275,#3f2319,63,35,25,gt5_from_local_palette,warm/fill,#462512,7,warm/fill,1
left,AA,603,275,#3f2319,63,35,25,gt5_from_local_palette,warm/fill,#462512,7,warm/fill,1
left,AA,604,275,#40241a,64,36,26,gt5_from_local_palette,warm/fill,#462512,8,warm/fill,1
left,AA,606,275,#8b5041,139,80,65,gt5_from_local_palette,warm/fill,#8e5b3e,11,warm/fill,6
left,AA,607,275,#854c36,133,76,54,gt5_from_local_palette,warm/fill,#7f4e2e,8,warm/fill,4
left,AA,593,276,#3f2319,63,35,25,gt5_from_local_palette,warm/fill,#462512,7,warm/fill,1
left,AA,594,276,#3f2319,63,35,25,gt5_from_local_palette,warm/fill,#462512,7,warm/fill,1
left,AA,595,276,#3f2319,63,35,25,gt5_from_local_palette,warm/fill,#462512,7,warm/fill,1
left,AA,596,276,#3f2319,63,35,25,gt5_from_local_palette,warm/fill,#462512,7,warm/fill,1
left,AA,597,276,#3f2319,63,35,25,gt5_from_local_palette,warm/fill,#462512,7,warm/fill,1
left,AA,598,276,#3f2319,63,35,25,gt5_from_local_palette,warm/fill,#462512,7,warm/fill,1
left,AA,599,276,#3f2319,63,35,25,gt5_from_local_palette,warm/fill,#462512,7,warm/fill,1
left,AA,600,276,#3f2319,63,35,25,gt5_from_local_palette,warm/fill,#462512,7,warm/fill,1
left,AA,601,276,#3f2319,63,35,25,gt5_from_local_palette,warm/fill,#462512,7,warm/fill,1
left,AA,602,276,#40241a,64,36,26,gt5_from_local_palette,warm/fill,#462512,8,warm/fill,1
left,AA,603,276,#683b2e,104,59,46,gt5_from_local_palette,warm/fill,#6b3f28,6,warm/fill,2
left,AA,604,276,#8f5243,143,82,67,gt5_from_local_palette,warm/fill,#8e5b3e,9,warm/fill,7
left,AA,605,276,#985746,152,87,70,gt5_from_local_palette,warm/fill,#8e5b3e,10,warm/fill,6
left,AA,606,276,#764229,118,66,41,gt5_from_local_palette,warm/fill,#734123,6,warm/fill,2
left,AA,593,277,#3f2319,63,35,25,gt5_from_local_palette,warm/fill,#462512,7,warm/fill,1
left,AA,594,277,#3f2319,63,35,25,gt5_from_local_palette,warm/fill,#462512,7,warm/fill,1
left,AA,595,277,#3f2319,63,35,25,gt5_from_local_palette,warm/fill,#462512,7,warm/fill,1
left,AA,596,277,#3f2319,63,35,25,gt5_from_local_palette,warm/fill,#462512,7,warm/fill,1
left,AA,597,277,#3f2319,63,35,25,gt5_from_local_palette,warm/fill,#462512,7,warm/fill,1
left,AA,598,277,#3f2319,63,35,25,gt5_from_local_palette,warm/fill,#462512,7,warm/fill,1
left,AA,599,277,#3f2319,63,35,25,gt5_from_local_palette,warm/fill,#462512,7,warm/fill,1
left,AA,600,277,#3e2218,62,34,24,gt5_from_local_palette,warm/fill,#431e11,7,warm/fill,1
left,AA,601,277,#3f2319,63,35,25,gt5_from_local_palette,warm/fill,#462512,7,warm/fill,1
left,AA,602,277,#714030,113,64,48,gt5_from_local_palette,warm/fill,#6b4229,7,warm/fill,3
left,AA,603,277,#864d37,134,77,55,gt5_from_local_palette,warm/fill,#875431,7,warm/fill,4
left,AA,593,286,#321920,50,25,32,gt5_from_local_palette,purple/fill,#361a19,7,warm/fill,1
left,AA,594,288,#1a0717,26,7,23,gt5_from_local_palette,purple/line,#100019,10,purple/line,2
left,AA,595,288,#875639,135,86,57,gt5_from_local_palette,warm/fill,#8b5933,6,warm/fill,1
left,AA,597,290,#291218,41,18,24,gt5_from_local_palette,purple/line,#290f1e,6,purple/line,2
left,AA,600,292,#30171f,48,23,31,gt5_from_local_palette,purple/line,#361a19,6,warm/fill,3
left,AA_half,591,256,#1a0717,26,7,23,gt5_from_local_palette,purple/line,#100019,10,purple/line,2
left,AA_half,591,257,#1a0717,26,7,23,gt5_from_local_palette,purple/line,#100019,10,purple/line,2
left,AA_half,591,258,#3f2319,63,35,25,gt5_from_local_palette,warm/fill,#462512,7,warm/fill,1
left,AA_half,590,260,#462827,70,40,39,gt5_from_local_palette,warm/fill,#402629,6,warm/fill,1
left,AA_half,589,261,#170517,23,5,23,gt5_from_local_palette,purple/line,#100019,7,purple/line,1
left,AA_half,589,262,#270f16,39,15,22,gt5_from_local_palette,purple/line,#290f1e,8,purple/line,3
left,AA_half,588,264,#170517,23,5,23,gt5_from_local_palette,purple/line,#100019,7,purple/line,1
left,AA_half,589,266,#321616,50,22,22,kind_change,warm/line,#361a19,4,warm/fill,1
left,AA_half,589,267,#190617,25,6,23,gt5_from_local_palette,purple/line,#100019,9,purple/line,1
left,AA_half,590,267,#4e2815,78,40,21,gt5_from_local_palette,warm/fill,#462512,8,warm/fill,1
left,AA_half,590,268,#1d0917,29,9,23,gt5_from_local_palette,purple/line,#290f1e,12,purple/line,2
left,AA_half,591,268,#4c2715,76,39,21,gt5_from_local_palette,warm/fill,#462512,6,warm/fill,1
left,AA_half,592,269,#4c2917,76,41,23,gt5_from_local_palette,warm/fill,#462512,6,warm/fill,1
left,AA_half,593,269,#775238,119,82,56,gt5_from_local_palette,warm/fill,#794c33,6,warm/fill,1
left,AA_half,597,269,#71513d,113,81,61,gt5_from_local_palette,warm/fill,#744836,9,warm/fill,1
left,AA_half,607,269,#421e0a,66,30,10,gt5_from_local_palette,warm/fill,#3c180c,6,warm/fill,1
left,AA_half,608,269,#502912,80,41,18,gt5_from_local_palette,warm/fill,#51250b,7,warm/fill,1
left,AA_half,592,270,#3f2319,63,35,25,gt5_from_local_palette,warm/fill,#462512,7,warm/fill,1
left,AA_half,594,270,#cec0b6,206,192,182,gt5_from_local_palette,warm/fill,#bb9e88,46,warm/fill,6
left,AA_half,595,270,#efe4da,239,228,218,gt5_from_local_palette,warm/fill,#bb9e88,82,warm/fill,2
left,AA_half,596,270,#efe4da,239,228,218,gt5_from_local_palette,warm/fill,#bb9e88,82,warm/fill,2
left,AA_half,597,270,#e6dad0,230,218,208,gt5_from_local_palette,warm/fill,#bb9e88,72,warm/fill,1
left,AA_half,598,270,#948075,148,128,117,gt5_from_local_palette,warm/fill,#927674,10,warm/fill,3
left,AA_half,599,270,#a69489,166,148,137,gt5_from_local_palette,warm/fill,#b08b77,18,warm/fill,8
left,AA_half,600,270,#a69489,166,148,137,gt5_from_local_palette,warm/fill,#b08b77,18,warm/fill,8
left,AA_half,601,270,#8e796e,142,121,110,gt5_from_local_palette,warm/fill,#927674,6,warm/fill,3
left,AA_half,602,270,#8e796e,142,121,110,gt5_from_local_palette,warm/fill,#927674,6,warm/fill,3
left,AA_half,603,270,#816c60,129,108,96,gt5_from_local_palette,warm/fill,#89645f,8,warm/fill,3
left,AA_half,593,271,#3f2319,63,35,25,gt5_from_local_palette,warm/fill,#462512,7,warm/fill,1
left,AA_half,595,271,#97847a,151,132,122,gt5_from_local_palette,warm/fill,#927674,14,warm/fill,4
left,AA_half,596,271,#97847a,151,132,122,gt5_from_local_palette,warm/fill,#927674,14,warm/fill,4
left,AA_half,597,271,#97847a,151,132,122,gt5_from_local_palette,warm/fill,#927674,14,warm/fill,4
left,AA_half,598,271,#9a877d,154,135,125,gt5_from_local_palette,warm/fill,#a9806f,15,warm/fill,6
left,AA_half,599,271,#97847a,151,132,122,gt5_from_local_palette,warm/fill,#927674,14,warm/fill,4
left,AA_half,600,271,#867167,134,113,103,gt5_from_local_palette,warm/fill,#8f6b5d,10,warm/fill,5
left,AA_half,601,271,#816b61,129,107,97,gt5_from_local_palette,warm/fill,#89645f,8,warm/fill,4
left,AA_half,605,271,#3f2319,63,35,25,gt5_from_local_palette,warm/fill,#462512,7,warm/fill,1
left,AA_half,606,271,#3f2319,63,35,25,gt5_from_local_palette,warm/fill,#462512,7,warm/fill,1
left,AA_half,607,271,#3f2319,63,35,25,gt5_from_local_palette,warm/fill,#462512,7,warm/fill,1
left,AA_half,608,271,#3f2319,63,35,25,gt5_from_local_palette,warm/fill,#462512,7,warm/fill,1
left,AA_half,609,271,#3e2218,62,34,24,gt5_from_local_palette,warm/fill,#431e11,7,warm/fill,1
left,AA_half,611,271,#76492d,118,73,45,gt5_from_local_palette,warm/fill,#794c33,6,warm/fill,1
left,AA_half,594,272,#3f2319,63,35,25,gt5_from_local_palette,warm/fill,#462512,7,warm/fill,1
left,AA_half,595,272,#3f2319,63,35,25,gt5_from_local_palette,warm/fill,#462512,7,warm/fill,1
left,AA_half,596,272,#3f2319,63,35,25,gt5_from_local_palette,warm/fill,#462512,7,warm/fill,1
left,AA_half,597,272,#3f2319,63,35,25,gt5_from_local_palette,warm/fill,#462512,7,warm/fill,1
left,AA_half,598,272,#3f2319,63,35,25,gt5_from_local_palette,warm/fill,#462512,7,warm/fill,1
left,AA_half,599,272,#3f2319,63,35,25,gt5_from_local_palette,warm/fill,#462512,7,warm/fill,1
left,AA_half,600,272,#3f2319,63,35,25,gt5_from_local_palette,warm/fill,#462512,7,warm/fill,1
left,AA_half,601,272,#3f2319,63,35,25,gt5_from_local_palette,warm/fill,#462512,7,warm/fill,1
left,AA_half,602,272,#3f2319,63,35,25,gt5_from_local_palette,warm/fill,#462512,7,warm/fill,1
left,AA_half,603,272,#3f2319,63,35,25,gt5_from_local_palette,warm/fill,#462512,7,warm/fill,1
left,AA_half,604,272,#3f2319,63,35,25,gt5_from_local_palette,warm/fill,#462512,7,warm/fill,1
left,AA_half,605,272,#3f2319,63,35,25,gt5_from_local_palette,warm/fill,#462512,7,warm/fill,1
left,AA_half,606,272,#3f2319,63,35,25,gt5_from_local_palette,warm/fill,#462512,7,warm/fill,1
left,AA_half,607,272,#3f2319,63,35,25,gt5_from_local_palette,warm/fill,#462512,7,warm/fill,1
left,AA_half,608,272,#3f2319,63,35,25,gt5_from_local_palette,warm/fill,#462512,7,warm/fill,1
left,AA_half,609,272,#432519,67,37,25,gt5_from_local_palette,warm/fill,#462512,7,warm/fill,1
left,AA_half,594,273,#3f2319,63,35,25,gt5_from_local_palette,warm/fill,#462512,7,warm/fill,1
left,AA_half,595,273,#3f2319,63,35,25,gt5_from_local_palette,warm/fill,#462512,7,warm/fill,1
left,AA_half,596,273,#3f2319,63,35,25,gt5_from_local_palette,warm/fill,#462512,7,warm/fill,1
left,AA_half,597,273,#3f2319,63,35,25,gt5_from_local_palette,warm/fill,#462512,7,warm/fill,1
left,AA_half,598,273,#3f2319,63,35,25,gt5_from_local_palette,warm/fill,#462512,7,warm/fill,1
left,AA_half,599,273,#3f2319,63,35,25,gt5_from_local_palette,warm/fill,#462512,7,warm/fill,1
left,AA_half,600,273,#3f2319,63,35,25,gt5_from_local_palette,warm/fill,#462512,7,warm/fill,1
left,AA_half,601,273,#3f2319,63,35,25,gt5_from_local_palette,warm/fill,#462512,7,warm/fill,1
left,AA_half,602,273,#3f2319,63,35,25,gt5_from_local_palette,warm/fill,#462512,7,warm/fill,1
left,AA_half,603,273,#3f2319,63,35,25,gt5_from_local_palette,warm/fill,#462512,7,warm/fill,1
left,AA_half,604,273,#3f2319,63,35,25,gt5_from_local_palette,warm/fill,#462512,7,warm/fill,1
left,AA_half,605,273,#40241a,64,36,26,gt5_from_local_palette,warm/fill,#462512,8,warm/fill,1
left,AA_half,593,274,#3f2319,63,35,25,gt5_from_local_palette,warm/fill,#462512,7,warm/fill,1
left,AA_half,594,274,#3f2319,63,35,25,gt5_from_local_palette,warm/fill,#462512,7,warm/fill,1
left,AA_half,595,274,#3f2319,63,35,25,gt5_from_local_palette,warm/fill,#462512,7,warm/fill,1
left,AA_half,596,274,#3f2319,63,35,25,gt5_from_local_palette,warm/fill,#462512,7,warm/fill,1
left,AA_half,597,274,#3f2319,63,35,25,gt5_from_local_palette,warm/fill,#462512,7,warm/fill,1
left,AA_half,598,274,#3f2319,63,35,25,gt5_from_local_palette,warm/fill,#462512,7,warm/fill,1
left,AA_half,599,274,#3f2319,63,35,25,gt5_from_local_palette,warm/fill,#462512,7,warm/fill,1
left,AA_half,600,274,#3f2319,63,35,25,gt5_from_local_palette,warm/fill,#462512,7,warm/fill,1
left,AA_half,601,274,#3f2319,63,35,25,gt5_from_local_palette,warm/fill,#462512,7,warm/fill,1
left,AA_half,602,274,#3f2319,63,35,25,gt5_from_local_palette,warm/fill,#462512,7,warm/fill,1
left,AA_half,605,274,#864d39,134,77,57,gt5_from_local_palette,warm/fill,#875431,8,warm/fill,4
left,AA_half,593,275,#3f2219,63,34,25,gt5_from_local_palette,warm/fill,#462512,7,warm/fill,1
left,AA_half,594,275,#4e2b1a,78,43,26,gt5_from_local_palette,warm/fill,#513014,6,warm/fill,1
left,AA_half,595,275,#4e2b1a,78,43,26,gt5_from_local_palette,warm/fill,#513014,6,warm/fill,1
left,AA_half,596,275,#4e2b1a,78,43,26,gt5_from_local_palette,warm/fill,#513014,6,warm/fill,1
left,AA_half,597,275,#4e2b1a,78,43,26,gt5_from_local_palette,warm/fill,#513014,6,warm/fill,1
left,AA_half,598,275,#4e2b1a,78,43,26,gt5_from_local_palette,warm/fill,#513014,6,warm/fill,1
left,AA_half,599,275,#4e2b1a,78,43,26,gt5_from_local_palette,warm/fill,#513014,6,warm/fill,1
left,AA_half,593,277,#3f2319,63,35,25,gt5_from_local_palette,warm/fill,#462512,7,warm/fill,1
left,AA_half,593,278,#3f2319,63,35,25,gt5_from_local_palette,warm/fill,#462512,7,warm/fill,1
left,AA_half,593,279,#3f1f1a,63,31,26,gt5_from_local_palette,warm/fill,#3b1813,7,warm/fill,1
left,AA_half,593,280,#3f1f1a,63,31,26,gt5_from_local_palette,warm/fill,#3b1813,7,warm/fill,1
left,AA_half,593,281,#3f1f1a,63,31,26,gt5_from_local_palette,warm/fill,#3b1813,7,warm/fill,1
left,AA_half,595,286,#220d1b,34,13,27,gt5_from_local_palette,purple/line,#290f1e,7,purple/line,2
left,AA_half,596,286,#845538,132,85,56,gt5_from_local_palette,warm/fill,#7e5635,6,warm/fill,1
left,AA_half,598,288,#1e0a1a,30,10,26,gt5_from_local_palette,purple/line,#250a24,10,purple/line,2
left,AA_half,599,288,#7b4e39,123,78,57,gt5_from_local_palette,warm/fill,#794c33,6,warm/fill,2
left,EE,591,258,#351b21,53,27,33,gt5_from_local_palette,warm/fill,#361a19,8,warm/fill,2
left,EE,590,259,#1e0a1a,30,10,26,gt5_from_local_palette,purple/line,#250a24,10,purple/line,2
left,EE,589,260,#190719,25,7,25,gt5_from_local_palette,purple/line,#100019,9,purple/line,2
left,EE,588,263,#1f0a17,31,10,23,gt5_from_local_palette,purple/line,#290f1e,10,purple/line,1
left,EE,588,265,#3f2319,63,35,25,gt5_from_local_palette,warm/fill,#462512,7,warm/fill,1
left,EE,588,266,#190718,25,7,24,gt5_from_local_palette,purple/line,#100019,9,purple/line,2
left,EE,590,268,#2b1216,43,18,22,gt5_from_local_palette,warm/line,#290f1e,8,purple/line,2
left,EE,606,269,#44291d,68,41,29,gt5_from_local_palette,warm/fill,#462512,11,warm/fill,1
left,EE,592,270,#3f2319,63,35,25,gt5_from_local_palette,warm/fill,#462512,7,warm/fill,1
left,EE,594,270,#eaded4,234,222,212,gt5_from_local_palette,warm/fill,#bb9e88,76,warm/fill,3
left,EE,595,270,#efe4da,239,228,218,gt5_from_local_palette,warm/fill,#bb9e88,82,warm/fill,2
left,EE,596,270,#efe4da,239,228,218,gt5_from_local_palette,warm/fill,#bb9e88,82,warm/fill,2
left,EE,597,270,#efe4da,239,228,218,gt5_from_local_palette,warm/fill,#bb9e88,82,warm/fill,2
left,EE,598,270,#efe4da,239,228,218,gt5_from_local_palette,warm/fill,#bb9e88,82,warm/fill,2
left,EE,599,270,#efe4da,239,228,218,gt5_from_local_palette,warm/fill,#bb9e88,82,warm/fill,2
left,EE,600,270,#efe4da,239,228,218,gt5_from_local_palette,warm/fill,#bb9e88,82,warm/fill,2
left,EE,601,270,#efe4da,239,228,218,gt5_from_local_palette,warm/fill,#bb9e88,82,warm/fill,2
left,EE,602,270,#efe4da,239,228,218,gt5_from_local_palette,warm/fill,#bb9e88,82,warm/fill,2
left,EE,603,270,#efe4da,239,228,218,gt5_from_local_palette,warm/fill,#bb9e88,82,warm/fill,2
left,EE,604,270,#efe4da,239,228,218,gt5_from_local_palette,warm/fill,#bb9e88,82,warm/fill,2
left,EE,605,270,#efe4da,239,228,218,gt5_from_local_palette,warm/fill,#bb9e88,82,warm/fill,2
left,EE,606,270,#efe4da,239,228,218,gt5_from_local_palette,warm/fill,#bb9e88,82,warm/fill,2
left,EE,607,270,#ad9c92,173,156,146,gt5_from_local_palette,warm/fill,#bb9e88,14,warm/fill,8
left,EE,608,270,#3f2319,63,35,25,gt5_from_local_palette,warm/fill,#462512,7,warm/fill,1
left,EE,609,270,#3f2319,63,35,25,gt5_from_local_palette,warm/fill,#462512,7,warm/fill,1
left,EE,610,270,#42251a,66,37,26,gt5_from_local_palette,warm/fill,#462512,8,warm/fill,1
left,EE,593,271,#3f2319,63,35,25,gt5_from_local_palette,warm/fill,#462512,7,warm/fill,1
left,EE,594,271,#9d8a80,157,138,128,gt5_from_local_palette,warm/fill,#a98576,12,warm/fill,3
left,EE,595,271,#efe4da,239,228,218,gt5_from_local_palette,warm/fill,#bb9e88,82,warm/fill,2
left,EE,596,271,#efe4da,239,228,218,gt5_from_local_palette,warm/fill,#bb9e88,82,warm/fill,2
left,EE,597,271,#efe4da,239,228,218,gt5_from_local_palette,warm/fill,#bb9e88,82,warm/fill,2
left,EE,598,271,#efe4da,239,228,218,gt5_from_local_palette,warm/fill,#bb9e88,82,warm/fill,2
left,EE,599,271,#efe4da,239,228,218,gt5_from_local_palette,warm/fill,#bb9e88,82,warm/fill,2
left,EE,600,271,#efe4da,239,228,218,gt5_from_local_palette,warm/fill,#bb9e88,82,warm/fill,2
left,EE,601,271,#dccfc5,220,207,197,gt5_from_local_palette,warm/fill,#bb9e88,61,warm/fill,4
left,EE,602,271,#d4c6bc,212,198,188,gt5_from_local_palette,warm/fill,#bb9e88,52,warm/fill,6
left,EE,603,271,#c3b4aa,195,180,170,gt5_from_local_palette,warm/fill,#bb9e88,34,warm/fill,5
left,EE,604,271,#b5a59b,181,165,155,gt5_from_local_palette,warm/fill,#bb9e88,19,warm/fill,7
left,EE,605,271,#ad9c92,173,156,146,gt5_from_local_palette,warm/fill,#bb9e88,14,warm/fill,8
left,EE,606,271,#97847a,151,132,122,gt5_from_local_palette,warm/fill,#927674,14,warm/fill,4
left,EE,607,271,#83695b,131,105,91,gt5_from_local_palette,warm/fill,#89645f,6,warm/fill,2
left,EE,596,272,#855f47,133,95,71,gt5_from_local_palette,warm/fill,#8e5b3e,9,warm/fill,1
left,EE,597,272,#7e5c48,126,92,72,gt5_from_local_palette,warm/fill,#7a5548,7,warm/fill,1
left,EE,593,273,#170517,23,5,23,gt5_from_local_palette,purple/line,#100019,7,purple/line,1
left,EE,593,274,#260f18,38,15,24,gt5_from_local_palette,purple/line,#290f1e,6,purple/line,2
left,EE,592,276,#170517,23,5,23,gt5_from_local_palette,purple/line,#100019,7,purple/line,1
left,EE,592,277,#170517,23,5,23,gt5_from_local_palette,purple/line,#100019,7,purple/line,1
left,EE,592,278,#170517,23,5,23,gt5_from_local_palette,purple/line,#100019,7,purple/line,1
left,EE,593,280,#1e0a1a,30,10,26,gt5_from_local_palette,purple/line,#250a24,10,purple/line,2
left,EE,594,281,#1e0a1a,30,10,26,gt5_from_local_palette,purple/line,#250a24,10,purple/line,2
left,EE,597,283,#190719,25,7,25,gt5_from_local_palette,purple/line,#100019,9,purple/line,2
left,EE,601,287,#1d0917,29,9,23,gt5_from_local_palette,purple/line,#290f1e,12,purple/line,2
left,EE_half,591,258,#220c18,34,12,24,gt5_from_local_palette,purple/line,#290f1e,7,purple/line,2
left,EE_half,590,260,#381d22,56,29,34,gt5_from_local_palette,warm/fill,#361b2a,8,purple/fill,2
left,EE_half,589,261,#170517,23,5,23,gt5_from_local_palette,purple/line,#100019,7,purple/line,1
left,EE_half,589,262,#200b17,32,11,23,gt5_from_local_palette,purple/line,#290f1e,9,purple/line,1
left,EE_half,588,264,#170517,23,5,23,gt5_from_local_palette,purple/line,#100019,7,purple/line,1
left,EE_half,589,265,#4e2815,78,40,21,gt5_from_local_palette,warm/fill,#462512,8,warm/fill,1
left,EE_half,589,266,#2f1416,47,20,22,gt5_from_local_palette,warm/line,#35160f,7,warm/line,2
left,EE_half,589,267,#190617,25,6,23,gt5_from_local_palette,purple/line,#100019,9,purple/line,1
left,EE_half,590,268,#170517,23,5,23,gt5_from_local_palette,purple/line,#100019,7,purple/line,1
left,EE_half,591,269,#21090d,33,9,13,gt5_from_local_palette,warm/line,#2b1109,10,warm/line,2
left,EE_half,595,270,#beaea4,190,174,164,gt5_from_local_palette,warm/fill,#bb9e88,28,warm/fill,4
left,EE_half,596,270,#beaea4,190,174,164,gt5_from_local_palette,warm/fill,#bb9e88,28,warm/fill,4
left,EE_half,597,270,#beaea4,190,174,164,gt5_from_local_palette,warm/fill,#bb9e88,28,warm/fill,4
left,EE_half,598,270,#beaea4,190,174,164,gt5_from_local_palette,warm/fill,#bb9e88,28,warm/fill,4
left,EE_half,599,270,#beaea4,190,174,164,gt5_from_local_palette,warm/fill,#bb9e88,28,warm/fill,4
left,EE_half,600,270,#beaea4,190,174,164,gt5_from_local_palette,warm/fill,#bb9e88,28,warm/fill,4
left,EE_half,601,270,#beaea4,190,174,164,gt5_from_local_palette,warm/fill,#bb9e88,28,warm/fill,4
left,EE_half,602,270,#beaea4,190,174,164,gt5_from_local_palette,warm/fill,#bb9e88,28,warm/fill,4
left,EE_half,603,270,#beaea4,190,174,164,gt5_from_local_palette,warm/fill,#bb9e88,28,warm/fill,4
left,EE_half,604,270,#beaea4,190,174,164,gt5_from_local_palette,warm/fill,#bb9e88,28,warm/fill,4
left,EE_half,605,270,#bbaba1,187,171,161,gt5_from_local_palette,warm/fill,#bb9e88,25,warm/fill,2
left,EE_half,606,270,#a69489,166,148,137,gt5_from_local_palette,warm/fill,#b08b77,18,warm/fill,8
left,EE_half,607,270,#7d675c,125,103,92,gt5_from_local_palette,warm/fill,#7d615b,6,warm/fill,3
left,EE_half,611,270,#4d2712,77,39,18,gt5_from_local_palette,warm/fill,#462512,7,warm/fill,1
left,EE_half,594,271,#3f2319,63,35,25,gt5_from_local_palette,warm/fill,#462512,7,warm/fill,1
left,EE_half,595,271,#c1b1a7,193,177,167,gt5_from_local_palette,warm/fill,#bb9e88,31,warm/fill,2
left,EE_half,596,271,#ccbdb3,204,189,179,gt5_from_local_palette,warm/fill,#bb9e88,43,warm/fill,8
left,EE_half,597,271,#c3b4aa,195,180,170,gt5_from_local_palette,warm/fill,#bb9e88,34,warm/fill,5
left,EE_half,598,271,#bbaba1,187,171,161,gt5_from_local_palette,warm/fill,#bb9e88,25,warm/fill,2
left,EE_half,599,271,#ad9c92,173,156,146,gt5_from_local_palette,warm/fill,#bb9e88,14,warm/fill,8
left,EE_half,600,271,#b29e92,178,158,146,gt5_from_local_palette,warm/fill,#bb9e88,10,warm/fill,9
left,EE_half,601,271,#a48c7e,164,140,126,gt5_from_local_palette,warm/fill,#a98576,8,warm/fill,5
left,EE_half,602,271,#a28a7c,162,138,124,gt5_from_local_palette,warm/fill,#a98576,7,warm/fill,3
left,EE_half,603,271,#987c6b,152,124,107,gt5_from_local_palette,warm/fill,#97756a,7,warm/fill,4
left,EE_half,607,271,#78543f,120,84,63,gt5_from_local_palette,warm/fill,#7a5548,9,warm/fill,1
left,EE_half,594,274,#3f2319,63,35,25,gt5_from_local_palette,warm/fill,#462512,7,warm/fill,1
left,EE_half,593,275,#1a0717,26,7,23,gt5_from_local_palette,purple/line,#100019,10,purple/line,2
left,EE_half,593,276,#311516,49,21,22,kind_change,warm/line,#361a19,5,warm/fill,2
left,EE_half,593,279,#1c0919,28,9,25,gt5_from_local_palette,purple/line,#250a24,11,purple/line,2
left,EE_half,594,280,#381d22,56,29,34,gt5_from_local_palette,warm/fill,#361b2a,8,purple/fill,2
left,EE_half,595,281,#3f2319,63,35,25,gt5_from_local_palette,warm/fill,#462512,7,warm/fill,1
left,EE_half,596,282,#220c18,34,12,24,gt5_from_local_palette,purple/line,#290f1e,7,purple/line,2
left,EE_half,600,285,#291218,41,18,24,gt5_from_local_palette,purple/line,#290f1e,6,purple/line,2
left,EE_half,601,287,#1a0718,26,7,24,gt5_from_local_palette,purple/line,#100019,10,purple/line,2
left,M,591,258,#220c18,34,12,24,gt5_from_local_palette,purple/line,#290f1e,7,purple/line,2
left,M,591,259,#6c4230,108,66,48,gt5_from_local_palette,warm/fill,#6b4229,7,warm/fill,2
left,M,590,260,#381d22,56,29,34,gt5_from_local_palette,warm/fill,#361b2a,8,purple/fill,2
left,M,589,261,#170517,23,5,23,gt5_from_local_palette,purple/line,#100019,7,purple/line,1
left,M,588,264,#170517,23,5,23,gt5_from_local_palette,purple/line,#100019,7,purple/line,1
left,M,589,265,#4e2815,78,40,21,gt5_from_local_palette,warm/fill,#462512,8,warm/fill,1
left,M,589,266,#2f1416,47,20,22,gt5_from_local_palette,warm/line,#35160f,7,warm/line,2
left,M,589,267,#190617,25,6,23,gt5_from_local_palette,purple/line,#100019,9,purple/line,1
left,M,590,268,#170517,23,5,23,gt5_from_local_palette,purple/line,#100019,7,purple/line,1
left,M,591,269,#170517,23,5,23,gt5_from_local_palette,purple/line,#100019,7,purple/line,1
left,M,592,270,#170517,23,5,23,gt5_from_local_palette,purple/line,#100019,7,purple/line,1
left,M,593,270,#21090d,33,9,13,gt5_from_local_palette,warm/line,#2b1109,10,warm/line,2
left,M,593,275,#1b0817,27,8,23,gt5_from_local_palette,purple/line,#100019,11,purple/line,3
left,M,593,276,#492a28,73,42,40,gt5_from_local_palette,warm/fill,#4c3129,7,warm/fill,1
left,M,593,278,#47281d,71,40,29,gt5_from_local_palette,warm/fill,#513014,10,warm/fill,1
left,M,593,279,#1c0919,28,9,25,gt5_from_local_palette,purple/line,#250a24,11,purple/line,2
left,M,594,280,#381d22,56,29,34,gt5_from_local_palette,warm/fill,#361b2a,8,purple/fill,2
left,M,595,281,#3f2319,63,35,25,gt5_from_local_palette,warm/fill,#462512,7,warm/fill,1
left,M,596,282,#220c18,34,12,24,gt5_from_local_palette,purple/line,#290f1e,7,purple/line,2
left,M,600,285,#291218,41,18,24,gt5_from_local_palette,purple/line,#290f1e,6,purple/line,2
left,M,601,287,#1a0718,26,7,24,gt5_from_local_palette,purple/line,#100019,10,purple/line,2
left,OH,591,258,#220c18,34,12,24,gt5_from_local_palette,purple/line,#290f1e,7,purple/line,2
left,OH,589,261,#170517,23,5,23,gt5_from_local_palette,purple/line,#100019,7,purple/line,1
left,OH,590,261,#502915,80,41,21,gt5_from_local_palette,warm/fill,#513014,7,warm/fill,1
left,OH,589,262,#240d16,36,13,22,gt5_from_local_palette,purple/line,#290f1e,8,purple/line,2
left,OH,588,265,#4c2916,76,41,22,gt5_from_local_palette,warm/fill,#462512,6,warm/fill,1
left,OH,588,267,#1b0818,27,8,24,gt5_from_local_palette,purple/line,#100019,11,purple/line,3
left,OH,589,267,#502915,80,41,21,gt5_from_local_palette,warm/fill,#513014,7,warm/fill,1
left,OH,589,268,#1a0718,26,7,24,gt5_from_local_palette,purple/line,#100019,10,purple/line,2
left,OH,591,270,#3f2319,63,35,25,gt5_from_local_palette,warm/fill,#462512,7,warm/fill,1
left,OH,592,270,#3f2319,63,35,25,gt5_from_local_palette,warm/fill,#462512,7,warm/fill,1
left,OH,593,270,#3f2319,63,35,25,gt5_from_local_palette,warm/fill,#462512,7,warm/fill,1
left,OH,594,270,#3f2319,63,35,25,gt5_from_local_palette,warm/fill,#462512,7,warm/fill,1
left,OH,595,270,#3f2319,63,35,25,gt5_from_local_palette,warm/fill,#462512,7,warm/fill,1
left,OH,596,270,#3f2319,63,35,25,gt5_from_local_palette,warm/fill,#462512,7,warm/fill,1
left,OH,597,270,#3f2319,63,35,25,gt5_from_local_palette,warm/fill,#462512,7,warm/fill,1
left,OH,598,270,#3d2016,61,32,22,gt5_from_local_palette,warm/fill,#422210,6,warm/fill,1
left,OH,599,270,#3d2016,61,32,22,gt5_from_local_palette,warm/fill,#422210,6,warm/fill,1
left,OH,592,271,#3f2319,63,35,25,gt5_from_local_palette,warm/fill,#462512,7,warm/fill,1
left,OH,593,271,#3f2319,63,35,25,gt5_from_local_palette,warm/fill,#462512,7,warm/fill,1
left,OH,594,271,#3f2319,63,35,25,gt5_from_local_palette,warm/fill,#462512,7,warm/fill,1
left,OH,595,271,#3f2319,63,35,25,gt5_from_local_palette,warm/fill,#462512,7,warm/fill,1
left,OH,596,271,#3f2319,63,35,25,gt5_from_local_palette,warm/fill,#462512,7,warm/fill,1
left,OH,597,271,#3f2319,63,35,25,gt5_from_local_palette,warm/fill,#462512,7,warm/fill,1
left,OH,598,271,#3f2319,63,35,25,gt5_from_local_palette,warm/fill,#462512,7,warm/fill,1
left,OH,599,271,#3f2319,63,35,25,gt5_from_local_palette,warm/fill,#462512,7,warm/fill,1
left,OH,600,271,#3f2319,63,35,25,gt5_from_local_palette,warm/fill,#462512,7,warm/fill,1
left,OH,601,271,#3f2319,63,35,25,gt5_from_local_palette,warm/fill,#462512,7,warm/fill,1
left,OH,602,271,#3f2319,63,35,25,gt5_from_local_palette,warm/fill,#462512,7,warm/fill,1
left,OH,603,271,#3f2319,63,35,25,gt5_from_local_palette,warm/fill,#462512,7,warm/fill,1
left,OH,604,271,#3e2117,62,33,23,gt5_from_local_palette,warm/fill,#431e11,6,warm/fill,1
left,OH,593,272,#3f2319,63,35,25,gt5_from_local_palette,warm/fill,#462512,7,warm/fill,1
left,OH,594,272,#3f2319,63,35,25,gt5_from_local_palette,warm/fill,#462512,7,warm/fill,1
left,OH,595,272,#3f2319,63,35,25,gt5_from_local_palette,warm/fill,#462512,7,warm/fill,1
left,OH,596,272,#3f2319,63,35,25,gt5_from_local_palette,warm/fill,#462512,7,warm/fill,1
left,OH,597,272,#3f2319,63,35,25,gt5_from_local_palette,warm/fill,#462512,7,warm/fill,1
left,OH,598,272,#3f2319,63,35,25,gt5_from_local_palette,warm/fill,#462512,7,warm/fill,1
left,OH,599,272,#3f2319,63,35,25,gt5_from_local_palette,warm/fill,#462512,7,warm/fill,1
left,OH,600,272,#3f2319,63,35,25,gt5_from_local_palette,warm/fill,#462512,7,warm/fill,1
left,OH,601,272,#3f2319,63,35,25,gt5_from_local_palette,warm/fill,#462512,7,warm/fill,1
left,OH,602,272,#3e2218,62,34,24,gt5_from_local_palette,warm/fill,#431e11,7,warm/fill,1
left,OH,593,273,#3f2319,63,35,25,gt5_from_local_palette,warm/fill,#462512,7,warm/fill,1
left,OH,598,273,#7b4638,123,70,56,gt5_from_local_palette,warm/fill,#794c33,6,warm/fill,3
left,OH,599,273,#854c3e,133,76,62,gt5_from_local_palette,warm/fill,#7e5635,10,warm/fill,5
left,OH,600,273,#814a3c,129,74,60,gt5_from_local_palette,warm/fill,#794c33,9,warm/fill,6
left,OH,593,274,#3f2319,63,35,25,gt5_from_local_palette,warm/fill,#462512,7,warm/fill,1
left,OH,594,274,#774132,119,65,50,gt5_from_local_palette,warm/fill,#744836,7,warm/fill,5
left,OH,595,274,#703c2e,112,60,46,gt5_from_local_palette,warm/fill,#6b3f28,6,warm/fill,3
left,OH,592,275,#240b0a,36,11,10,gt5_from_local_palette,warm/line,#2b1109,7,warm/line,1
left,OH,594,275,#4d2611,77,38,17,gt5_from_local_palette,warm/fill,#51250b,6,warm/fill,1
left,OH,592,277,#3f1f1a,63,31,26,gt5_from_local_palette,warm/fill,#3b1813,7,warm/fill,1
left,OH,592,279,#210c18,33,12,24,gt5_from_local_palette,purple/line,#290f1e,8,purple/line,2
left,OH,593,280,#311619,49,22,25,kind_change,warm/line,#361a19,5,warm/fill,2
left,OH,596,282,#7b4e39,123,78,57,gt5_from_local_palette,warm/fill,#794c33,6,warm/fill,2
left,OH,597,283,#381d22,56,29,34,gt5_from_local_palette,warm/fill,#361b2a,8,purple/fill,2
left,OH,599,285,#1c0819,28,8,25,gt5_from_local_palette,purple/line,#250a24,11,purple/line,2
left,OH,601,287,#1d0917,29,9,23,gt5_from_local_palette,purple/line,#290f1e,12,purple/line,2
left,OH_half,591,258,#220c18,34,12,24,gt5_from_local_palette,purple/line,#290f1e,7,purple/line,2
left,OH_half,590,260,#381d22,56,29,34,gt5_from_local_palette,warm/fill,#361b2a,8,purple/fill,2
left,OH_half,589,261,#170517,23,5,23,gt5_from_local_palette,purple/line,#100019,7,purple/line,1
left,OH_half,589,262,#220c17,34,12,23,gt5_from_local_palette,purple/line,#290f1e,7,purple/line,2
left,OH_half,588,264,#281018,40,16,24,gt5_from_local_palette,purple/line,#290f1e,6,purple/line,1
left,OH_half,588,265,#2c1518,44,21,24,gt5_from_local_palette,warm/line,#290f1e,6,purple/line,1
left,OH_half,588,266,#180618,24,6,24,gt5_from_local_palette,purple/line,#100019,8,purple/line,2
left,OH_half,609,270,#4d2714,77,39,20,gt5_from_local_palette,warm/fill,#462512,7,warm/fill,1
left,OH_half,593,271,#3f2319,63,35,25,gt5_from_local_palette,warm/fill,#462512,7,warm/fill,1
left,OH_half,594,271,#3f2319,63,35,25,gt5_from_local_palette,warm/fill,#462512,7,warm/fill,1
left,OH_half,595,271,#3f2319,63,35,25,gt5_from_local_palette,warm/fill,#462512,7,warm/fill,1
left,OH_half,596,271,#3f2319,63,35,25,gt5_from_local_palette,warm/fill,#462512,7,warm/fill,1
left,OH_half,597,271,#3f2319,63,35,25,gt5_from_local_palette,warm/fill,#462512,7,warm/fill,1
left,OH_half,598,271,#3f2319,63,35,25,gt5_from_local_palette,warm/fill,#462512,7,warm/fill,1
left,OH_half,599,271,#3f2319,63,35,25,gt5_from_local_palette,warm/fill,#462512,7,warm/fill,1
left,OH_half,600,271,#3f2319,63,35,25,gt5_from_local_palette,warm/fill,#462512,7,warm/fill,1
left,OH_half,601,271,#3f2319,63,35,25,gt5_from_local_palette,warm/fill,#462512,7,warm/fill,1
left,OH_half,602,271,#3f2319,63,35,25,gt5_from_local_palette,warm/fill,#462512,7,warm/fill,1
left,OH_half,603,271,#3f2319,63,35,25,gt5_from_local_palette,warm/fill,#462512,7,warm/fill,1
left,OH_half,604,271,#3f2319,63,35,25,gt5_from_local_palette,warm/fill,#462512,7,warm/fill,1
left,OH_half,605,271,#3f2218,63,34,24,gt5_from_local_palette,warm/fill,#431e11,7,warm/fill,1
left,OH_half,593,272,#3f2319,63,35,25,gt5_from_local_palette,warm/fill,#462512,7,warm/fill,1
left,OH_half,594,272,#3f2319,63,35,25,gt5_from_local_palette,warm/fill,#462512,7,warm/fill,1
left,OH_half,595,272,#3f2319,63,35,25,gt5_from_local_palette,warm/fill,#462512,7,warm/fill,1
left,OH_half,596,272,#3f2319,63,35,25,gt5_from_local_palette,warm/fill,#462512,7,warm/fill,1
left,OH_half,597,272,#3f2319,63,35,25,gt5_from_local_palette,warm/fill,#462512,7,warm/fill,1
left,OH_half,598,272,#3f2319,63,35,25,gt5_from_local_palette,warm/fill,#462512,7,warm/fill,1
left,OH_half,599,272,#3f2319,63,35,25,gt5_from_local_palette,warm/fill,#462512,7,warm/fill,1
left,OH_half,600,272,#3f2319,63,35,25,gt5_from_local_palette,warm/fill,#462512,7,warm/fill,1
left,OH_half,601,272,#3f2319,63,35,25,gt5_from_local_palette,warm/fill,#462512,7,warm/fill,1
left,OH_half,602,272,#3f2319,63,35,25,gt5_from_local_palette,warm/fill,#462512,7,warm/fill,1
left,OH_half,593,273,#3f2319,63,35,25,gt5_from_local_palette,warm/fill,#462512,7,warm/fill,1
left,OH_half,598,273,#7d483a,125,72,58,gt5_from_local_palette,warm/fill,#794c33,7,warm/fill,3
left,OH_half,599,273,#854c3e,133,76,62,gt5_from_local_palette,warm/fill,#7e5635,10,warm/fill,5
left,OH_half,600,273,#8b5041,139,80,65,gt5_from_local_palette,warm/fill,#8e5b3e,11,warm/fill,6
left,OH_half,602,273,#78442d,120,68,45,gt5_from_local_palette,warm/fill,#7c4a2e,6,warm/fill,2
left,OH_half,593,274,#412419,65,36,25,gt5_from_local_palette,warm/fill,#462512,7,warm/fill,1
left,OH_half,592,276,#170517,23,5,23,gt5_from_local_palette,purple/line,#100019,7,purple/line,1
left,OH_half,592,277,#170517,23,5,23,gt5_from_local_palette,purple/line,#100019,7,purple/line,1
left,OH_half,592,278,#170517,23,5,23,gt5_from_local_palette,purple/line,#100019,7,purple/line,1
left,OH_half,593,279,#4b271a,75,39,26,gt5_from_local_palette,warm/fill,#462512,8,warm/fill,1
left,OH_half,593,280,#1e0a1a,30,10,26,gt5_from_local_palette,purple/line,#250a24,10,purple/line,2
left,OH_half,594,281,#1e0a1a,30,10,26,gt5_from_local_palette,purple/line,#250a24,10,purple/line,2
left,OH_half,597,283,#190719,25,7,25,gt5_from_local_palette,purple/line,#100019,9,purple/line,2
left,OH_half,601,287,#1d0917,29,9,23,gt5_from_local_palette,purple/line,#290f1e,12,purple/line,2
left,smile,591,258,#220c18,34,12,24,gt5_from_local_palette,purple/line,#290f1e,7,purple/line,2
left,smile,591,259,#6c4230,108,66,48,gt5_from_local_palette,warm/fill,#6b4229,7,warm/fill,2
left,smile,590,260,#381d22,56,29,34,gt5_from_local_palette,warm/fill,#361b2a,8,purple/fill,2
left,smile,589,261,#170517,23,5,23,gt5_from_local_palette,purple/line,#100019,7,purple/line,1
left,smile,589,262,#260f16,38,15,22,gt5_from_local_palette,purple/line,#290f1e,8,purple/line,2
left,smile,588,264,#170517,23,5,23,gt5_from_local_palette,purple/line,#100019,7,purple/line,1
left,smile,589,265,#4e2815,78,40,21,gt5_from_local_palette,warm/fill,#462512,8,warm/fill,1
left,smile,589,266,#2f1416,47,20,22,gt5_from_local_palette,warm/line,#35160f,7,warm/line,2
left,smile,589,267,#190617,25,6,23,gt5_from_local_palette,purple/line,#100019,9,purple/line,1
left,smile,590,268,#170517,23,5,23,gt5_from_local_palette,purple/line,#100019,7,purple/line,1
left,smile,591,269,#170517,23,5,23,gt5_from_local_palette,purple/line,#100019,7,purple/line,1
left,smile,592,269,#421e0a,66,30,10,gt5_from_local_palette,warm/fill,#3c180c,6,warm/fill,1
left,smile,601,269,#4f2912,79,41,18,gt5_from_local_palette,warm/fill,#51250b,7,warm/fill,1
left,smile,606,269,#4f2915,79,41,21,gt5_from_local_palette,warm/fill,#513014,7,warm/fill,1
left,smile,592,270,#170517,23,5,23,gt5_from_local_palette,purple/line,#100019,7,purple/line,1
left,smile,593,270,#21090d,33,9,13,gt5_from_local_palette,warm/line,#2b1109,10,warm/line,2
left,smile,593,275,#1a0717,26,7,23,gt5_from_local_palette,purple/line,#100019,10,purple/line,2
left,smile,593,278,#47281d,71,40,29,gt5_from_local_palette,warm/fill,#513014,10,warm/fill,1
left,smile,593,279,#1c0919,28,9,25,gt5_from_local_palette,purple/line,#250a24,11,purple/line,2
left,smile,594,280,#381d22,56,29,34,gt5_from_local_palette,warm/fill,#361b2a,8,purple/fill,2
left,smile,595,281,#3f2319,63,35,25,gt5_from_local_palette,warm/fill,#462512,7,warm/fill,1
left,smile,596,282,#220c18,34,12,24,gt5_from_local_palette,purple/line,#290f1e,7,purple/line,2
left,smile,600,285,#291218,41,18,24,gt5_from_local_palette,purple/line,#290f1e,6,purple/line,2
left,smile,601,287,#1a0718,26,7,24,gt5_from_local_palette,purple/line,#100019,10,purple/line,2
right,AA,782,261,#100810,16,8,16,gt5_from_local_palette,neutral/line,#0c0206,10,neutral/line,1
right,AA,782,262,#211416,33,20,22,gt5_from_local_palette,warm/line,#1d0a15,10,purple/line,1
right,AA,783,264,#100810,16,8,16,gt5_from_local_palette,neutral/line,#0c0206,10,neutral/line,1
right,AA,783,265,#39241f,57,36,31,gt5_from_local_palette,warm/fill,#3b2d2c,13,warm/fill,1
right,AA,784,267,#100810,16,8,16,gt5_from_local_palette,neutral/line,#0c0206,10,neutral/line,1
right,AA,784,268,#100810,16,8,16,gt5_from_local_palette,neutral/line,#0c0206,10,neutral/line,1
right,AA,782,270,#3a2315,58,35,21,gt5_from_local_palette,warm/fill,#391e0c,9,warm/fill,1
right,AA,781,271,#402716,64,39,22,gt5_from_local_palette,warm/fill,#47250e,8,warm/fill,1
right,AA,782,271,#100810,16,8,16,gt5_from_local_palette,neutral/line,#0c0206,10,neutral/line,1
right,AA,780,272,#452819,69,40,25,gt5_from_local_palette,warm/fill,#4d2d1c,8,warm/fill,2
right,AA,781,272,#130910,19,9,16,gt5_from_local_palette,neutral/line,#0c0206,10,neutral/line,2
right,AA,769,273,#361808,54,24,8,kind_change,warm/line,#391809,3,warm/fill,1
right,AA,770,273,#361808,54,24,8,kind_change,warm/line,#391809,3,warm/fill,1
right,AA,775,273,#a18b79,161,139,121,gt5_from_local_palette,warm/fill,#9e7e77,13,warm/fill,6
right,AA,776,273,#a18b79,161,139,121,gt5_from_local_palette,warm/fill,#9e7e77,13,warm/fill,6
right,AA,777,273,#a18b79,161,139,121,gt5_from_local_palette,warm/fill,#9e7e77,13,warm/fill,6
right,AA,778,273,#a5907f,165,144,127,gt5_from_local_palette,warm/fill,#b49471,15,warm/fill,8
right,AA,780,273,#351d17,53,29,23,gt5_from_local_palette,warm/fill,#34190f,8,warm/line,1
right,AA,768,274,#654d41,101,77,65,gt5_from_local_palette,warm/fill,#6a5248,7,warm/fill,1
right,AA,769,274,#8a766b,138,118,107,gt5_from_local_palette,warm/fill,#8d725d,14,warm/fill,3
right,AA,770,274,#8e7a6e,142,122,110,gt5_from_local_palette,warm/fill,#9a715f,15,warm/fill,4
right,AA,771,274,#978378,151,131,120,gt5_from_local_palette,warm/fill,#9e7e77,7,warm/fill,5
right,AA,772,274,#a69489,166,148,137,gt5_from_local_palette,warm/fill,#9e7e77,22,warm/fill,5
right,AA,773,274,#a69489,166,148,137,gt5_from_local_palette,warm/fill,#9e7e77,22,warm/fill,5
right,AA,774,274,#cdbfb5,205,191,181,gt5_from_local_palette,warm/fill,#9e7e77,65,warm/fill,1
right,AA,775,274,#efe4da,239,228,218,gt5_from_local_palette,warm/fill,#9e7e77,102,warm/fill,1
right,AA,776,274,#efe4da,239,228,218,gt5_from_local_palette,warm/fill,#9e7e77,102,warm/fill,1
right,AA,777,274,#efe4da,239,228,218,gt5_from_local_palette,warm/fill,#9e7e77,102,warm/fill,1
right,AA,778,274,#d6c9bf,214,201,191,gt5_from_local_palette,warm/fill,#9e7e77,75,warm/fill,1
right,AA,779,274,#3f2319,63,35,25,gt5_from_local_palette,warm/fill,#34190f,11,warm/line,1
right,AA,761,275,#462719,70,39,25,gt5_from_local_palette,warm/fill,#4d2d1c,7,warm/fill,1
right,AA,762,275,#3d2117,61,33,23,gt5_from_local_palette,warm/fill,#34190f,9,warm/line,1
right,AA,763,275,#3f2319,63,35,25,gt5_from_local_palette,warm/fill,#34190f,11,warm/line,1
right,AA,764,275,#3f2319,63,35,25,gt5_from_local_palette,warm/fill,#34190f,11,warm/line,1
right,AA,765,275,#3f2319,63,35,25,gt5_from_local_palette,warm/fill,#34190f,11,warm/line,1
right,AA,766,275,#3f2319,63,35,25,gt5_from_local_palette,warm/fill,#34190f,11,warm/line,1
right,AA,767,275,#3f2319,63,35,25,gt5_from_local_palette,warm/fill,#34190f,11,warm/line,1
right,AA,769,275,#846e64,132,110,100,gt5_from_local_palette,warm/fill,#8d725d,9,warm/fill,5
right,AA,770,275,#97847a,151,132,122,gt5_from_local_palette,warm/fill,#9e7e77,7,warm/fill,7
right,AA,771,275,#a59389,165,147,137,gt5_from_local_palette,warm/fill,#9e7e77,21,warm/fill,5
right,AA,772,275,#b09f95,176,159,149,gt5_from_local_palette,warm/fill,#9e7e77,33,warm/fill,5
right,AA,773,275,#c3b4aa,195,180,170,gt5_from_local_palette,warm/fill,#9e7e77,54,warm/fill,7
right,AA,774,275,#c6b7ad,198,183,173,gt5_from_local_palette,warm/fill,#9e7e77,57,warm/fill,5
right,AA,775,275,#c3b4aa,195,180,170,gt5_from_local_palette,warm/fill,#9e7e77,54,warm/fill,7
right,AA,776,275,#c3b4aa,195,180,170,gt5_from_local_palette,warm/fill,#9e7e77,54,warm/fill,7
right,AA,777,275,#c3b4aa,195,180,170,gt5_from_local_palette,warm/fill,#9e7e77,54,warm/fill,7
right,AA,778,275,#97847a,151,132,122,gt5_from_local_palette,warm/fill,#9e7e77,7,warm/fill,7
right,AA,779,275,#3f2319,63,35,25,gt5_from_local_palette,warm/fill,#34190f,11,warm/line,1
right,AA,762,276,#432519,67,37,25,gt5_from_local_palette,warm/fill,#4d2a0f,10,warm/fill,1
right,AA,763,276,#3f2319,63,35,25,gt5_from_local_palette,warm/fill,#34190f,11,warm/line,1
right,AA,764,276,#3f2319,63,35,25,gt5_from_local_palette,warm/fill,#34190f,11,warm/line,1
right,AA,765,276,#3f2319,63,35,25,gt5_from_local_palette,warm/fill,#34190f,11,warm/line,1
right,AA,766,276,#3f2319,63,35,25,gt5_from_local_palette,warm/fill,#34190f,11,warm/line,1
right,AA,767,276,#3f2319,63,35,25,gt5_from_local_palette,warm/fill,#34190f,11,warm/line,1
right,AA,768,276,#3f2319,63,35,25,gt5_from_local_palette,warm/fill,#34190f,11,warm/line,1
right,AA,769,276,#3f2319,63,35,25,gt5_from_local_palette,warm/fill,#34190f,11,warm/line,1
right,AA,770,276,#3f2319,63,35,25,gt5_from_local_palette,warm/fill,#34190f,11,warm/line,1
right,AA,771,276,#3f2319,63,35,25,gt5_from_local_palette,warm/fill,#34190f,11,warm/line,1
right,AA,772,276,#3f2319,63,35,25,gt5_from_local_palette,warm/fill,#34190f,11,warm/line,1
right,AA,773,276,#3f2319,63,35,25,gt5_from_local_palette,warm/fill,#34190f,11,warm/line,1
right,AA,774,276,#3f2319,63,35,25,gt5_from_local_palette,warm/fill,#34190f,11,warm/line,1
right,AA,775,276,#3f2319,63,35,25,gt5_from_local_palette,warm/fill,#34190f,11,warm/line,1
right,AA,776,276,#3f2319,63,35,25,gt5_from_local_palette,warm/fill,#34190f,11,warm/line,1
right,AA,777,276,#3f2319,63,35,25,gt5_from_local_palette,warm/fill,#34190f,11,warm/line,1
right,AA,778,276,#3f2319,63,35,25,gt5_from_local_palette,warm/fill,#34190f,11,warm/line,1
right,AA,779,276,#3f2319,63,35,25,gt5_from_local_palette,warm/fill,#34190f,11,warm/line,1
right,AA,763,277,#402419,64,36,25,gt5_from_local_palette,warm/fill,#47250e,11,warm/fill,1
right,AA,764,277,#3f2319,63,35,25,gt5_from_local_palette,warm/fill,#34190f,11,warm/line,1
right,AA,765,277,#3f2319,63,35,25,gt5_from_local_palette,warm/fill,#34190f,11,warm/line,1
right,AA,766,277,#3f2319,63,35,25,gt5_from_local_palette,warm/fill,#34190f,11,warm/line,1
right,AA,767,277,#3f2319,63,35,25,gt5_from_local_palette,warm/fill,#34190f,11,warm/line,1
right,AA,768,277,#3f2319,63,35,25,gt5_from_local_palette,warm/fill,#34190f,11,warm/line,1
right,AA,769,277,#3f2319,63,35,25,gt5_from_local_palette,warm/fill,#34190f,11,warm/line,1
right,AA,770,277,#3f2319,63,35,25,gt5_from_local_palette,warm/fill,#34190f,11,warm/line,1
right,AA,771,277,#3f2319,63,35,25,gt5_from_local_palette,warm/fill,#34190f,11,warm/line,1
right,AA,772,277,#3f2319,63,35,25,gt5_from_local_palette,warm/fill,#34190f,11,warm/line,1
right,AA,773,277,#3f2319,63,35,25,gt5_from_local_palette,warm/fill,#34190f,11,warm/line,1
right,AA,774,277,#3f2319,63,35,25,gt5_from_local_palette,warm/fill,#34190f,11,warm/line,1
right,AA,775,277,#3f2319,63,35,25,gt5_from_local_palette,warm/fill,#34190f,11,warm/line,1
right,AA,776,277,#3f2319,63,35,25,gt5_from_local_palette,warm/fill,#34190f,11,warm/line,1
right,AA,777,277,#3f2319,63,35,25,gt5_from_local_palette,warm/fill,#34190f,11,warm/line,1
right,AA,778,277,#3f2319,63,35,25,gt5_from_local_palette,warm/fill,#34190f,11,warm/line,1
right,AA,779,277,#3f2319,63,35,25,gt5_from_local_palette,warm/fill,#34190f,11,warm/line,1
right,AA,766,278,#46271d,70,39,29,gt5_from_local_palette,warm/fill,#4d2d1c,7,warm/fill,1
right,AA,767,278,#3f2319,63,35,25,gt5_from_local_palette,warm/fill,#34190f,11,warm/line,1
right,AA,768,278,#3f2319,63,35,25,gt5_from_local_palette,warm/fill,#34190f,11,warm/line,1
right,AA,769,278,#3f2319,63,35,25,gt5_from_local_palette,warm/fill,#34190f,11,warm/line,1
right,AA,770,278,#3f2319,63,35,25,gt5_from_local_palette,warm/fill,#34190f,11,warm/line,1
right,AA,771,278,#3f2319,63,35,25,gt5_from_local_palette,warm/fill,#34190f,11,warm/line,1
right,AA,772,278,#3f2319,63,35,25,gt5_from_local_palette,warm/fill,#34190f,11,warm/line,1
right,AA,773,278,#3f2319,63,35,25,gt5_from_local_palette,warm/fill,#34190f,11,warm/line,1
right,AA,774,278,#3f2319,63,35,25,gt5_from_local_palette,warm/fill,#34190f,11,warm/line,1
right,AA,775,278,#3f2319,63,35,25,gt5_from_local_palette,warm/fill,#34190f,11,warm/line,1
right,AA,776,278,#3f2319,63,35,25,gt5_from_local_palette,warm/fill,#34190f,11,warm/line,1
right,AA,777,278,#3f2319,63,35,25,gt5_from_local_palette,warm/fill,#34190f,11,warm/line,1
right,AA,778,278,#3f2319,63,35,25,gt5_from_local_palette,warm/fill,#34190f,11,warm/line,1
right,AA,779,278,#3f2319,63,35,25,gt5_from_local_palette,warm/fill,#34190f,11,warm/line,1
right,AA,766,279,#975747,151,87,71,gt5_from_local_palette,warm/fill,#976144,10,warm/fill,7
right,AA,767,279,#784537,120,69,55,gt5_from_local_palette,warm/fill,#6f4c2f,9,warm/fill,3
right,AA,769,279,#3f2319,63,35,25,gt5_from_local_palette,warm/fill,#34190f,11,warm/line,1
right,AA,770,279,#3f2319,63,35,25,gt5_from_local_palette,warm/fill,#34190f,11,warm/line,1
right,AA,771,279,#3f2319,63,35,25,gt5_from_local_palette,warm/fill,#34190f,11,warm/line,1
right,AA,772,279,#3f2319,63,35,25,gt5_from_local_palette,warm/fill,#34190f,11,warm/line,1
right,AA,773,279,#3f2319,63,35,25,gt5_from_local_palette,warm/fill,#34190f,11,warm/line,1
right,AA,774,279,#3f2319,63,35,25,gt5_from_local_palette,warm/fill,#34190f,11,warm/line,1
right,AA,775,279,#3f2319,63,35,25,gt5_from_local_palette,warm/fill,#34190f,11,warm/line,1
right,AA,776,279,#3f2319,63,35,25,gt5_from_local_palette,warm/fill,#34190f,11,warm/line,1
right,AA,777,279,#3f2319,63,35,25,gt5_from_local_palette,warm/fill,#34190f,11,warm/line,1
right,AA,778,279,#3f2319,63,35,25,gt5_from_local_palette,warm/fill,#34190f,11,warm/line,1
right,AA,779,279,#3f2319,63,35,25,gt5_from_local_palette,warm/fill,#34190f,11,warm/line,1
right,AA,767,280,#8a503b,138,80,59,gt5_from_local_palette,warm/fill,#875735,7,warm/fill,4
right,AA,768,280,#975746,151,87,70,gt5_from_local_palette,warm/fill,#976144,10,warm/fill,6
right,AA,769,280,#804a3b,128,74,59,gt5_from_local_palette,warm/fill,#825434,10,warm/fill,5
right,AA,771,280,#3f2319,63,35,25,gt5_from_local_palette,warm/fill,#34190f,11,warm/line,1
right,AA,772,280,#3f2319,63,35,25,gt5_from_local_palette,warm/fill,#34190f,11,warm/line,1
right,AA,773,280,#3f2319,63,35,25,gt5_from_local_palette,warm/fill,#34190f,11,warm/line,1
right,AA,774,280,#3f2319,63,35,25,gt5_from_local_palette,warm/fill,#34190f,11,warm/line,1
right,AA,775,280,#3f2319,63,35,25,gt5_from_local_palette,warm/fill,#34190f,11,warm/line,1
right,AA,776,280,#3f2319,63,35,25,gt5_from_local_palette,warm/fill,#34190f,11,warm/line,1
right,AA,777,280,#3f2319,63,35,25,gt5_from_local_palette,warm/fill,#34190f,11,warm/line,1
right,AA,778,280,#3f2319,63,35,25,gt5_from_local_palette,warm/fill,#34190f,11,warm/line,1
right,AA,779,280,#3f2319,63,35,25,gt5_from_local_palette,warm/fill,#34190f,11,warm/line,1
right,AA,775,281,#432619,67,38,25,gt5_from_local_palette,warm/fill,#4d2a0f,10,warm/fill,1
right,AA,776,281,#432619,67,38,25,gt5_from_local_palette,warm/fill,#4d2a0f,10,warm/fill,1
right,AA,777,281,#432619,67,38,25,gt5_from_local_palette,warm/fill,#4d2a0f,10,warm/fill,1
right,AA,778,281,#432619,67,38,25,gt5_from_local_palette,warm/fill,#4d2a0f,10,warm/fill,1
right,AA,779,281,#432619,67,38,25,gt5_from_local_palette,warm/fill,#4d2a0f,10,warm/fill,1
right,AA,779,284,#422615,66,38,21,gt5_from_local_palette,warm/fill,#47250e,7,warm/fill,1
right,AA,779,285,#422615,66,38,21,gt5_from_local_palette,warm/fill,#47250e,7,warm/fill,1
right,AA,779,286,#3c2315,60,35,21,gt5_from_local_palette,warm/fill,#391e0c,9,warm/fill,1
right,AA,779,287,#412716,65,39,22,gt5_from_local_palette,warm/fill,#47250e,8,warm/fill,1
right,AA,779,288,#402921,64,41,33,gt5_from_local_palette,warm/fill,#3b2d2c,11,warm/fill,1
right,AA,779,289,#130a11,19,10,17,gt5_from_local_palette,neutral/line,#1d0a15,10,purple/line,1
right,AA,778,290,#2a1a1b,42,26,27,gt5_from_local_palette,warm/line,#292225,10,neutral/fill,1
right,AA,777,291,#281818,40,24,24,gt5_from_local_palette,warm/line,#34190f,12,warm/line,1
right,AA,776,292,#150b11,21,11,17,gt5_from_local_palette,neutral/line,#1d0a15,8,purple/line,1
right,AA,774,293,#33201d,51,32,29,gt5_from_local_palette,warm/fill,#291a26,10,purple/line,2
right,AA,772,294,#2e1c19,46,28,25,gt5_from_local_palette,warm/fill,#34190f,10,warm/line,1
right,AA,773,294,#100810,16,8,16,gt5_from_local_palette,neutral/line,#0c0206,10,neutral/line,1
right,AA_half,781,259,#7c5235,124,82,53,gt5_from_local_palette,warm/fill,#7b4e2f,6,warm/fill,1
right,AA_half,782,262,#1c1014,28,16,20,gt5_from_local_palette,purple/line,#1d0a15,6,purple/line,1
right,AA_half,783,265,#36221e,54,34,30,gt5_from_local_palette,warm/fill,#291a26,13,purple/line,1
right,AA_half,784,267,#100810,16,8,16,gt5_from_local_palette,neutral/line,#0c0206,10,neutral/line,1
right,AA_half,784,268,#100810,16,8,16,gt5_from_local_palette,neutral/line,#0c0206,10,neutral/line,1
right,AA_half,782,270,#382215,56,34,21,gt5_from_local_palette,warm/fill,#34190f,9,warm/line,1
right,AA_half,781,271,#3d2415,61,36,21,gt5_from_local_palette,warm/fill,#391e0c,9,warm/fill,1
right,AA_half,782,271,#100810,16,8,16,gt5_from_local_palette,neutral/line,#0c0206,10,neutral/line,1
right,AA_half,780,272,#432619,67,38,25,gt5_from_local_palette,warm/fill,#4d2a0f,10,warm/fill,1
right,AA_half,781,272,#100810,16,8,16,gt5_from_local_palette,neutral/line,#0c0206,10,neutral/line,1
right,AA_half,772,273,#361808,54,24,8,kind_change,warm/line,#391809,3,warm/fill,1
right,AA_half,780,273,#271514,39,21,20,gt5_from_local_palette,warm/line,#2d100b,9,warm/line,2
right,AA_half,770,274,#755f53,117,95,83,gt5_from_local_palette,warm/fill,#795e4d,6,warm/fill,3
right,AA_half,771,274,#7e695d,126,105,93,gt5_from_local_palette,warm/fill,#816657,6,warm/fill,2
right,AA_half,772,274,#8e7a6e,142,122,110,gt5_from_local_palette,warm/fill,#9a715f,15,warm/fill,4
right,AA_half,773,274,#8e7a6e,142,122,110,gt5_from_local_palette,warm/fill,#9a715f,15,warm/fill,4
right,AA_half,774,274,#beafa4,190,175,164,gt5_from_local_palette,warm/fill,#9e7e77,49,warm/fill,4
right,AA_half,775,274,#efe4da,239,228,218,gt5_from_local_palette,warm/fill,#9e7e77,102,warm/fill,1
right,AA_half,776,274,#efe4da,239,228,218,gt5_from_local_palette,warm/fill,#9e7e77,102,warm/fill,1
right,AA_half,777,274,#efe4da,239,228,218,gt5_from_local_palette,warm/fill,#9e7e77,102,warm/fill,1
right,AA_half,778,274,#c6b7ad,198,183,173,gt5_from_local_palette,warm/fill,#9e7e77,57,warm/fill,5
right,AA_half,779,274,#3f2319,63,35,25,gt5_from_local_palette,warm/fill,#34190f,11,warm/line,1
right,AA_half,762,275,#3d2116,61,33,22,gt5_from_local_palette,warm/fill,#34190f,9,warm/line,1
right,AA_half,763,275,#3e2218,62,34,24,gt5_from_local_palette,warm/fill,#34190f,10,warm/line,1
right,AA_half,764,275,#3f2319,63,35,25,gt5_from_local_palette,warm/fill,#34190f,11,warm/line,1
right,AA_half,765,275,#3f2319,63,35,25,gt5_from_local_palette,warm/fill,#34190f,11,warm/line,1
right,AA_half,766,275,#3f2319,63,35,25,gt5_from_local_palette,warm/fill,#34190f,11,warm/line,1
right,AA_half,767,275,#3f2319,63,35,25,gt5_from_local_palette,warm/fill,#34190f,11,warm/line,1
right,AA_half,771,275,#796258,121,98,88,gt5_from_local_palette,warm/fill,#7c5b57,7,warm/fill,2
right,AA_half,772,275,#846e64,132,110,100,gt5_from_local_palette,warm/fill,#8d725d,9,warm/fill,5
right,AA_half,773,275,#97847a,151,132,122,gt5_from_local_palette,warm/fill,#9e7e77,7,warm/fill,7
right,AA_half,774,275,#9a877d,154,135,125,gt5_from_local_palette,warm/fill,#9e7e77,9,warm/fill,6
right,AA_half,775,275,#97847a,151,132,122,gt5_from_local_palette,warm/fill,#9e7e77,7,warm/fill,7
right,AA_half,776,275,#97847a,151,132,122,gt5_from_local_palette,warm/fill,#9e7e77,7,warm/fill,7
right,AA_half,777,275,#97847a,151,132,122,gt5_from_local_palette,warm/fill,#9e7e77,7,warm/fill,7
right,AA_half,778,275,#765f55,118,95,85,gt5_from_local_palette,warm/fill,#7c5b57,6,warm/fill,3
right,AA_half,779,275,#3f2319,63,35,25,gt5_from_local_palette,warm/fill,#34190f,11,warm/line,1
right,AA_half,763,276,#442619,68,38,25,gt5_from_local_palette,warm/fill,#4d2d1c,9,warm/fill,1
right,AA_half,764,276,#3f2319,63,35,25,gt5_from_local_palette,warm/fill,#34190f,11,warm/line,1
right,AA_half,765,276,#3f2319,63,35,25,gt5_from_local_palette,warm/fill,#34190f,11,warm/line,1
right,AA_half,766,276,#3f2319,63,35,25,gt5_from_local_palette,warm/fill,#34190f,11,warm/line,1
right,AA_half,767,276,#3f2319,63,35,25,gt5_from_local_palette,warm/fill,#34190f,11,warm/line,1
right,AA_half,768,276,#3f2319,63,35,25,gt5_from_local_palette,warm/fill,#34190f,11,warm/line,1
right,AA_half,769,276,#3f2319,63,35,25,gt5_from_local_palette,warm/fill,#34190f,11,warm/line,1
right,AA_half,770,276,#3f2319,63,35,25,gt5_from_local_palette,warm/fill,#34190f,11,warm/line,1
right,AA_half,771,276,#3f2319,63,35,25,gt5_from_local_palette,warm/fill,#34190f,11,warm/line,1
right,AA_half,772,276,#3f2319,63,35,25,gt5_from_local_palette,warm/fill,#34190f,11,warm/line,1
right,AA_half,773,276,#3f2319,63,35,25,gt5_from_local_palette,warm/fill,#34190f,11,warm/line,1
right,AA_half,774,276,#3f2319,63,35,25,gt5_from_local_palette,warm/fill,#34190f,11,warm/line,1
right,AA_half,775,276,#3f2319,63,35,25,gt5_from_local_palette,warm/fill,#34190f,11,warm/line,1
right,AA_half,776,276,#3f2319,63,35,25,gt5_from_local_palette,warm/fill,#34190f,11,warm/line,1
right,AA_half,777,276,#3f2319,63,35,25,gt5_from_local_palette,warm/fill,#34190f,11,warm/line,1
right,AA_half,778,276,#3f2319,63,35,25,gt5_from_local_palette,warm/fill,#34190f,11,warm/line,1
right,AA_half,779,276,#3f2319,63,35,25,gt5_from_local_palette,warm/fill,#34190f,11,warm/line,1
right,AA_half,768,277,#3f2319,63,35,25,gt5_from_local_palette,warm/fill,#34190f,11,warm/line,1
right,AA_half,769,277,#3f2319,63,35,25,gt5_from_local_palette,warm/fill,#34190f,11,warm/line,1
right,AA_half,770,277,#3f2319,63,35,25,gt5_from_local_palette,warm/fill,#34190f,11,warm/line,1
right,AA_half,771,277,#3f2319,63,35,25,gt5_from_local_palette,warm/fill,#34190f,11,warm/line,1
right,AA_half,772,277,#3f2319,63,35,25,gt5_from_local_palette,warm/fill,#34190f,11,warm/line,1
right,AA_half,773,277,#3f2319,63,35,25,gt5_from_local_palette,warm/fill,#34190f,11,warm/line,1
right,AA_half,774,277,#3f2319,63,35,25,gt5_from_local_palette,warm/fill,#34190f,11,warm/line,1
right,AA_half,775,277,#3f2319,63,35,25,gt5_from_local_palette,warm/fill,#34190f,11,warm/line,1
right,AA_half,776,277,#3f2319,63,35,25,gt5_from_local_palette,warm/fill,#34190f,11,warm/line,1
right,AA_half,777,277,#3f2319,63,35,25,gt5_from_local_palette,warm/fill,#34190f,11,warm/line,1
right,AA_half,778,277,#3f2319,63,35,25,gt5_from_local_palette,warm/fill,#34190f,11,warm/line,1
right,AA_half,779,277,#3f2319,63,35,25,gt5_from_local_palette,warm/fill,#34190f,11,warm/line,1
right,AA_half,767,278,#824c35,130,76,53,gt5_from_local_palette,warm/fill,#82512f,6,warm/fill,3
right,AA_half,768,278,#784532,120,69,50,gt5_from_local_palette,warm/fill,#7a4c2b,7,warm/fill,3
right,AA_half,771,278,#3f2319,63,35,25,gt5_from_local_palette,warm/fill,#34190f,11,warm/line,1
right,AA_half,772,278,#3f2319,63,35,25,gt5_from_local_palette,warm/fill,#34190f,11,warm/line,1
right,AA_half,773,278,#3f2319,63,35,25,gt5_from_local_palette,warm/fill,#34190f,11,warm/line,1
right,AA_half,774,278,#3f2319,63,35,25,gt5_from_local_palette,warm/fill,#34190f,11,warm/line,1
right,AA_half,775,278,#3f2319,63,35,25,gt5_from_local_palette,warm/fill,#34190f,11,warm/line,1
right,AA_half,776,278,#3f2319,63,35,25,gt5_from_local_palette,warm/fill,#34190f,11,warm/line,1
right,AA_half,777,278,#3f2319,63,35,25,gt5_from_local_palette,warm/fill,#34190f,11,warm/line,1
right,AA_half,778,278,#3f2319,63,35,25,gt5_from_local_palette,warm/fill,#34190f,11,warm/line,1
right,AA_half,779,278,#3f2319,63,35,25,gt5_from_local_palette,warm/fill,#34190f,11,warm/line,1
right,AA_half,779,279,#3f2319,63,35,25,gt5_from_local_palette,warm/fill,#34190f,11,warm/line,1
right,AA_half,779,280,#382014,56,32,20,gt5_from_local_palette,warm/fill,#34190f,7,warm/line,1
right,AA_half,779,281,#382014,56,32,20,gt5_from_local_palette,warm/fill,#34190f,7,warm/line,1
right,AA_half,779,282,#382014,56,32,20,gt5_from_local_palette,warm/fill,#34190f,7,warm/line,1
right,AA_half,779,283,#382014,56,32,20,gt5_from_local_palette,warm/fill,#34190f,7,warm/line,1
right,AA_half,779,284,#382014,56,32,20,gt5_from_local_palette,warm/fill,#34190f,7,warm/line,1
right,AA_half,779,285,#452b20,69,43,32,gt5_from_local_palette,warm/fill,#4b321a,7,warm/fill,1
right,AA_half,779,286,#241617,36,22,23,gt5_from_local_palette,warm/line,#1d0a15,12,purple/line,1
right,AA_half,767,287,#7c4e37,124,78,55,gt5_from_local_palette,warm/fill,#825434,6,warm/fill,1
right,AA_half,775,290,#1c1015,28,16,21,gt5_from_local_palette,purple/line,#1d0a15,6,purple/line,1
right,AA_half,773,291,#402921,64,41,33,gt5_from_local_palette,warm/fill,#3b2d2c,11,warm/fill,1
right,AA_half,771,292,#3c2620,60,38,32,gt5_from_local_palette,warm/fill,#3b2d2c,12,warm/fill,2
right,EE,782,261,#1b0e11,27,14,17,kind_change,warm/line,#1d0a15,4,purple/line,1
right,EE,783,264,#150b10,21,11,16,gt5_from_local_palette,neutral/line,#1d0a15,8,purple/line,1
right,EE,784,266,#1b0e11,27,14,17,kind_change,warm/line,#1d0a15,4,purple/line,1
right,EE,784,269,#1b0e11,27,14,17,kind_change,warm/line,#1d0a15,4,purple/line,1
right,EE,767,273,#442a1d,68,42,29,gt5_from_local_palette,warm/fill,#4b321a,8,warm/fill,1
right,EE,768,273,#442a1d,68,42,29,gt5_from_local_palette,warm/fill,#4b321a,8,warm/fill,1
right,EE,769,273,#442a1d,68,42,29,gt5_from_local_palette,warm/fill,#4b321a,8,warm/fill,1
right,EE,770,273,#442a1d,68,42,29,gt5_from_local_palette,warm/fill,#4b321a,8,warm/fill,1
right,EE,771,273,#442a1d,68,42,29,gt5_from_local_palette,warm/fill,#4b321a,8,warm/fill,1
right,EE,772,273,#442a1d,68,42,29,gt5_from_local_palette,warm/fill,#4b321a,8,warm/fill,1
right,EE,773,273,#442a1d,68,42,29,gt5_from_local_palette,warm/fill,#4b321a,8,warm/fill,1
right,EE,774,273,#442a1d,68,42,29,gt5_from_local_palette,warm/fill,#4b321a,8,warm/fill,1
right,EE,775,273,#442a1d,68,42,29,gt5_from_local_palette,warm/fill,#4b321a,8,warm/fill,1
right,EE,776,273,#442a1d,68,42,29,gt5_from_local_palette,warm/fill,#4b321a,8,warm/fill,1
right,EE,777,273,#442a1d,68,42,29,gt5_from_local_palette,warm/fill,#4b321a,8,warm/fill,1
right,EE,762,274,#3f2319,63,35,25,gt5_from_local_palette,warm/fill,#34190f,11,warm/line,1
right,EE,763,274,#3f2319,63,35,25,gt5_from_local_palette,warm/fill,#34190f,11,warm/line,1
right,EE,764,274,#3f2319,63,35,25,gt5_from_local_palette,warm/fill,#34190f,11,warm/line,1
right,EE,765,274,#efe4da,239,228,218,gt5_from_local_palette,warm/fill,#9e7e77,102,warm/fill,1
right,EE,766,274,#efe4da,239,228,218,gt5_from_local_palette,warm/fill,#9e7e77,102,warm/fill,1
right,EE,767,274,#efe4da,239,228,218,gt5_from_local_palette,warm/fill,#9e7e77,102,warm/fill,1
right,EE,768,274,#efe4da,239,228,218,gt5_from_local_palette,warm/fill,#9e7e77,102,warm/fill,1
right,EE,769,274,#efe4da,239,228,218,gt5_from_local_palette,warm/fill,#9e7e77,102,warm/fill,1
right,EE,770,274,#efe4da,239,228,218,gt5_from_local_palette,warm/fill,#9e7e77,102,warm/fill,1
right,EE,771,274,#efe4da,239,228,218,gt5_from_local_palette,warm/fill,#9e7e77,102,warm/fill,1
right,EE,772,274,#efe4da,239,228,218,gt5_from_local_palette,warm/fill,#9e7e77,102,warm/fill,1
right,EE,773,274,#efe4da,239,228,218,gt5_from_local_palette,warm/fill,#9e7e77,102,warm/fill,1
right,EE,774,274,#efe4da,239,228,218,gt5_from_local_palette,warm/fill,#9e7e77,102,warm/fill,1
right,EE,775,274,#efe4da,239,228,218,gt5_from_local_palette,warm/fill,#9e7e77,102,warm/fill,1
right,EE,776,274,#efe4da,239,228,218,gt5_from_local_palette,warm/fill,#9e7e77,102,warm/fill,1
right,EE,777,274,#efe4da,239,228,218,gt5_from_local_palette,warm/fill,#9e7e77,102,warm/fill,1
right,EE,778,274,#efe4da,239,228,218,gt5_from_local_palette,warm/fill,#9e7e77,102,warm/fill,1
right,EE,780,274,#3f2319,63,35,25,gt5_from_local_palette,warm/fill,#34190f,11,warm/line,1
right,EE,765,275,#a58d7e,165,141,126,gt5_from_local_palette,warm/fill,#9e7e77,15,warm/fill,8
right,EE,766,275,#a68e80,166,142,128,gt5_from_local_palette,warm/fill,#b49471,15,warm/fill,10
right,EE,767,275,#b2a094,178,160,148,gt5_from_local_palette,warm/fill,#c69773,33,warm/fill,7
right,EE,768,275,#ad9c92,173,156,146,gt5_from_local_palette,warm/fill,#9e7e77,30,warm/fill,4
right,EE,769,275,#c3b4aa,195,180,170,gt5_from_local_palette,warm/fill,#9e7e77,54,warm/fill,7
right,EE,770,275,#c3b4aa,195,180,170,gt5_from_local_palette,warm/fill,#9e7e77,54,warm/fill,7
right,EE,771,275,#d9ccc2,217,204,194,gt5_from_local_palette,warm/fill,#9e7e77,78,warm/fill,3
right,EE,772,275,#d9ccc2,217,204,194,gt5_from_local_palette,warm/fill,#9e7e77,78,warm/fill,3
right,EE,773,275,#efe4da,239,228,218,gt5_from_local_palette,warm/fill,#9e7e77,102,warm/fill,1
right,EE,774,275,#efe4da,239,228,218,gt5_from_local_palette,warm/fill,#9e7e77,102,warm/fill,1
right,EE,775,275,#efe4da,239,228,218,gt5_from_local_palette,warm/fill,#9e7e77,102,warm/fill,1
right,EE,776,275,#efe4da,239,228,218,gt5_from_local_palette,warm/fill,#9e7e77,102,warm/fill,1
right,EE,777,275,#efe4da,239,228,218,gt5_from_local_palette,warm/fill,#9e7e77,102,warm/fill,1
right,EE,778,275,#efe4da,239,228,218,gt5_from_local_palette,warm/fill,#9e7e77,102,warm/fill,1
right,EE,779,275,#3f2319,63,35,25,gt5_from_local_palette,warm/fill,#34190f,11,warm/line,1
right,EE,778,276,#815f44,129,95,68,gt5_from_local_palette,warm/fill,#7e5e4c,8,warm/fill,1
right,EE,780,277,#100810,16,8,16,gt5_from_local_palette,neutral/line,#0c0206,10,neutral/line,1
right,EE,780,278,#100810,16,8,16,gt5_from_local_palette,neutral/line,#0c0206,10,neutral/line,1
right,EE,780,279,#100810,16,8,16,gt5_from_local_palette,neutral/line,#0c0206,10,neutral/line,1
right,EE,780,280,#100810,16,8,16,gt5_from_local_palette,neutral/line,#0c0206,10,neutral/line,1
right,EE,779,283,#150b12,21,11,18,gt5_from_local_palette,neutral/line,#1d0a15,8,purple/line,2
right,EE,778,284,#170d12,23,13,18,gt5_from_local_palette,neutral/line,#1d0a15,6,purple/line,1
right,EE,775,286,#211416,33,20,22,gt5_from_local_palette,warm/line,#1d0a15,10,purple/line,1
right,EE,774,287,#130a11,19,10,17,gt5_from_local_palette,neutral/line,#1d0a15,10,purple/line,1
right,EE,772,288,#241617,36,22,23,gt5_from_local_palette,warm/line,#1d0a15,12,purple/line,1
right,EE,771,289,#1f1216,31,18,22,gt5_from_local_palette,purple/line,#1d0a15,8,purple/line,2
right,EE_half,781,261,#794f36,121,79,54,gt5_from_local_palette,warm/fill,#7b4e2f,7,warm/fill,1
right,EE_half,782,262,#120910,18,9,16,gt5_from_local_palette,neutral/line,#0c0206,10,neutral/line,1
right,EE_half,782,263,#36221e,54,34,30,gt5_from_local_palette,warm/fill,#291a26,13,purple/line,1
right,EE_half,783,265,#211416,33,20,22,gt5_from_local_palette,warm/line,#1d0a15,10,purple/line,1
right,EE_half,784,267,#170d12,23,13,18,gt5_from_local_palette,neutral/line,#1d0a15,6,purple/line,1
right,EE_half,784,268,#120910,18,9,16,gt5_from_local_palette,neutral/line,#0c0206,10,neutral/line,1
right,EE_half,782,270,#2f1c14,47,28,20,kind_change,warm/fill,#34190f,5,warm/line,1
right,EE_half,781,271,#352014,53,32,20,gt5_from_local_palette,warm/fill,#34190f,7,warm/line,1
right,EE_half,780,272,#362014,54,32,20,gt5_from_local_palette,warm/fill,#34190f,7,warm/line,1
right,EE_half,780,273,#190a0b,25,10,11,gt5_from_local_palette,warm/line,#220904,9,warm/line,1
right,EE_half,765,274,#a69489,166,148,137,gt5_from_local_palette,warm/fill,#9e7e77,22,warm/fill,5
right,EE_half,766,274,#af9e93,175,158,147,gt5_from_local_palette,warm/fill,#9e7e77,32,warm/fill,4
right,EE_half,767,274,#beafa4,190,175,164,gt5_from_local_palette,warm/fill,#9e7e77,49,warm/fill,4
right,EE_half,768,274,#beafa4,190,175,164,gt5_from_local_palette,warm/fill,#9e7e77,49,warm/fill,4
right,EE_half,769,274,#beafa4,190,175,164,gt5_from_local_palette,warm/fill,#9e7e77,49,warm/fill,4
right,EE_half,770,274,#beafa4,190,175,164,gt5_from_local_palette,warm/fill,#9e7e77,49,warm/fill,4
right,EE_half,771,274,#beafa4,190,175,164,gt5_from_local_palette,warm/fill,#9e7e77,49,warm/fill,4
right,EE_half,772,274,#beafa4,190,175,164,gt5_from_local_palette,warm/fill,#9e7e77,49,warm/fill,4
right,EE_half,773,274,#beafa4,190,175,164,gt5_from_local_palette,warm/fill,#9e7e77,49,warm/fill,4
right,EE_half,774,274,#beafa4,190,175,164,gt5_from_local_palette,warm/fill,#9e7e77,49,warm/fill,4
right,EE_half,775,274,#beafa4,190,175,164,gt5_from_local_palette,warm/fill,#9e7e77,49,warm/fill,4
right,EE_half,776,274,#beafa4,190,175,164,gt5_from_local_palette,warm/fill,#9e7e77,49,warm/fill,4
right,EE_half,777,274,#beafa4,190,175,164,gt5_from_local_palette,warm/fill,#9e7e77,49,warm/fill,4
right,EE_half,779,274,#3a1e13,58,30,19,gt5_from_local_palette,warm/fill,#34190f,6,warm/line,1
right,EE_half,766,275,#684835,104,72,53,gt5_from_local_palette,warm/fill,#624335,6,warm/fill,1
right,EE_half,770,275,#927767,146,119,103,gt5_from_local_palette,warm/fill,#9a715f,8,warm/fill,1
right,EE_half,771,275,#8b7467,139,116,103,gt5_from_local_palette,warm/fill,#8d725d,10,warm/fill,2
right,EE_half,772,275,#a68e80,166,142,128,gt5_from_local_palette,warm/fill,#b49471,15,warm/fill,10
right,EE_half,773,275,#9b867b,155,134,123,gt5_from_local_palette,warm/fill,#9e7e77,8,warm/fill,8
right,EE_half,774,275,#ad9c92,173,156,146,gt5_from_local_palette,warm/fill,#9e7e77,30,warm/fill,4
right,EE_half,775,275,#ad9c92,173,156,146,gt5_from_local_palette,warm/fill,#9e7e77,30,warm/fill,4
right,EE_half,776,275,#beaea4,190,174,164,gt5_from_local_palette,warm/fill,#9e7e77,48,warm/fill,4
right,EE_half,777,275,#c3b4aa,195,180,170,gt5_from_local_palette,warm/fill,#9e7e77,54,warm/fill,7
right,EE_half,779,275,#3f2319,63,35,25,gt5_from_local_palette,warm/fill,#34190f,11,warm/line,1
right,EE_half,779,276,#291713,41,23,19,gt5_from_local_palette,warm/line,#2d100b,8,warm/line,1
right,EE_half,779,277,#2a1813,42,24,19,gt5_from_local_palette,warm/line,#2d100b,8,warm/line,1
right,EE_half,779,280,#281612,40,22,18,gt5_from_local_palette,warm/line,#2d100b,7,warm/line,1
right,EE_half,779,281,#201212,32,18,18,gt5_from_local_palette,warm/line,#1d0a15,8,purple/line,1
right,EE_half,779,282,#120910,18,9,16,gt5_from_local_palette,neutral/line,#0c0206,10,neutral/line,1
right,EE_half,778,283,#492e22,73,46,34,gt5_from_local_palette,warm/fill,#4d2d1c,6,warm/fill,1
right,EE_half,775,285,#794f36,121,79,54,gt5_from_local_palette,warm/fill,#7b4e2f,7,warm/fill,1
right,EE_half,776,285,#1f1214,31,18,20,gt5_from_local_palette,warm/line,#1d0a15,8,purple/line,1
right,EE_half,774,286,#402921,64,41,33,gt5_from_local_palette,warm/fill,#3b2d2c,11,warm/fill,1
right,EE_half,773,287,#241617,36,22,23,gt5_from_local_palette,warm/line,#1d0a15,12,purple/line,1
right,EE_half,772,288,#170d12,23,13,18,gt5_from_local_palette,neutral/line,#1d0a15,6,purple/line,1
right,EE_half,771,289,#180d13,24,13,19,kind_change,neutral/line,#1d0a15,5,purple/line,2
right,M,781,261,#794f36,121,79,54,gt5_from_local_palette,warm/fill,#7b4e2f,7,warm/fill,1
right,M,782,262,#120910,18,9,16,gt5_from_local_palette,neutral/line,#0c0206,10,neutral/line,1
right,M,782,263,#36221e,54,34,30,gt5_from_local_palette,warm/fill,#291a26,13,purple/line,1
right,M,783,265,#211416,33,20,22,gt5_from_local_palette,warm/line,#1d0a15,10,purple/line,1
right,M,784,267,#170d12,23,13,18,gt5_from_local_palette,neutral/line,#1d0a15,6,purple/line,1
right,M,784,268,#120910,18,9,16,gt5_from_local_palette,neutral/line,#0c0206,10,neutral/line,1
right,M,782,270,#2f1c14,47,28,20,kind_change,warm/fill,#34190f,5,warm/line,1
right,M,781,271,#352014,53,32,20,gt5_from_local_palette,warm/fill,#34190f,7,warm/line,1
right,M,780,272,#362014,54,32,20,gt5_from_local_palette,warm/fill,#34190f,7,warm/line,1
right,M,780,273,#100810,16,8,16,gt5_from_local_palette,neutral/line,#0c0206,10,neutral/line,1
right,M,779,274,#190a0b,25,10,11,gt5_from_local_palette,warm/line,#220904,9,warm/line,1
right,M,779,275,#16090c,22,9,12,gt5_from_local_palette,warm/line,#1d0a15,9,purple/line,1
right,M,779,276,#201212,32,18,18,gt5_from_local_palette,warm/line,#1d0a15,8,purple/line,1
right,M,779,277,#2a1813,42,24,19,gt5_from_local_palette,warm/line,#2d100b,8,warm/line,1
right,M,779,279,#42291f,66,41,31,gt5_from_local_palette,warm/fill,#4b321a,9,warm/fill,1
right,M,779,280,#402921,64,41,33,gt5_from_local_palette,warm/fill,#3b2d2c,11,warm/fill,1
right,M,779,281,#311e1a,49,30,26,gt5_from_local_palette,warm/fill,#292225,11,neutral/fill,1
right,M,779,282,#120910,18,9,16,gt5_from_local_palette,neutral/line,#0c0206,10,neutral/line,1
right,M,778,283,#492e22,73,46,34,gt5_from_local_palette,warm/fill,#4d2d1c,6,warm/fill,1
right,M,775,285,#794f36,121,79,54,gt5_from_local_palette,warm/fill,#7b4e2f,7,warm/fill,1
right,M,776,285,#1f1214,31,18,20,gt5_from_local_palette,warm/line,#1d0a15,8,purple/line,1
right,M,774,286,#402921,64,41,33,gt5_from_local_palette,warm/fill,#3b2d2c,11,warm/fill,1
right,M,773,287,#241617,36,22,23,gt5_from_local_palette,warm/line,#1d0a15,12,purple/line,1
right,M,772,288,#170d12,23,13,18,gt5_from_local_palette,neutral/line,#1d0a15,6,purple/line,1
right,M,771,289,#180d13,24,13,19,kind_change,neutral/line,#1d0a15,5,purple/line,2
right,OH,781,261,#794f36,121,79,54,gt5_from_local_palette,warm/fill,#7b4e2f,7,warm/fill,1
right,OH,782,262,#120910,18,9,16,gt5_from_local_palette,neutral/line,#0c0206,10,neutral/line,1
right,OH,782,263,#36221e,54,34,30,gt5_from_local_palette,warm/fill,#291a26,13,purple/line,1
right,OH,783,265,#2e1b13,46,27,19,gt5_from_local_palette,warm/line,#34190f,6,warm/line,1
right,OH,784,266,#2c1a13,44,26,19,gt5_from_local_palette,warm/line,#34190f,8,warm/line,1
right,OH,785,267,#1a0e11,26,14,17,kind_change,warm/line,#1d0a15,4,purple/line,1
right,OH,785,268,#1a0e11,26,14,17,kind_change,warm/line,#1d0a15,4,purple/line,1
right,OH,784,269,#40281f,64,40,31,gt5_from_local_palette,warm/fill,#4b321a,11,warm/fill,1
right,OH,783,270,#362014,54,32,20,gt5_from_local_palette,warm/fill,#34190f,7,warm/line,1
right,OH,782,271,#3d2415,61,36,21,gt5_from_local_palette,warm/fill,#391e0c,9,warm/fill,1
right,OH,783,271,#100810,16,8,16,gt5_from_local_palette,neutral/line,#0c0206,10,neutral/line,1
right,OH,781,272,#3b2215,59,34,21,gt5_from_local_palette,warm/fill,#34190f,9,warm/line,1
right,OH,782,272,#100810,16,8,16,gt5_from_local_palette,neutral/line,#0c0206,10,neutral/line,1
right,OH,773,274,#3d2016,61,32,22,gt5_from_local_palette,warm/fill,#34190f,9,warm/line,1
right,OH,774,274,#3d2016,61,32,22,gt5_from_local_palette,warm/fill,#34190f,9,warm/line,1
right,OH,775,274,#3e2218,62,34,24,gt5_from_local_palette,warm/fill,#34190f,10,warm/line,1
right,OH,776,274,#3f2319,63,35,25,gt5_from_local_palette,warm/fill,#34190f,11,warm/line,1
right,OH,777,274,#3f2319,63,35,25,gt5_from_local_palette,warm/fill,#34190f,11,warm/line,1
right,OH,778,274,#3f2319,63,35,25,gt5_from_local_palette,warm/fill,#34190f,11,warm/line,1
right,OH,779,274,#3f2319,63,35,25,gt5_from_local_palette,warm/fill,#34190f,11,warm/line,1
right,OH,780,274,#3f2319,63,35,25,gt5_from_local_palette,warm/fill,#34190f,11,warm/line,1
right,OH,767,275,#3e2014,62,32,20,gt5_from_local_palette,warm/fill,#391e0c,8,warm/fill,1
right,OH,768,275,#3f2319,63,35,25,gt5_from_local_palette,warm/fill,#34190f,11,warm/line,1
right,OH,769,275,#3f2319,63,35,25,gt5_from_local_palette,warm/fill,#34190f,11,warm/line,1
right,OH,770,275,#3f2319,63,35,25,gt5_from_local_palette,warm/fill,#34190f,11,warm/line,1
right,OH,771,275,#3f2319,63,35,25,gt5_from_local_palette,warm/fill,#34190f,11,warm/line,1
right,OH,772,275,#3f2319,63,35,25,gt5_from_local_palette,warm/fill,#34190f,11,warm/line,1
right,OH,773,275,#3f2319,63,35,25,gt5_from_local_palette,warm/fill,#34190f,11,warm/line,1
right,OH,774,275,#3f2319,63,35,25,gt5_from_local_palette,warm/fill,#34190f,11,warm/line,1
right,OH,775,275,#3f2319,63,35,25,gt5_from_local_palette,warm/fill,#34190f,11,warm/line,1
right,OH,776,275,#3f2319,63,35,25,gt5_from_local_palette,warm/fill,#34190f,11,warm/line,1
right,OH,777,275,#3f2319,63,35,25,gt5_from_local_palette,warm/fill,#34190f,11,warm/line,1
right,OH,778,275,#3f2319,63,35,25,gt5_from_local_palette,warm/fill,#34190f,11,warm/line,1
right,OH,779,275,#3f2319,63,35,25,gt5_from_local_palette,warm/fill,#34190f,11,warm/line,1
right,OH,780,275,#3f2319,63,35,25,gt5_from_local_palette,warm/fill,#34190f,11,warm/line,1
right,OH,768,276,#331608,51,22,8,gt5_from_local_palette,warm/line,#2d100b,6,warm/line,1
right,OH,770,276,#3f2319,63,35,25,gt5_from_local_palette,warm/fill,#34190f,11,warm/line,1
right,OH,771,276,#3f2319,63,35,25,gt5_from_local_palette,warm/fill,#34190f,11,warm/line,1
right,OH,772,276,#3f2319,63,35,25,gt5_from_local_palette,warm/fill,#34190f,11,warm/line,1
right,OH,773,276,#3f2319,63,35,25,gt5_from_local_palette,warm/fill,#34190f,11,warm/line,1
right,OH,774,276,#3f2319,63,35,25,gt5_from_local_palette,warm/fill,#34190f,11,warm/line,1
right,OH,775,276,#3f2319,63,35,25,gt5_from_local_palette,warm/fill,#34190f,11,warm/line,1
right,OH,776,276,#3f2319,63,35,25,gt5_from_local_palette,warm/fill,#34190f,11,warm/line,1
right,OH,777,276,#3f2319,63,35,25,gt5_from_local_palette,warm/fill,#34190f,11,warm/line,1
right,OH,778,276,#3f2319,63,35,25,gt5_from_local_palette,warm/fill,#34190f,11,warm/line,1
right,OH,779,276,#3f2319,63,35,25,gt5_from_local_palette,warm/fill,#34190f,11,warm/line,1
right,OH,780,276,#3f2319,63,35,25,gt5_from_local_palette,warm/fill,#34190f,11,warm/line,1
right,OH,771,277,#6b392a,107,57,42,gt5_from_local_palette,warm/fill,#654028,7,warm/fill,2
right,OH,772,277,#925444,146,84,68,gt5_from_local_palette,warm/fill,#8b583b,9,warm/fill,6
right,OH,773,277,#995848,153,88,72,gt5_from_local_palette,warm/fill,#976144,9,warm/fill,8
right,OH,774,277,#905344,144,83,68,gt5_from_local_palette,warm/fill,#8b583b,9,warm/fill,5
right,OH,775,277,#884e3f,136,78,63,gt5_from_local_palette,warm/fill,#895737,9,warm/fill,6
right,OH,776,277,#824b3c,130,75,60,gt5_from_local_palette,warm/fill,#825434,9,warm/fill,5
right,OH,777,277,#794538,121,69,56,gt5_from_local_palette,warm/fill,#7b4e2f,9,warm/fill,4
right,OH,778,277,#704033,112,64,51,gt5_from_local_palette,warm/fill,#66422b,10,warm/fill,2
right,OH,780,277,#3f2319,63,35,25,gt5_from_local_palette,warm/fill,#34190f,11,warm/line,1
right,OH,775,278,#4c2515,76,37,21,gt5_from_local_palette,warm/fill,#4d2a0f,6,warm/fill,1
right,OH,776,278,#502718,80,39,24,gt5_from_local_palette,warm/fill,#4d2d1c,6,warm/fill,1
right,OH,779,278,#683728,104,55,40,gt5_from_local_palette,warm/fill,#613923,7,warm/fill,3
right,OH,780,279,#311c13,49,28,19,kind_change,warm/fill,#34190f,4,warm/line,1
right,OH,780,281,#291712,41,23,18,gt5_from_local_palette,warm/line,#2d100b,7,warm/line,1
right,OH,780,282,#150b10,21,11,16,gt5_from_local_palette,neutral/line,#1d0a15,8,purple/line,1
right,OH,779,283,#291712,41,23,18,gt5_from_local_palette,warm/line,#2d100b,7,warm/line,1
right,OH,778,284,#2b1813,43,24,19,gt5_from_local_palette,warm/line,#2d100b,8,warm/line,1
right,OH,777,285,#211416,33,20,22,gt5_from_local_palette,warm/line,#1d0a15,10,purple/line,1
right,OH,774,287,#291919,41,25,25,gt5_from_local_palette,warm/line,#34190f,11,warm/line,1
right,OH,772,288,#33201d,51,32,29,gt5_from_local_palette,warm/fill,#291a26,10,purple/line,2
right,OH,771,289,#1f1216,31,18,22,gt5_from_local_palette,purple/line,#1d0a15,8,purple/line,2
right,OH_half,781,261,#794f36,121,79,54,gt5_from_local_palette,warm/fill,#7b4e2f,7,warm/fill,1
right,OH_half,782,262,#120910,18,9,16,gt5_from_local_palette,neutral/line,#0c0206,10,neutral/line,1
right,OH_half,782,263,#36221e,54,34,30,gt5_from_local_palette,warm/fill,#291a26,13,purple/line,1
right,OH_half,783,265,#2d1b19,45,27,25,gt5_from_local_palette,warm/fill,#34190f,10,warm/line,1
right,OH_half,784,266,#1b0e11,27,14,17,kind_change,warm/line,#1d0a15,4,purple/line,1
right,OH_half,784,269,#1b0e11,27,14,17,kind_change,warm/line,#1d0a15,4,purple/line,1
right,OH_half,783,270,#1a0e11,26,14,17,kind_change,warm/line,#1d0a15,4,purple/line,1
right,OH_half,767,275,#3c2016,60,32,22,gt5_from_local_palette,warm/fill,#34190f,8,warm/line,1
right,OH_half,768,275,#3e2218,62,34,24,gt5_from_local_palette,warm/fill,#34190f,10,warm/line,1
right,OH_half,769,275,#3f2319,63,35,25,gt5_from_local_palette,warm/fill,#34190f,11,warm/line,1
right,OH_half,770,275,#3f2319,63,35,25,gt5_from_local_palette,warm/fill,#34190f,11,warm/line,1
right,OH_half,771,275,#3f2319,63,35,25,gt5_from_local_palette,warm/fill,#34190f,11,warm/line,1
right,OH_half,772,275,#3f2319,63,35,25,gt5_from_local_palette,warm/fill,#34190f,11,warm/line,1
right,OH_half,773,275,#3f2319,63,35,25,gt5_from_local_palette,warm/fill,#34190f,11,warm/line,1
right,OH_half,774,275,#3f2319,63,35,25,gt5_from_local_palette,warm/fill,#34190f,11,warm/line,1
right,OH_half,775,275,#3f2319,63,35,25,gt5_from_local_palette,warm/fill,#34190f,11,warm/line,1
right,OH_half,776,275,#3f2319,63,35,25,gt5_from_local_palette,warm/fill,#34190f,11,warm/line,1
right,OH_half,777,275,#3f2319,63,35,25,gt5_from_local_palette,warm/fill,#34190f,11,warm/line,1
right,OH_half,778,275,#3f2319,63,35,25,gt5_from_local_palette,warm/fill,#34190f,11,warm/line,1
right,OH_half,779,275,#3f2319,63,35,25,gt5_from_local_palette,warm/fill,#34190f,11,warm/line,1
right,OH_half,770,276,#46271d,70,39,29,gt5_from_local_palette,warm/fill,#4d2d1c,7,warm/fill,1
right,OH_half,771,276,#3f2319,63,35,25,gt5_from_local_palette,warm/fill,#34190f,11,warm/line,1
right,OH_half,772,276,#3f2319,63,35,25,gt5_from_local_palette,warm/fill,#34190f,11,warm/line,1
right,OH_half,773,276,#3f2319,63,35,25,gt5_from_local_palette,warm/fill,#34190f,11,warm/line,1
right,OH_half,774,276,#3f2319,63,35,25,gt5_from_local_palette,warm/fill,#34190f,11,warm/line,1
right,OH_half,775,276,#3f2319,63,35,25,gt5_from_local_palette,warm/fill,#34190f,11,warm/line,1
right,OH_half,776,276,#3f2319,63,35,25,gt5_from_local_palette,warm/fill,#34190f,11,warm/line,1
right,OH_half,777,276,#3f2319,63,35,25,gt5_from_local_palette,warm/fill,#34190f,11,warm/line,1
right,OH_half,778,276,#3f2319,63,35,25,gt5_from_local_palette,warm/fill,#34190f,11,warm/line,1
right,OH_half,779,276,#3f2319,63,35,25,gt5_from_local_palette,warm/fill,#34190f,11,warm/line,1
right,OH_half,770,277,#6e4028,110,64,40,gt5_from_local_palette,warm/fill,#6d4625,6,warm/fill,1
right,OH_half,771,277,#794635,121,70,53,gt5_from_local_palette,warm/fill,#7b4e2f,8,warm/fill,3
right,OH_half,772,277,#864d3f,134,77,63,gt5_from_local_palette,warm/fill,#875735,10,warm/fill,6
right,OH_half,773,277,#884e3f,136,78,63,gt5_from_local_palette,warm/fill,#895737,9,warm/fill,6
right,OH_half,774,277,#864d3f,134,77,63,gt5_from_local_palette,warm/fill,#875735,10,warm/fill,6
right,OH_half,775,277,#824b3c,130,75,60,gt5_from_local_palette,warm/fill,#825434,9,warm/fill,5
right,OH_half,776,277,#794538,121,69,56,gt5_from_local_palette,warm/fill,#7b4e2f,9,warm/fill,4
right,OH_half,777,277,#724134,114,65,52,gt5_from_local_palette,warm/fill,#6f4c2f,11,warm/fill,3
right,OH_half,778,277,#6c3e31,108,62,49,gt5_from_local_palette,warm/fill,#66422b,6,warm/fill,3
right,OH_half,780,277,#3f2319,63,35,25,gt5_from_local_palette,warm/fill,#34190f,11,warm/line,1
right,OH_half,780,278,#331c17,51,28,23,gt5_from_local_palette,warm/fill,#34190f,8,warm/line,1
right,OH_half,780,279,#100810,16,8,16,gt5_from_local_palette,neutral/line,#0c0206,10,neutral/line,1
right,OH_half,780,280,#100810,16,8,16,gt5_from_local_palette,neutral/line,#0c0206,10,neutral/line,1
right,OH_half,779,282,#382014,56,32,20,gt5_from_local_palette,warm/fill,#34190f,7,warm/line,1
right,OH_half,779,283,#120a11,18,10,17,gt5_from_local_palette,neutral/line,#0c0206,11,neutral/line,1
right,OH_half,778,284,#170d12,23,13,18,gt5_from_local_palette,neutral/line,#1d0a15,6,purple/line,1
right,OH_half,775,286,#211416,33,20,22,gt5_from_local_palette,warm/line,#1d0a15,10,purple/line,1
right,OH_half,774,287,#130a11,19,10,17,gt5_from_local_palette,neutral/line,#1d0a15,10,purple/line,1
right,OH_half,772,288,#241617,36,22,23,gt5_from_local_palette,warm/line,#1d0a15,12,purple/line,1
right,OH_half,771,289,#1f1216,31,18,22,gt5_from_local_palette,purple/line,#1d0a15,8,purple/line,2
right,smile,781,261,#794f36,121,79,54,gt5_from_local_palette,warm/fill,#7b4e2f,7,warm/fill,1
right,smile,782,262,#120910,18,9,16,gt5_from_local_palette,neutral/line,#0c0206,10,neutral/line,1
right,smile,782,263,#36221e,54,34,30,gt5_from_local_palette,warm/fill,#291a26,13,purple/line,1
right,smile,783,265,#211416,33,20,22,gt5_from_local_palette,warm/line,#1d0a15,10,purple/line,1
right,smile,784,267,#170d12,23,13,18,gt5_from_local_palette,neutral/line,#1d0a15,6,purple/line,1
right,smile,784,268,#120910,18,9,16,gt5_from_local_palette,neutral/line,#0c0206,10,neutral/line,1
right,smile,782,270,#2f1c14,47,28,20,kind_change,warm/fill,#34190f,5,warm/line,1
right,smile,781,271,#352014,53,32,20,gt5_from_local_palette,warm/fill,#34190f,7,warm/line,1
right,smile,780,272,#362014,54,32,20,gt5_from_local_palette,warm/fill,#34190f,7,warm/line,1
right,smile,763,273,#361808,54,24,8,kind_change,warm/line,#391809,3,warm/fill,1
right,smile,780,273,#100810,16,8,16,gt5_from_local_palette,neutral/line,#0c0206,10,neutral/line,1
right,smile,779,274,#190a0b,25,10,11,gt5_from_local_palette,warm/line,#220904,9,warm/line,1
right,smile,779,276,#201212,32,18,18,gt5_from_local_palette,warm/line,#1d0a15,8,purple/line,1
right,smile,779,277,#2a1813,42,24,19,gt5_from_local_palette,warm/line,#2d100b,8,warm/line,1
right,smile,779,280,#3a241d,58,36,29,gt5_from_local_palette,warm/fill,#34190f,14,warm/line,1
right,smile,779,281,#311e1a,49,30,26,gt5_from_local_palette,warm/fill,#292225,11,neutral/fill,1
right,smile,779,282,#120910,18,9,16,gt5_from_local_palette,neutral/line,#0c0206,10,neutral/line,1
right,smile,778,283,#492e22,73,46,34,gt5_from_local_palette,warm/fill,#4d2d1c,6,warm/fill,1
right,smile,775,285,#794f36,121,79,54,gt5_from_local_palette,warm/fill,#7b4e2f,7,warm/fill,1
right,smile,776,285,#1f1214,31,18,20,gt5_from_local_palette,warm/line,#1d0a15,8,purple/line,1
right,smile,774,286,#402921,64,41,33,gt5_from_local_palette,warm/fill,#3b2d2c,11,warm/fill,1
right,smile,773,287,#241617,36,22,23,gt5_from_local_palette,warm/line,#1d0a15,12,purple/line,1
right,smile,772,288,#170d12,23,13,18,gt5_from_local_palette,neutral/line,#1d0a15,6,purple/line,1
right,smile,771,289,#180d13,24,13,19,kind_change,neutral/line,#1d0a15,5,purple/line,2
