path,category,angle,width,height,cheek_visible
/workspace/gb/d_point.png,other pose still (action/expression/hand/eye),,1048,365,unknown
/workspace/gb/d_wave.png,other pose still (action/expression/hand/eye),,1048,365,unknown
/workspace/gb/ov_wave.png,other pose still (action/expression/hand/eye),,2240,560,unknown
/workspace/gb/ov_wave2.png,other pose still (action/expression/hand/eye),,2240,840,unknown
/workspace/gb/s_wave_point.png,other pose still (action/expression/hand/eye),,1058,704,unknown
/workspace/gb/sh_dodge_kick.png,other pose still (action/expression/hand/eye),,1058,704,unknown
/workspace/gb/sh_gasp_angry.png,other pose still (action/expression/hand/eye),,1058,704,unknown
/workspace/gb/sh_idle-long_walk.png,other pose still (action/expression/hand/eye),,1058,704,unknown
/workspace/gb/sh_run_jump.png,other pose still (action/expression/hand/eye),,1058,704,unknown
/workspace/gb/sh_sit.png,other pose still (action/expression/hand/eye),,1058,176,unknown
/workspace/gb/sh_smirk_idle.png,other pose still (action/expression/hand/eye),,1058,528,unknown
/workspace/gb/sh_talk_sway.png,other pose still (action/expression/hand/eye),,1058,528,unknown
/workspace/gb/sh_wave_point.png,other pose still (action/expression/hand/eye),,1058,704,unknown
/workspace/gb/turn_faces.png,other pose still (action/expression/hand/eye),,1974,336,unknown
/workspace/gb/wave20.png,other pose still (action/expression/hand/eye),,768,1168,unknown
/workspace/hairwork/left_apose.png,other pose still (action/expression/hand/eye),0 (A-pose front),740,740,yes
/workspace/hairwork/left_tpose.png,other pose still (action/expression/hand/eye),0 (T-pose front),740,740,yes
/workspace/hairwork/raw_apose.png,other pose still (action/expression/hand/eye),0 (A-pose front),1520,720,yes
/workspace/hairwork/raw_tpose.png,other pose still (action/expression/hand/eye),0 (T-pose front),1520,720,yes
/workspace/hairwork/vis_apose.png,other pose still (action/expression/hand/eye),0 (A-pose front),740,740,yes
/workspace/hairwork/vis_tpose.png,other pose still (action/expression/hand/eye),0 (T-pose front),740,740,yes
/workspace/hairwork/z_apose.png,other pose still (action/expression/hand/eye),0 (A-pose front),840,600,yes
/workspace/hairwork/z_tpose.png,other pose still (action/expression/hand/eye),0 (T-pose front),840,600,yes
/workspace/shadowveil-hair/front.png,turnaround/rotation still,0 (front),1365,1739,yes
/workspace/shadowveil-hair/side.png,turnaround/rotation still,side profile,1365,1739,unknown
/workspace/shadowveil/body_tools/idle/resim/keys_idle_arm_settle_left/rest.png,other pose still (action/expression/hand/eye),,1365,1739,unknown
/workspace/shadowveil/body_tools/idle/resim/keys_idle_arm_settle_right/rest.png,other pose still (action/expression/hand/eye),,1365,1739,unknown
/workspace/shadowveil/body_tools/idle/resim/keys_idle_weight_shift_left/rest.png,other pose still (action/expression/hand/eye),,1365,1739,unknown
/workspace/shadowveil/body_tools/idle/resim/keys_idle_weight_shift_right/rest.png,other pose still (action/expression/hand/eye),,1365,1739,unknown
/workspace/shadowveil/body_tools/work/apose_turn/head/sheet.png,turnaround/rotation still,,1024,221,unknown
/workspace/shadowveil/body_tools/work/pre_earfill_r2/apose/head.png,other pose still (action/expression/hand/eye),0 (A-pose front),1365,1739,yes
/workspace/shadowveil/body_tools/work/pre_earfill_r2/tpose/head.png,other pose still (action/expression/hand/eye),0 (T-pose front),1365,1739,yes
/workspace/shadowveil/eyes/work/blink8_apose.png,other pose still (action/expression/hand/eye),0 (A-pose front),1292,824,yes
/workspace/shadowveil/eyes/work/blink8_left.png,other pose still (action/expression/hand/eye),left profile,904,332,unknown
/workspace/shadowveil/eyes/work/blink8_right.png,other pose still (action/expression/hand/eye),right profile,904,352,unknown
/workspace/shadowveil/eyes/work/blink8_tpose.png,other pose still (action/expression/hand/eye),0 (T-pose front),1292,864,yes
/workspace/shadowveil/eyes/work/c_apose_a.png,other pose still (action/expression/hand/eye),0 (A-pose front),768,884,yes
/workspace/shadowveil/eyes/work/c_apose_b.png,other pose still (action/expression/hand/eye),0 (A-pose front),768,884,yes
/workspace/shadowveil/eyes/work/c_apose_c.png,other pose still (action/expression/hand/eye),0 (A-pose front),768,884,yes
/workspace/shadowveil/eyes/work/c_apose_d.png,other pose still (action/expression/hand/eye),0 (A-pose front),768,884,yes
/workspace/shadowveil/eyes/work/c_apose_h.png,other pose still (action/expression/hand/eye),0 (A-pose front),700,830,yes
/workspace/shadowveil/eyes/work/c_apose_i.png,other pose still (action/expression/hand/eye),0 (A-pose front),700,830,yes
/workspace/shadowveil/eyes/work/c_tpose_b.png,other pose still (action/expression/hand/eye),0 (T-pose front),768,884,yes
/workspace/shadowveil/eyes/work/c_tpose_c.png,other pose still (action/expression/hand/eye),0 (T-pose front),768,884,yes
/workspace/shadowveil/eyes/work/c_tpose_d.png,other pose still (action/expression/hand/eye),0 (T-pose front),768,884,yes
/workspace/shadowveil/eyes/work/c_tpose_h.png,other pose still (action/expression/hand/eye),0 (T-pose front),720,830,yes
/workspace/shadowveil/eyes/work/c_tpose_i.png,other pose still (action/expression/hand/eye),0 (T-pose front),720,830,yes
/workspace/shadowveil/eyes/work/q_apose1.png,other pose still (action/expression/hand/eye),0 (A-pose front),1064,272,yes
/workspace/shadowveil/eyes/work/q_apose2.png,other pose still (action/expression/hand/eye),0 (A-pose front),1064,272,yes
/workspace/shadowveil/eyes/work/q_apose3.png,other pose still (action/expression/hand/eye),0 (A-pose front),1064,272,yes
/workspace/shadowveil/eyes/work/q_apose4.png,other pose still (action/expression/hand/eye),0 (A-pose front),1064,272,yes
/workspace/shadowveil/eyes/work/q_apose5.png,other pose still (action/expression/hand/eye),0 (A-pose front),1064,272,yes
/workspace/shadowveil/eyes/work/q_apose6.png,other pose still (action/expression/hand/eye),0 (A-pose front),1508,452,yes
/workspace/shadowveil/eyes/work/q_apose8.png,other pose still (action/expression/hand/eye),0 (A-pose front),1508,524,yes
/workspace/shadowveil/eyes/work/q_tpose2.png,other pose still (action/expression/hand/eye),0 (T-pose front),1064,272,yes
/workspace/shadowveil/eyes/work/q_tpose3.png,other pose still (action/expression/hand/eye),0 (T-pose front),1064,272,yes
/workspace/shadowveil/eyes/work/q_tpose7.png,other pose still (action/expression/hand/eye),0 (T-pose front),1508,452,yes
/workspace/shadowveil/eyes/work/reference_timing/blink_glare_kick.png,other pose still (action/expression/hand/eye),,4000,546,unknown
/workspace/shadowveil/eyes/work/reference_timing/blink_hip.png,other pose still (action/expression/hand/eye),,3880,552,unknown
/workspace/shadowveil/eyes/work/reference_timing/blink_idle.png,other pose still (action/expression/hand/eye),,3880,415,unknown
/workspace/shadowveil/eyes/work/reference_timing/blink_side.png,other pose still (action/expression/hand/eye),side profile,1630,564,unknown
/workspace/shadowveil/eyes/work/reference_timing/idle-long_close.png,other pose still (action/expression/hand/eye),,2650,202,unknown
/workspace/shadowveil/eyes/work/reference_timing/tmp/all_stills.png,other pose still (action/expression/hand/eye),,1700,1040,unknown
/workspace/shadowveil/eyes/work/reference_timing/tmp/idle_f0.png,other pose still (action/expression/hand/eye),,768,1168,unknown
/workspace/shadowveil/eyes/work/reference_timing/tmp/s_idlelong.png,other pose still (action/expression/hand/eye),,3096,924,unknown
/workspace/shadowveil/eyes/work/src_tpose.png,other pose still (action/expression/hand/eye),0 (T-pose front),1365,1739,yes
/workspace/shadowveil/eyes/work/zc2_apose.png,other pose still (action/expression/hand/eye),0 (A-pose front),928,208,yes
/workspace/shadowveil/eyes/work/zc2_tpose.png,other pose still (action/expression/hand/eye),0 (T-pose front),928,208,yes
/workspace/shadowveil/eyes/work/zc3_apose.png,other pose still (action/expression/hand/eye),0 (A-pose front),928,240,yes
/workspace/shadowveil/hands/work/a_Point.png,other pose still (action/expression/hand/eye),,380,400,unknown
/workspace/shadowveil/hands/work/apose.png,turnaround/rotation still,0 (A-pose front),1365,1739,yes
/workspace/shadowveil/hands/work/idle_bend/renders/art_dry/apose/rest.png,other pose still (action/expression/hand/eye),0 (A-pose front),1365,1739,yes
/workspace/shadowveil/hands/work/idle_bend/renders/art_dry/tpose/rest.png,other pose still (action/expression/hand/eye),0 (T-pose front),1365,1739,yes
/workspace/shadowveil/hands/work/idle_bend/renders/art_dry_palm/tpose/rest.png,other pose still (action/expression/hand/eye),0 (T-pose front),1365,1739,yes
/workspace/shadowveil/hands/work/idle_bend/renders/art_dry_ring/tpose/rest.png,other pose still (action/expression/hand/eye),0 (T-pose front),1365,1739,yes
/workspace/shadowveil/hands/work/idle_bend/renders/data/apose_G/pose_Fist.png,other pose still (action/expression/hand/eye),,1365,1739,unknown
/workspace/shadowveil/hands/work/idle_bend/renders/data/apose_G/pose_Peace.png,other pose still (action/expression/hand/eye),,1365,1739,unknown
/workspace/shadowveil/hands/work/idle_bend/renders/data/apose_G/pose_Point.png,other pose still (action/expression/hand/eye),,1365,1739,unknown
/workspace/shadowveil/hands/work/idle_bend/renders/data/apose_G/rest.png,other pose still (action/expression/hand/eye),,1365,1739,unknown
/workspace/shadowveil/hands/work/idle_bend/renders/data/apose_G2/pose_Fist.png,other pose still (action/expression/hand/eye),,1365,1739,unknown
/workspace/shadowveil/hands/work/idle_bend/renders/data/apose_G2/pose_Peace.png,other pose still (action/expression/hand/eye),,1365,1739,unknown
/workspace/shadowveil/hands/work/idle_bend/renders/data/apose_G2/pose_Point.png,other pose still (action/expression/hand/eye),,1365,1739,unknown
/workspace/shadowveil/hands/work/idle_bend/renders/data/apose_G2/rest.png,other pose still (action/expression/hand/eye),,1365,1739,unknown
/workspace/shadowveil/hands/work/idle_bend/renders/data/apose_H/pose_Fist.png,other pose still (action/expression/hand/eye),,1365,1739,unknown
/workspace/shadowveil/hands/work/idle_bend/renders/data/apose_H/pose_Peace.png,other pose still (action/expression/hand/eye),,1365,1739,unknown
/workspace/shadowveil/hands/work/idle_bend/renders/data/apose_H/pose_Point.png,other pose still (action/expression/hand/eye),,1365,1739,unknown
/workspace/shadowveil/hands/work/idle_bend/renders/data/apose_H/rest.png,other pose still (action/expression/hand/eye),,1365,1739,unknown
/workspace/shadowveil/hands/work/idle_bend/renders/data/tpose_A/pose_Fist.png,other pose still (action/expression/hand/eye),,1365,1739,unknown
/workspace/shadowveil/hands/work/idle_bend/renders/data/tpose_A/pose_Peace.png,other pose still (action/expression/hand/eye),,1365,1739,unknown
/workspace/shadowveil/hands/work/idle_bend/renders/data/tpose_A/pose_Point.png,other pose still (action/expression/hand/eye),,1365,1739,unknown
/workspace/shadowveil/hands/work/idle_bend/renders/data/tpose_A/rest.png,other pose still (action/expression/hand/eye),,1365,1739,unknown
/workspace/shadowveil/hands/work/idle_bend/renders/data/tpose_B/pose_Fist.png,other pose still (action/expression/hand/eye),,1365,1739,unknown
/workspace/shadowveil/hands/work/idle_bend/renders/data/tpose_B/pose_Peace.png,other pose still (action/expression/hand/eye),,1365,1739,unknown
/workspace/shadowveil/hands/work/idle_bend/renders/data/tpose_B/pose_Point.png,other pose still (action/expression/hand/eye),,1365,1739,unknown
/workspace/shadowveil/hands/work/idle_bend/renders/data/tpose_B/rest.png,other pose still (action/expression/hand/eye),,1365,1739,unknown
/workspace/shadowveil/hands/work/idle_bend/renders/data/tpose_C/pose_Fist.png,other pose still (action/expression/hand/eye),,1365,1739,unknown
/workspace/shadowveil/hands/work/idle_bend/renders/data/tpose_C/pose_Peace.png,other pose still (action/expression/hand/eye),,1365,1739,unknown
/workspace/shadowveil/hands/work/idle_bend/renders/data/tpose_C/pose_Point.png,other pose still (action/expression/hand/eye),,1365,1739,unknown
/workspace/shadowveil/hands/work/idle_bend/renders/data/tpose_C/rest.png,other pose still (action/expression/hand/eye),,1365,1739,unknown
/workspace/shadowveil/hands/work/idle_bend/renders/data/tpose_E/pose_Fist.png,other pose still (action/expression/hand/eye),,1365,1739,unknown
/workspace/shadowveil/hands/work/idle_bend/renders/data/tpose_E/pose_Peace.png,other pose still (action/expression/hand/eye),,1365,1739,unknown
/workspace/shadowveil/hands/work/idle_bend/renders/data/tpose_E/pose_Point.png,other pose still (action/expression/hand/eye),,1365,1739,unknown
/workspace/shadowveil/hands/work/idle_bend/renders/data/tpose_E/rest.png,other pose still (action/expression/hand/eye),,1365,1739,unknown
/workspace/shadowveil/hands/work/idle_bend/renders/data/tpose_F/pose_Fist.png,other pose still (action/expression/hand/eye),,1365,1739,unknown
/workspace/shadowveil/hands/work/idle_bend/renders/data/tpose_F/pose_Peace.png,other pose still (action/expression/hand/eye),,1365,1739,unknown
/workspace/shadowveil/hands/work/idle_bend/renders/data/tpose_F/pose_Point.png,other pose still (action/expression/hand/eye),,1365,1739,unknown
/workspace/shadowveil/hands/work/idle_bend/renders/data/tpose_F/rest.png,other pose still (action/expression/hand/eye),,1365,1739,unknown
/workspace/shadowveil/hands/work/idle_bend/renders/fist_frames5/tpose/fist.png,other pose still (action/expression/hand/eye),0 (T-pose front),1365,1739,yes
/workspace/shadowveil/hands/work/idle_bend/renders/fist_frames5/tpose/rest.png,other pose still (action/expression/hand/eye),0 (T-pose front),1365,1739,yes
/workspace/shadowveil/hands/work/idle_bend/renders/fist_live/tpose/fist.png,other pose still (action/expression/hand/eye),0 (T-pose front),1365,1739,yes
/workspace/shadowveil/hands/work/idle_bend/renders/fist_live/tpose/rest.png,other pose still (action/expression/hand/eye),0 (T-pose front),1365,1739,yes
/workspace/shadowveil/hands/work/idle_bend/renders/fix_keys/tpose/rest.png,other pose still (action/expression/hand/eye),0 (T-pose front),1365,1739,yes
/workspace/shadowveil/hands/work/idle_bend/renders/fix_keys_frames5/tpose/rest.png,other pose still (action/expression/hand/eye),0 (T-pose front),1365,1739,yes
/workspace/shadowveil/hands/work/idle_bend/renders/live/apose/hold_only.png,other pose still (action/expression/hand/eye),0 (A-pose front),1365,1739,yes
/workspace/shadowveil/hands/work/idle_bend/renders/live/apose/idle_arm_settle_f071.png,other pose still (action/expression/hand/eye),0 (A-pose front),1365,1739,yes
/workspace/shadowveil/hands/work/idle_bend/renders/live/apose/idle_breathe_f120_lift.png,other pose still (action/expression/hand/eye),0 (A-pose front),1365,1739,yes
/workspace/shadowveil/hands/work/idle_bend/renders/live/apose/idle_weight_shift_f182.png,other pose still (action/expression/hand/eye),0 (A-pose front),1365,1739,yes
/workspace/shadowveil/hands/work/idle_bend/renders/live/apose/rest.png,other pose still (action/expression/hand/eye),0 (A-pose front),1365,1739,yes
/workspace/shadowveil/hands/work/idle_bend/renders/live/right/hold_only.png,other pose still (action/expression/hand/eye),right profile,1365,1739,unknown
/workspace/shadowveil/hands/work/idle_bend/renders/live/right/idle_arm_settle_f169.png,other pose still (action/expression/hand/eye),right profile,1365,1739,unknown
/workspace/shadowveil/hands/work/idle_bend/renders/live/right/rest.png,other pose still (action/expression/hand/eye),right profile,1365,1739,unknown
/workspace/shadowveil/hands/work/idle_bend/renders/live/right169/f169.png,other pose still (action/expression/hand/eye),,1365,1739,unknown
/workspace/shadowveil/hands/work/idle_bend/renders/live/tpose/hold_only.png,other pose still (action/expression/hand/eye),0 (T-pose front),1365,1739,yes
/workspace/shadowveil/hands/work/idle_bend/renders/live/tpose/idle_arm_settle_f071.png,other pose still (action/expression/hand/eye),0 (T-pose front),1365,1739,yes
/workspace/shadowveil/hands/work/idle_bend/renders/live/tpose/idle_breathe_f120_lift.png,other pose still (action/expression/hand/eye),0 (T-pose front),1365,1739,yes
/workspace/shadowveil/hands/work/idle_bend/renders/live/tpose/idle_weight_shift_f182.png,other pose still (action/expression/hand/eye),0 (T-pose front),1365,1739,yes
/workspace/shadowveil/hands/work/idle_bend/renders/live/tpose/rest.png,other pose still (action/expression/hand/eye),0 (T-pose front),1365,1739,yes
/workspace/shadowveil/hands/work/idle_bend/sheets/_probe_E.png,other pose still (action/expression/hand/eye),,1440,864,unknown
/workspace/shadowveil/hands/work/idle_bend/sheets/_probe_F.png,other pose still (action/expression/hand/eye),,1728,864,unknown
/workspace/shadowveil/hands/work/idle_bend/sheets/_probe_aposeL.png,other pose still (action/expression/hand/eye),,2310,990,unknown
/workspace/shadowveil/hands/work/idle_bend/sheets/_probe_aposeL_fist.png,other pose still (action/expression/hand/eye),,1600,640,unknown
/workspace/shadowveil/hands/work/idle_bend/sheets/_probe_tposeL.png,other pose still (action/expression/hand/eye),,1560,936,unknown
/workspace/shadowveil/hands/work/idle_bend/sheets/_probe_tposeL2.png,other pose still (action/expression/hand/eye),,1728,576,unknown
/workspace/shadowveil/hands/work/idle_bend/sheets/apose_L_knuckle_ownermap.png,other pose still (action/expression/hand/eye),0 (A-pose front),1000,1242,yes
/workspace/shadowveil/hands/work/idle_bend/sheets/right_arm_settle_f169_live.png,other pose still (action/expression/hand/eye),right profile,600,676,unknown
/workspace/shadowveil/hands/work/idle_bend/sheets/right_f169_ownermap.png,other pose still (action/expression/hand/eye),right profile,1020,554,unknown
/workspace/shadowveil/hands/work/idle_bend/sheets/tpose_L_knuckle_ownermap.png,other pose still (action/expression/hand/eye),0 (T-pose front),840,1256,yes
/workspace/shadowveil/hands/work/q_apose.png,other pose still (action/expression/hand/eye),0 (A-pose front),2604,672,yes
/workspace/shadowveil/hands/work/q_tpose.png,other pose still (action/expression/hand/eye),0 (T-pose front),2544,381,yes
/workspace/shadowveil/hands/work/s_apose.png,other pose still (action/expression/hand/eye),0 (A-pose front),683,870,yes
/workspace/shadowveil/hands/work/s_tpose.png,other pose still (action/expression/hand/eye),0 (T-pose front),683,870,yes
/workspace/shadowveil/hands/work/sm_tpose.png,other pose still (action/expression/hand/eye),0 (T-pose front),669,813,yes
/workspace/shadowveil/hands/work/tpose.png,turnaround/rotation still,0 (T-pose front),1365,1739,yes
/workspace/shadowveil/mouth/work/apose_small.png,other pose still (action/expression/hand/eye),0 (A-pose front),455,580,yes
/workspace/shadowveil/mouth/work/face4x.png,other pose still (action/expression/hand/eye),,800,800,unknown
/workspace/shadowveil/mouth/work/faceA_4x.png,other pose still (action/expression/hand/eye),,800,800,unknown
/workspace/shadowveil/mouth/work/front.png,turnaround/rotation still,0 (front),1365,1739,yes
/workspace/shadowveil/mouth/work/reference_timing/tmp/talk1.png,other pose still (action/expression/hand/eye),,768,1168,unknown
/workspace/shadowveil/mouth/work/reference_timing/tmp/talk1c.png,other pose still (action/expression/hand/eye),,800,640,unknown
/workspace/shadowveil/mouth/work/tpose_small.png,other pose still (action/expression/hand/eye),0 (T-pose front),455,580,yes
/workspace/shadowveil/reference/REJECTED_walk_sheet.jpg,other pose still (action/expression/hand/eye),,1792,1008,unknown
/workspace/shadowveil/reference/apose.png,turnaround/rotation still,0 (A-pose front),1365,1739,yes
/workspace/shadowveil/reference/apose_turn/frames/f001.png,video/render frame sequence,,768,1168,
/workspace/shadowveil/reference/apose_turn/frames/f002.png,video/render frame sequence,,768,1168,
/workspace/shadowveil/reference/apose_turn/frames/f003.png,video/render frame sequence,,768,1168,
/workspace/shadowveil/reference/apose_turn/frames/f004.png,video/render frame sequence,,768,1168,
/workspace/shadowveil/reference/apose_turn/frames/f005.png,video/render frame sequence,,768,1168,
/workspace/shadowveil/reference/apose_turn/frames/f006.png,video/render frame sequence,,768,1168,
/workspace/shadowveil/reference/apose_turn/frames/f007.png,video/render frame sequence,,768,1168,
/workspace/shadowveil/reference/apose_turn/frames/f008.png,video/render frame sequence,,768,1168,
/workspace/shadowveil/reference/apose_turn/frames/f009.png,video/render frame sequence,,768,1168,
/workspace/shadowveil/reference/apose_turn/frames/f010.png,video/render frame sequence,,768,1168,
/workspace/shadowveil/reference/apose_turn/frames/f011.png,video/render frame sequence,,768,1168,
/workspace/shadowveil/reference/apose_turn/frames/f012.png,video/render frame sequence,,768,1168,
/workspace/shadowveil/reference/apose_turn/frames/f013.png,video/render frame sequence,,768,1168,
/workspace/shadowveil/reference/apose_turn/frames/f014.png,video/render frame sequence,,768,1168,
/workspace/shadowveil/reference/apose_turn/frames/f015.png,video/render frame sequence,,768,1168,
/workspace/shadowveil/reference/apose_turn/frames/f016.png,video/render frame sequence,,768,1168,
/workspace/shadowveil/reference/apose_turn/frames/f017.png,video/render frame sequence,,768,1168,
/workspace/shadowveil/reference/apose_turn/frames/f018.png,video/render frame sequence,,768,1168,
/workspace/shadowveil/reference/apose_turn/frames/f019.png,video/render frame sequence,,768,1168,
/workspace/shadowveil/reference/apose_turn/frames/f020.png,video/render frame sequence,,768,1168,
/workspace/shadowveil/reference/apose_turn/frames/f021.png,video/render frame sequence,,768,1168,
/workspace/shadowveil/reference/apose_turn/frames/f022.png,video/render frame sequence,,768,1168,
/workspace/shadowveil/reference/apose_turn/frames/f023.png,video/render frame sequence,,768,1168,
/workspace/shadowveil/reference/apose_turn/frames/f024.png,video/render frame sequence,,768,1168,
/workspace/shadowveil/reference/apose_turn/frames/f025.png,video/render frame sequence,,768,1168,
/workspace/shadowveil/reference/apose_turn/frames/f026.png,video/render frame sequence,,768,1168,
/workspace/shadowveil/reference/apose_turn/frames/f027.png,video/render frame sequence,,768,1168,
/workspace/shadowveil/reference/apose_turn/frames/f028.png,video/render frame sequence,,768,1168,
/workspace/shadowveil/reference/apose_turn/frames/f029.png,video/render frame sequence,,768,1168,
/workspace/shadowveil/reference/apose_turn/frames/f030.png,video/render frame sequence,,768,1168,
/workspace/shadowveil/reference/apose_turn/frames/f031.png,video/render frame sequence,,768,1168,
/workspace/shadowveil/reference/apose_turn/frames/f032.png,video/render frame sequence,,768,1168,
/workspace/shadowveil/reference/apose_turn/frames/f033.png,video/render frame sequence,,768,1168,
/workspace/shadowveil/reference/apose_turn/frames/f034.png,video/render frame sequence,,768,1168,
/workspace/shadowveil/reference/apose_turn/frames/f035.png,video/render frame sequence,,768,1168,
/workspace/shadowveil/reference/apose_turn/frames/f036.png,video/render frame sequence,,768,1168,
/workspace/shadowveil/reference/apose_turn/frames/f037.png,video/render frame sequence,,768,1168,
/workspace/shadowveil/reference/apose_turn/frames/f038.png,video/render frame sequence,,768,1168,
/workspace/shadowveil/reference/apose_turn/frames/f039.png,video/render frame sequence,,768,1168,
/workspace/shadowveil/reference/apose_turn/frames/f040.png,video/render frame sequence,,768,1168,
/workspace/shadowveil/reference/apose_turn/frames/f041.png,video/render frame sequence,,768,1168,
/workspace/shadowveil/reference/apose_turn/frames/f042.png,video/render frame sequence,,768,1168,
/workspace/shadowveil/reference/apose_turn/frames/f043.png,video/render frame sequence,,768,1168,
/workspace/shadowveil/reference/apose_turn/frames/f044.png,video/render frame sequence,,768,1168,
/workspace/shadowveil/reference/apose_turn/frames/f045.png,video/render frame sequence,,768,1168,
/workspace/shadowveil/reference/apose_turn/frames/f046.png,video/render frame sequence,,768,1168,
/workspace/shadowveil/reference/apose_turn/frames/f047.png,video/render frame sequence,,768,1168,
/workspace/shadowveil/reference/apose_turn/frames/f048.png,video/render frame sequence,,768,1168,
/workspace/shadowveil/reference/apose_turn/frames/f049.png,video/render frame sequence,,768,1168,
/workspace/shadowveil/reference/apose_turn/frames/f050.png,video/render frame sequence,,768,1168,
/workspace/shadowveil/reference/apose_turn/frames/f051.png,video/render frame sequence,,768,1168,
/workspace/shadowveil/reference/apose_turn/frames/f052.png,video/render frame sequence,,768,1168,
/workspace/shadowveil/reference/apose_turn/frames/f053.png,video/render frame sequence,,768,1168,
/workspace/shadowveil/reference/apose_turn/frames/f054.png,video/render frame sequence,,768,1168,
/workspace/shadowveil/reference/apose_turn/frames/f055.png,video/render frame sequence,,768,1168,
/workspace/shadowveil/reference/apose_turn/frames/f056.png,video/render frame sequence,,768,1168,
/workspace/shadowveil/reference/apose_turn/frames/f057.png,video/render frame sequence,,768,1168,
/workspace/shadowveil/reference/apose_turn/frames/f058.png,video/render frame sequence,,768,1168,
/workspace/shadowveil/reference/apose_turn/frames/f059.png,video/render frame sequence,,768,1168,
/workspace/shadowveil/reference/apose_turn/frames/f060.png,video/render frame sequence,,768,1168,
/workspace/shadowveil/reference/apose_turn/frames/f061.png,video/render frame sequence,,768,1168,
/workspace/shadowveil/reference/apose_turn/frames/f062.png,video/render frame sequence,,768,1168,
/workspace/shadowveil/reference/apose_turn/frames/f063.png,video/render frame sequence,,768,1168,
/workspace/shadowveil/reference/apose_turn/frames/f064.png,video/render frame sequence,,768,1168,
/workspace/shadowveil/reference/apose_turn/frames/f065.png,video/render frame sequence,,768,1168,
/workspace/shadowveil/reference/apose_turn/frames/f066.png,video/render frame sequence,,768,1168,
/workspace/shadowveil/reference/apose_turn/frames/f067.png,video/render frame sequence,,768,1168,
/workspace/shadowveil/reference/apose_turn/frames/f068.png,video/render frame sequence,,768,1168,
/workspace/shadowveil/reference/apose_turn/frames/f069.png,video/render frame sequence,,768,1168,
/workspace/shadowveil/reference/apose_turn/frames/f070.png,video/render frame sequence,,768,1168,
/workspace/shadowveil/reference/apose_turn/frames/f071.png,video/render frame sequence,,768,1168,
/workspace/shadowveil/reference/apose_turn/frames/f072.png,video/render frame sequence,,768,1168,
/workspace/shadowveil/reference/apose_turn/frames/f073.png,video/render frame sequence,,768,1168,
/workspace/shadowveil/reference/apose_turn/frames/f074.png,video/render frame sequence,,768,1168,
/workspace/shadowveil/reference/apose_turn/frames/f075.png,video/render frame sequence,,768,1168,
/workspace/shadowveil/reference/apose_turn/frames/f076.png,video/render frame sequence,,768,1168,
/workspace/shadowveil/reference/apose_turn/frames/f077.png,video/render frame sequence,,768,1168,
/workspace/shadowveil/reference/apose_turn/frames/f078.png,video/render frame sequence,,768,1168,
/workspace/shadowveil/reference/apose_turn/frames/f079.png,video/render frame sequence,,768,1168,
/workspace/shadowveil/reference/apose_turn/frames/f080.png,video/render frame sequence,,768,1168,
/workspace/shadowveil/reference/apose_turn/frames/f081.png,video/render frame sequence,,768,1168,
/workspace/shadowveil/reference/apose_turn/frames/f082.png,video/render frame sequence,,768,1168,
/workspace/shadowveil/reference/apose_turn/frames/f083.png,video/render frame sequence,,768,1168,
/workspace/shadowveil/reference/apose_turn/frames/f084.png,video/render frame sequence,,768,1168,
/workspace/shadowveil/reference/apose_turn/frames/f085.png,video/render frame sequence,,768,1168,
/workspace/shadowveil/reference/apose_turn/frames/f086.png,video/render frame sequence,,768,1168,
/workspace/shadowveil/reference/apose_turn/frames/f087.png,video/render frame sequence,,768,1168,
/workspace/shadowveil/reference/apose_turn/frames/f088.png,video/render frame sequence,,768,1168,
/workspace/shadowveil/reference/apose_turn/frames/f089.png,video/render frame sequence,,768,1168,
/workspace/shadowveil/reference/apose_turn/frames/f090.png,video/render frame sequence,,768,1168,
/workspace/shadowveil/reference/apose_turn/frames/f091.png,video/render frame sequence,,768,1168,
/workspace/shadowveil/reference/apose_turn/frames/f092.png,video/render frame sequence,,768,1168,
/workspace/shadowveil/reference/apose_turn/frames/f093.png,video/render frame sequence,,768,1168,
/workspace/shadowveil/reference/apose_turn/frames/f094.png,video/render frame sequence,,768,1168,
/workspace/shadowveil/reference/apose_turn/frames/f095.png,video/render frame sequence,,768,1168,
/workspace/shadowveil/reference/apose_turn/frames/f096.png,video/render frame sequence,,768,1168,
/workspace/shadowveil/reference/apose_turn/frames/f097.png,video/render frame sequence,,768,1168,
/workspace/shadowveil/reference/apose_turn/frames/f098.png,video/render frame sequence,,768,1168,
/workspace/shadowveil/reference/apose_turn/frames/f099.png,video/render frame sequence,,768,1168,
/workspace/shadowveil/reference/apose_turn/frames/f100.png,video/render frame sequence,,768,1168,
/workspace/shadowveil/reference/apose_turn/frames/f101.png,video/render frame sequence,,768,1168,
/workspace/shadowveil/reference/apose_turn/frames/f102.png,video/render frame sequence,,768,1168,
/workspace/shadowveil/reference/apose_turn/frames/f103.png,video/render frame sequence,,768,1168,
/workspace/shadowveil/reference/apose_turn/frames/f104.png,video/render frame sequence,,768,1168,
/workspace/shadowveil/reference/apose_turn/frames/f105.png,video/render frame sequence,,768,1168,
/workspace/shadowveil/reference/apose_turn/frames/f106.png,video/render frame sequence,,768,1168,
/workspace/shadowveil/reference/apose_turn/frames/f107.png,video/render frame sequence,,768,1168,
/workspace/shadowveil/reference/apose_turn/frames/f108.png,video/render frame sequence,,768,1168,
/workspace/shadowveil/reference/apose_turn/frames/f109.png,video/render frame sequence,,768,1168,
/workspace/shadowveil/reference/apose_turn/frames/f110.png,video/render frame sequence,,768,1168,
/workspace/shadowveil/reference/apose_turn/frames/f111.png,video/render frame sequence,,768,1168,
/workspace/shadowveil/reference/apose_turn/frames/f112.png,video/render frame sequence,,768,1168,
/workspace/shadowveil/reference/apose_turn/frames/f113.png,video/render frame sequence,,768,1168,
/workspace/shadowveil/reference/apose_turn/frames/f114.png,video/render frame sequence,,768,1168,
/workspace/shadowveil/reference/apose_turn/frames/f115.png,video/render frame sequence,,768,1168,
/workspace/shadowveil/reference/apose_turn/frames/f116.png,video/render frame sequence,,768,1168,
/workspace/shadowveil/reference/apose_turn/frames/f117.png,video/render frame sequence,,768,1168,
/workspace/shadowveil/reference/apose_turn/frames/f118.png,video/render frame sequence,,768,1168,
/workspace/shadowveil/reference/apose_turn/frames/f119.png,video/render frame sequence,,768,1168,
/workspace/shadowveil/reference/apose_turn/frames/f120.png,video/render frame sequence,,768,1168,
/workspace/shadowveil/reference/apose_turn/frames/f121.png,video/render frame sequence,,768,1168,
/workspace/shadowveil/reference/apose_turn/frames/f122.png,video/render frame sequence,,768,1168,
/workspace/shadowveil/reference/apose_turn/frames/f123.png,video/render frame sequence,,768,1168,
/workspace/shadowveil/reference/apose_turn/frames/f124.png,video/render frame sequence,,768,1168,
/workspace/shadowveil/reference/apose_turn/frames/f125.png,video/render frame sequence,,768,1168,
/workspace/shadowveil/reference/apose_turn/frames/f126.png,video/render frame sequence,,768,1168,
/workspace/shadowveil/reference/apose_turn/frames/f127.png,video/render frame sequence,,768,1168,
/workspace/shadowveil/reference/apose_turn/frames/f128.png,video/render frame sequence,,768,1168,
/workspace/shadowveil/reference/apose_turn/frames/f129.png,video/render frame sequence,,768,1168,
/workspace/shadowveil/reference/apose_turn/frames/f130.png,video/render frame sequence,,768,1168,
/workspace/shadowveil/reference/apose_turn/frames/f131.png,video/render frame sequence,,768,1168,
/workspace/shadowveil/reference/apose_turn/frames/f132.png,video/render frame sequence,,768,1168,
/workspace/shadowveil/reference/apose_turn/frames/f133.png,video/render frame sequence,,768,1168,
/workspace/shadowveil/reference/apose_turn/frames/f134.png,video/render frame sequence,,768,1168,
/workspace/shadowveil/reference/apose_turn/frames/f135.png,video/render frame sequence,,768,1168,
/workspace/shadowveil/reference/apose_turn/frames/f136.png,video/render frame sequence,,768,1168,
/workspace/shadowveil/reference/apose_turn/frames/f137.png,video/render frame sequence,,768,1168,
/workspace/shadowveil/reference/apose_turn/frames/f138.png,video/render frame sequence,,768,1168,
/workspace/shadowveil/reference/apose_turn/frames/f139.png,video/render frame sequence,,768,1168,
/workspace/shadowveil/reference/apose_turn/frames/f140.png,video/render frame sequence,,768,1168,
/workspace/shadowveil/reference/apose_turn/frames/f141.png,video/render frame sequence,,768,1168,
/workspace/shadowveil/reference/apose_turn/frames/f142.png,video/render frame sequence,,768,1168,
/workspace/shadowveil/reference/apose_turn/frames/f143.png,video/render frame sequence,,768,1168,
/workspace/shadowveil/reference/apose_turn/frames/f144.png,video/render frame sequence,,768,1168,
/workspace/shadowveil/reference/apose_turn/frames/f145.png,video/render frame sequence,,768,1168,
/workspace/shadowveil/reference/apose_turn/frames/f146.png,video/render frame sequence,,768,1168,
/workspace/shadowveil/reference/apose_turn/frames/f147.png,video/render frame sequence,,768,1168,
/workspace/shadowveil/reference/apose_turn/frames/f148.png,video/render frame sequence,,768,1168,
/workspace/shadowveil/reference/apose_turn/frames/f149.png,video/render frame sequence,,768,1168,
/workspace/shadowveil/reference/apose_turn/frames/f150.png,video/render frame sequence,,768,1168,
/workspace/shadowveil/reference/apose_turn/frames/f151.png,video/render frame sequence,,768,1168,
/workspace/shadowveil/reference/apose_turn/frames/f152.png,video/render frame sequence,,768,1168,
/workspace/shadowveil/reference/apose_turn/frames/f153.png,video/render frame sequence,,768,1168,
/workspace/shadowveil/reference/apose_turn/frames/f154.png,video/render frame sequence,,768,1168,
/workspace/shadowveil/reference/apose_turn/frames/f155.png,video/render frame sequence,,768,1168,
/workspace/shadowveil/reference/apose_turn/frames/f156.png,video/render frame sequence,,768,1168,
/workspace/shadowveil/reference/apose_turn/frames/f157.png,video/render frame sequence,,768,1168,
/workspace/shadowveil/reference/apose_turn/frames/f158.png,video/render frame sequence,,768,1168,
/workspace/shadowveil/reference/apose_turn/frames/f159.png,video/render frame sequence,,768,1168,
/workspace/shadowveil/reference/apose_turn/frames/f160.png,video/render frame sequence,,768,1168,
/workspace/shadowveil/reference/apose_turn/frames/f161.png,video/render frame sequence,,768,1168,
/workspace/shadowveil/reference/apose_turn/frames/f162.png,video/render frame sequence,,768,1168,
/workspace/shadowveil/reference/apose_turn/frames/f163.png,video/render frame sequence,,768,1168,
/workspace/shadowveil/reference/apose_turn/frames/f164.png,video/render frame sequence,,768,1168,
/workspace/shadowveil/reference/apose_turn/frames/f165.png,video/render frame sequence,,768,1168,
/workspace/shadowveil/reference/apose_turn/frames/f166.png,video/render frame sequence,,768,1168,
/workspace/shadowveil/reference/apose_turn/frames/f167.png,video/render frame sequence,,768,1168,
/workspace/shadowveil/reference/apose_turn/frames/f168.png,video/render frame sequence,,768,1168,
/workspace/shadowveil/reference/apose_turn/frames/f169.png,video/render frame sequence,,768,1168,
/workspace/shadowveil/reference/apose_turn/frames/f170.png,video/render frame sequence,,768,1168,
/workspace/shadowveil/reference/apose_turn/frames/f171.png,video/render frame sequence,,768,1168,
/workspace/shadowveil/reference/apose_turn/frames/f172.png,video/render frame sequence,,768,1168,
/workspace/shadowveil/reference/apose_turn/frames/f173.png,video/render frame sequence,,768,1168,
/workspace/shadowveil/reference/apose_turn/frames/f174.png,video/render frame sequence,,768,1168,
/workspace/shadowveil/reference/apose_turn/frames/f175.png,video/render frame sequence,,768,1168,
/workspace/shadowveil/reference/apose_turn/frames/f176.png,video/render frame sequence,,768,1168,
/workspace/shadowveil/reference/apose_turn/frames/f177.png,video/render frame sequence,,768,1168,
/workspace/shadowveil/reference/apose_turn/frames/f178.png,video/render frame sequence,,768,1168,
/workspace/shadowveil/reference/apose_turn/frames/f179.png,video/render frame sequence,,768,1168,
/workspace/shadowveil/reference/apose_turn/frames/f180.png,video/render frame sequence,,768,1168,
/workspace/shadowveil/reference/apose_turn/frames/f181.png,video/render frame sequence,,768,1168,
/workspace/shadowveil/reference/apose_turn/frames/f182.png,video/render frame sequence,,768,1168,
/workspace/shadowveil/reference/apose_turn/frames/f183.png,video/render frame sequence,,768,1168,
/workspace/shadowveil/reference/apose_turn/frames/f184.png,video/render frame sequence,,768,1168,
/workspace/shadowveil/reference/apose_turn/frames/f185.png,video/render frame sequence,,768,1168,
/workspace/shadowveil/reference/apose_turn/frames/f186.png,video/render frame sequence,,768,1168,
/workspace/shadowveil/reference/apose_turn/frames/f187.png,video/render frame sequence,,768,1168,
/workspace/shadowveil/reference/apose_turn/frames/f188.png,video/render frame sequence,,768,1168,
/workspace/shadowveil/reference/apose_turn/frames/f189.png,video/render frame sequence,,768,1168,
/workspace/shadowveil/reference/apose_turn/frames/f190.png,video/render frame sequence,,768,1168,
/workspace/shadowveil/reference/apose_turn/frames/f191.png,video/render frame sequence,,768,1168,
/workspace/shadowveil/reference/apose_turn/frames/f192.png,video/render frame sequence,,768,1168,
/workspace/shadowveil/reference/apose_turn/frames/f193.png,video/render frame sequence,,768,1168,
/workspace/shadowveil/reference/apose_turn/frames/f194.png,video/render frame sequence,,768,1168,
/workspace/shadowveil/reference/apose_turn/frames/f195.png,video/render frame sequence,,768,1168,
/workspace/shadowveil/reference/apose_turn/frames/f196.png,video/render frame sequence,,768,1168,
/workspace/shadowveil/reference/apose_turn/frames/f197.png,video/render frame sequence,,768,1168,
/workspace/shadowveil/reference/apose_turn/frames/f198.png,video/render frame sequence,,768,1168,
/workspace/shadowveil/reference/apose_turn/frames/f199.png,video/render frame sequence,,768,1168,
/workspace/shadowveil/reference/apose_turn/frames/f200.png,video/render frame sequence,,768,1168,
/workspace/shadowveil/reference/apose_turn/frames/f201.png,video/render frame sequence,,768,1168,
/workspace/shadowveil/reference/apose_turn/frames/f202.png,video/render frame sequence,,768,1168,
/workspace/shadowveil/reference/apose_turn/frames/f203.png,video/render frame sequence,,768,1168,
/workspace/shadowveil/reference/apose_turn/frames/f204.png,video/render frame sequence,,768,1168,
/workspace/shadowveil/reference/apose_turn/frames/f205.png,video/render frame sequence,,768,1168,
/workspace/shadowveil/reference/apose_turn/frames/f206.png,video/render frame sequence,,768,1168,
/workspace/shadowveil/reference/apose_turn/frames/f207.png,video/render frame sequence,,768,1168,
/workspace/shadowveil/reference/apose_turn/frames/f208.png,video/render frame sequence,,768,1168,
/workspace/shadowveil/reference/apose_turn/frames/f209.png,video/render frame sequence,,768,1168,
/workspace/shadowveil/reference/apose_turn/frames/f210.png,video/render frame sequence,,768,1168,
/workspace/shadowveil/reference/apose_turn/frames/f211.png,video/render frame sequence,,768,1168,
/workspace/shadowveil/reference/apose_turn/frames/f212.png,video/render frame sequence,,768,1168,
/workspace/shadowveil/reference/apose_turn/frames/f213.png,video/render frame sequence,,768,1168,
/workspace/shadowveil/reference/apose_turn/frames/f214.png,video/render frame sequence,,768,1168,
/workspace/shadowveil/reference/apose_turn/frames/f215.png,video/render frame sequence,,768,1168,
/workspace/shadowveil/reference/apose_turn/frames/f216.png,video/render frame sequence,,768,1168,
/workspace/shadowveil/reference/apose_turn/frames/f217.png,video/render frame sequence,,768,1168,
/workspace/shadowveil/reference/apose_turn/frames/f218.png,video/render frame sequence,,768,1168,
/workspace/shadowveil/reference/apose_turn/frames/f219.png,video/render frame sequence,,768,1168,
/workspace/shadowveil/reference/apose_turn/frames/f220.png,video/render frame sequence,,768,1168,
/workspace/shadowveil/reference/apose_turn/frames/f221.png,video/render frame sequence,,768,1168,
/workspace/shadowveil/reference/apose_turn/frames/f222.png,video/render frame sequence,,768,1168,
/workspace/shadowveil/reference/apose_turn/frames/f223.png,video/render frame sequence,,768,1168,
/workspace/shadowveil/reference/apose_turn/frames/f224.png,video/render frame sequence,,768,1168,
/workspace/shadowveil/reference/apose_turn/frames/f225.png,video/render frame sequence,,768,1168,
/workspace/shadowveil/reference/apose_turn/frames/f226.png,video/render frame sequence,,768,1168,
/workspace/shadowveil/reference/apose_turn/frames/f227.png,video/render frame sequence,,768,1168,
/workspace/shadowveil/reference/apose_turn/frames/f228.png,video/render frame sequence,,768,1168,
/workspace/shadowveil/reference/apose_turn/frames/f229.png,video/render frame sequence,,768,1168,
/workspace/shadowveil/reference/apose_turn/frames/f230.png,video/render frame sequence,,768,1168,
/workspace/shadowveil/reference/apose_turn/frames/f231.png,video/render frame sequence,,768,1168,
/workspace/shadowveil/reference/apose_turn/frames/f232.png,video/render frame sequence,,768,1168,
/workspace/shadowveil/reference/apose_turn/frames/f233.png,video/render frame sequence,,768,1168,
/workspace/shadowveil/reference/apose_turn/frames/f234.png,video/render frame sequence,,768,1168,
/workspace/shadowveil/reference/apose_turn/frames/f235.png,video/render frame sequence,,768,1168,
/workspace/shadowveil/reference/apose_turn/frames/f236.png,video/render frame sequence,,768,1168,
/workspace/shadowveil/reference/apose_turn/frames/f237.png,video/render frame sequence,,768,1168,
/workspace/shadowveil/reference/apose_turn/frames/f238.png,video/render frame sequence,,768,1168,
/workspace/shadowveil/reference/apose_turn/frames/f239.png,video/render frame sequence,,768,1168,
/workspace/shadowveil/reference/apose_turn/frames/f240.png,video/render frame sequence,,768,1168,
/workspace/shadowveil/reference/apose_turn/frames/f241.png,video/render frame sequence,,768,1168,
/workspace/shadowveil/reference/approved_turnaround.jpg,turnaround/rotation still,,1792,1008,unknown
/workspace/shadowveil/reference/back.png,turnaround/rotation still,180 (back),1365,1739,no
/workspace/shadowveil/reference/batch1/apose.png,turnaround/rotation still,0 (A-pose front),1365,1739,yes
/workspace/shadowveil/reference/batch1/back.png,turnaround/rotation still,180 (back),1365,1739,no
/workspace/shadowveil/reference/batch1/base_turnaround_e843956d.jpg,turnaround/rotation still,,1792,1008,unknown
/workspace/shadowveil/reference/batch1/left.png,turnaround/rotation still,left profile,1365,1739,unknown
/workspace/shadowveil/reference/batch1/right.png,turnaround/rotation still,right profile,1365,1739,unknown
/workspace/shadowveil/reference/batch1/test_sheet_1db5465b.jpg,QA crop / contact sheet,,1792,1008,
/workspace/shadowveil/reference/batch1/test_sheet_9f8eab39.jpg,QA crop / contact sheet,,1792,1008,
/workspace/shadowveil/reference/batch1/tpose.png,turnaround/rotation still,0 (T-pose front),1365,1739,yes
/workspace/shadowveil/reference/batch2/test_sheet_19472abf.jpg,QA crop / contact sheet,,1792,1008,
/workspace/shadowveil/reference/batch2/test_sheet_aab0551c.jpg,QA crop / contact sheet,,1792,1008,
/workspace/shadowveil/reference/batch2/test_sheet_d6485cd6.jpg,QA crop / contact sheet,,1792,1008,
/workspace/shadowveil/reference/grok_build/artifacts/apose-ref.jpg,other pose still (action/expression/hand/eye),0 (A-pose front),1365,1739,yes
/workspace/shadowveil/reference/grok_build/artifacts/body-pose.png,other pose still (action/expression/hand/eye),,420,900,unknown
/workspace/shadowveil/reference/grok_build/artifacts/body-rest.png,other/unclassified,,420,900,
/workspace/shadowveil/reference/grok_build/artifacts/body-side.png,turnaround/rotation still,side profile,420,900,unknown
/workspace/shadowveil/reference/grok_build/artifacts/clean-front.png,turnaround/rotation still,0 (front),420,900,yes
/workspace/shadowveil/reference/grok_build/artifacts/clean-profile.png,turnaround/rotation still,profile,420,900,unknown
/workspace/shadowveil/reference/grok_build/artifacts/crops/front_eyes_grid.png,QA crop / contact sheet,0 (front),500,500,
/workspace/shadowveil/reference/grok_build/artifacts/crops/prof_eyes_grid.png,QA crop / contact sheet,,520,560,
/workspace/shadowveil/reference/grok_build/artifacts/crops/sit1_limbs.jpg,QA crop / contact sheet,,850,650,
/workspace/shadowveil/reference/grok_build/artifacts/crops/sit1_torso.jpg,QA crop / contact sheet,,550,550,
/workspace/shadowveil/reference/grok_build/artifacts/crops/sit2_feet.jpg,QA crop / contact sheet,,800,450,
/workspace/shadowveil/reference/grok_build/artifacts/crops/sit2_left.jpg,QA crop / contact sheet,left profile,340,500,
/workspace/shadowveil/reference/grok_build/artifacts/crops/sit2_lhip.jpg,QA crop / contact sheet,,440,400,
/workspace/shadowveil/reference/grok_build/artifacts/crops/sit2_rhip.jpg,QA crop / contact sheet,,440,400,
/workspace/shadowveil/reference/grok_build/artifacts/crops/sit2_right.jpg,QA crop / contact sheet,right profile,350,500,
/workspace/shadowveil/reference/grok_build/artifacts/crops/sit3_lhand.jpg,QA crop / contact sheet,,370,350,
/workspace/shadowveil/reference/grok_build/artifacts/crops/sit3_rhand.jpg,QA crop / contact sheet,,380,350,
/workspace/shadowveil/reference/grok_build/artifacts/crops/tq_eyes_grid.png,QA crop / contact sheet,,560,520,
/workspace/shadowveil/reference/grok_build/artifacts/drift-audit/faces-1.jpg,QA crop / contact sheet,,1400,1552,
/workspace/shadowveil/reference/grok_build/artifacts/drift-audit/faces-2.jpg,QA crop / contact sheet,,1400,1552,
/workspace/shadowveil/reference/grok_build/artifacts/drift-audit/faces.jpg,QA crop / contact sheet,,1400,3104,
/workspace/shadowveil/reference/grok_build/artifacts/drift-audit/fix-sheet.jpg,QA crop / contact sheet,,1000,954,
/workspace/shadowveil/reference/grok_build/artifacts/drift-audit/g0-a.jpg,QA crop / contact sheet,,1280,1004,
/workspace/shadowveil/reference/grok_build/artifacts/drift-audit/g0-b.jpg,QA crop / contact sheet,,1280,1004,
/workspace/shadowveil/reference/grok_build/artifacts/drift-audit/g1-a.jpg,QA crop / contact sheet,,1280,1004,
/workspace/shadowveil/reference/grok_build/artifacts/drift-audit/g1-b.jpg,QA crop / contact sheet,,1280,1004,
/workspace/shadowveil/reference/grok_build/artifacts/drift-audit/g2-a.jpg,QA crop / contact sheet,,1280,752,
/workspace/shadowveil/reference/grok_build/artifacts/drift-audit/g2-b.jpg,QA crop / contact sheet,,1280,752,
/workspace/shadowveil/reference/grok_build/artifacts/drift-audit/g3-a.jpg,QA crop / contact sheet,,1280,1004,
/workspace/shadowveil/reference/grok_build/artifacts/drift-audit/g3-b.jpg,QA crop / contact sheet,,1280,1004,
/workspace/shadowveil/reference/grok_build/artifacts/drift-audit/g4-a.jpg,QA crop / contact sheet,,1280,1004,
/workspace/shadowveil/reference/grok_build/artifacts/drift-audit/g4-b.jpg,QA crop / contact sheet,,1280,1004,
/workspace/shadowveil/reference/grok_build/artifacts/drift-audit/getup-face.jpg,QA crop / contact sheet,,307,304,
/workspace/shadowveil/reference/grok_build/artifacts/drift-audit/getup-face2.jpg,QA crop / contact sheet,,400,340,
/workspace/shadowveil/reference/grok_build/artifacts/drift-audit/idle-src.jpg,QA crop / contact sheet,,768,1168,
/workspace/shadowveil/reference/grok_build/artifacts/drift-audit/jump-a.jpg,QA crop / contact sheet,,768,1168,
/workspace/shadowveil/reference/grok_build/artifacts/drift-audit/jump-b.jpg,QA crop / contact sheet,,768,1168,
/workspace/shadowveil/reference/grok_build/artifacts/drift-audit/jump-new.jpg,QA crop / contact sheet,,1320,348,
/workspace/shadowveil/reference/grok_build/artifacts/drift-audit/kick-1.6.jpg,QA crop / contact sheet,,768,1168,
/workspace/shadowveil/reference/grok_build/artifacts/drift-audit/kick-2.6.jpg,QA crop / contact sheet,,768,1168,
/workspace/shadowveil/reference/grok_build/artifacts/drift-audit/sheet-a.jpg,QA crop / contact sheet,,1200,3064,
/workspace/shadowveil/reference/grok_build/artifacts/drift-audit/sheet-b.jpg,QA crop / contact sheet,,1200,3064,
/workspace/shadowveil/reference/grok_build/artifacts/drift-audit/squat-1.6.jpg,QA crop / contact sheet,,768,1168,
/workspace/shadowveil/reference/grok_build/artifacts/drift-audit/startle-1.6.jpg,QA crop / contact sheet,,768,1168,
/workspace/shadowveil/reference/grok_build/artifacts/eyes/angle-0.jpg,turnaround/rotation still,,448,504,unknown
/workspace/shadowveil/reference/grok_build/artifacts/eyes/angle-1.jpg,turnaround/rotation still,,448,504,unknown
/workspace/shadowveil/reference/grok_build/artifacts/eyes/angle-2.jpg,turnaround/rotation still,,448,504,unknown
/workspace/shadowveil/reference/grok_build/artifacts/eyes/angle-3.jpg,turnaround/rotation still,,448,504,unknown
/workspace/shadowveil/reference/grok_build/artifacts/eyes/apose-head.jpg,other pose still (action/expression/hand/eye),0 (A-pose front),560,460,yes
/workspace/shadowveil/reference/grok_build/artifacts/eyes/face-0.jpg,other pose still (action/expression/hand/eye),,448,504,unknown
/workspace/shadowveil/reference/grok_build/artifacts/eyes/face-1.jpg,other pose still (action/expression/hand/eye),,448,504,unknown
/workspace/shadowveil/reference/grok_build/artifacts/eyes/face-2.jpg,other pose still (action/expression/hand/eye),,448,504,unknown
/workspace/shadowveil/reference/grok_build/artifacts/eyes/face-3.jpg,other pose still (action/expression/hand/eye),,448,504,unknown
/workspace/shadowveil/reference/grok_build/artifacts/eyes/face-4.jpg,other pose still (action/expression/hand/eye),,448,504,unknown
/workspace/shadowveil/reference/grok_build/artifacts/eyes/face-5.jpg,other pose still (action/expression/hand/eye),,448,504,unknown
/workspace/shadowveil/reference/grok_build/artifacts/eyes/face-6.jpg,other pose still (action/expression/hand/eye),,448,504,unknown
/workspace/shadowveil/reference/grok_build/artifacts/eyes/face-7.jpg,other pose still (action/expression/hand/eye),,448,504,unknown
/workspace/shadowveil/reference/grok_build/artifacts/eyes/getup-0.jpg,other pose still (action/expression/hand/eye),,272,304,unknown
/workspace/shadowveil/reference/grok_build/artifacts/eyes/getup-1.jpg,other pose still (action/expression/hand/eye),,272,304,unknown
/workspace/shadowveil/reference/grok_build/artifacts/eyes/getup-2.jpg,other pose still (action/expression/hand/eye),,272,304,unknown
/workspace/shadowveil/reference/grok_build/artifacts/eyes/getup-3.jpg,other pose still (action/expression/hand/eye),,272,304,unknown
/workspace/shadowveil/reference/grok_build/artifacts/eyes/half-blink.jpg,other pose still (action/expression/hand/eye),,1147,1361,unknown
/workspace/shadowveil/reference/grok_build/artifacts/eyes/tpose-head.jpg,other pose still (action/expression/hand/eye),0 (T-pose front),560,460,yes
/workspace/shadowveil/reference/grok_build/artifacts/face-now.jpg,other pose still (action/expression/hand/eye),,480,560,unknown
/workspace/shadowveil/reference/grok_build/artifacts/fix-pose.png,other pose still (action/expression/hand/eye),,420,900,unknown
/workspace/shadowveil/reference/grok_build/artifacts/fix-rest.png,other/unclassified,,420,900,
/workspace/shadowveil/reference/grok_build/artifacts/front.png,turnaround/rotation still,0 (front),420,900,yes
/workspace/shadowveil/reference/grok_build/artifacts/imagine_images/00f70f87-3de6-4a64-b4f0-9dd822fe8b52.jpg,other pose still (action/expression/hand/eye),,1152,1728,unknown
/workspace/shadowveil/reference/grok_build/artifacts/imagine_images/011e650f-d577-499e-8b19-4dc60fbaf1d3.jpg,other pose still (action/expression/hand/eye),,1248,1584,unknown
/workspace/shadowveil/reference/grok_build/artifacts/imagine_images/015ddc2c-ba5e-4b29-9ac9-7fc9d9b68f38.jpg,other pose still (action/expression/hand/eye),,1152,1728,unknown
/workspace/shadowveil/reference/grok_build/artifacts/imagine_images/02a54aa9-8a2f-40bd-9908-4a68b1cae3d9.jpg,other pose still (action/expression/hand/eye),,1728,1152,unknown
/workspace/shadowveil/reference/grok_build/artifacts/imagine_images/0412fe57-add0-49db-bea6-5dc36c5524ca.jpg,other pose still (action/expression/hand/eye),,1152,1728,unknown
/workspace/shadowveil/reference/grok_build/artifacts/imagine_images/0521b711-48c7-474a-8f9e-8eaeb92883d4.jpg,other pose still (action/expression/hand/eye),,1152,1728,unknown
/workspace/shadowveil/reference/grok_build/artifacts/imagine_images/05cf79d2-20b3-4171-a038-4e87495654d9.jpg,other pose still (action/expression/hand/eye),,960,2064,unknown
/workspace/shadowveil/reference/grok_build/artifacts/imagine_images/06215c7e-6580-49bd-8fd6-90d87f3ae1c6.jpg,other pose still (action/expression/hand/eye),,1152,1728,unknown
/workspace/shadowveil/reference/grok_build/artifacts/imagine_images/09028795-9895-4d1f-a702-60c5c2673469.jpg,other pose still (action/expression/hand/eye),,960,2064,unknown
/workspace/shadowveil/reference/grok_build/artifacts/imagine_images/09973acd-6292-428c-be2f-2946c4f265a0.jpg,other pose still (action/expression/hand/eye),,1152,1728,unknown
/workspace/shadowveil/reference/grok_build/artifacts/imagine_images/0a370e71-1eb3-4b20-81b1-ac556afd140f.jpg,other pose still (action/expression/hand/eye),,1152,1728,unknown
/workspace/shadowveil/reference/grok_build/artifacts/imagine_images/0a38ca6a-bbc5-4ae8-b9f3-c05c374ac2bc.jpg,other pose still (action/expression/hand/eye),,1728,1152,unknown
/workspace/shadowveil/reference/grok_build/artifacts/imagine_images/0a71b0b8-1063-4d0e-99b8-4c6e0ba1e33f.jpg,other pose still (action/expression/hand/eye),,1152,1728,unknown
/workspace/shadowveil/reference/grok_build/artifacts/imagine_images/0af8abe3-2552-4ff5-8463-7cd9cd154228.jpg,other pose still (action/expression/hand/eye),,1408,1408,unknown
/workspace/shadowveil/reference/grok_build/artifacts/imagine_images/0c39f2c6-fa23-4b19-ab57-20832a006247.jpg,other pose still (action/expression/hand/eye),,960,2064,unknown
/workspace/shadowveil/reference/grok_build/artifacts/imagine_images/0c94e641-8e0e-4463-8ec5-a6f322d62630.jpg,other pose still (action/expression/hand/eye),,1152,1728,unknown
/workspace/shadowveil/reference/grok_build/artifacts/imagine_images/0ca1102f-dd50-4f56-a4e8-60a22fda0545.jpg,other pose still (action/expression/hand/eye),,1152,1728,unknown
/workspace/shadowveil/reference/grok_build/artifacts/imagine_images/0da1a546-e089-4d4a-9d96-371ed310c24c.jpg,other pose still (action/expression/hand/eye),,1152,1728,unknown
/workspace/shadowveil/reference/grok_build/artifacts/imagine_images/0e180f4e-86ec-4b4f-b607-9c3005bc9460.jpg,other pose still (action/expression/hand/eye),,1408,1408,unknown
/workspace/shadowveil/reference/grok_build/artifacts/imagine_images/0e32510b-93b4-4980-b73a-de61a8307591.jpg,other pose still (action/expression/hand/eye),,1152,1728,unknown
/workspace/shadowveil/reference/grok_build/artifacts/imagine_images/0e5c9728-c224-4f1f-b560-39fa0fdcc854.jpg,other pose still (action/expression/hand/eye),,1120,1776,unknown
/workspace/shadowveil/reference/grok_build/artifacts/imagine_images/0eae08b3-fb6d-4f53-856d-16b0233d4a76.jpg,other pose still (action/expression/hand/eye),,1152,1728,unknown
/workspace/shadowveil/reference/grok_build/artifacts/imagine_images/0ed1e1bd-8dd3-423d-bbff-6eec0f54e05c.jpg,other pose still (action/expression/hand/eye),,1408,1408,unknown
/workspace/shadowveil/reference/grok_build/artifacts/imagine_images/0f823f56-6892-4a3e-b630-704d84055956.jpg,other pose still (action/expression/hand/eye),,1152,1728,unknown
/workspace/shadowveil/reference/grok_build/artifacts/imagine_images/0feea3dc-4753-4601-8568-e987bf393046.jpg,other pose still (action/expression/hand/eye),,1152,1728,unknown
/workspace/shadowveil/reference/grok_build/artifacts/imagine_images/0ff1b22e-993b-4525-8c6b-9055f4ccd6ed.jpg,other pose still (action/expression/hand/eye),,1152,1728,unknown
/workspace/shadowveil/reference/grok_build/artifacts/imagine_images/1004f535-dec4-4300-8e9b-6b1ee855b65d.jpg,other pose still (action/expression/hand/eye),,1152,1728,unknown
/workspace/shadowveil/reference/grok_build/artifacts/imagine_images/101e776e-ae0e-4cb5-b5e9-877ca7a10ceb.jpg,other pose still (action/expression/hand/eye),,1152,1728,unknown
/workspace/shadowveil/reference/grok_build/artifacts/imagine_images/104ba0d2-95d8-4a1a-8dae-d7c7b1cae8ac.jpg,other pose still (action/expression/hand/eye),,1152,1728,unknown
/workspace/shadowveil/reference/grok_build/artifacts/imagine_images/10fafbba-153f-4b7c-afc3-8887e30d768a.jpg,other pose still (action/expression/hand/eye),,1248,1584,unknown
/workspace/shadowveil/reference/grok_build/artifacts/imagine_images/110a14af-b9a3-4ff9-8a36-a292d5c91d66.jpg,other pose still (action/expression/hand/eye),,960,2064,unknown
/workspace/shadowveil/reference/grok_build/artifacts/imagine_images/115af67d-98c6-4882-92f7-b86c49e2f8b7.jpg,other pose still (action/expression/hand/eye),,1152,1728,unknown
/workspace/shadowveil/reference/grok_build/artifacts/imagine_images/1211b0ca-2d56-4b72-8e40-30b6ba3466e9.jpg,other pose still (action/expression/hand/eye),,1792,1008,unknown
/workspace/shadowveil/reference/grok_build/artifacts/imagine_images/12a979fa-81c3-471e-a5e2-ce039cee974a.jpg,other pose still (action/expression/hand/eye),,1152,1728,unknown
/workspace/shadowveil/reference/grok_build/artifacts/imagine_images/12cd9436-02d3-45c0-bc34-92d335295085.jpg,other pose still (action/expression/hand/eye),,1152,1728,unknown
/workspace/shadowveil/reference/grok_build/artifacts/imagine_images/1336ff0a-ac2e-4be9-9198-7a74bff57a34.jpg,other pose still (action/expression/hand/eye),,1152,1728,unknown
/workspace/shadowveil/reference/grok_build/artifacts/imagine_images/13b7ea9e-7a57-4dfc-aeb2-20403a987be9.jpg,other pose still (action/expression/hand/eye),,1152,1728,unknown
/workspace/shadowveil/reference/grok_build/artifacts/imagine_images/14c4c6bc-b7f3-467a-983c-9759d987b7c8.jpg,other pose still (action/expression/hand/eye),,1360,1456,unknown
/workspace/shadowveil/reference/grok_build/artifacts/imagine_images/1685da25-c56a-473b-b6cf-4e9927ff9cff.jpg,other pose still (action/expression/hand/eye),,1152,1728,unknown
/workspace/shadowveil/reference/grok_build/artifacts/imagine_images/17241d75-18b7-4cd8-9f27-228c3fc4e172.jpg,other pose still (action/expression/hand/eye),,1408,1408,unknown
/workspace/shadowveil/reference/grok_build/artifacts/imagine_images/173d08f7-f678-4534-92e5-69572855bc5a.jpg,other pose still (action/expression/hand/eye),,1152,1728,unknown
/workspace/shadowveil/reference/grok_build/artifacts/imagine_images/17c49704-f85e-4510-91eb-4a3736e1b846.jpg,other pose still (action/expression/hand/eye),,1152,1728,unknown
/workspace/shadowveil/reference/grok_build/artifacts/imagine_images/181bd55f-7da9-445c-9d0a-b96babd8e144.jpg,other pose still (action/expression/hand/eye),,1152,1728,unknown
/workspace/shadowveil/reference/grok_build/artifacts/imagine_images/182e389f-0cb9-4fbe-9a8a-57bfe086b008.jpg,other pose still (action/expression/hand/eye),,1408,1408,unknown
/workspace/shadowveil/reference/grok_build/artifacts/imagine_images/18b1ba36-4b25-4304-9dc9-ebb87b589a87.jpg,other pose still (action/expression/hand/eye),,1152,1728,unknown
/workspace/shadowveil/reference/grok_build/artifacts/imagine_images/19472abf-6962-4987-a8a9-6354a392d9e4.jpg,other pose still (action/expression/hand/eye),,1792,1008,unknown
/workspace/shadowveil/reference/grok_build/artifacts/imagine_images/19630b46-a34a-4179-869c-b21bdae61546.jpg,other pose still (action/expression/hand/eye),,1152,1728,unknown
/workspace/shadowveil/reference/grok_build/artifacts/imagine_images/1a3c2c9f-6046-4881-b9b0-61aaa0c1b62d.jpg,other pose still (action/expression/hand/eye),,1408,1408,unknown
/workspace/shadowveil/reference/grok_build/artifacts/imagine_images/1ad56372-29e9-4c7a-9f65-65e646ec3abc.jpg,other pose still (action/expression/hand/eye),,1152,1728,unknown
/workspace/shadowveil/reference/grok_build/artifacts/imagine_images/1b1ed577-b4be-469d-855a-8fbca57d76fb.jpg,other pose still (action/expression/hand/eye),,1792,1008,unknown
/workspace/shadowveil/reference/grok_build/artifacts/imagine_images/1b30d4bc-6da8-4620-8cc6-43a3142a7d65.jpg,other pose still (action/expression/hand/eye),,1152,1728,unknown
/workspace/shadowveil/reference/grok_build/artifacts/imagine_images/1c3bbff2-aff4-40d6-b95b-7a5eb34f00aa.jpg,other pose still (action/expression/hand/eye),,960,2064,unknown
/workspace/shadowveil/reference/grok_build/artifacts/imagine_images/1d9040e0-74ed-4098-a86a-670be422be88.jpg,other pose still (action/expression/hand/eye),,1152,1728,unknown
/workspace/shadowveil/reference/grok_build/artifacts/imagine_images/1d9c2df4-f60a-4bff-b995-1370e07508f5.jpg,other pose still (action/expression/hand/eye),,1344,1472,unknown
/workspace/shadowveil/reference/grok_build/artifacts/imagine_images/1db5465b-557f-4dda-aada-ed5eff502dd2.jpg,other pose still (action/expression/hand/eye),,1792,1008,unknown
/workspace/shadowveil/reference/grok_build/artifacts/imagine_images/1dbb05d4-deae-47ee-9a99-44ee723d1f14.jpg,other pose still (action/expression/hand/eye),,1408,1408,unknown
/workspace/shadowveil/reference/grok_build/artifacts/imagine_images/1e46f5ab-0f8b-4bc8-9942-4ea05f8870c9.jpg,other pose still (action/expression/hand/eye),,1152,1728,unknown
/workspace/shadowveil/reference/grok_build/artifacts/imagine_images/1f99db37-e832-4637-9bd3-2e55ba00de44.jpg,other pose still (action/expression/hand/eye),,1152,1728,unknown
/workspace/shadowveil/reference/grok_build/artifacts/imagine_images/1fde070f-70f2-4a54-84b9-9dc971cb962d.jpg,other pose still (action/expression/hand/eye),,1408,1408,unknown
/workspace/shadowveil/reference/grok_build/artifacts/imagine_images/20182391-d26e-492a-bec0-8706969a84d9.jpg,other pose still (action/expression/hand/eye),,1408,1408,unknown
/workspace/shadowveil/reference/grok_build/artifacts/imagine_images/2042adc8-15eb-4223-a1b7-935fbeec797f.jpg,other pose still (action/expression/hand/eye),,1152,1728,unknown
/workspace/shadowveil/reference/grok_build/artifacts/imagine_images/20dc9ac4-2226-436f-b807-797b9d7e7cd0.jpg,other pose still (action/expression/hand/eye),,1152,1728,unknown
/workspace/shadowveil/reference/grok_build/artifacts/imagine_images/21d8a07a-8d46-410f-9d6a-3bcb6bee7a4d.jpg,other pose still (action/expression/hand/eye),,1152,1728,unknown
/workspace/shadowveil/reference/grok_build/artifacts/imagine_images/21eb3801-f622-4a34-b9cb-902b8d788f08.jpg,other pose still (action/expression/hand/eye),,1152,1728,unknown
/workspace/shadowveil/reference/grok_build/artifacts/imagine_images/221e15f4-a933-466e-a766-112baf75a1c8.jpg,other pose still (action/expression/hand/eye),,1152,1728,unknown
/workspace/shadowveil/reference/grok_build/artifacts/imagine_images/22a01a46-55e2-45ff-a230-5fa931db6738.jpg,other pose still (action/expression/hand/eye),,1248,1584,unknown
/workspace/shadowveil/reference/grok_build/artifacts/imagine_images/239e90ea-73d2-483e-b383-0270fc6d925b.jpg,other pose still (action/expression/hand/eye),,1152,1728,unknown
/workspace/shadowveil/reference/grok_build/artifacts/imagine_images/23a855e8-1a2b-4b9b-874a-6e56f9066c72.jpg,other pose still (action/expression/hand/eye),,1152,1728,unknown
/workspace/shadowveil/reference/grok_build/artifacts/imagine_images/23e39f15-3232-4197-8516-0fa30619c053.jpg,other pose still (action/expression/hand/eye),,1152,1728,unknown
/workspace/shadowveil/reference/grok_build/artifacts/imagine_images/241b6703-2440-481e-917b-6ae21a1c0343.jpg,other pose still (action/expression/hand/eye),,1152,1728,unknown
/workspace/shadowveil/reference/grok_build/artifacts/imagine_images/244f7341-66ac-4c68-a6e2-b493e386a550.jpg,other pose still (action/expression/hand/eye),,1152,1728,unknown
/workspace/shadowveil/reference/grok_build/artifacts/imagine_images/2481977f-8494-4a8d-8c7b-98b0b6396523.jpg,other pose still (action/expression/hand/eye),,1152,1728,unknown
/workspace/shadowveil/reference/grok_build/artifacts/imagine_images/25ba1a4d-6d14-41e4-af2c-9c9b3eea50dd.jpg,other pose still (action/expression/hand/eye),,1152,1728,unknown
/workspace/shadowveil/reference/grok_build/artifacts/imagine_images/26929bf5-f5a1-4577-9323-71bc8db7002b.jpg,other pose still (action/expression/hand/eye),,1152,1728,unknown
/workspace/shadowveil/reference/grok_build/artifacts/imagine_images/26c196e4-0ccf-4bc5-a14c-b438ed83ceeb.jpg,other pose still (action/expression/hand/eye),,1152,1728,unknown
/workspace/shadowveil/reference/grok_build/artifacts/imagine_images/2759a434-4c25-4739-88af-1fec2cb2ebc1.jpg,other pose still (action/expression/hand/eye),,1728,1152,unknown
/workspace/shadowveil/reference/grok_build/artifacts/imagine_images/29585337-ca5a-4e99-8ff9-8e5332a3c03b.jpg,other pose still (action/expression/hand/eye),,1344,1472,unknown
/workspace/shadowveil/reference/grok_build/artifacts/imagine_images/295a412e-1f1d-4246-8264-cbba938381dd.jpg,other pose still (action/expression/hand/eye),,1248,1584,unknown
/workspace/shadowveil/reference/grok_build/artifacts/imagine_images/29b6ba7c-fd8e-46ab-b522-6d7eacaf971f.jpg,other pose still (action/expression/hand/eye),,1152,1728,unknown
/workspace/shadowveil/reference/grok_build/artifacts/imagine_images/29d12776-ca61-4915-8b14-2cd43244224f.jpg,other pose still (action/expression/hand/eye),,1152,1728,unknown
/workspace/shadowveil/reference/grok_build/artifacts/imagine_images/29db3fc1-8d96-4c16-be7b-7cfe1d25200b.jpg,other pose still (action/expression/hand/eye),,1152,1728,unknown
/workspace/shadowveil/reference/grok_build/artifacts/imagine_images/29f8e360-3afa-4ce2-9775-d7e48338b885.jpg,other pose still (action/expression/hand/eye),,1152,1728,unknown
/workspace/shadowveil/reference/grok_build/artifacts/imagine_images/2b0271da-8e5d-45a8-9ab5-80f358e40186.jpg,other pose still (action/expression/hand/eye),,1152,1728,unknown
/workspace/shadowveil/reference/grok_build/artifacts/imagine_images/2b516449-d877-4fa6-96ad-2a2618d28927.jpg,other pose still (action/expression/hand/eye),,1136,1744,unknown
/workspace/shadowveil/reference/grok_build/artifacts/imagine_images/2b836a7c-14ed-448d-844d-72ac3514977f.jpg,other pose still (action/expression/hand/eye),,1408,1408,unknown
/workspace/shadowveil/reference/grok_build/artifacts/imagine_images/2cc7ff70-2aa9-4c00-b2b1-4723ada37e54.jpg,other pose still (action/expression/hand/eye),,1152,1728,unknown
/workspace/shadowveil/reference/grok_build/artifacts/imagine_images/2d1eeb04-41f3-476c-a0f9-4e48f3ffcebf.jpg,other pose still (action/expression/hand/eye),,1152,1728,unknown
/workspace/shadowveil/reference/grok_build/artifacts/imagine_images/2d2be4ce-1f4a-46ed-bb63-1ca898b3d2c8.jpg,other pose still (action/expression/hand/eye),,1152,1728,unknown
/workspace/shadowveil/reference/grok_build/artifacts/imagine_images/2dfd2bba-3221-460c-a4d3-10c6648d3455.jpg,other pose still (action/expression/hand/eye),,1152,1728,unknown
/workspace/shadowveil/reference/grok_build/artifacts/imagine_images/2ea0b32b-91d9-4d66-a3bd-bfb5d70679d6.jpg,other pose still (action/expression/hand/eye),,1248,1584,unknown
/workspace/shadowveil/reference/grok_build/artifacts/imagine_images/2f8eacc1-313f-4576-8693-6e48c14242da.jpg,other pose still (action/expression/hand/eye),,1408,1408,unknown
/workspace/shadowveil/reference/grok_build/artifacts/imagine_images/2faaca79-1e53-4b8b-a58b-5305e1d31f47.jpg,other pose still (action/expression/hand/eye),,1152,1728,unknown
/workspace/shadowveil/reference/grok_build/artifacts/imagine_images/303ea726-fcff-4828-99a2-bba92c80130d.jpg,other pose still (action/expression/hand/eye),,1408,1408,unknown
/workspace/shadowveil/reference/grok_build/artifacts/imagine_images/30a25fe0-3f1d-4d87-9303-62dfc366b7b0.jpg,other pose still (action/expression/hand/eye),,1152,1728,unknown
/workspace/shadowveil/reference/grok_build/artifacts/imagine_images/30b3d26c-923c-4f69-813f-5b6ed674849f.jpg,other pose still (action/expression/hand/eye),,1152,1728,unknown
/workspace/shadowveil/reference/grok_build/artifacts/imagine_images/31ce7b95-84c5-432a-b1b4-6944fc73056f.jpg,other pose still (action/expression/hand/eye),,1152,1728,unknown
/workspace/shadowveil/reference/grok_build/artifacts/imagine_images/322b117c-753d-4708-bbcc-a140c9f1e3b7.jpg,other pose still (action/expression/hand/eye),,1248,1584,unknown
/workspace/shadowveil/reference/grok_build/artifacts/imagine_images/323034fa-2607-45fe-99bb-4002703ce86e.jpg,other pose still (action/expression/hand/eye),,1152,1728,unknown
/workspace/shadowveil/reference/grok_build/artifacts/imagine_images/32329802-d2a1-4456-b126-bd0b14ad6098.jpg,other pose still (action/expression/hand/eye),,1152,1728,unknown
/workspace/shadowveil/reference/grok_build/artifacts/imagine_images/32e7a42c-6a84-48a2-9afa-232bcbb71b42.jpg,other pose still (action/expression/hand/eye),,960,2064,unknown
/workspace/shadowveil/reference/grok_build/artifacts/imagine_images/334710d9-b587-4924-bb83-9924a5d20703.jpg,other pose still (action/expression/hand/eye),,1136,1744,unknown
/workspace/shadowveil/reference/grok_build/artifacts/imagine_images/335bec6c-45bb-4cd0-a7d1-ccead2cb5423.jpg,other pose still (action/expression/hand/eye),,1152,1728,unknown
/workspace/shadowveil/reference/grok_build/artifacts/imagine_images/336f43d4-9237-47b8-b94c-840132a89001.jpg,other pose still (action/expression/hand/eye),,1152,1728,unknown
/workspace/shadowveil/reference/grok_build/artifacts/imagine_images/3395b6ea-d7f9-46e9-af5f-f9b1cd518cce.jpg,other pose still (action/expression/hand/eye),,1152,1728,unknown
/workspace/shadowveil/reference/grok_build/artifacts/imagine_images/342c654e-97ae-4fc1-bb18-2722a005ee61.jpg,other pose still (action/expression/hand/eye),,1728,1152,unknown
/workspace/shadowveil/reference/grok_build/artifacts/imagine_images/346f59f2-42e8-4fd8-a87e-8df360228f8d.jpg,other pose still (action/expression/hand/eye),,1152,1728,unknown
/workspace/shadowveil/reference/grok_build/artifacts/imagine_images/351b772b-0984-4850-99ea-c05c7448d7ff.jpg,other pose still (action/expression/hand/eye),,1152,1728,unknown
/workspace/shadowveil/reference/grok_build/artifacts/imagine_images/37795a44-bca6-4701-a63c-f83a47b30ebf.jpg,other pose still (action/expression/hand/eye),,1152,1728,unknown
/workspace/shadowveil/reference/grok_build/artifacts/imagine_images/3a8fc726-cdd6-4920-b7b2-3a051140a9da.jpg,other pose still (action/expression/hand/eye),,1152,1728,unknown
/workspace/shadowveil/reference/grok_build/artifacts/imagine_images/3b2319c1-61cd-4de6-86f7-9f4fdc114878.jpg,other pose still (action/expression/hand/eye),,1152,1728,unknown
/workspace/shadowveil/reference/grok_build/artifacts/imagine_images/3b5177c2-c880-48c9-a48c-3f2a1d58efad.jpg,other pose still (action/expression/hand/eye),,1152,1728,unknown
/workspace/shadowveil/reference/grok_build/artifacts/imagine_images/3d5dd946-f16d-41bf-8776-59f7b6722140.jpg,other pose still (action/expression/hand/eye),,1152,1728,unknown
/workspace/shadowveil/reference/grok_build/artifacts/imagine_images/3df8ded0-6754-4d96-89bc-af07d1812ccf.jpg,other pose still (action/expression/hand/eye),,1152,1728,unknown
/workspace/shadowveil/reference/grok_build/artifacts/imagine_images/3e2b792d-1022-4281-83a7-d806d4e14fde.jpg,other pose still (action/expression/hand/eye),,1136,1744,unknown
/workspace/shadowveil/reference/grok_build/artifacts/imagine_images/3ff4e1a9-805b-4143-bd38-fbed10d48460.jpg,other pose still (action/expression/hand/eye),,960,2064,unknown
/workspace/shadowveil/reference/grok_build/artifacts/imagine_images/409c89ea-574c-425e-a532-595ce03cd6fe.jpg,other pose still (action/expression/hand/eye),,1248,1584,unknown
/workspace/shadowveil/reference/grok_build/artifacts/imagine_images/411aed3a-7ea1-456b-b1fd-00d885a79e5d.jpg,other pose still (action/expression/hand/eye),,1152,1728,unknown
/workspace/shadowveil/reference/grok_build/artifacts/imagine_images/41fad7d9-1055-4d56-8f5d-14c078d1269a.jpg,other pose still (action/expression/hand/eye),,1152,1728,unknown
/workspace/shadowveil/reference/grok_build/artifacts/imagine_images/433ff231-0718-4850-af17-f86f2b2ecb07.jpg,other pose still (action/expression/hand/eye),,1152,1728,unknown
/workspace/shadowveil/reference/grok_build/artifacts/imagine_images/43f1fad8-a867-461b-b8ab-ed619f062d2f.jpg,other pose still (action/expression/hand/eye),,1152,1728,unknown
/workspace/shadowveil/reference/grok_build/artifacts/imagine_images/445ae3a8-8bb9-4799-b5b7-3dd7c7d93009.jpg,other pose still (action/expression/hand/eye),,1152,1728,unknown
/workspace/shadowveil/reference/grok_build/artifacts/imagine_images/4494afe2-10ed-448b-8c81-c5e1b9aedf35.jpg,other pose still (action/expression/hand/eye),,1248,1584,unknown
/workspace/shadowveil/reference/grok_build/artifacts/imagine_images/452ca997-fe24-497e-ae1c-5c20bf1b0d32.jpg,other pose still (action/expression/hand/eye),,1152,1728,unknown
/workspace/shadowveil/reference/grok_build/artifacts/imagine_images/460f108a-afd0-4d05-b259-5ac4db4bde44.jpg,other pose still (action/expression/hand/eye),,1152,1728,unknown
/workspace/shadowveil/reference/grok_build/artifacts/imagine_images/4635f60b-d038-477e-af8d-96cab05576c1.jpg,other pose still (action/expression/hand/eye),,1152,1728,unknown
/workspace/shadowveil/reference/grok_build/artifacts/imagine_images/464f262d-1784-44e9-8667-a0b5a0095f24.jpg,other pose still (action/expression/hand/eye),,1152,1728,unknown
/workspace/shadowveil/reference/grok_build/artifacts/imagine_images/4713e570-7493-4765-812f-eb70c8c5bc23.jpg,other pose still (action/expression/hand/eye),,1248,1584,unknown
/workspace/shadowveil/reference/grok_build/artifacts/imagine_images/47736a18-a920-4f07-9663-f3fef968afbe.jpg,other pose still (action/expression/hand/eye),,1152,1728,unknown
/workspace/shadowveil/reference/grok_build/artifacts/imagine_images/47bdb540-6626-46e6-a86a-304aad23134e.jpg,other pose still (action/expression/hand/eye),,1152,1728,unknown
/workspace/shadowveil/reference/grok_build/artifacts/imagine_images/47c76b62-a4f8-4de2-88e6-089059bd0e0b.jpg,other pose still (action/expression/hand/eye),,1152,1728,unknown
/workspace/shadowveil/reference/grok_build/artifacts/imagine_images/48ae3632-9c92-4945-b6f4-50b11b3cd8d9.jpg,other pose still (action/expression/hand/eye),,1152,1728,unknown
/workspace/shadowveil/reference/grok_build/artifacts/imagine_images/4921b9c9-ac4d-4b48-85c3-193c67e9f98e.jpg,other pose still (action/expression/hand/eye),,1152,1728,unknown
/workspace/shadowveil/reference/grok_build/artifacts/imagine_images/4967d0b5-b14d-4df7-a8fa-334a6b6a4920.jpg,other pose still (action/expression/hand/eye),,1152,1728,unknown
/workspace/shadowveil/reference/grok_build/artifacts/imagine_images/4a39f5b9-9070-45d1-a111-7454ea7aa62b.jpg,other pose still (action/expression/hand/eye),,1728,1152,unknown
/workspace/shadowveil/reference/grok_build/artifacts/imagine_images/4bd1e6d2-d178-4dfd-9ab2-8a882822a40d.jpg,other pose still (action/expression/hand/eye),,960,2064,unknown
/workspace/shadowveil/reference/grok_build/artifacts/imagine_images/4cb5e850-d318-4c82-b97f-8e044e723501.jpg,other pose still (action/expression/hand/eye),,1152,1728,unknown
/workspace/shadowveil/reference/grok_build/artifacts/imagine_images/4cbfd0b8-e88b-4772-acbd-b70e50ec589b.jpg,other pose still (action/expression/hand/eye),,1792,1008,unknown
/workspace/shadowveil/reference/grok_build/artifacts/imagine_images/4ce26785-42ef-42e8-afa8-c54a702b5b17.jpg,other pose still (action/expression/hand/eye),,1728,1152,unknown
/workspace/shadowveil/reference/grok_build/artifacts/imagine_images/4def4705-c6bb-4ae8-8db4-8f78b7cfd054.jpg,other pose still (action/expression/hand/eye),,1136,1744,unknown
/workspace/shadowveil/reference/grok_build/artifacts/imagine_images/4dfd0e68-fd75-4681-a545-596b68e0338c.jpg,other pose still (action/expression/hand/eye),,1152,1728,unknown
/workspace/shadowveil/reference/grok_build/artifacts/imagine_images/4ea397d6-965d-457f-b51f-8f7e2e50c58b.jpg,other pose still (action/expression/hand/eye),,1152,1728,unknown
/workspace/shadowveil/reference/grok_build/artifacts/imagine_images/4f0aca08-06a9-499a-a9ab-f71586a3bc59.jpg,other pose still (action/expression/hand/eye),,1152,1728,unknown
/workspace/shadowveil/reference/grok_build/artifacts/imagine_images/4f4d0d9a-8641-4f8e-8c0b-ed9358c1e690.jpg,other pose still (action/expression/hand/eye),,1152,1728,unknown
/workspace/shadowveil/reference/grok_build/artifacts/imagine_images/51684f07-0b2c-4326-b569-1f64aa5f4ca2.jpg,other pose still (action/expression/hand/eye),,1152,1728,unknown
/workspace/shadowveil/reference/grok_build/artifacts/imagine_images/51f712de-95ad-483e-a143-97062a8a47ea.jpg,other pose still (action/expression/hand/eye),,1152,1728,unknown
/workspace/shadowveil/reference/grok_build/artifacts/imagine_images/523150e5-aa4c-4129-9465-c862473e15b0.jpg,other pose still (action/expression/hand/eye),,1152,1728,unknown
/workspace/shadowveil/reference/grok_build/artifacts/imagine_images/524025f7-44a3-4392-81d9-6d1c493bb51e.jpg,other pose still (action/expression/hand/eye),,1152,1728,unknown
/workspace/shadowveil/reference/grok_build/artifacts/imagine_images/55f5268c-79c8-4614-8676-81172296ad89.jpg,other pose still (action/expression/hand/eye),,1152,1728,unknown
/workspace/shadowveil/reference/grok_build/artifacts/imagine_images/55f6fc0a-1445-46dd-9725-012c652a1f8c.jpg,other pose still (action/expression/hand/eye),,1152,1728,unknown
/workspace/shadowveil/reference/grok_build/artifacts/imagine_images/56210e03-2885-495e-95e1-add7ab3f079d.jpg,other pose still (action/expression/hand/eye),,1152,1728,unknown
/workspace/shadowveil/reference/grok_build/artifacts/imagine_images/56a94ac3-667a-406b-9ca6-7d8ca3355d55.jpg,other pose still (action/expression/hand/eye),,1152,1728,unknown
/workspace/shadowveil/reference/grok_build/artifacts/imagine_images/56ac3bae-f858-4a2c-830d-a607cdc56245.jpg,other pose still (action/expression/hand/eye),,1152,1728,unknown
/workspace/shadowveil/reference/grok_build/artifacts/imagine_images/572bd7db-142f-4d89-a7d3-249d83c416a2.jpg,other pose still (action/expression/hand/eye),,1152,1728,unknown
/workspace/shadowveil/reference/grok_build/artifacts/imagine_images/57438485-26bf-4756-adad-4a96032effac.jpg,other pose still (action/expression/hand/eye),,1152,1728,unknown
/workspace/shadowveil/reference/grok_build/artifacts/imagine_images/57887a3a-fd7e-4f11-9315-915a4301be72.jpg,other pose still (action/expression/hand/eye),,1152,1728,unknown
/workspace/shadowveil/reference/grok_build/artifacts/imagine_images/57c192cb-a571-431f-83e2-f63d7f22555b.jpg,other pose still (action/expression/hand/eye),,1136,1744,unknown
/workspace/shadowveil/reference/grok_build/artifacts/imagine_images/57dce68b-99ba-4afd-bac7-5ef1d784f083.jpg,other pose still (action/expression/hand/eye),,1152,1728,unknown
/workspace/shadowveil/reference/grok_build/artifacts/imagine_images/57de64dc-88a7-4d0b-8764-fdb6bd7fc925.jpg,other pose still (action/expression/hand/eye),,960,2064,unknown
/workspace/shadowveil/reference/grok_build/artifacts/imagine_images/587c1ad3-e76a-456c-9e9c-f01af2d7937a.jpg,other pose still (action/expression/hand/eye),,1152,1728,unknown
/workspace/shadowveil/reference/grok_build/artifacts/imagine_images/58c82317-b8c1-4a52-a2b0-b9618f6b5cb6.jpg,other pose still (action/expression/hand/eye),,1152,1728,unknown
/workspace/shadowveil/reference/grok_build/artifacts/imagine_images/59017d06-f974-43f1-bc8b-3dacbad891ac.jpg,other pose still (action/expression/hand/eye),,1152,1728,unknown
/workspace/shadowveil/reference/grok_build/artifacts/imagine_images/5a944aa9-1d9f-4606-8fa4-2bb83fbaccb5.jpg,other pose still (action/expression/hand/eye),,1152,1728,unknown
/workspace/shadowveil/reference/grok_build/artifacts/imagine_images/5ac37c42-e233-43a3-a93c-4032a779a27d.jpg,other pose still (action/expression/hand/eye),,1408,1408,unknown
/workspace/shadowveil/reference/grok_build/artifacts/imagine_images/5ae051e2-e4d1-4967-8f29-708d3df65af8.jpg,other pose still (action/expression/hand/eye),,1152,1728,unknown
/workspace/shadowveil/reference/grok_build/artifacts/imagine_images/5b523cb4-a128-4521-92f1-f6bbccd69842.jpg,other pose still (action/expression/hand/eye),,1344,1472,unknown
/workspace/shadowveil/reference/grok_build/artifacts/imagine_images/5bce22a3-3c9a-4f44-9733-edd331ea2d26.jpg,other pose still (action/expression/hand/eye),,1152,1728,unknown
/workspace/shadowveil/reference/grok_build/artifacts/imagine_images/5d233cbd-f79a-4303-8fff-25f2a6d61145.jpg,other pose still (action/expression/hand/eye),,1152,1728,unknown
/workspace/shadowveil/reference/grok_build/artifacts/imagine_images/5df575e1-d21f-45ec-8a39-f620519f3979.jpg,other pose still (action/expression/hand/eye),,1360,1456,unknown
/workspace/shadowveil/reference/grok_build/artifacts/imagine_images/6069a04a-ef67-4b2f-9f7b-70bd0f25f1a9.jpg,other pose still (action/expression/hand/eye),,1728,1152,unknown
/workspace/shadowveil/reference/grok_build/artifacts/imagine_images/60880211-c217-4183-9c0d-435b8efa6454.jpg,other pose still (action/expression/hand/eye),,1152,1728,unknown
/workspace/shadowveil/reference/grok_build/artifacts/imagine_images/60f422db-ecfe-4b3c-b8ac-e5983c12a843.jpg,other pose still (action/expression/hand/eye),,1152,1728,unknown
/workspace/shadowveil/reference/grok_build/artifacts/imagine_images/611fe510-7609-429d-a440-80122478bb60.jpg,other pose still (action/expression/hand/eye),,1152,1728,unknown
/workspace/shadowveil/reference/grok_build/artifacts/imagine_images/6187370c-1296-4ce1-bec7-157ca756f81f.jpg,other pose still (action/expression/hand/eye),,1152,1728,unknown
/workspace/shadowveil/reference/grok_build/artifacts/imagine_images/6260746c-52c2-4f83-98b6-27584a34c7a8.jpg,other pose still (action/expression/hand/eye),,1728,1152,unknown
/workspace/shadowveil/reference/grok_build/artifacts/imagine_images/6300ee7a-837c-4488-8d25-7d881b312805.jpg,other pose still (action/expression/hand/eye),,1792,1008,unknown
/workspace/shadowveil/reference/grok_build/artifacts/imagine_images/6480079c-ba66-42f8-8200-b9d184bb2599.jpg,other pose still (action/expression/hand/eye),,1152,1728,unknown
/workspace/shadowveil/reference/grok_build/artifacts/imagine_images/65e0acce-fef8-4c8e-9bc4-785dea6acbbe.jpg,other pose still (action/expression/hand/eye),,1152,1728,unknown
/workspace/shadowveil/reference/grok_build/artifacts/imagine_images/660af854-b210-45db-bb14-25e5e0da9eef.jpg,other pose still (action/expression/hand/eye),,1152,1728,unknown
/workspace/shadowveil/reference/grok_build/artifacts/imagine_images/67a592e1-c0eb-4bb9-a93c-3339c627324d.jpg,other pose still (action/expression/hand/eye),,1248,1584,unknown
/workspace/shadowveil/reference/grok_build/artifacts/imagine_images/681408f1-0d28-4fcd-84f7-20471530a5df.jpg,other pose still (action/expression/hand/eye),,1408,1408,unknown
/workspace/shadowveil/reference/grok_build/artifacts/imagine_images/69377dbb-668b-4919-ba23-0b98a8454c72.jpg,other pose still (action/expression/hand/eye),,1152,1728,unknown
/workspace/shadowveil/reference/grok_build/artifacts/imagine_images/69eed438-d80c-49b7-9cac-ec52a5969f6e.jpg,other pose still (action/expression/hand/eye),,1152,1728,unknown
/workspace/shadowveil/reference/grok_build/artifacts/imagine_images/69f325b3-e8a4-4899-a33e-0ade8f0d55e8.jpg,other pose still (action/expression/hand/eye),,1152,1728,unknown
/workspace/shadowveil/reference/grok_build/artifacts/imagine_images/6a9ce66d-8202-450d-ace8-e5c14ae07be6.jpg,other pose still (action/expression/hand/eye),,1408,1408,unknown
/workspace/shadowveil/reference/grok_build/artifacts/imagine_images/6b2aa036-1a98-4f60-bb03-c04a19a760cc.jpg,other pose still (action/expression/hand/eye),,1152,1728,unknown
/workspace/shadowveil/reference/grok_build/artifacts/imagine_images/6b53d4e0-5bef-4f24-9ffc-3b1ab55f9442.jpg,other pose still (action/expression/hand/eye),,1152,1728,unknown
/workspace/shadowveil/reference/grok_build/artifacts/imagine_images/6bc5796f-60cf-40e5-ac7a-927edfc454eb.jpg,other pose still (action/expression/hand/eye),,1152,1728,unknown
/workspace/shadowveil/reference/grok_build/artifacts/imagine_images/6c3fdb4d-dab9-47de-a7fe-3dc15688418c.jpg,other pose still (action/expression/hand/eye),,1152,1728,unknown
/workspace/shadowveil/reference/grok_build/artifacts/imagine_images/6c4096f4-b0cc-47f4-8323-1e84b7c7c391.jpg,other pose still (action/expression/hand/eye),,1152,1728,unknown
/workspace/shadowveil/reference/grok_build/artifacts/imagine_images/6cbc37ae-038d-4acf-bdc8-b2a3b1680f61.jpg,other pose still (action/expression/hand/eye),,1792,1008,unknown
/workspace/shadowveil/reference/grok_build/artifacts/imagine_images/6d677e7b-72e5-482f-9957-999334bf16de.jpg,other pose still (action/expression/hand/eye),,1248,1584,unknown
/workspace/shadowveil/reference/grok_build/artifacts/imagine_images/6da7ce02-70dc-4eb2-b7d4-8304bbbcec45.jpg,other pose still (action/expression/hand/eye),,1152,1728,unknown
/workspace/shadowveil/reference/grok_build/artifacts/imagine_images/6de6aca8-df99-4246-9df7-6ad36e478284.jpg,other pose still (action/expression/hand/eye),,1152,1728,unknown
/workspace/shadowveil/reference/grok_build/artifacts/imagine_images/6e27cb63-1274-4b7b-8fa8-b5f34a15ecca.jpg,other pose still (action/expression/hand/eye),,1152,1728,unknown
/workspace/shadowveil/reference/grok_build/artifacts/imagine_images/6e5cb760-8831-4445-a3f6-b41fa58b1057.jpg,other pose still (action/expression/hand/eye),,1152,1728,unknown
/workspace/shadowveil/reference/grok_build/artifacts/imagine_images/6fe3741f-a090-459f-a9bd-1480ab0eb775.jpg,other pose still (action/expression/hand/eye),,1152,1728,unknown
/workspace/shadowveil/reference/grok_build/artifacts/imagine_images/7128d1ed-d4e3-45a7-b942-b2285d9b9bcb.jpg,other pose still (action/expression/hand/eye),,1792,1008,unknown
/workspace/shadowveil/reference/grok_build/artifacts/imagine_images/7170c5cb-c4f3-4100-b799-65b2ec52c92a.jpg,other pose still (action/expression/hand/eye),,1152,1728,unknown
/workspace/shadowveil/reference/grok_build/artifacts/imagine_images/721fd619-4ba1-4d2f-9679-64cb66c424e0.jpg,other pose still (action/expression/hand/eye),,960,2064,unknown
/workspace/shadowveil/reference/grok_build/artifacts/imagine_images/729d89be-a94c-4c29-8917-93529b98e3a8.jpg,other pose still (action/expression/hand/eye),,1152,1728,unknown
/workspace/shadowveil/reference/grok_build/artifacts/imagine_images/72fd4d90-9456-4969-846e-3a137c582c57.jpg,other pose still (action/expression/hand/eye),,1792,1008,unknown
/workspace/shadowveil/reference/grok_build/artifacts/imagine_images/73098d1c-3797-40f8-8c77-c8f94f5910b1.jpg,other pose still (action/expression/hand/eye),,1152,1728,unknown
/workspace/shadowveil/reference/grok_build/artifacts/imagine_images/73f8b83e-ae58-4fe2-a688-2e9dcaeed623.jpg,other pose still (action/expression/hand/eye),,1152,1728,unknown
/workspace/shadowveil/reference/grok_build/artifacts/imagine_images/75872052-fa4c-4482-90d1-e959abd029dd.jpg,other pose still (action/expression/hand/eye),,1152,1728,unknown
/workspace/shadowveil/reference/grok_build/artifacts/imagine_images/76a52bd9-6c76-45ce-b81e-1c7014419c08.jpg,other pose still (action/expression/hand/eye),,1152,1728,unknown
/workspace/shadowveil/reference/grok_build/artifacts/imagine_images/773d11eb-8bd2-42e7-b18b-dc8f8e0742ce.jpg,other pose still (action/expression/hand/eye),,1152,1728,unknown
/workspace/shadowveil/reference/grok_build/artifacts/imagine_images/77dc77f2-ecad-4881-90b7-041af4a77da7.jpg,other pose still (action/expression/hand/eye),,1152,1728,unknown
/workspace/shadowveil/reference/grok_build/artifacts/imagine_images/794df9e5-95aa-43f2-81e1-08bd5d8d1d7d.jpg,other pose still (action/expression/hand/eye),,1152,1728,unknown
/workspace/shadowveil/reference/grok_build/artifacts/imagine_images/79618c58-7697-4ea3-9be7-ef28b16eb401.jpg,other pose still (action/expression/hand/eye),,1152,1728,unknown
/workspace/shadowveil/reference/grok_build/artifacts/imagine_images/7cd75d5d-65d9-46e0-894b-090d25edf038.jpg,other pose still (action/expression/hand/eye),,1152,1728,unknown
/workspace/shadowveil/reference/grok_build/artifacts/imagine_images/7d678cf3-c9d7-4860-b252-c2d2d4553e35.jpg,other pose still (action/expression/hand/eye),,1152,1728,unknown
/workspace/shadowveil/reference/grok_build/artifacts/imagine_images/7d6b8c9c-86a4-4f97-9ec0-c822e72e9b8e.jpg,other pose still (action/expression/hand/eye),,1152,1728,unknown
/workspace/shadowveil/reference/grok_build/artifacts/imagine_images/7df89cf1-a63b-4cae-893e-ede392948964.jpg,other pose still (action/expression/hand/eye),,1248,1584,unknown
/workspace/shadowveil/reference/grok_build/artifacts/imagine_images/7e132f98-80d6-4a83-a3f3-3034a69b2f16.jpg,other pose still (action/expression/hand/eye),,1728,1152,unknown
/workspace/shadowveil/reference/grok_build/artifacts/imagine_images/7e6b8a9b-6d6d-40ca-8879-f293c67cccd7.jpg,other pose still (action/expression/hand/eye),,1152,1728,unknown
/workspace/shadowveil/reference/grok_build/artifacts/imagine_images/7fb02093-b2c3-49b1-ab4b-0b6134782fa6.jpg,other pose still (action/expression/hand/eye),,1152,1728,unknown
/workspace/shadowveil/reference/grok_build/artifacts/imagine_images/7fc9878c-2525-4ab9-884a-98d6d796cdea.jpg,other pose still (action/expression/hand/eye),,1152,1728,unknown
/workspace/shadowveil/reference/grok_build/artifacts/imagine_images/7fef9b6c-06f4-4cb3-8d66-fd21cc373b47.jpg,other pose still (action/expression/hand/eye),,1152,1728,unknown
/workspace/shadowveil/reference/grok_build/artifacts/imagine_images/8182b16b-5adb-46b1-8b5d-e0a810e10f63.jpg,other pose still (action/expression/hand/eye),,1152,1728,unknown
/workspace/shadowveil/reference/grok_build/artifacts/imagine_images/818b22b9-ff38-41bf-a2b1-e2fdee6fb243.jpg,other pose still (action/expression/hand/eye),,1728,1152,unknown
/workspace/shadowveil/reference/grok_build/artifacts/imagine_images/81e0fd24-158d-497b-900f-a52c69d04192.jpg,other pose still (action/expression/hand/eye),,1152,1728,unknown
/workspace/shadowveil/reference/grok_build/artifacts/imagine_images/82abbcec-9ee4-4e3c-bde3-0f04dd3318f5.jpg,other pose still (action/expression/hand/eye),,1152,1728,unknown
/workspace/shadowveil/reference/grok_build/artifacts/imagine_images/8401e76d-be96-42f1-ba37-683deafaffe8.jpg,other pose still (action/expression/hand/eye),,1152,1728,unknown
/workspace/shadowveil/reference/grok_build/artifacts/imagine_images/84146192-c8d5-4970-9b12-f92ae89197c1.jpg,other pose still (action/expression/hand/eye),,1152,1728,unknown
/workspace/shadowveil/reference/grok_build/artifacts/imagine_images/843a958f-8405-49a7-8c3f-008f915611ef.jpg,other pose still (action/expression/hand/eye),,1152,1728,unknown
/workspace/shadowveil/reference/grok_build/artifacts/imagine_images/84428b4d-3b93-4196-9e89-d609f221d636.jpg,other pose still (action/expression/hand/eye),,1152,1728,unknown
/workspace/shadowveil/reference/grok_build/artifacts/imagine_images/8467eff0-ba38-4f50-bd1c-57008cfbbaf7.jpg,other pose still (action/expression/hand/eye),,1408,1408,unknown
/workspace/shadowveil/reference/grok_build/artifacts/imagine_images/846e4260-2589-48b6-952f-429c4a2f504a.jpg,other pose still (action/expression/hand/eye),,1152,1728,unknown
/workspace/shadowveil/reference/grok_build/artifacts/imagine_images/848c3b7b-ee13-47e7-8a0d-947535fc8f59.jpg,other pose still (action/expression/hand/eye),,1408,1408,unknown
/workspace/shadowveil/reference/grok_build/artifacts/imagine_images/863454e1-98aa-48f9-9509-96998e45b334.jpg,other pose still (action/expression/hand/eye),,960,2064,unknown
/workspace/shadowveil/reference/grok_build/artifacts/imagine_images/86dab711-f852-4019-a7dc-34a69a0388a9.jpg,other pose still (action/expression/hand/eye),,1248,1584,unknown
/workspace/shadowveil/reference/grok_build/artifacts/imagine_images/87c5f22d-eec4-4eb9-acc2-a773cc2f8105.jpg,other pose still (action/expression/hand/eye),,1152,1728,unknown
/workspace/shadowveil/reference/grok_build/artifacts/imagine_images/8863be78-5e90-4144-b769-1a6c363490d6.jpg,other pose still (action/expression/hand/eye),,1248,1584,unknown
/workspace/shadowveil/reference/grok_build/artifacts/imagine_images/88835380-41fb-4183-8e5f-c3c9ee3044fd.jpg,other pose still (action/expression/hand/eye),,960,2064,unknown
/workspace/shadowveil/reference/grok_build/artifacts/imagine_images/8904e786-c698-4ca6-b90f-70f18a4f92d1.jpg,other pose still (action/expression/hand/eye),,1152,1728,unknown
/workspace/shadowveil/reference/grok_build/artifacts/imagine_images/895373e4-7451-4e70-92b3-a978dcc22467.jpg,other pose still (action/expression/hand/eye),,1248,1584,unknown
/workspace/shadowveil/reference/grok_build/artifacts/imagine_images/8a282bfa-2d8d-4a64-adcd-305e3a30f9ea.jpg,other pose still (action/expression/hand/eye),,1728,1152,unknown
/workspace/shadowveil/reference/grok_build/artifacts/imagine_images/8ca3dae0-d598-4aae-b4dc-4cccbe03c1d4.jpg,other pose still (action/expression/hand/eye),,1792,1008,unknown
/workspace/shadowveil/reference/grok_build/artifacts/imagine_images/8ce14cfc-fbdc-4577-a32d-ab9132eef5ef.jpg,other pose still (action/expression/hand/eye),,1728,1152,unknown
/workspace/shadowveil/reference/grok_build/artifacts/imagine_images/8daaf191-bc84-4306-9715-4746d92d9e8c.jpg,other pose still (action/expression/hand/eye),,1152,1728,unknown
/workspace/shadowveil/reference/grok_build/artifacts/imagine_images/8e221f22-bba4-491a-a882-175b89e25347.jpg,other pose still (action/expression/hand/eye),,1152,1728,unknown
/workspace/shadowveil/reference/grok_build/artifacts/imagine_images/8f1a99fc-1390-4e71-8305-8df8a4d7a404.jpg,other pose still (action/expression/hand/eye),,1152,1728,unknown
/workspace/shadowveil/reference/grok_build/artifacts/imagine_images/8f426193-aedc-4162-a046-4fab324dd3c2.jpg,other pose still (action/expression/hand/eye),,1152,1728,unknown
/workspace/shadowveil/reference/grok_build/artifacts/imagine_images/8f552695-bf92-477e-8b8f-e03668864bfd.jpg,other pose still (action/expression/hand/eye),,1152,1728,unknown
/workspace/shadowveil/reference/grok_build/artifacts/imagine_images/8f65735d-27be-41c6-ad40-ccae92c1a211.jpg,other pose still (action/expression/hand/eye),,1248,1584,unknown
/workspace/shadowveil/reference/grok_build/artifacts/imagine_images/92dd4093-08aa-49f6-be7a-8560b585bd71.jpg,other pose still (action/expression/hand/eye),,1248,1584,unknown
/workspace/shadowveil/reference/grok_build/artifacts/imagine_images/93930931-77ea-41cd-9627-ce0d10ad0b8e.jpg,other pose still (action/expression/hand/eye),,1248,1584,unknown
/workspace/shadowveil/reference/grok_build/artifacts/imagine_images/944fa452-3b05-4e29-841e-d75f8a51ddb7.jpg,other pose still (action/expression/hand/eye),,1152,1728,unknown
/workspace/shadowveil/reference/grok_build/artifacts/imagine_images/9456f7ee-c8cf-443e-b036-2acaf5e3035d.jpg,other pose still (action/expression/hand/eye),,1152,1728,unknown
/workspace/shadowveil/reference/grok_build/artifacts/imagine_images/95428b30-4f01-47a9-8f78-008d3c8546cc.jpg,other pose still (action/expression/hand/eye),,1152,1728,unknown
/workspace/shadowveil/reference/grok_build/artifacts/imagine_images/95593635-1832-41dd-85ea-2806acb646b7.jpg,other pose still (action/expression/hand/eye),,1152,1728,unknown
/workspace/shadowveil/reference/grok_build/artifacts/imagine_images/9633f997-496a-4e23-ac85-9c56d3323e2b.jpg,other pose still (action/expression/hand/eye),,1152,1728,unknown
/workspace/shadowveil/reference/grok_build/artifacts/imagine_images/977e5fe0-ba57-4a05-aa05-c70160413a01.jpg,other pose still (action/expression/hand/eye),,1152,1728,unknown
/workspace/shadowveil/reference/grok_build/artifacts/imagine_images/97d3f24b-e9e2-4922-8a78-ab96bebb2cd3.jpg,other pose still (action/expression/hand/eye),,1152,1728,unknown
/workspace/shadowveil/reference/grok_build/artifacts/imagine_images/984cd0f3-ac66-45b3-afff-be2d2390882d.jpg,other pose still (action/expression/hand/eye),,1152,1728,unknown
/workspace/shadowveil/reference/grok_build/artifacts/imagine_images/99881c36-20ee-4a42-a297-3bdc9341a886.jpg,other pose still (action/expression/hand/eye),,1408,1408,unknown
/workspace/shadowveil/reference/grok_build/artifacts/imagine_images/99a78873-f61e-4e33-af68-8fade06e2818.jpg,other pose still (action/expression/hand/eye),,1152,1728,unknown
/workspace/shadowveil/reference/grok_build/artifacts/imagine_images/9accfea2-0075-4e68-aabb-9ace56684054.jpg,other pose still (action/expression/hand/eye),,1728,1152,unknown
/workspace/shadowveil/reference/grok_build/artifacts/imagine_images/9bc49bf9-aa3b-4f48-aa07-6e63c8680231.jpg,other pose still (action/expression/hand/eye),,1728,1152,unknown
/workspace/shadowveil/reference/grok_build/artifacts/imagine_images/9c412501-0740-4b9c-8302-6ecaf95dcbc9.jpg,other pose still (action/expression/hand/eye),,1152,1728,unknown
/workspace/shadowveil/reference/grok_build/artifacts/imagine_images/9c7eae14-38b0-44ca-a9de-38afcc6c5850.jpg,other pose still (action/expression/hand/eye),,1152,1728,unknown
/workspace/shadowveil/reference/grok_build/artifacts/imagine_images/9c898080-d06e-4b04-9c80-a4e363d44ceb.jpg,other pose still (action/expression/hand/eye),,1152,1728,unknown
/workspace/shadowveil/reference/grok_build/artifacts/imagine_images/9c90ff2b-76b6-4a3c-bbae-991b8a74d53e.jpg,other pose still (action/expression/hand/eye),,1152,1728,unknown
/workspace/shadowveil/reference/grok_build/artifacts/imagine_images/9cdd8a1e-9a6f-470c-9b47-6693820b2d0d.jpg,other pose still (action/expression/hand/eye),,1152,1728,unknown
/workspace/shadowveil/reference/grok_build/artifacts/imagine_images/9d149d5b-1548-464d-8b73-476aa18da9c6.jpg,other pose still (action/expression/hand/eye),,1728,1152,unknown
/workspace/shadowveil/reference/grok_build/artifacts/imagine_images/9dbb4912-d047-40fc-964c-a12f28aa50ba.jpg,other pose still (action/expression/hand/eye),,1248,1584,unknown
/workspace/shadowveil/reference/grok_build/artifacts/imagine_images/9e04175f-a733-4fda-91cb-303f0f18d586.jpg,other pose still (action/expression/hand/eye),,1152,1728,unknown
/workspace/shadowveil/reference/grok_build/artifacts/imagine_images/9e2b04b7-50d8-4ca5-bdbc-3bd79f4280a0.jpg,other pose still (action/expression/hand/eye),,1152,1728,unknown
/workspace/shadowveil/reference/grok_build/artifacts/imagine_images/9e8accf0-3a94-415c-ac47-7ab0db4aee8a.jpg,other pose still (action/expression/hand/eye),,1408,1408,unknown
/workspace/shadowveil/reference/grok_build/artifacts/imagine_images/9f8eab39-0480-4a16-945d-e435e13ec702.jpg,other pose still (action/expression/hand/eye),,1792,1008,unknown
/workspace/shadowveil/reference/grok_build/artifacts/imagine_images/9f9098f9-6129-4a9d-8b46-d602a40ecafc.jpg,other pose still (action/expression/hand/eye),,1152,1728,unknown
/workspace/shadowveil/reference/grok_build/artifacts/imagine_images/9fdab4af-87ee-47bd-978c-6fab1ce4b492.jpg,other pose still (action/expression/hand/eye),,1152,1728,unknown
/workspace/shadowveil/reference/grok_build/artifacts/imagine_images/a0855e13-c7fc-4fd5-8722-7f8bcfedd3c0.jpg,other pose still (action/expression/hand/eye),,1152,1728,unknown
/workspace/shadowveil/reference/grok_build/artifacts/imagine_images/a0c1ef9d-1886-4003-b6fc-78088963fb5d.jpg,other pose still (action/expression/hand/eye),,1152,1728,unknown
/workspace/shadowveil/reference/grok_build/artifacts/imagine_images/a11860e8-b6ee-4281-a1b0-4c962b4334de.jpg,other pose still (action/expression/hand/eye),,1008,1792,unknown
/workspace/shadowveil/reference/grok_build/artifacts/imagine_images/a15f042e-d593-4f8d-86a4-a4942f8c3943.jpg,other pose still (action/expression/hand/eye),,1152,1728,unknown
/workspace/shadowveil/reference/grok_build/artifacts/imagine_images/a1871836-d89e-4cba-98f2-cc2d237ea32d.jpg,other pose still (action/expression/hand/eye),,1152,1728,unknown
/workspace/shadowveil/reference/grok_build/artifacts/imagine_images/a2ac1840-197e-4d9c-962d-75892565c9c3.jpg,other pose still (action/expression/hand/eye),,1152,1728,unknown
/workspace/shadowveil/reference/grok_build/artifacts/imagine_images/a2bb2827-680f-41a8-9261-e589f12757a9.jpg,other pose still (action/expression/hand/eye),,1408,1408,unknown
/workspace/shadowveil/reference/grok_build/artifacts/imagine_images/a2ec80b4-9ade-4cee-afb9-9aaa0389fa1f.jpg,other pose still (action/expression/hand/eye),,1152,1728,unknown
/workspace/shadowveil/reference/grok_build/artifacts/imagine_images/a359ebab-915c-4109-833a-f4d9e109d63c.jpg,other pose still (action/expression/hand/eye),,1408,1408,unknown
/workspace/shadowveil/reference/grok_build/artifacts/imagine_images/a540c335-794c-4fb0-ab91-9a64efcf3cb2.jpg,other pose still (action/expression/hand/eye),,1152,1728,unknown
/workspace/shadowveil/reference/grok_build/artifacts/imagine_images/a70e68ba-2b2c-4b45-91fd-5c3d3c6168cc.jpg,other pose still (action/expression/hand/eye),,1152,1728,unknown
/workspace/shadowveil/reference/grok_build/artifacts/imagine_images/a71be9a4-d093-4174-998a-777c1685df84.jpg,other pose still (action/expression/hand/eye),,1792,1008,unknown
/workspace/shadowveil/reference/grok_build/artifacts/imagine_images/a77dcdf6-e371-498c-a999-9d940149c748.jpg,other pose still (action/expression/hand/eye),,1152,1728,unknown
/workspace/shadowveil/reference/grok_build/artifacts/imagine_images/a7a54ea6-336b-4212-a912-8a9d4d3134a2.jpg,other pose still (action/expression/hand/eye),,1344,1472,unknown
/workspace/shadowveil/reference/grok_build/artifacts/imagine_images/a81ab785-54c4-4549-8d28-7322e612a79e.jpg,other pose still (action/expression/hand/eye),,1152,1728,unknown
/workspace/shadowveil/reference/grok_build/artifacts/imagine_images/a825c836-25d0-445b-bd00-a306052c2cc6.jpg,other pose still (action/expression/hand/eye),,1408,1408,unknown
/workspace/shadowveil/reference/grok_build/artifacts/imagine_images/a8d409c1-a129-430f-87b1-54d3b065823b.jpg,other pose still (action/expression/hand/eye),,1248,1584,unknown
/workspace/shadowveil/reference/grok_build/artifacts/imagine_images/aa12d633-271b-4438-8ede-3087da60fca7.jpg,other pose still (action/expression/hand/eye),,1152,1728,unknown
/workspace/shadowveil/reference/grok_build/artifacts/imagine_images/aab0551c-e301-4d98-b7cb-b68a80cb5509.jpg,other pose still (action/expression/hand/eye),,1792,1008,unknown
/workspace/shadowveil/reference/grok_build/artifacts/imagine_images/ac794926-b3ba-4685-adfd-4f8c370ad1f2.jpg,other pose still (action/expression/hand/eye),,1152,1728,unknown
/workspace/shadowveil/reference/grok_build/artifacts/imagine_images/acb70545-7a51-451a-8a2b-a822c74a6727.jpg,other pose still (action/expression/hand/eye),,1152,1728,unknown
/workspace/shadowveil/reference/grok_build/artifacts/imagine_images/acbba529-9b71-4864-8a9f-30f6512e408d.jpg,other pose still (action/expression/hand/eye),,1152,1728,unknown
/workspace/shadowveil/reference/grok_build/artifacts/imagine_images/ad9303ba-24f2-4bcd-94fe-d42d709be328.jpg,other pose still (action/expression/hand/eye),,1152,1728,unknown
/workspace/shadowveil/reference/grok_build/artifacts/imagine_images/aebaa7e1-4649-4ab7-811d-391c5a499a88.jpg,other pose still (action/expression/hand/eye),,1152,1728,unknown
/workspace/shadowveil/reference/grok_build/artifacts/imagine_images/aedff7e2-7a05-40f6-a007-00212a899dc8.jpg,other pose still (action/expression/hand/eye),,1344,1472,unknown
/workspace/shadowveil/reference/grok_build/artifacts/imagine_images/aee382cd-5263-48cd-9a7f-ce083b8736c6.jpg,other pose still (action/expression/hand/eye),,1152,1728,unknown
/workspace/shadowveil/reference/grok_build/artifacts/imagine_images/af835057-a4f6-4efd-8b95-6c8eed79fce2.jpg,other pose still (action/expression/hand/eye),,1408,1408,unknown
/workspace/shadowveil/reference/grok_build/artifacts/imagine_images/af945fd2-95e2-4f2a-85a2-1e76c7be15d9.jpg,other pose still (action/expression/hand/eye),,1248,1584,unknown
/workspace/shadowveil/reference/grok_build/artifacts/imagine_images/afc99b5b-bfdf-4fef-84ba-8c41328619d2.jpg,other pose still (action/expression/hand/eye),,1152,1728,unknown
/workspace/shadowveil/reference/grok_build/artifacts/imagine_images/b16ea7d7-9141-46ff-871f-65258880fad5.jpg,other pose still (action/expression/hand/eye),,1408,1408,unknown
/workspace/shadowveil/reference/grok_build/artifacts/imagine_images/b1d08480-792d-4051-8b30-6af748acd7d1.jpg,other pose still (action/expression/hand/eye),,1152,1728,unknown
/workspace/shadowveil/reference/grok_build/artifacts/imagine_images/b218fccd-c650-47ca-ad64-7d0c1ffa90d0.jpg,other pose still (action/expression/hand/eye),,1408,1408,unknown
/workspace/shadowveil/reference/grok_build/artifacts/imagine_images/b2ddc738-d917-4b0e-83f2-279d1df0b7b2.jpg,other pose still (action/expression/hand/eye),,1152,1728,unknown
/workspace/shadowveil/reference/grok_build/artifacts/imagine_images/b4ee32ff-05d3-4ca4-885e-c1f565cac3a2.jpg,other pose still (action/expression/hand/eye),,1152,1728,unknown
/workspace/shadowveil/reference/grok_build/artifacts/imagine_images/b4f2fe0c-28ec-4c17-b1ef-68dfb7857d6f.jpg,other pose still (action/expression/hand/eye),,1152,1728,unknown
/workspace/shadowveil/reference/grok_build/artifacts/imagine_images/b5475a8b-a817-4c1c-a57e-4f6bd9221509.jpg,other pose still (action/expression/hand/eye),,1152,1728,unknown
/workspace/shadowveil/reference/grok_build/artifacts/imagine_images/b5a96a6e-3edf-4a80-ba51-61547bb6080b.jpg,other pose still (action/expression/hand/eye),,1152,1728,unknown
/workspace/shadowveil/reference/grok_build/artifacts/imagine_images/b5c4008f-0d01-4290-b150-c45e18472720.jpg,other pose still (action/expression/hand/eye),,1152,1728,unknown
/workspace/shadowveil/reference/grok_build/artifacts/imagine_images/b7e0cdc0-efa5-42ce-b898-aeafce873d7f.jpg,other pose still (action/expression/hand/eye),,1152,1728,unknown
/workspace/shadowveil/reference/grok_build/artifacts/imagine_images/b8bb5773-e6b7-43f7-8318-27ae864026bb.jpg,other pose still (action/expression/hand/eye),,1360,1456,unknown
/workspace/shadowveil/reference/grok_build/artifacts/imagine_images/b91b79c0-fed0-4bd5-bd11-5b12d52812db.jpg,other pose still (action/expression/hand/eye),,1408,1408,unknown
/workspace/shadowveil/reference/grok_build/artifacts/imagine_images/b9c4ac2f-320b-471e-9079-af1520be67de.jpg,other pose still (action/expression/hand/eye),,1408,1408,unknown
/workspace/shadowveil/reference/grok_build/artifacts/imagine_images/ba201b2c-c4ba-4e02-9921-6eaa0aacd974.jpg,other pose still (action/expression/hand/eye),,1344,1472,unknown
/workspace/shadowveil/reference/grok_build/artifacts/imagine_images/ba531c9a-e8e3-42d2-9573-9e72363a2a3d.jpg,other pose still (action/expression/hand/eye),,1152,1728,unknown
/workspace/shadowveil/reference/grok_build/artifacts/imagine_images/bbebceb4-904d-4141-8b91-1bc4230824f1.jpg,other pose still (action/expression/hand/eye),,1152,1728,unknown
/workspace/shadowveil/reference/grok_build/artifacts/imagine_images/bc2ff1a8-f249-4199-9b0a-9ddd0da9f5c0.jpg,other pose still (action/expression/hand/eye),,1152,1728,unknown
/workspace/shadowveil/reference/grok_build/artifacts/imagine_images/bcaa153c-987b-4573-8414-ccfac1ac06a9.jpg,other pose still (action/expression/hand/eye),,1152,1728,unknown
/workspace/shadowveil/reference/grok_build/artifacts/imagine_images/bd33c711-5b74-48b3-b6df-592a8d957171.jpg,other pose still (action/expression/hand/eye),,1152,1728,unknown
/workspace/shadowveil/reference/grok_build/artifacts/imagine_images/bd39605b-d40e-486b-aa2f-721b0610f8b1.jpg,other pose still (action/expression/hand/eye),,1152,1728,unknown
/workspace/shadowveil/reference/grok_build/artifacts/imagine_images/bea907a9-6bfc-4742-907d-3c40c672e2ce.jpg,other pose still (action/expression/hand/eye),,1152,1728,unknown
/workspace/shadowveil/reference/grok_build/artifacts/imagine_images/bf8b756e-e7b8-4d62-85be-52721d5c7780.jpg,other pose still (action/expression/hand/eye),,1152,1728,unknown
/workspace/shadowveil/reference/grok_build/artifacts/imagine_images/bfb895c9-0698-48f1-8604-e2af8c28d0c0.jpg,other pose still (action/expression/hand/eye),,1152,1728,unknown
/workspace/shadowveil/reference/grok_build/artifacts/imagine_images/bfe93474-d2a6-4c6e-a508-a1b226594c01.jpg,other pose still (action/expression/hand/eye),,1152,1728,unknown
/workspace/shadowveil/reference/grok_build/artifacts/imagine_images/c05d4fd2-b299-43da-b0a0-ba886f6079f1.jpg,other pose still (action/expression/hand/eye),,1152,1728,unknown
/workspace/shadowveil/reference/grok_build/artifacts/imagine_images/c1007cb2-7a3d-415b-abc1-d38c4e1f2520.jpg,other pose still (action/expression/hand/eye),,960,2064,unknown
/workspace/shadowveil/reference/grok_build/artifacts/imagine_images/c1e48cc3-ac5b-4f0d-8ea1-14f5b25a909c.jpg,other pose still (action/expression/hand/eye),,1152,1728,unknown
/workspace/shadowveil/reference/grok_build/artifacts/imagine_images/c20363cf-b12d-4caf-a3b5-0383da245497.jpg,other pose still (action/expression/hand/eye),,1152,1728,unknown
/workspace/shadowveil/reference/grok_build/artifacts/imagine_images/c2182cc0-0700-4365-b697-29b6e1922fa8.jpg,other pose still (action/expression/hand/eye),,1152,1728,unknown
/workspace/shadowveil/reference/grok_build/artifacts/imagine_images/c21b2440-d725-4ab7-9535-eafa54a036d0.jpg,other pose still (action/expression/hand/eye),,1152,1728,unknown
/workspace/shadowveil/reference/grok_build/artifacts/imagine_images/c25b5717-f713-4194-94fd-b820b766fd6a.jpg,other pose still (action/expression/hand/eye),,1248,1584,unknown
/workspace/shadowveil/reference/grok_build/artifacts/imagine_images/c262706d-bca0-4c8a-9229-9f0abcbd2ebf.jpg,other pose still (action/expression/hand/eye),,1152,1728,unknown
/workspace/shadowveil/reference/grok_build/artifacts/imagine_images/c2b33008-6441-41e8-b7a3-e62acfda00d3.jpg,other pose still (action/expression/hand/eye),,1152,1728,unknown
/workspace/shadowveil/reference/grok_build/artifacts/imagine_images/c4bdec8c-ed8b-45aa-8d08-cb4166eb4ba2.jpg,other pose still (action/expression/hand/eye),,1136,1744,unknown
/workspace/shadowveil/reference/grok_build/artifacts/imagine_images/c4e7842b-2504-4ecf-bbc6-dca543359687.jpg,other pose still (action/expression/hand/eye),,1152,1728,unknown
/workspace/shadowveil/reference/grok_build/artifacts/imagine_images/c5f16149-3fa3-4b3d-b513-6dda2e2c4c9f.jpg,other pose still (action/expression/hand/eye),,1408,1408,unknown
/workspace/shadowveil/reference/grok_build/artifacts/imagine_images/c62286e8-0755-4fba-8baa-694f9787c640.jpg,other pose still (action/expression/hand/eye),,1152,1728,unknown
/workspace/shadowveil/reference/grok_build/artifacts/imagine_images/c655ff9e-2e59-4aa1-af8c-cde39342984a.jpg,other pose still (action/expression/hand/eye),,1136,1744,unknown
/workspace/shadowveil/reference/grok_build/artifacts/imagine_images/c69d92d8-7986-4939-aca8-032c126a8a3c.jpg,other pose still (action/expression/hand/eye),,1152,1728,unknown
/workspace/shadowveil/reference/grok_build/artifacts/imagine_images/c72e13ba-c471-43d0-9daa-bcb113257e49.jpg,other pose still (action/expression/hand/eye),,1152,1728,unknown
/workspace/shadowveil/reference/grok_build/artifacts/imagine_images/c851ca40-40bc-43f9-95db-65dc48d84ee1.jpg,other pose still (action/expression/hand/eye),,1152,1728,unknown
/workspace/shadowveil/reference/grok_build/artifacts/imagine_images/c88a4126-720d-4494-91e6-33d6241fdd73.jpg,other pose still (action/expression/hand/eye),,1152,1728,unknown
/workspace/shadowveil/reference/grok_build/artifacts/imagine_images/c91b6f3d-ed22-4ab7-9be8-45d11c01de9a.jpg,other pose still (action/expression/hand/eye),,1152,1728,unknown
/workspace/shadowveil/reference/grok_build/artifacts/imagine_images/c9fee60a-2307-429c-a6b9-526269a0a08e.jpg,other pose still (action/expression/hand/eye),,1792,1008,unknown
/workspace/shadowveil/reference/grok_build/artifacts/imagine_images/ca63fbc0-5bda-460e-8137-4ac3a4620145.jpg,other pose still (action/expression/hand/eye),,1152,1728,unknown
/workspace/shadowveil/reference/grok_build/artifacts/imagine_images/ca9f1dd6-a0d1-40ee-ba4c-a412edf89eaa.jpg,other pose still (action/expression/hand/eye),,1152,1728,unknown
/workspace/shadowveil/reference/grok_build/artifacts/imagine_images/cb529f48-27a9-4a37-98b4-3cecee746c47.jpg,other pose still (action/expression/hand/eye),,1152,1728,unknown
/workspace/shadowveil/reference/grok_build/artifacts/imagine_images/cb792990-aba2-42bd-aeea-0814a047ca52.jpg,other pose still (action/expression/hand/eye),,1248,1584,unknown
/workspace/shadowveil/reference/grok_build/artifacts/imagine_images/cbc79bc9-79de-4036-a42c-b47ccdc51a6e.jpg,other pose still (action/expression/hand/eye),,1248,1584,unknown
/workspace/shadowveil/reference/grok_build/artifacts/imagine_images/cc15b25a-4f30-46b1-99aa-7e984f8d6086.jpg,other pose still (action/expression/hand/eye),,1152,1728,unknown
/workspace/shadowveil/reference/grok_build/artifacts/imagine_images/ccefcc2f-edab-4c64-ba66-40cfa40f8e86.jpg,other pose still (action/expression/hand/eye),,1152,1728,unknown
/workspace/shadowveil/reference/grok_build/artifacts/imagine_images/ccffbd97-9257-4872-bc28-3894c98b4630.jpg,other pose still (action/expression/hand/eye),,1152,1728,unknown
/workspace/shadowveil/reference/grok_build/artifacts/imagine_images/ce89ec81-fd1c-489e-b562-934667d56577.jpg,other pose still (action/expression/hand/eye),,1152,1728,unknown
/workspace/shadowveil/reference/grok_build/artifacts/imagine_images/ced57965-99c6-49a6-b12c-ed683f43d0e0.jpg,other pose still (action/expression/hand/eye),,1248,1584,unknown
/workspace/shadowveil/reference/grok_build/artifacts/imagine_images/cf51b649-995a-4383-9a24-ba5a09d474ad.jpg,other pose still (action/expression/hand/eye),,1152,1728,unknown
/workspace/shadowveil/reference/grok_build/artifacts/imagine_images/d059ae25-cf6e-484c-b02c-f41462cd5861.jpg,other pose still (action/expression/hand/eye),,1152,1728,unknown
/workspace/shadowveil/reference/grok_build/artifacts/imagine_images/d10f4307-3a07-4173-845e-6f34845781f3.jpg,other pose still (action/expression/hand/eye),,1152,1728,unknown
/workspace/shadowveil/reference/grok_build/artifacts/imagine_images/d11b49a9-a40b-4264-96f4-bbfa9039beff.jpg,other pose still (action/expression/hand/eye),,1728,1152,unknown
/workspace/shadowveil/reference/grok_build/artifacts/imagine_images/d18780a3-06e8-402d-8faa-23f008c5755f.jpg,other pose still (action/expression/hand/eye),,1152,1728,unknown
/workspace/shadowveil/reference/grok_build/artifacts/imagine_images/d24c9eb7-c2fa-4f7e-af37-78d7b7f5f3a5.jpg,other pose still (action/expression/hand/eye),,1152,1728,unknown
/workspace/shadowveil/reference/grok_build/artifacts/imagine_images/d2bb1020-c936-44de-89b3-fff96471cb77.jpg,other pose still (action/expression/hand/eye),,960,2064,unknown
/workspace/shadowveil/reference/grok_build/artifacts/imagine_images/d2bd9772-fb64-4a1a-9424-2df9ca49d0f9.jpg,other pose still (action/expression/hand/eye),,1344,1472,unknown
/workspace/shadowveil/reference/grok_build/artifacts/imagine_images/d2d244fd-745d-4774-8f6f-e5229cb72961.jpg,other pose still (action/expression/hand/eye),,1152,1728,unknown
/workspace/shadowveil/reference/grok_build/artifacts/imagine_images/d2e9d3a1-733a-4ab3-9489-c441f26d9657.jpg,other pose still (action/expression/hand/eye),,1408,1408,unknown
/workspace/shadowveil/reference/grok_build/artifacts/imagine_images/d42e5be0-9180-4f30-876e-e2d796b48431.jpg,other pose still (action/expression/hand/eye),,1408,1408,unknown
/workspace/shadowveil/reference/grok_build/artifacts/imagine_images/d4e94ec9-4594-41fe-9ab0-83171c308282.jpg,other pose still (action/expression/hand/eye),,1264,1552,unknown
/workspace/shadowveil/reference/grok_build/artifacts/imagine_images/d6485cd6-7969-44dd-9f2e-2f1feddad997.jpg,other pose still (action/expression/hand/eye),,1792,1008,unknown
/workspace/shadowveil/reference/grok_build/artifacts/imagine_images/d73b1a10-a4f7-4d61-a3b9-9c7039fa3ae4.jpg,other pose still (action/expression/hand/eye),,1152,1728,unknown
/workspace/shadowveil/reference/grok_build/artifacts/imagine_images/d7787fce-c19f-4b50-ac51-8f1ace400327.jpg,other pose still (action/expression/hand/eye),,1792,1008,unknown
/workspace/shadowveil/reference/grok_build/artifacts/imagine_images/d82375cd-0292-425d-8979-3959360f3bdd.jpg,other pose still (action/expression/hand/eye),,1152,1728,unknown
/workspace/shadowveil/reference/grok_build/artifacts/imagine_images/d99c0c95-e6d4-42fd-8076-e71fe620a2aa.jpg,other pose still (action/expression/hand/eye),,1152,1728,unknown
/workspace/shadowveil/reference/grok_build/artifacts/imagine_images/d9d472e6-17ba-4fdf-95a5-686fa0edaeb1.jpg,other pose still (action/expression/hand/eye),,960,2064,unknown
/workspace/shadowveil/reference/grok_build/artifacts/imagine_images/dadfbb0e-d3fe-4b2a-832a-7db23dc0d3ef.jpg,other pose still (action/expression/hand/eye),,1152,1728,unknown
/workspace/shadowveil/reference/grok_build/artifacts/imagine_images/dbc2de8f-1965-4b29-bed8-a3d10e9ff147.jpg,other pose still (action/expression/hand/eye),,1728,1152,unknown
/workspace/shadowveil/reference/grok_build/artifacts/imagine_images/dbea6426-d0ee-4739-9b36-f61036b97da0.jpg,other pose still (action/expression/hand/eye),,1152,1728,unknown
/workspace/shadowveil/reference/grok_build/artifacts/imagine_images/dbf09e37-9f52-4d1a-a12e-ad919495042c.jpg,other pose still (action/expression/hand/eye),,1152,1728,unknown
/workspace/shadowveil/reference/grok_build/artifacts/imagine_images/dc8a14e3-8fae-41c7-918c-27734447c3a1.jpg,other pose still (action/expression/hand/eye),,1152,1728,unknown
/workspace/shadowveil/reference/grok_build/artifacts/imagine_images/dcb50719-023e-4825-a33c-99e7de45b8c0.jpg,other pose still (action/expression/hand/eye),,1152,1728,unknown
/workspace/shadowveil/reference/grok_build/artifacts/imagine_images/ddfb5f89-c485-4aea-a16e-358676bef35d.jpg,other pose still (action/expression/hand/eye),,1152,1728,unknown
/workspace/shadowveil/reference/grok_build/artifacts/imagine_images/de0bc7fb-b37b-4362-aa85-7e8738d4922e.jpg,other pose still (action/expression/hand/eye),,1152,1728,unknown
/workspace/shadowveil/reference/grok_build/artifacts/imagine_images/de335fa3-77e7-427b-b193-b7d42fdfc1ba.jpg,other pose still (action/expression/hand/eye),,1728,1152,unknown
/workspace/shadowveil/reference/grok_build/artifacts/imagine_images/de7fdce0-d291-4609-af2f-81432d5434cb.jpg,other pose still (action/expression/hand/eye),,1152,1728,unknown
/workspace/shadowveil/reference/grok_build/artifacts/imagine_images/e0225f97-9810-4492-9e6e-9c49b7b3db4f.jpg,other pose still (action/expression/hand/eye),,1152,1728,unknown
/workspace/shadowveil/reference/grok_build/artifacts/imagine_images/e18676dd-0b68-4a9b-8e33-673b53897ea9.jpg,other pose still (action/expression/hand/eye),,1152,1728,unknown
/workspace/shadowveil/reference/grok_build/artifacts/imagine_images/e204c290-64c4-445e-9c0b-c0d8efe950e6.jpg,other pose still (action/expression/hand/eye),,1728,1152,unknown
/workspace/shadowveil/reference/grok_build/artifacts/imagine_images/e26ee113-1668-46a1-901c-7a7ee757a19f.jpg,other pose still (action/expression/hand/eye),,1152,1728,unknown
/workspace/shadowveil/reference/grok_build/artifacts/imagine_images/e2ee27e3-a33a-4576-b471-40341b558433.jpg,other pose still (action/expression/hand/eye),,1408,1408,unknown
/workspace/shadowveil/reference/grok_build/artifacts/imagine_images/e31a262b-6f84-43b6-a07c-f43a3ac00747.jpg,other pose still (action/expression/hand/eye),,1792,1008,unknown
/workspace/shadowveil/reference/grok_build/artifacts/imagine_images/e3ca90ac-39c1-46dc-a7e5-f68175553f8c.jpg,other pose still (action/expression/hand/eye),,1248,1584,unknown
/workspace/shadowveil/reference/grok_build/artifacts/imagine_images/e4845873-75dd-412f-995a-fe681c1ea22c.jpg,other pose still (action/expression/hand/eye),,1152,1728,unknown
/workspace/shadowveil/reference/grok_build/artifacts/imagine_images/e4d5d745-8181-4764-9cf2-64783da93c08.jpg,other pose still (action/expression/hand/eye),,1248,1584,unknown
/workspace/shadowveil/reference/grok_build/artifacts/imagine_images/e5a548ea-1cfd-4b36-832b-d2c6392e7c4d.jpg,other pose still (action/expression/hand/eye),,1152,1728,unknown
/workspace/shadowveil/reference/grok_build/artifacts/imagine_images/e5e1bc09-4aad-4df7-b9f0-ede6f28c8456.jpg,other pose still (action/expression/hand/eye),,1152,1728,unknown
/workspace/shadowveil/reference/grok_build/artifacts/imagine_images/e74bd106-b9d8-4d9c-b64f-3da1426a88d8.jpg,other pose still (action/expression/hand/eye),,1152,1728,unknown
/workspace/shadowveil/reference/grok_build/artifacts/imagine_images/e79e7d7f-a7da-4fa9-8633-84fdd8304f7a.jpg,other pose still (action/expression/hand/eye),,1792,1008,unknown
/workspace/shadowveil/reference/grok_build/artifacts/imagine_images/e843956d-1e25-414e-8793-341da4274435.jpg,other pose still (action/expression/hand/eye),,1792,1008,unknown
/workspace/shadowveil/reference/grok_build/artifacts/imagine_images/e853fbb5-ea18-436e-9c1c-d9864964cbec.jpg,other pose still (action/expression/hand/eye),,1360,1456,unknown
/workspace/shadowveil/reference/grok_build/artifacts/imagine_images/e8708d58-95be-4df5-9a0b-54afb64482b8.jpg,other pose still (action/expression/hand/eye),,1728,1152,unknown
/workspace/shadowveil/reference/grok_build/artifacts/imagine_images/ea2a37da-de98-432f-8a38-aa7331668f7a.jpg,other pose still (action/expression/hand/eye),,1360,1456,unknown
/workspace/shadowveil/reference/grok_build/artifacts/imagine_images/ea6e69ff-9bdc-4b6b-9f02-31959e7bad85.jpg,other pose still (action/expression/hand/eye),,1152,1728,unknown
/workspace/shadowveil/reference/grok_build/artifacts/imagine_images/ea7a6440-32f9-4b21-a1d2-16a31c9c67c8.jpg,other pose still (action/expression/hand/eye),,1152,1728,unknown
/workspace/shadowveil/reference/grok_build/artifacts/imagine_images/ea93dfdb-c6b4-4415-8ff4-42ecd505b03e.jpg,other pose still (action/expression/hand/eye),,1136,1744,unknown
/workspace/shadowveil/reference/grok_build/artifacts/imagine_images/eaa042c4-1963-45b4-9eeb-809c2b9f7143.jpg,other pose still (action/expression/hand/eye),,1344,1472,unknown
/workspace/shadowveil/reference/grok_build/artifacts/imagine_images/eb365be8-e107-4ee9-8114-d4cc1edcbe96.jpg,other pose still (action/expression/hand/eye),,1152,1728,unknown
/workspace/shadowveil/reference/grok_build/artifacts/imagine_images/eba1654c-25d8-4d2d-a8d2-2b3ae6eb79d6.jpg,other pose still (action/expression/hand/eye),,1248,1584,unknown
/workspace/shadowveil/reference/grok_build/artifacts/imagine_images/ec6d2a33-3282-4bd0-a0a5-7d3f4f9f90f6.jpg,other pose still (action/expression/hand/eye),,1152,1728,unknown
/workspace/shadowveil/reference/grok_build/artifacts/imagine_images/ecad8733-bc2d-4d2a-b565-cce6a22c6559.jpg,other pose still (action/expression/hand/eye),,1152,1728,unknown
/workspace/shadowveil/reference/grok_build/artifacts/imagine_images/ecfde5c8-472e-4793-bfa9-8498bfa889da.jpg,other pose still (action/expression/hand/eye),,1152,1728,unknown
/workspace/shadowveil/reference/grok_build/artifacts/imagine_images/ed0b574d-af8f-49c2-90a1-405e5fd87855.jpg,other pose still (action/expression/hand/eye),,1152,1728,unknown
/workspace/shadowveil/reference/grok_build/artifacts/imagine_images/ed260fa6-6dc2-4f30-99d4-280b6d952ef9.jpg,other pose still (action/expression/hand/eye),,1152,1728,unknown
/workspace/shadowveil/reference/grok_build/artifacts/imagine_images/ed6e8a8d-50ce-46b7-8855-62eac224056c.jpg,other pose still (action/expression/hand/eye),,1408,1408,unknown
/workspace/shadowveil/reference/grok_build/artifacts/imagine_images/edd19f9d-598c-4bab-854a-d8d61dfe7446.jpg,other pose still (action/expression/hand/eye),,1152,1728,unknown
/workspace/shadowveil/reference/grok_build/artifacts/imagine_images/eede5ed7-07fa-44de-879a-a5465e41ccea.jpg,other pose still (action/expression/hand/eye),,1152,1728,unknown
/workspace/shadowveil/reference/grok_build/artifacts/imagine_images/ef4019f6-9061-4e7b-a9ca-c2764fae60a6.jpg,other pose still (action/expression/hand/eye),,1152,1728,unknown
/workspace/shadowveil/reference/grok_build/artifacts/imagine_images/ef9bc533-4e9f-4225-a8dd-9d738a97892d.jpg,other pose still (action/expression/hand/eye),,1152,1728,unknown
/workspace/shadowveil/reference/grok_build/artifacts/imagine_images/f02722e6-a5aa-4743-8ad0-35e9f25f0fb9.jpg,other pose still (action/expression/hand/eye),,1152,1728,unknown
/workspace/shadowveil/reference/grok_build/artifacts/imagine_images/f0898c99-0210-4a69-81cf-b57f4a3b7cc6.jpg,other pose still (action/expression/hand/eye),,1152,1728,unknown
/workspace/shadowveil/reference/grok_build/artifacts/imagine_images/f121be34-6542-402a-80ae-09a6c4699db8.jpg,other pose still (action/expression/hand/eye),,1152,1728,unknown
/workspace/shadowveil/reference/grok_build/artifacts/imagine_images/f267e7a1-16da-4dc3-b2bc-8ba0539a7661.jpg,other pose still (action/expression/hand/eye),,1152,1728,unknown
/workspace/shadowveil/reference/grok_build/artifacts/imagine_images/f384595b-37e0-4cfc-9e7e-dc4d43d5f117.jpg,other pose still (action/expression/hand/eye),,1152,1728,unknown
/workspace/shadowveil/reference/grok_build/artifacts/imagine_images/f4b38a84-bb37-4939-b259-59693ec1fee8.jpg,other pose still (action/expression/hand/eye),,1152,1728,unknown
/workspace/shadowveil/reference/grok_build/artifacts/imagine_images/f518f260-5c90-4544-b1f9-b53f16d8de7c.jpg,other pose still (action/expression/hand/eye),,1792,1008,unknown
/workspace/shadowveil/reference/grok_build/artifacts/imagine_images/f56d2cf4-213f-45c3-bfb3-3851947982e3.jpg,other pose still (action/expression/hand/eye),,1408,1408,unknown
/workspace/shadowveil/reference/grok_build/artifacts/imagine_images/f57147e0-a0cb-42c9-88eb-2ae4d858cc06.jpg,other pose still (action/expression/hand/eye),,1152,1728,unknown
/workspace/shadowveil/reference/grok_build/artifacts/imagine_images/f61addd8-7a4f-41e1-81b0-11a4035d214e.jpg,other pose still (action/expression/hand/eye),,1152,1728,unknown
/workspace/shadowveil/reference/grok_build/artifacts/imagine_images/f7621490-55fc-4ba9-b364-2fb661894bb5.jpg,other pose still (action/expression/hand/eye),,960,2064,unknown
/workspace/shadowveil/reference/grok_build/artifacts/imagine_images/f7a6f23d-f77a-406f-8fc1-ffe02ae2f37e.jpg,other pose still (action/expression/hand/eye),,1152,1728,unknown
/workspace/shadowveil/reference/grok_build/artifacts/imagine_images/f8d281b5-00fb-4dcb-bf48-8673fc0a204e.jpg,other pose still (action/expression/hand/eye),,960,2064,unknown
/workspace/shadowveil/reference/grok_build/artifacts/imagine_images/fa1891e8-7702-4dd5-9a8c-ec8afa261131.jpg,other pose still (action/expression/hand/eye),,1792,1008,unknown
/workspace/shadowveil/reference/grok_build/artifacts/imagine_images/fa46fb16-45b2-4de7-b603-6c3bf5e8fd88.jpg,other pose still (action/expression/hand/eye),,1152,1728,unknown
/workspace/shadowveil/reference/grok_build/artifacts/imagine_images/fa6615ed-83de-4fb1-9763-015e7e108de6.jpg,other pose still (action/expression/hand/eye),,1152,1728,unknown
/workspace/shadowveil/reference/grok_build/artifacts/imagine_images/fc4b4b71-8393-4b2d-bf31-5d2f162dda61.jpg,other pose still (action/expression/hand/eye),,1152,1728,unknown
/workspace/shadowveil/reference/grok_build/artifacts/imagine_images/fc4cbc4e-b9f5-4e50-abdd-d0d585ca75e0.jpg,other pose still (action/expression/hand/eye),,1792,1008,unknown
/workspace/shadowveil/reference/grok_build/artifacts/imagine_images/fc910228-1191-45fe-983f-3280bea63d1b.jpg,other pose still (action/expression/hand/eye),,1152,1728,unknown
/workspace/shadowveil/reference/grok_build/artifacts/imagine_images/fc919611-5e5e-435f-8b94-10a02fbe62e9.jpg,other pose still (action/expression/hand/eye),,1136,1744,unknown
/workspace/shadowveil/reference/grok_build/artifacts/imagine_images/fd97c26a-9bc3-4519-add6-fa02ab771c65.jpg,other pose still (action/expression/hand/eye),,1408,1408,unknown
/workspace/shadowveil/reference/grok_build/artifacts/imagine_images/fdb2b27f-5ac5-4759-9c45-9790f8330e9d.jpg,other pose still (action/expression/hand/eye),,1152,1728,unknown
/workspace/shadowveil/reference/grok_build/artifacts/imagine_images/fdf21241-f481-42df-b2fb-b6e92c3a9004.jpg,other pose still (action/expression/hand/eye),,1152,1728,unknown
/workspace/shadowveil/reference/grok_build/artifacts/imagine_images/ffef78c8-33db-4e96-9817-de6325b286a9.jpg,other pose still (action/expression/hand/eye),,1152,1728,unknown
/workspace/shadowveil/reference/grok_build/artifacts/imagine_images/shadowveil-ref-a.png,other pose still (action/expression/hand/eye),,1000,1500,unknown
/workspace/shadowveil/reference/grok_build/artifacts/imagine_images/shadowveil-ref-b.png,other pose still (action/expression/hand/eye),,1000,1500,unknown
/workspace/shadowveil/reference/grok_build/artifacts/keyed-proof.jpg,QA crop / contact sheet,,980,1000,
/workspace/shadowveil/reference/grok_build/artifacts/left-ref.jpg,other/unclassified,left profile,768,1152,
/workspace/shadowveil/reference/grok_build/artifacts/lookqa/f01.jpg,video/render frame sequence,,768,1168,
/workspace/shadowveil/reference/grok_build/artifacts/lookqa/f02.jpg,video/render frame sequence,,768,1168,
/workspace/shadowveil/reference/grok_build/artifacts/lookqa/f03.jpg,video/render frame sequence,,768,1168,
/workspace/shadowveil/reference/grok_build/artifacts/lookqa/f04.jpg,video/render frame sequence,,768,1168,
/workspace/shadowveil/reference/grok_build/artifacts/lookqa/f05.jpg,video/render frame sequence,,768,1168,
/workspace/shadowveil/reference/grok_build/artifacts/lookqa/f06.jpg,video/render frame sequence,,768,1168,
/workspace/shadowveil/reference/grok_build/artifacts/lookqa/f07.jpg,video/render frame sequence,,768,1168,
/workspace/shadowveil/reference/grok_build/artifacts/lookqa/f08.jpg,video/render frame sequence,,768,1168,
/workspace/shadowveil/reference/grok_build/artifacts/lookqa/f09.jpg,video/render frame sequence,,768,1168,
/workspace/shadowveil/reference/grok_build/artifacts/lookqa/f10.jpg,video/render frame sequence,,768,1168,
/workspace/shadowveil/reference/grok_build/artifacts/lookqa/f11.jpg,video/render frame sequence,,768,1168,
/workspace/shadowveil/reference/grok_build/artifacts/lookqa/f12.jpg,video/render frame sequence,,768,1168,
/workspace/shadowveil/reference/grok_build/artifacts/lookqa2/f01.jpg,video/render frame sequence,,768,1168,
/workspace/shadowveil/reference/grok_build/artifacts/lookqa2/f02.jpg,video/render frame sequence,,768,1168,
/workspace/shadowveil/reference/grok_build/artifacts/lookqa2/f03.jpg,video/render frame sequence,,768,1168,
/workspace/shadowveil/reference/grok_build/artifacts/lookqa2/f04.jpg,video/render frame sequence,,768,1168,
/workspace/shadowveil/reference/grok_build/artifacts/lookqa2/f05.jpg,video/render frame sequence,,768,1168,
/workspace/shadowveil/reference/grok_build/artifacts/lookqa2/f06.jpg,video/render frame sequence,,768,1168,
/workspace/shadowveil/reference/grok_build/artifacts/lookqa2/f07.jpg,video/render frame sequence,,768,1168,
/workspace/shadowveil/reference/grok_build/artifacts/lookqa2/f08.jpg,video/render frame sequence,,768,1168,
/workspace/shadowveil/reference/grok_build/artifacts/lookqa2/f09.jpg,video/render frame sequence,,768,1168,
/workspace/shadowveil/reference/grok_build/artifacts/lookqa2/f10.jpg,video/render frame sequence,,768,1168,
/workspace/shadowveil/reference/grok_build/artifacts/lookqa2/f11.jpg,video/render frame sequence,,768,1168,
/workspace/shadowveil/reference/grok_build/artifacts/lookqa2/f12.jpg,video/render frame sequence,,768,1168,
/workspace/shadowveil/reference/grok_build/artifacts/mouth-check.jpg,QA crop / contact sheet,,360,400,
/workspace/shadowveil/reference/grok_build/artifacts/pose-key-proof.jpg,QA crop / contact sheet,,900,700,
/workspace/shadowveil/reference/grok_build/artifacts/posed-front.png,turnaround/rotation still,0 (front),420,900,yes
/workspace/shadowveil/reference/grok_build/artifacts/posed-profile.png,turnaround/rotation still,profile,420,900,unknown
/workspace/shadowveil/reference/grok_build/artifacts/profile.png,turnaround/rotation still,profile,420,900,unknown
/workspace/shadowveil/reference/grok_build/artifacts/qa3/angry-a.jpg,QA crop / contact sheet,,768,1168,
/workspace/shadowveil/reference/grok_build/artifacts/qa3/angry-b.jpg,QA crop / contact sheet,,768,1168,
/workspace/shadowveil/reference/grok_build/artifacts/qa3/dodge-a.jpg,QA crop / contact sheet,,768,1168,
/workspace/shadowveil/reference/grok_build/artifacts/qa3/dodge-b.jpg,QA crop / contact sheet,,768,1168,
/workspace/shadowveil/reference/grok_build/artifacts/qa3/inspect-a.jpg,QA crop / contact sheet,,768,1168,
/workspace/shadowveil/reference/grok_build/artifacts/qa3/inspect-b.jpg,QA crop / contact sheet,,768,1168,
/workspace/shadowveil/reference/grok_build/artifacts/qa3/kick-a.jpg,QA crop / contact sheet,,816,1104,
/workspace/shadowveil/reference/grok_build/artifacts/qa3/kick-b.jpg,QA crop / contact sheet,,816,1104,
/workspace/shadowveil/reference/grok_build/artifacts/qa3/lie-a.jpg,QA crop / contact sheet,,768,1168,
/workspace/shadowveil/reference/grok_build/artifacts/qa3/lie-b.jpg,QA crop / contact sheet,,768,1168,
/workspace/shadowveil/reference/grok_build/artifacts/qa3/point-a.jpg,QA crop / contact sheet,,768,1168,
/workspace/shadowveil/reference/grok_build/artifacts/qa3/point-b.jpg,QA crop / contact sheet,,768,1168,
/workspace/shadowveil/reference/grok_build/artifacts/qa3/sit-a.jpg,QA crop / contact sheet,,768,1168,
/workspace/shadowveil/reference/grok_build/artifacts/qa3/sit-b.jpg,QA crop / contact sheet,,768,1168,
/workspace/shadowveil/reference/grok_build/artifacts/qa3/startle-a.jpg,QA crop / contact sheet,,704,1280,
/workspace/shadowveil/reference/grok_build/artifacts/qa3/startle-b.jpg,QA crop / contact sheet,,704,1280,
/workspace/shadowveil/reference/grok_build/artifacts/qa4/brace-a.jpg,QA crop / contact sheet,,720,1264,
/workspace/shadowveil/reference/grok_build/artifacts/qa4/brace-b.jpg,QA crop / contact sheet,,720,1264,
/workspace/shadowveil/reference/grok_build/artifacts/qa4/brace-c.jpg,QA crop / contact sheet,,720,1264,
/workspace/shadowveil/reference/grok_build/artifacts/qa4/lunge-a.jpg,QA crop / contact sheet,,992,912,
/workspace/shadowveil/reference/grok_build/artifacts/qa4/lunge-b.jpg,QA crop / contact sheet,,992,912,
/workspace/shadowveil/reference/grok_build/artifacts/qa4/smirk-a.jpg,QA crop / contact sheet,,768,1168,
/workspace/shadowveil/reference/grok_build/artifacts/qa4/smirk-b.jpg,QA crop / contact sheet,,768,1168,
/workspace/shadowveil/reference/grok_build/artifacts/qa4/spin-a.jpg,QA crop / contact sheet,,768,1168,
/workspace/shadowveil/reference/grok_build/artifacts/qa4/spin-b.jpg,QA crop / contact sheet,,768,1168,
/workspace/shadowveil/reference/grok_build/artifacts/qa4/squat-a.jpg,QA crop / contact sheet,,656,1392,
/workspace/shadowveil/reference/grok_build/artifacts/qa4/squat-b.jpg,QA crop / contact sheet,,656,1392,
/workspace/shadowveil/reference/grok_build/artifacts/qa4/stop-a.jpg,QA crop / contact sheet,,768,1168,
/workspace/shadowveil/reference/grok_build/artifacts/qa4/stop-b.jpg,QA crop / contact sheet,,768,1168,
/workspace/shadowveil/reference/grok_build/artifacts/qa4/stumble-a.jpg,QA crop / contact sheet,,848,1056,
/workspace/shadowveil/reference/grok_build/artifacts/qa4/stumble-b.jpg,QA crop / contact sheet,,848,1056,
/workspace/shadowveil/reference/grok_build/artifacts/qa4/stumble-c.jpg,QA crop / contact sheet,,848,1056,
/workspace/shadowveil/reference/grok_build/artifacts/qa4/worry-a.jpg,QA crop / contact sheet,,768,1168,
/workspace/shadowveil/reference/grok_build/artifacts/qa4/worry-b.jpg,QA crop / contact sheet,,768,1168,
/workspace/shadowveil/reference/grok_build/artifacts/qa5/gasp-a.jpg,QA crop / contact sheet,,768,1168,
/workspace/shadowveil/reference/grok_build/artifacts/qa5/gasp-b.jpg,QA crop / contact sheet,,768,1168,
/workspace/shadowveil/reference/grok_build/artifacts/qa5/knee-a.jpg,QA crop / contact sheet,,896,1008,
/workspace/shadowveil/reference/grok_build/artifacts/qa5/knee-b.jpg,QA crop / contact sheet,,896,1008,
/workspace/shadowveil/reference/grok_build/artifacts/qa5/twist-a.jpg,QA crop / contact sheet,,768,1184,
/workspace/shadowveil/reference/grok_build/artifacts/qa5/twist-b.jpg,QA crop / contact sheet,,768,1184,
/workspace/shadowveil/reference/grok_build/artifacts/qa5/yawn-a.jpg,QA crop / contact sheet,,768,1168,
/workspace/shadowveil/reference/grok_build/artifacts/qa5/yawn-b.jpg,QA crop / contact sheet,,768,1168,
/workspace/shadowveil/reference/grok_build/artifacts/qa6/chest-a.jpg,QA crop / contact sheet,,768,1168,
/workspace/shadowveil/reference/grok_build/artifacts/qa6/chest-b.jpg,QA crop / contact sheet,,768,1168,
/workspace/shadowveil/reference/grok_build/artifacts/qa6/gasp-01.jpg,QA crop / contact sheet,,768,1168,
/workspace/shadowveil/reference/grok_build/artifacts/qa6/gasp-02.jpg,QA crop / contact sheet,,768,1168,
/workspace/shadowveil/reference/grok_build/artifacts/qa6/gasp-03.jpg,QA crop / contact sheet,,768,1168,
/workspace/shadowveil/reference/grok_build/artifacts/qa6/gasp-04.jpg,QA crop / contact sheet,,768,1168,
/workspace/shadowveil/reference/grok_build/artifacts/qa6/gasp-05.jpg,QA crop / contact sheet,,768,1168,
/workspace/shadowveil/reference/grok_build/artifacts/qa6/gasp-06.jpg,QA crop / contact sheet,,768,1168,
/workspace/shadowveil/reference/grok_build/artifacts/qa6/gasp-07.jpg,QA crop / contact sheet,,768,1168,
/workspace/shadowveil/reference/grok_build/artifacts/qa6/hair-a.jpg,QA crop / contact sheet,,768,1168,
/workspace/shadowveil/reference/grok_build/artifacts/qa6/hair-b.jpg,QA crop / contact sheet,,768,1168,
/workspace/shadowveil/reference/grok_build/artifacts/qa6/ready-a.jpg,QA crop / contact sheet,,768,1168,
/workspace/shadowveil/reference/grok_build/artifacts/qa6/ready-b.jpg,QA crop / contact sheet,,768,1168,
/workspace/shadowveil/reference/grok_build/artifacts/qa6/strap-a.jpg,QA crop / contact sheet,,768,1168,
/workspace/shadowveil/reference/grok_build/artifacts/qa6/strap-b.jpg,QA crop / contact sheet,,768,1168,
/workspace/shadowveil/reference/grok_build/artifacts/qa7/a-01.jpg,video/render frame sequence,,768,1168,
/workspace/shadowveil/reference/grok_build/artifacts/qa7/a-02.jpg,video/render frame sequence,,768,1168,
/workspace/shadowveil/reference/grok_build/artifacts/qa7/a-03.jpg,video/render frame sequence,,768,1168,
/workspace/shadowveil/reference/grok_build/artifacts/qa7/a-04.jpg,video/render frame sequence,,768,1168,
/workspace/shadowveil/reference/grok_build/artifacts/qa7/a-05.jpg,video/render frame sequence,,768,1168,
/workspace/shadowveil/reference/grok_build/artifacts/qa7/b-01.jpg,video/render frame sequence,,768,1168,
/workspace/shadowveil/reference/grok_build/artifacts/qa7/b-02.jpg,video/render frame sequence,,768,1168,
/workspace/shadowveil/reference/grok_build/artifacts/qa7/b-03.jpg,video/render frame sequence,,768,1168,
/workspace/shadowveil/reference/grok_build/artifacts/qa7/b-04.jpg,video/render frame sequence,,768,1168,
/workspace/shadowveil/reference/grok_build/artifacts/qa7/b-05.jpg,video/render frame sequence,,768,1168,
/workspace/shadowveil/reference/grok_build/artifacts/qa8/cheeks-a.jpg,QA crop / contact sheet,,768,1168,
/workspace/shadowveil/reference/grok_build/artifacts/qa8/cheeks-b.jpg,QA crop / contact sheet,,768,1168,
/workspace/shadowveil/reference/grok_build/artifacts/qa8/clasp-a.jpg,QA crop / contact sheet,,768,1168,
/workspace/shadowveil/reference/grok_build/artifacts/qa8/clasp-b.jpg,QA crop / contact sheet,,768,1168,
/workspace/shadowveil/reference/grok_build/artifacts/qa8/glare-a.jpg,QA crop / contact sheet,,768,1168,
/workspace/shadowveil/reference/grok_build/artifacts/qa8/glare-b.jpg,QA crop / contact sheet,,768,1168,
/workspace/shadowveil/reference/grok_build/artifacts/qa8/hem-a.jpg,QA crop / contact sheet,,768,1168,
/workspace/shadowveil/reference/grok_build/artifacts/qa8/hem-b.jpg,QA crop / contact sheet,,768,1168,
/workspace/shadowveil/reference/grok_build/artifacts/qa8/hip-a.jpg,QA crop / contact sheet,,768,1168,
/workspace/shadowveil/reference/grok_build/artifacts/qa8/hip-b.jpg,QA crop / contact sheet,,768,1168,
/workspace/shadowveil/reference/grok_build/artifacts/qa8/sad-a.jpg,QA crop / contact sheet,,768,1168,
/workspace/shadowveil/reference/grok_build/artifacts/qa8/sad-b.jpg,QA crop / contact sheet,,768,1168,
/workspace/shadowveil/reference/grok_build/artifacts/qa8/shrug-a.jpg,QA crop / contact sheet,,768,1168,
/workspace/shadowveil/reference/grok_build/artifacts/qa8/shrug-b.jpg,QA crop / contact sheet,,768,1168,
/workspace/shadowveil/reference/grok_build/artifacts/qa8/tongue-a.jpg,QA crop / contact sheet,,768,1168,
/workspace/shadowveil/reference/grok_build/artifacts/qa8/tongue-b.jpg,QA crop / contact sheet,,768,1168,
/workspace/shadowveil/reference/grok_build/artifacts/rest-front.png,turnaround/rotation still,0 (front),420,900,yes
/workspace/shadowveil/reference/grok_build/artifacts/rig-check.jpg,QA crop / contact sheet,,420,500,
/workspace/shadowveil/reference/grok_build/artifacts/rigid-front.png,turnaround/rotation still,0 (front),420,900,yes
/workspace/shadowveil/reference/grok_build/artifacts/rigid-profile.png,turnaround/rotation still,profile,420,900,unknown
/workspace/shadowveil/reference/grok_build/artifacts/rt-pose.png,other pose still (action/expression/hand/eye),,420,900,unknown
/workspace/shadowveil/reference/grok_build/artifacts/rt-rest.png,other/unclassified,,420,900,
/workspace/shadowveil/reference/grok_build/artifacts/rt-side.png,other/unclassified,side profile,420,900,
/workspace/shadowveil/reference/grok_build/artifacts/side-far-bent.png,other/unclassified,side profile,420,900,
/workspace/shadowveil/reference/grok_build/artifacts/side-far-knee-crop.png,QA crop / contact sheet,side profile,380,500,
/workspace/shadowveil/reference/grok_build/artifacts/side-legs-crop.png,QA crop / contact sheet,side profile,340,400,
/workspace/shadowveil/reference/grok_build/artifacts/side-sep-bent-crop.png,QA crop / contact sheet,side profile,360,460,
/workspace/shadowveil/reference/grok_build/artifacts/side-sep-bent.png,other/unclassified,side profile,420,900,
/workspace/shadowveil/reference/grok_build/artifacts/side-sep-crop.png,QA crop / contact sheet,side profile,360,460,
/workspace/shadowveil/reference/grok_build/artifacts/side-sep.png,other/unclassified,side profile,420,900,
/workspace/shadowveil/reference/grok_build/artifacts/side-two-legs.png,other/unclassified,side profile,420,900,
/workspace/shadowveil/reference/grok_build/artifacts/size-match.jpg,QA crop / contact sheet,,480,1226,
/workspace/shadowveil/reference/grok_build/artifacts/stretch_preview.jpg,QA crop / contact sheet,,964,860,
/workspace/shadowveil/reference/grok_build/artifacts/stride-crop.png,QA crop / contact sheet,,400,520,
/workspace/shadowveil/reference/grok_build/artifacts/stride.png,other/unclassified,,420,900,
/workspace/shadowveil/reference/grok_build/artifacts/sway_b_low.jpg,other/unclassified,,432,743,
/workspace/shadowveil/reference/grok_build/artifacts/sway_d_low.jpg,other/unclassified,,432,743,
/workspace/shadowveil/reference/grok_build/artifacts/tone/fix-idle.jpg,other pose still (action/expression/hand/eye),,1152,1728,unknown
/workspace/shadowveil/reference/grok_build/artifacts/tone/fix-lie3.jpg,other pose still (action/expression/hand/eye),,1152,1728,unknown
/workspace/shadowveil/reference/grok_build/artifacts/tone/fix-stumble.jpg,other/unclassified,,925,1149,
/workspace/shadowveil/reference/grok_build/artifacts/tpose-head.png,other pose still (action/expression/hand/eye),0 (T-pose front),220,172,yes
/workspace/shadowveil/reference/grok_build/artifacts/tune-apose.jpg,QA crop / contact sheet,0 (A-pose front),360,540,
/workspace/shadowveil/reference/grok_build/artifacts/tune-face-t.jpg,QA crop / contact sheet,,420,520,
/workspace/shadowveil/reference/grok_build/artifacts/tune-face.jpg,QA crop / contact sheet,,420,520,
/workspace/shadowveil/reference/grok_build/artifacts/turn/angle-contact.jpg,QA crop / contact sheet,,980,200,
/workspace/shadowveil/reference/grok_build/artifacts/turn/apose-face.jpg,other pose still (action/expression/hand/eye),0 (A-pose front),400,430,yes
/workspace/shadowveil/reference/grok_build/artifacts/turn/apose-holes.png,QA crop / contact sheet,0 (A-pose front),950,1660,
/workspace/shadowveil/reference/grok_build/artifacts/turn/apose-rot-qa.jpg,QA crop / contact sheet,0 (A-pose front),640,514,
/workspace/shadowveil/reference/grok_build/artifacts/turn/apose.jpg,turnaround/rotation still,0 (A-pose front),768,1168,yes
/workspace/shadowveil/reference/grok_build/artifacts/turn/back.jpg,turnaround/rotation still,180 (back),768,1168,no
/workspace/shadowveil/reference/grok_build/artifacts/turn/back.png,turnaround/rotation still,180 (back),768,1168,no
/workspace/shadowveil/reference/grok_build/artifacts/turn/chk-angry.jpg,QA crop / contact sheet,,237,360,
/workspace/shadowveil/reference/grok_build/artifacts/turn/chk-back4.jpg,QA crop / contact sheet,180 (back),240,360,
/workspace/shadowveil/reference/grok_build/artifacts/turn/chk-face.jpg,QA crop / contact sheet,,240,360,
/workspace/shadowveil/reference/grok_build/artifacts/turn/chk-look.jpg,QA crop / contact sheet,,237,360,
/workspace/shadowveil/reference/grok_build/artifacts/turn/chk-wave.jpg,QA crop / contact sheet,,237,360,
/workspace/shadowveil/reference/grok_build/artifacts/turn/eyes-full.jpg,other/unclassified,,280,360,
/workspace/shadowveil/reference/grok_build/artifacts/turn/eyes-mark.png,QA crop / contact sheet,,340,190,
/workspace/shadowveil/reference/grok_build/artifacts/turn/f-idle.png,other pose still (action/expression/hand/eye),,768,1168,unknown
/workspace/shadowveil/reference/grok_build/artifacts/turn/f-smirk.png,other pose still (action/expression/hand/eye),,768,1168,unknown
/workspace/shadowveil/reference/grok_build/artifacts/turn/f-talk.png,other pose still (action/expression/hand/eye),,768,1168,unknown
/workspace/shadowveil/reference/grok_build/artifacts/turn/f-walk.png,other pose still (action/expression/hand/eye),,768,1168,unknown
/workspace/shadowveil/reference/grok_build/artifacts/turn/face-000.jpg,video/render frame sequence,000,530,460,
/workspace/shadowveil/reference/grok_build/artifacts/turn/face-045.jpg,video/render frame sequence,045,530,460,
/workspace/shadowveil/reference/grok_build/artifacts/turn/face-090.jpg,video/render frame sequence,090,530,460,
/workspace/shadowveil/reference/grok_build/artifacts/turn/face-270.jpg,video/render frame sequence,270,530,460,
/workspace/shadowveil/reference/grok_build/artifacts/turn/face-315.jpg,video/render frame sequence,315,530,460,
/workspace/shadowveil/reference/grok_build/artifacts/turn/face-crop.jpg,QA crop / contact sheet,,1136,330,
/workspace/shadowveil/reference/grok_build/artifacts/turn/fig0.jpg,QA crop / contact sheet,,261,1008,
/workspace/shadowveil/reference/grok_build/artifacts/turn/fig1.jpg,QA crop / contact sheet,,224,1008,
/workspace/shadowveil/reference/grok_build/artifacts/turn/fig2.jpg,QA crop / contact sheet,,176,1008,
/workspace/shadowveil/reference/grok_build/artifacts/turn/fig3.jpg,QA crop / contact sheet,,266,1008,
/workspace/shadowveil/reference/grok_build/artifacts/turn/fix/eyes-000.jpg,video/render frame sequence,,760,320,
/workspace/shadowveil/reference/grok_build/artifacts/turn/fix/eyes-045.jpg,video/render frame sequence,,760,340,
/workspace/shadowveil/reference/grok_build/artifacts/turn/fix/eyes-090.jpg,video/render frame sequence,,540,360,
/workspace/shadowveil/reference/grok_build/artifacts/turn/fix/eyes-270.jpg,video/render frame sequence,,600,360,
/workspace/shadowveil/reference/grok_build/artifacts/turn/fix/eyes-315.jpg,video/render frame sequence,,800,360,
/workspace/shadowveil/reference/grok_build/artifacts/turn/fix/face-045.jpg,video/render frame sequence,045,420,258,
/workspace/shadowveil/reference/grok_build/artifacts/turn/fix/face-090.jpg,video/render frame sequence,090,241,320,
/workspace/shadowveil/reference/grok_build/artifacts/turn/fix/face-135.jpg,video/render frame sequence,135,420,241,
/workspace/shadowveil/reference/grok_build/artifacts/turn/fix/face-180.jpg,video/render frame sequence,180,420,239,
/workspace/shadowveil/reference/grok_build/artifacts/turn/fix/face-225.jpg,video/render frame sequence,225,420,238,
/workspace/shadowveil/reference/grok_build/artifacts/turn/fix/face-270.jpg,video/render frame sequence,270,180,320,
/workspace/shadowveil/reference/grok_build/artifacts/turn/fix/face-315.jpg,video/render frame sequence,315,420,239,
/workspace/shadowveil/reference/grok_build/artifacts/turn/fix/src-handL-000.png,video/render frame sequence,,290,260,
/workspace/shadowveil/reference/grok_build/artifacts/turn/fix/src-handL-045.png,video/render frame sequence,,300,300,
/workspace/shadowveil/reference/grok_build/artifacts/turn/fix/src-handR-045.png,video/render frame sequence,,300,320,
/workspace/shadowveil/reference/grok_build/artifacts/turn/fix/src-head-000.png,video/render frame sequence,000,400,480,
/workspace/shadowveil/reference/grok_build/artifacts/turn/fix/src-head-045.png,video/render frame sequence,045,400,490,
/workspace/shadowveil/reference/grok_build/artifacts/turn/fix/src-head-315.png,video/render frame sequence,315,520,520,
/workspace/shadowveil/reference/grok_build/artifacts/turn/h2-apose.jpg,other pose still (action/expression/hand/eye),0 (A-pose front),546,229,yes
/workspace/shadowveil/reference/grok_build/artifacts/turn/h2-back.jpg,other/unclassified,180 (back),546,229,
/workspace/shadowveil/reference/grok_build/artifacts/turn/h2-face.jpg,other pose still (action/expression/hand/eye),,486,240,unknown
/workspace/shadowveil/reference/grok_build/artifacts/turn/h2-sheet.jpg,other/unclassified,,546,228,
/workspace/shadowveil/reference/grok_build/artifacts/turn/hair-135-check.jpg,QA crop / contact sheet,135,611,899,
/workspace/shadowveil/reference/grok_build/artifacts/turn/hair-all.jpg,other/unclassified,,1440,290,
/workspace/shadowveil/reference/grok_build/artifacts/turn/hair-clean.jpg,other/unclassified,,750,648,
/workspace/shadowveil/reference/grok_build/artifacts/turn/hair-core.jpg,other/unclassified,,1280,225,
/workspace/shadowveil/reference/grok_build/artifacts/turn/hair-locked.jpg,other/unclassified,,760,612,
/workspace/shadowveil/reference/grok_build/artifacts/turn/hair-now.jpg,other/unclassified,,760,562,
/workspace/shadowveil/reference/grok_build/artifacts/turn/hair-regen-qa.jpg,QA crop / contact sheet,,840,620,
/workspace/shadowveil/reference/grok_build/artifacts/turn/hair-tight.jpg,other/unclassified,,1360,239,
/workspace/shadowveil/reference/grok_build/artifacts/turn/hands-000.jpg,video/render frame sequence,,900,320,
/workspace/shadowveil/reference/grok_build/artifacts/turn/hands-045.jpg,video/render frame sequence,,900,320,
/workspace/shadowveil/reference/grok_build/artifacts/turn/hands-180.jpg,video/render frame sequence,,900,320,
/workspace/shadowveil/reference/grok_build/artifacts/turn/hands-315.jpg,video/render frame sequence,,900,320,
/workspace/shadowveil/reference/grok_build/artifacts/turn/hier-apose.jpg,other pose still (action/expression/hand/eye),0 (A-pose front),608,271,yes
/workspace/shadowveil/reference/grok_build/artifacts/turn/hier-back.jpg,other/unclassified,180 (back),608,271,
/workspace/shadowveil/reference/grok_build/artifacts/turn/hier-face.jpg,other pose still (action/expression/hand/eye),,569,296,unknown
/workspace/shadowveil/reference/grok_build/artifacts/turn/hip-045.jpg,video/render frame sequence,,960,500,
/workspace/shadowveil/reference/grok_build/artifacts/turn/hip-090.jpg,video/render frame sequence,,960,500,
/workspace/shadowveil/reference/grok_build/artifacts/turn/hip-180.jpg,video/render frame sequence,,960,500,
/workspace/shadowveil/reference/grok_build/artifacts/turn/hip-270.jpg,video/render frame sequence,,960,500,
/workspace/shadowveil/reference/grok_build/artifacts/turn/hole-scan.jpg,QA crop / contact sheet,,720,600,
/workspace/shadowveil/reference/grok_build/artifacts/turn/idle.png,other pose still (action/expression/hand/eye),,768,1168,unknown
/workspace/shadowveil/reference/grok_build/artifacts/turn/jump-1.6.jpg,other pose still (action/expression/hand/eye),,768,1168,unknown
/workspace/shadowveil/reference/grok_build/artifacts/turn/jump-fixed.png,other pose still (action/expression/hand/eye),,768,1168,unknown
/workspace/shadowveil/reference/grok_build/artifacts/turn/jump.png,other pose still (action/expression/hand/eye),,768,1168,unknown
/workspace/shadowveil/reference/grok_build/artifacts/turn/key-eaten-head.png,QA crop / contact sheet,,653,236,
/workspace/shadowveil/reference/grok_build/artifacts/turn/key-eaten.png,QA crop / contact sheet,,661,1073,
/workspace/shadowveil/reference/grok_build/artifacts/turn/key-head.png,QA crop / contact sheet,,768,327,
/workspace/shadowveil/reference/grok_build/artifacts/turn/key-overlay.png,QA crop / contact sheet,,768,1168,
/workspace/shadowveil/reference/grok_build/artifacts/turn/key-recovered-hands.png,QA crop / contact sheet,,645,160,
/workspace/shadowveil/reference/grok_build/artifacts/turn/key-recovered-head.png,QA crop / contact sheet,,645,220,
/workspace/shadowveil/reference/grok_build/artifacts/turn/keycheck.png,QA crop / contact sheet,,768,1168,
/workspace/shadowveil/reference/grok_build/artifacts/turn/kick.png,other pose still (action/expression/hand/eye),,768,1168,unknown
/workspace/shadowveil/reference/grok_build/artifacts/turn/knee045.png,video/render frame sequence,045,500,400,
/workspace/shadowveil/reference/grok_build/artifacts/turn/knee315.png,video/render frame sequence,315,420,389,
/workspace/shadowveil/reference/grok_build/artifacts/turn/layer-off.jpg,QA crop / contact sheet,,720,240,
/workspace/shadowveil/reference/grok_build/artifacts/turn/layer-test.jpg,QA crop / contact sheet,,420,1356,
/workspace/shadowveil/reference/grok_build/artifacts/turn/layer-test2.jpg,QA crop / contact sheet,,450,1416,
/workspace/shadowveil/reference/grok_build/artifacts/turn/layer-test3.jpg,QA crop / contact sheet,,570,512,
/workspace/shadowveil/reference/grok_build/artifacts/turn/left.jpg,turnaround/rotation still,left profile,768,1168,unknown
/workspace/shadowveil/reference/grok_build/artifacts/turn/lock/clean-40-body.jpg,other/unclassified,,480,440,
/workspace/shadowveil/reference/grok_build/artifacts/turn/lock/clean-40.jpg,other/unclassified,,420,500,
/workspace/shadowveil/reference/grok_build/artifacts/turn/lock/clean40-body.jpg,other/unclassified,,480,440,
/workspace/shadowveil/reference/grok_build/artifacts/turn/lock/clean40.jpg,other/unclassified,,420,500,
/workspace/shadowveil/reference/grok_build/artifacts/turn/lock/col-40-face.jpg,other pose still (action/expression/hand/eye),,420,500,unknown
/workspace/shadowveil/reference/grok_build/artifacts/turn/lock/col-40-full.jpg,other/unclassified,,280,357,
/workspace/shadowveil/reference/grok_build/artifacts/turn/lock/col28-face.jpg,other pose still (action/expression/hand/eye),,420,500,unknown
/workspace/shadowveil/reference/grok_build/artifacts/turn/lock/col28-full.jpg,other/unclassified,,280,357,
/workspace/shadowveil/reference/grok_build/artifacts/turn/lock/col40-face.jpg,other pose still (action/expression/hand/eye),,420,500,unknown
/workspace/shadowveil/reference/grok_build/artifacts/turn/lock/col40-full.jpg,other/unclassified,,280,357,
/workspace/shadowveil/reference/grok_build/artifacts/turn/lock/mesh-48.jpg,other/unclassified,,400,480,
/workspace/shadowveil/reference/grok_build/artifacts/turn/lock/mesh32.jpg,other/unclassified,,400,480,
/workspace/shadowveil/reference/grok_build/artifacts/turn/lock/mesh48.jpg,other/unclassified,,400,480,
/workspace/shadowveil/reference/grok_build/artifacts/turn/lock/y-45_k000115-face.jpg,other pose still (action/expression/hand/eye),,640,550,unknown
/workspace/shadowveil/reference/grok_build/artifacts/turn/lock/y-45_k000115-full.jpg,other/unclassified,,300,382,
/workspace/shadowveil/reference/grok_build/artifacts/turn/lock/y45_k00007-face.jpg,other pose still (action/expression/hand/eye),,640,550,unknown
/workspace/shadowveil/reference/grok_build/artifacts/turn/lock/y45_k00007-full.jpg,other/unclassified,,300,382,
/workspace/shadowveil/reference/grok_build/artifacts/turn/lock/y45_k000115-face.jpg,other pose still (action/expression/hand/eye),,640,550,unknown
/workspace/shadowveil/reference/grok_build/artifacts/turn/lock/y45_k000115-full.jpg,other/unclassified,,300,382,
/workspace/shadowveil/reference/grok_build/artifacts/turn/m-all.png,QA crop / contact sheet,,420,639,
/workspace/shadowveil/reference/grok_build/artifacts/turn/m-eyes.png,QA crop / contact sheet,,420,639,
/workspace/shadowveil/reference/grok_build/artifacts/turn/m-hair.png,QA crop / contact sheet,,420,639,
/workspace/shadowveil/reference/grok_build/artifacts/turn/off-body.jpg,QA crop / contact sheet,,200,255,
/workspace/shadowveil/reference/grok_build/artifacts/turn/off-eyes.jpg,QA crop / contact sheet,,200,255,
/workspace/shadowveil/reference/grok_build/artifacts/turn/off-face.jpg,QA crop / contact sheet,,200,255,
/workspace/shadowveil/reference/grok_build/artifacts/turn/off-hair.jpg,QA crop / contact sheet,,200,255,
/workspace/shadowveil/reference/grok_build/artifacts/turn/only-hair.jpg,QA crop / contact sheet,,200,255,
/workspace/shadowveil/reference/grok_build/artifacts/turn/play-all.png,other/unclassified,,420,639,
/workspace/shadowveil/reference/grok_build/artifacts/turn/play-noeyes.png,QA crop / contact sheet,,480,730,
/workspace/shadowveil/reference/grok_build/artifacts/turn/play-nohair.png,QA crop / contact sheet,,420,639,
/workspace/shadowveil/reference/grok_build/artifacts/turn/profile-left-bust.jpg,other/unclassified,left profile,768,560,
/workspace/shadowveil/reference/grok_build/artifacts/turn/profile-right-bust.jpg,other/unclassified,right profile,768,560,
/workspace/shadowveil/reference/grok_build/artifacts/turn/qa-backs.jpg,QA crop / contact sheet,,1120,360,
/workspace/shadowveil/reference/grok_build/artifacts/turn/qa-eyes.jpg,QA crop / contact sheet,,420,900,
/workspace/shadowveil/reference/grok_build/artifacts/turn/qa-eyes2.jpg,QA crop / contact sheet,,480,960,
/workspace/shadowveil/reference/grok_build/artifacts/turn/qa-faces.jpg,QA crop / contact sheet,,1760,280,
/workspace/shadowveil/reference/grok_build/artifacts/turn/qa-hands.jpg,QA crop / contact sheet,,1760,220,
/workspace/shadowveil/reference/grok_build/artifacts/turn/qa-heads.jpg,QA crop / contact sheet,,640,600,
/workspace/shadowveil/reference/grok_build/artifacts/turn/qa-wave1.jpg,QA crop / contact sheet,,880,706,
/workspace/shadowveil/reference/grok_build/artifacts/turn/qa/ask-0.4.jpg,QA crop / contact sheet,,768,1168,
/workspace/shadowveil/reference/grok_build/artifacts/turn/qa/ask-1.8.jpg,QA crop / contact sheet,,768,1168,
/workspace/shadowveil/reference/grok_build/artifacts/turn/qa/ask-3.2.jpg,QA crop / contact sheet,,768,1168,
/workspace/shadowveil/reference/grok_build/artifacts/turn/qa/ask-5.0.jpg,QA crop / contact sheet,,768,1168,
/workspace/shadowveil/reference/grok_build/artifacts/turn/qa/laugh-0.4.jpg,QA crop / contact sheet,,768,1168,
/workspace/shadowveil/reference/grok_build/artifacts/turn/qa/laugh-1.8.jpg,QA crop / contact sheet,,768,1168,
/workspace/shadowveil/reference/grok_build/artifacts/turn/qa/laugh-3.2.jpg,QA crop / contact sheet,,768,1168,
/workspace/shadowveil/reference/grok_build/artifacts/turn/qa/laugh-5.0.jpg,QA crop / contact sheet,,768,1168,
/workspace/shadowveil/reference/grok_build/artifacts/turn/qa/speak-0.4.jpg,QA crop / contact sheet,,768,1168,
/workspace/shadowveil/reference/grok_build/artifacts/turn/qa/speak-1.8.jpg,QA crop / contact sheet,,768,1168,
/workspace/shadowveil/reference/grok_build/artifacts/turn/qa/speak-3.2.jpg,QA crop / contact sheet,,768,1168,
/workspace/shadowveil/reference/grok_build/artifacts/turn/qa/speak-5.0.jpg,QA crop / contact sheet,,768,1168,
/workspace/shadowveil/reference/grok_build/artifacts/turn/refit-qa.jpg,QA crop / contact sheet,,600,472,
/workspace/shadowveil/reference/grok_build/artifacts/turn/rig-blink.png,other pose still (action/expression/hand/eye),,520,161,unknown
/workspace/shadowveil/reference/grok_build/artifacts/turn/rig-look.png,other/unclassified,,520,161,
/workspace/shadowveil/reference/grok_build/artifacts/turn/rig-real.jpg,other/unclassified,,280,360,
/workspace/shadowveil/reference/grok_build/artifacts/turn/right.jpg,turnaround/rotation still,right profile,768,1168,unknown
/workspace/shadowveil/reference/grok_build/artifacts/turn/rot-samples.jpg,QA crop / contact sheet,,1200,388,
/workspace/shadowveil/reference/grok_build/artifacts/turn/skel.jpg,other/unclassified,,420,535,
/workspace/shadowveil/reference/grok_build/artifacts/turn/split-apose.jpg,other pose still (action/expression/hand/eye),0 (A-pose front),900,250,yes
/workspace/shadowveil/reference/grok_build/artifacts/turn/t0.4.jpg,QA crop / contact sheet,,768,1168,
/workspace/shadowveil/reference/grok_build/artifacts/turn/t2.8.jpg,QA crop / contact sheet,,768,1168,
/workspace/shadowveil/reference/grok_build/artifacts/turn/t8.8.jpg,QA crop / contact sheet,,768,1168,
/workspace/shadowveil/reference/grok_build/artifacts/turn/tongue.png,other/unclassified,,768,1168,
/workspace/shadowveil/reference/grok_build/artifacts/turn/turn-sheet.jpg,other/unclassified,,1280,240,
/workspace/shadowveil/reference/grok_build/artifacts/turn/video-holes.png,QA crop / contact sheet,,701,1114,
/workspace/shadowveil/reference/grok_build/artifacts/turn/worry.png,other/unclassified,,768,1168,
/workspace/shadowveil/reference/grok_build/artifacts/views-proof.jpg,QA crop / contact sheet,,417,1600,
/workspace/shadowveil/reference/grok_build/artifacts/vqa/idle-01.jpg,video/render frame sequence,,768,1168,
/workspace/shadowveil/reference/grok_build/artifacts/vqa/idle-03.jpg,video/render frame sequence,,768,1168,
/workspace/shadowveil/reference/grok_build/artifacts/vqa/jump-01.jpg,video/render frame sequence,,768,1168,
/workspace/shadowveil/reference/grok_build/artifacts/vqa/jump-03.jpg,video/render frame sequence,,768,1168,
/workspace/shadowveil/reference/grok_build/artifacts/vqa/look-01.jpg,video/render frame sequence,,768,1168,
/workspace/shadowveil/reference/grok_build/artifacts/vqa/look-03.jpg,video/render frame sequence,,768,1168,
/workspace/shadowveil/reference/grok_build/artifacts/vqa/nod-01.jpg,video/render frame sequence,,768,1168,
/workspace/shadowveil/reference/grok_build/artifacts/vqa/nod-03.jpg,video/render frame sequence,,768,1168,
/workspace/shadowveil/reference/grok_build/artifacts/vqa/run-01.jpg,video/render frame sequence,,768,1168,
/workspace/shadowveil/reference/grok_build/artifacts/vqa/run-03.jpg,video/render frame sequence,,768,1168,
/workspace/shadowveil/reference/grok_build/artifacts/vqa/sway-01.jpg,video/render frame sequence,,768,1168,
/workspace/shadowveil/reference/grok_build/artifacts/vqa/sway-03.jpg,video/render frame sequence,,768,1168,
/workspace/shadowveil/reference/grok_build/artifacts/vqa/talk-01.jpg,video/render frame sequence,,768,1168,
/workspace/shadowveil/reference/grok_build/artifacts/vqa/talk-03.jpg,video/render frame sequence,,768,1168,
/workspace/shadowveil/reference/grok_build/artifacts/vqa/walk-01.jpg,video/render frame sequence,,768,1168,
/workspace/shadowveil/reference/grok_build/artifacts/vqa/walk-03.jpg,video/render frame sequence,,768,1168,
/workspace/shadowveil/reference/grok_build/artifacts/vqa2/back.jpg,QA crop / contact sheet,180 (back),768,1168,
/workspace/shadowveil/reference/grok_build/artifacts/vqa2/getup.jpg,QA crop / contact sheet,,768,1168,
/workspace/shadowveil/reference/grok_build/artifacts/vqa2/ground.jpg,QA crop / contact sheet,,768,1168,
/workspace/shadowveil/reference/grok_build/artifacts/vqa2/idle-long.jpg,QA crop / contact sheet,,768,1168,
/workspace/shadowveil/reference/grok_build/artifacts/vqa2/side.jpg,QA crop / contact sheet,side profile,768,1168,
/workspace/shadowveil/reference/grok_build/artifacts/vqa2/wave.jpg,QA crop / contact sheet,,768,1168,
/workspace/shadowveil/reference/grok_build/artifacts/w-pose.png,other pose still (action/expression/hand/eye),,420,900,unknown
/workspace/shadowveil/reference/grok_build/artifacts/w-rest.png,other/unclassified,,420,900,
/workspace/shadowveil/reference/grok_build/artifacts/walk_f0.jpg,other pose still (action/expression/hand/eye),,212,536,unknown
/workspace/shadowveil/reference/grok_build/artifacts/walk_f1.jpg,other pose still (action/expression/hand/eye),,212,536,unknown
/workspace/shadowveil/reference/grok_build/artifacts/walk_f2.jpg,other pose still (action/expression/hand/eye),,212,536,unknown
/workspace/shadowveil/reference/grok_build/artifacts/walk_f3.jpg,other pose still (action/expression/hand/eye),,212,536,unknown
/workspace/shadowveil/reference/grok_build/assets/refs/anatomy.png,other/unclassified,,1168,784,
/workspace/shadowveil/reference/grok_build/assets/refs/back.png,turnaround/rotation still,180 (back),196,1045,no
/workspace/shadowveil/reference/grok_build/assets/refs/face_closeup.png,other pose still (action/expression/hand/eye),,350,460,unknown
/workspace/shadowveil/reference/grok_build/assets/refs/feet_detail.png,other/unclassified,,360,460,
/workspace/shadowveil/reference/grok_build/assets/refs/front.png,turnaround/rotation still,0 (front),220,1045,yes
/workspace/shadowveil/reference/grok_build/assets/refs/hinge.png,other/unclassified,,254,837,
/workspace/shadowveil/reference/grok_build/assets/refs/sheet1_0.png,other/unclassified,,416,1500,
/workspace/shadowveil/reference/grok_build/assets/refs/sheet1_1.png,other/unclassified,,587,1500,
/workspace/shadowveil/reference/grok_build/assets/refs/sheet1_full.png,other/unclassified,,1000,1500,
/workspace/shadowveil/reference/grok_build/assets/refs/sheet2_0.png,other/unclassified,,1000,1500,
/workspace/shadowveil/reference/grok_build/assets/refs/sheet2_full.png,other/unclassified,,1000,1500,
/workspace/shadowveil/reference/grok_build/assets/refs/threequarter.png,turnaround/rotation still,3/4,183,1045,yes
/workspace/shadowveil/reference/grok_build/attachments/1789685243563.jpeg,video/render frame sequence,,692,1500,
/workspace/shadowveil/reference/grok_build/attachments/1790720982482.jpeg,video/render frame sequence,,692,1500,
/workspace/shadowveil/reference/grok_build/attachments/1790724208687.jpeg,video/render frame sequence,,692,1500,
/workspace/shadowveil/reference/grok_build/attachments/65477.jpg,video/render frame sequence,,1168,784,
/workspace/shadowveil/reference/grok_build/attachments/65479.jpg,video/render frame sequence,,784,1168,
/workspace/shadowveil/reference/grok_build/attachments/65481.jpg,video/render frame sequence,,784,1168,
/workspace/shadowveil/reference/grok_build/attachments/65484.webp,video/render frame sequence,,1000,1500,
/workspace/shadowveil/reference/grok_build/attachments/65485.webp,video/render frame sequence,,1000,1500,
/workspace/shadowveil/reference/grok_build/attachments/65532.jpg,video/render frame sequence,,692,1500,
/workspace/shadowveil/reference/grok_build/attachments/65538.jpg,video/render frame sequence,,692,1500,
/workspace/shadowveil/reference/grok_build/attachments/65540.jpg,video/render frame sequence,,692,1500,
/workspace/shadowveil/reference/grok_build/attachments/65542.jpg,video/render frame sequence,,692,1500,
/workspace/shadowveil/reference/grok_build/attachments/65544.jpg,video/render frame sequence,,692,1500,
/workspace/shadowveil/reference/grok_build/attachments/65631.jpg,video/render frame sequence,,692,1500,
/workspace/shadowveil/reference/grok_build/attachments/65633.jpg,video/render frame sequence,,692,1500,
/workspace/shadowveil/reference/grok_build/attachments/65639.jpg,video/render frame sequence,,692,1500,
/workspace/shadowveil/reference/grok_build/attachments/65641.jpg,video/render frame sequence,,692,1500,
/workspace/shadowveil/reference/grok_build/attachments/66501.jpg,video/render frame sequence,,1500,1000,
/workspace/shadowveil/reference/grok_build/attachments/66502.jpg,video/render frame sequence,,1920,1280,
/workspace/shadowveil/reference/grok_build/attachments/66514.jpg,video/render frame sequence,,750,1500,
/workspace/shadowveil/reference/grok_build/attachments/66515.jpg,video/render frame sequence,,750,1500,
/workspace/shadowveil/reference/grok_build/attachments/66566.jpg,video/render frame sequence,,750,1500,
/workspace/shadowveil/reference/grok_build/attachments/66567.jpg,video/render frame sequence,,750,1500,
/workspace/shadowveil/reference/grok_build/attachments/66568.jpg,video/render frame sequence,,750,1500,
/workspace/shadowveil/reference/grok_build/attachments/66569.jpg,video/render frame sequence,,750,1500,
/workspace/shadowveil/reference/grok_build/attachments/66570.jpg,video/render frame sequence,,750,1500,
/workspace/shadowveil/reference/grok_build/attachments/66571.jpg,video/render frame sequence,,750,1500,
/workspace/shadowveil/reference/grok_build/attachments/66572.jpg,video/render frame sequence,,750,1500,
/workspace/shadowveil/reference/grok_build/attachments/66573.jpg,video/render frame sequence,,1120,2240,
/workspace/shadowveil/reference/grok_build/attachments/66574.jpg,video/render frame sequence,,1120,2240,
/workspace/shadowveil/reference/grok_build/attachments/66575.jpg,video/render frame sequence,,1120,2240,
/workspace/shadowveil/reference/grok_build/attachments/66577.jpg,video/render frame sequence,,750,1500,
/workspace/shadowveil/reference/grok_build/attachments/66587.jpg,video/render frame sequence,,1500,582,
/workspace/shadowveil/reference/grok_build/attachments/66589.jpg,video/render frame sequence,,1000,1500,
/workspace/shadowveil/reference/grok_build/attachments/66592.jpg,video/render frame sequence,,1000,1500,
/workspace/shadowveil/reference/grok_build/attachments/66603.webp,video/render frame sequence,,1500,828,
/workspace/shadowveil/reference/grok_build/attachments/67022.jpg,video/render frame sequence,,1500,714,
/workspace/shadowveil/reference/grok_build/attachments/67197.png,video/render frame sequence,,1000,1500,
/workspace/shadowveil/reference/grok_build/attachments/67200.jpg,video/render frame sequence,,1200,1007,
/workspace/shadowveil/reference/grok_build/attachments/67202.jpg,video/render frame sequence,,236,184,
/workspace/shadowveil/reference/grok_build/attachments/67369.jpg,video/render frame sequence,,692,1500,
/workspace/shadowveil/reference/grok_build/attachments/67371.jpg,video/render frame sequence,,692,1500,
/workspace/shadowveil/reference/grok_build/attachments/67375.jpg,video/render frame sequence,,692,1500,
/workspace/shadowveil/reference/grok_build/attachments/67379.jpg,video/render frame sequence,,692,1500,
/workspace/shadowveil/reference/grok_build/attachments/67391.jpg,video/render frame sequence,,692,1500,
/workspace/shadowveil/reference/grok_build/attachments/67393.jpg,video/render frame sequence,,692,1500,
/workspace/shadowveil/reference/grok_build/attachments/67395.jpg,video/render frame sequence,,692,1500,
/workspace/shadowveil/reference/grok_build/attachments/67397.jpg,video/render frame sequence,,692,1500,
/workspace/shadowveil/reference/grok_build/attachments/67399.jpg,video/render frame sequence,,692,1500,
/workspace/shadowveil/reference/grok_build/attachments/67401.jpg,video/render frame sequence,,692,1500,
/workspace/shadowveil/reference/grok_build/attachments/67403.jpg,video/render frame sequence,,692,1500,
/workspace/shadowveil/reference/grok_build/attachments/67405.jpg,video/render frame sequence,,692,1500,
/workspace/shadowveil/reference/grok_build/attachments/67407.jpg,video/render frame sequence,,692,1500,
/workspace/shadowveil/reference/grok_build/attachments/67409.jpg,video/render frame sequence,,692,1500,
/workspace/shadowveil/reference/grok_build/attachments/67412.jpg,video/render frame sequence,,692,1500,
/workspace/shadowveil/reference/grok_build/attachments/67665.jpg,video/render frame sequence,,692,1500,
/workspace/shadowveil/reference/grok_build/attachments/67667.jpg,video/render frame sequence,,692,1500,
/workspace/shadowveil/reference/grok_build/attachments/67669.jpg,video/render frame sequence,,692,1500,
/workspace/shadowveil/reference/grok_build/attachments/67679.jpg,video/render frame sequence,,692,1500,
/workspace/shadowveil/reference/grok_build/attachments/67681.jpg,video/render frame sequence,,692,1500,
/workspace/shadowveil/reference/grok_build/attachments/67683.jpg,video/render frame sequence,,692,1500,
/workspace/shadowveil/reference/grok_build/attachments/67685.jpg,video/render frame sequence,,692,1500,
/workspace/shadowveil/reference/grok_build/attachments/67687.jpg,video/render frame sequence,,692,1500,
/workspace/shadowveil/reference/grok_build/attachments/67689.jpg,video/render frame sequence,,692,1500,
/workspace/shadowveil/reference/grok_build/attachments/Screenshot_20260917_160259_Samsung Browser.jpg,QA crop / contact sheet,,1080,2340,
/workspace/shadowveil/reference/grok_build/attachments/Screenshot_20260917_162732_Samsung Browser.jpg,QA crop / contact sheet,,1080,2340,
/workspace/shadowveil/reference/grok_build/attachments/Screenshot_20260917_163526_Samsung Browser.jpg,QA crop / contact sheet,,1080,2340,
/workspace/shadowveil/reference/grok_build/attachments/image.png,other pose still (action/expression/hand/eye),,253,1008,unknown
/workspace/shadowveil/reference/grok_build/driver-work/public/catalog-views/48ba4faf9045baac59c6.png,other/unclassified,,540,810,
/workspace/shadowveil/reference/grok_build/driver-work/public/catalog-views/cff7d8f7da882463c78b.png,other/unclassified,,540,810,
/workspace/shadowveil/reference/grok_build/driver-work/public/catalog-views/e0628ddf8c351b3b9425.png,other/unclassified,,540,810,
/workspace/shadowveil/reference/grok_build/driver-work/public/pose-v5/front-clean.png,other pose still (action/expression/hand/eye),0 (front),512,1100,yes
/workspace/shadowveil/reference/grok_build/driver-work/public/pose-v5/reference-back.png,other pose still (action/expression/hand/eye),180 (back),512,1100,no
/workspace/shadowveil/reference/grok_build/driver-work/public/pose-v5/reference-qtr.png,other pose still (action/expression/hand/eye),,512,1100,unknown
/workspace/shadowveil/reference/grok_build/driver-work/public/pose-v5/reference-side.png,other pose still (action/expression/hand/eye),side profile,512,1100,unknown
/workspace/shadowveil/reference/grok_build/freebuff/Shadowveil_Freebuff_Handoff/driver-source/public/pose-v5/front-clean.png,other pose still (action/expression/hand/eye),0 (front),512,1100,yes
/workspace/shadowveil/reference/grok_build/freebuff/Shadowveil_Freebuff_Handoff/driver-source/public/pose-v5/reference-back.png,other pose still (action/expression/hand/eye),180 (back),512,1100,no
/workspace/shadowveil/reference/grok_build/freebuff/Shadowveil_Freebuff_Handoff/driver-source/public/pose-v5/reference-qtr.png,other pose still (action/expression/hand/eye),,512,1100,unknown
/workspace/shadowveil/reference/grok_build/freebuff/Shadowveil_Freebuff_Handoff/driver-source/public/pose-v5/reference-side.png,other pose still (action/expression/hand/eye),side profile,512,1100,unknown
/workspace/shadowveil/reference/grok_build/freebuff/Shadowveil_Freebuff_Handoff/prior-reports/Shadowveil_Corrected_Catalog_Crop_Evidence.jpg,QA crop / contact sheet,,1500,1450,
/workspace/shadowveil/reference/grok_build/public/__grok/install/assets/homescreen/ob-ipad.png,other/unclassified,,1902,882,
/workspace/shadowveil/reference/grok_build/public/__grok/install/assets/homescreen/ob-phone.png,other/unclassified,,1014,882,
/workspace/shadowveil/reference/grok_build/public/clean-room/apose.png,turnaround/rotation still,0 (A-pose front),1365,1739,yes
/workspace/shadowveil/reference/grok_build/public/clean-room/apose.src.png,turnaround/rotation still,0 (A-pose front),1152,1728,yes
/workspace/shadowveil/reference/grok_build/public/clean-room/back.jpg,turnaround/rotation still,180 (back),266,992,no
/workspace/shadowveil/reference/grok_build/public/clean-room/back.png,turnaround/rotation still,180 (back),1365,1739,no
/workspace/shadowveil/reference/grok_build/public/clean-room/frames/acts-2-1.jpg,video/render frame sequence,,313,548,
/workspace/shadowveil/reference/grok_build/public/clean-room/frames/acts-2-2.jpg,video/render frame sequence,,226,548,
/workspace/shadowveil/reference/grok_build/public/clean-room/frames/acts-2-3.jpg,video/render frame sequence,,313,548,
/workspace/shadowveil/reference/grok_build/public/clean-room/frames/acts-2-4.jpg,video/render frame sequence,,232,548,
/workspace/shadowveil/reference/grok_build/public/clean-room/frames/adjust-2.jpg,video/render frame sequence,,168,588,
/workspace/shadowveil/reference/grok_build/public/clean-room/frames/adjust-3.jpg,video/render frame sequence,,160,588,
/workspace/shadowveil/reference/grok_build/public/clean-room/frames/adjust-4.jpg,video/render frame sequence,,172,588,
/workspace/shadowveil/reference/grok_build/public/clean-room/frames/adjust-back-1.jpg,video/render frame sequence,180 (back),196,574,
/workspace/shadowveil/reference/grok_build/public/clean-room/frames/adjust-back-2.jpg,video/render frame sequence,180 (back),212,574,
/workspace/shadowveil/reference/grok_build/public/clean-room/frames/angles-1.jpg,video/render frame sequence,,412,975,
/workspace/shadowveil/reference/grok_build/public/clean-room/frames/angles-2.jpg,video/render frame sequence,,391,975,
/workspace/shadowveil/reference/grok_build/public/clean-room/frames/angles-3.jpg,video/render frame sequence,,395,975,
/workspace/shadowveil/reference/grok_build/public/clean-room/frames/angles-4.jpg,video/render frame sequence,,411,975,
/workspace/shadowveil/reference/grok_build/public/clean-room/frames/emo-2-1.jpg,video/render frame sequence,,470,531,
/workspace/shadowveil/reference/grok_build/public/clean-room/frames/emo-2-2.jpg,video/render frame sequence,,426,531,
/workspace/shadowveil/reference/grok_build/public/clean-room/frames/emo-2-3.jpg,video/render frame sequence,,471,531,
/workspace/shadowveil/reference/grok_build/public/clean-room/frames/emotions-1.jpg,video/render frame sequence,,256,720,
/workspace/shadowveil/reference/grok_build/public/clean-room/frames/emotions-2.jpg,video/render frame sequence,,355,720,
/workspace/shadowveil/reference/grok_build/public/clean-room/frames/emotions-3.jpg,video/render frame sequence,,247,720,
/workspace/shadowveil/reference/grok_build/public/clean-room/frames/emotions-4.jpg,video/render frame sequence,,337,720,
/workspace/shadowveil/reference/grok_build/public/clean-room/frames/emotions-5.jpg,video/render frame sequence,,256,720,
/workspace/shadowveil/reference/grok_build/public/clean-room/frames/emotions-6.jpg,video/render frame sequence,,355,720,
/workspace/shadowveil/reference/grok_build/public/clean-room/frames/emotions-7.jpg,video/render frame sequence,,247,720,
/workspace/shadowveil/reference/grok_build/public/clean-room/frames/emotions-8.jpg,video/render frame sequence,,337,720,
/workspace/shadowveil/reference/grok_build/public/clean-room/frames/faces-locked-1.jpg,video/render frame sequence,,431,475,
/workspace/shadowveil/reference/grok_build/public/clean-room/frames/faces-locked-2.jpg,video/render frame sequence,,427,475,
/workspace/shadowveil/reference/grok_build/public/clean-room/frames/faces-locked-3.jpg,video/render frame sequence,,430,475,
/workspace/shadowveil/reference/grok_build/public/clean-room/frames/faces-locked-4.jpg,video/render frame sequence,,440,475,
/workspace/shadowveil/reference/grok_build/public/clean-room/frames/faces-locked-5.jpg,video/render frame sequence,,431,495,
/workspace/shadowveil/reference/grok_build/public/clean-room/frames/faces-locked-6.jpg,video/render frame sequence,,427,495,
/workspace/shadowveil/reference/grok_build/public/clean-room/frames/faces-locked-7.jpg,video/render frame sequence,,430,495,
/workspace/shadowveil/reference/grok_build/public/clean-room/frames/faces-locked-8.jpg,video/render frame sequence,,440,495,
/workspace/shadowveil/reference/grok_build/public/clean-room/frames/getup-rise-1.jpg,video/render frame sequence,,263,536,
/workspace/shadowveil/reference/grok_build/public/clean-room/frames/getup-rise-2.jpg,video/render frame sequence,,269,536,
/workspace/shadowveil/reference/grok_build/public/clean-room/frames/getup-rise-3.jpg,video/render frame sequence,,290,536,
/workspace/shadowveil/reference/grok_build/public/clean-room/frames/getup-rise-4.jpg,video/render frame sequence,,210,536,
/workspace/shadowveil/reference/grok_build/public/clean-room/frames/hygiene-1.jpg,video/render frame sequence,,185,574,
/workspace/shadowveil/reference/grok_build/public/clean-room/frames/hygiene-2.jpg,video/render frame sequence,,164,574,
/workspace/shadowveil/reference/grok_build/public/clean-room/frames/hygiene-3.jpg,video/render frame sequence,,169,574,
/workspace/shadowveil/reference/grok_build/public/clean-room/frames/idle-34-1.jpg,video/render frame sequence,,222,678,
/workspace/shadowveil/reference/grok_build/public/clean-room/frames/idle-34-2.jpg,video/render frame sequence,,218,678,
/workspace/shadowveil/reference/grok_build/public/clean-room/frames/idle-34-3.jpg,video/render frame sequence,,238,678,
/workspace/shadowveil/reference/grok_build/public/clean-room/frames/idle-back-1.jpg,video/render frame sequence,180 (back),322,675,
/workspace/shadowveil/reference/grok_build/public/clean-room/frames/idle-back-2.jpg,video/render frame sequence,180 (back),341,675,
/workspace/shadowveil/reference/grok_build/public/clean-room/frames/idle-back-3.jpg,video/render frame sequence,180 (back),460,675,
/workspace/shadowveil/reference/grok_build/public/clean-room/frames/idle-back-4.jpg,video/render frame sequence,180 (back),283,675,
/workspace/shadowveil/reference/grok_build/public/clean-room/frames/idle-front-1.jpg,video/render frame sequence,0 (front),283,677,
/workspace/shadowveil/reference/grok_build/public/clean-room/frames/idle-front-2.jpg,video/render frame sequence,0 (front),275,677,
/workspace/shadowveil/reference/grok_build/public/clean-room/frames/idle-front-3.jpg,video/render frame sequence,0 (front),274,677,
/workspace/shadowveil/reference/grok_build/public/clean-room/frames/idle-front-4.jpg,video/render frame sequence,0 (front),239,677,
/workspace/shadowveil/reference/grok_build/public/clean-room/frames/idle-front-5.jpg,video/render frame sequence,0 (front),283,677,
/workspace/shadowveil/reference/grok_build/public/clean-room/frames/idle-front-6.jpg,video/render frame sequence,0 (front),275,677,
/workspace/shadowveil/reference/grok_build/public/clean-room/frames/idle-front-7.jpg,video/render frame sequence,0 (front),274,677,
/workspace/shadowveil/reference/grok_build/public/clean-room/frames/idle-front-8.jpg,video/render frame sequence,0 (front),239,677,
/workspace/shadowveil/reference/grok_build/public/clean-room/frames/idle-side-1.jpg,video/render frame sequence,side profile,182,506,
/workspace/shadowveil/reference/grok_build/public/clean-room/frames/idle-side-3.jpg,video/render frame sequence,side profile,194,506,
/workspace/shadowveil/reference/grok_build/public/clean-room/frames/idle-sway-1.jpg,video/render frame sequence,,413,1611,
/workspace/shadowveil/reference/grok_build/public/clean-room/frames/idle-sway-2.jpg,video/render frame sequence,,437,1611,
/workspace/shadowveil/reference/grok_build/public/clean-room/frames/idle-sway-3.jpg,video/render frame sequence,,421,1611,
/workspace/shadowveil/reference/grok_build/public/clean-room/frames/idle-sway-4.jpg,video/render frame sequence,,413,1611,
/workspace/shadowveil/reference/grok_build/public/clean-room/frames/inspect-2.jpg,video/render frame sequence,,169,577,
/workspace/shadowveil/reference/grok_build/public/clean-room/frames/interact-1.jpg,video/render frame sequence,,165,591,
/workspace/shadowveil/reference/grok_build/public/clean-room/frames/lie-1.jpg,video/render frame sequence,,518,206,
/workspace/shadowveil/reference/grok_build/public/clean-room/frames/lie-2-1.jpg,video/render frame sequence,,1022,292,
/workspace/shadowveil/reference/grok_build/public/clean-room/frames/lie-2.jpg,video/render frame sequence,,492,206,
/workspace/shadowveil/reference/grok_build/public/clean-room/frames/lie-3.jpg,video/render frame sequence,,518,364,
/workspace/shadowveil/reference/grok_build/public/clean-room/frames/lie-4.jpg,video/render frame sequence,,492,364,
/workspace/shadowveil/reference/grok_build/public/clean-room/frames/lie-back-1.jpg,video/render frame sequence,180 (back),1545,555,
/workspace/shadowveil/reference/grok_build/public/clean-room/frames/lie-front-1.jpg,video/render frame sequence,0 (front),1461,761,
/workspace/shadowveil/reference/grok_build/public/clean-room/frames/life-1.jpg,video/render frame sequence,,384,418,
/workspace/shadowveil/reference/grok_build/public/clean-room/frames/life-2.jpg,video/render frame sequence,,385,418,
/workspace/shadowveil/reference/grok_build/public/clean-room/frames/life-3.jpg,video/render frame sequence,,432,418,
/workspace/shadowveil/reference/grok_build/public/clean-room/frames/loop-blink-1.jpg,video/render frame sequence,,361,1588,
/workspace/shadowveil/reference/grok_build/public/clean-room/frames/loop-blink-2.jpg,video/render frame sequence,,361,1588,
/workspace/shadowveil/reference/grok_build/public/clean-room/frames/loop-blink-3.jpg,video/render frame sequence,,360,1588,
/workspace/shadowveil/reference/grok_build/public/clean-room/frames/loop-blink-4.jpg,video/render frame sequence,,362,1588,
/workspace/shadowveil/reference/grok_build/public/clean-room/frames/loop-look-1.jpg,video/render frame sequence,,362,1591,
/workspace/shadowveil/reference/grok_build/public/clean-room/frames/loop-look-2.jpg,video/render frame sequence,,364,1591,
/workspace/shadowveil/reference/grok_build/public/clean-room/frames/loop-look-3.jpg,video/render frame sequence,,362,1591,
/workspace/shadowveil/reference/grok_build/public/clean-room/frames/loop-look-4.jpg,video/render frame sequence,,364,1591,
/workspace/shadowveil/reference/grok_build/public/clean-room/frames/loop-nod-1.jpg,video/render frame sequence,,360,1581,
/workspace/shadowveil/reference/grok_build/public/clean-room/frames/loop-nod-2.jpg,video/render frame sequence,,362,1581,
/workspace/shadowveil/reference/grok_build/public/clean-room/frames/loop-nod-3.jpg,video/render frame sequence,,360,1581,
/workspace/shadowveil/reference/grok_build/public/clean-room/frames/loop-nod-4.jpg,video/render frame sequence,,362,1581,
/workspace/shadowveil/reference/grok_build/public/clean-room/frames/loop-talk-1.jpg,video/render frame sequence,,361,1588,
/workspace/shadowveil/reference/grok_build/public/clean-room/frames/loop-talk-2.jpg,video/render frame sequence,,361,1588,
/workspace/shadowveil/reference/grok_build/public/clean-room/frames/loop-talk-3.jpg,video/render frame sequence,,361,1588,
/workspace/shadowveil/reference/grok_build/public/clean-room/frames/loop-talk-4.jpg,video/render frame sequence,,361,1588,
/workspace/shadowveil/reference/grok_build/public/clean-room/frames/motion-1.jpg,video/render frame sequence,,351,399,
/workspace/shadowveil/reference/grok_build/public/clean-room/frames/motion-2.jpg,video/render frame sequence,,356,399,
/workspace/shadowveil/reference/grok_build/public/clean-room/frames/motion-3.jpg,video/render frame sequence,,357,399,
/workspace/shadowveil/reference/grok_build/public/clean-room/frames/motion-4.jpg,video/render frame sequence,,351,399,
/workspace/shadowveil/reference/grok_build/public/clean-room/frames/reactions-1.jpg,video/render frame sequence,,351,409,
/workspace/shadowveil/reference/grok_build/public/clean-room/frames/reactions-2-1.jpg,video/render frame sequence,,352,406,
/workspace/shadowveil/reference/grok_build/public/clean-room/frames/reactions-2-2.jpg,video/render frame sequence,,356,406,
/workspace/shadowveil/reference/grok_build/public/clean-room/frames/reactions-2-3.jpg,video/render frame sequence,,352,406,
/workspace/shadowveil/reference/grok_build/public/clean-room/frames/reactions-2.jpg,video/render frame sequence,,357,409,
/workspace/shadowveil/reference/grok_build/public/clean-room/frames/reactions-3.jpg,video/render frame sequence,,368,409,
/workspace/shadowveil/reference/grok_build/public/clean-room/frames/reactions-4.jpg,video/render frame sequence,,326,409,
/workspace/shadowveil/reference/grok_build/public/clean-room/frames/set-16-1.jpg,video/render frame sequence,,535,640,
/workspace/shadowveil/reference/grok_build/public/clean-room/frames/set-16-10p1.jpg,video/render frame sequence,,426,640,
/workspace/shadowveil/reference/grok_build/public/clean-room/frames/set-16-10p2.jpg,video/render frame sequence,,426,640,
/workspace/shadowveil/reference/grok_build/public/clean-room/frames/set-16-11p1.jpg,video/render frame sequence,,514,641,
/workspace/shadowveil/reference/grok_build/public/clean-room/frames/set-16-11p2.jpg,video/render frame sequence,,514,639,
/workspace/shadowveil/reference/grok_build/public/clean-room/frames/set-16-12.jpg,video/render frame sequence,,437,1280,
/workspace/shadowveil/reference/grok_build/public/clean-room/frames/set-16-2.jpg,video/render frame sequence,,426,640,
/workspace/shadowveil/reference/grok_build/public/clean-room/frames/set-16-3.jpg,video/render frame sequence,,514,640,
/workspace/shadowveil/reference/grok_build/public/clean-room/frames/set-16-4.jpg,video/render frame sequence,,437,640,
/workspace/shadowveil/reference/grok_build/public/clean-room/frames/set-16-5.jpg,video/render frame sequence,,535,640,
/workspace/shadowveil/reference/grok_build/public/clean-room/frames/set-16-6.jpg,video/render frame sequence,,426,640,
/workspace/shadowveil/reference/grok_build/public/clean-room/frames/set-16-7.jpg,video/render frame sequence,,514,640,
/workspace/shadowveil/reference/grok_build/public/clean-room/frames/set-16-8.jpg,video/render frame sequence,,437,640,
/workspace/shadowveil/reference/grok_build/public/clean-room/frames/set-16-9p1.jpg,video/render frame sequence,,535,640,
/workspace/shadowveil/reference/grok_build/public/clean-room/frames/set-16-9p2.jpg,video/render frame sequence,,535,640,
/workspace/shadowveil/reference/grok_build/public/clean-room/frames/set-17-1.jpg,video/render frame sequence,,505,621,
/workspace/shadowveil/reference/grok_build/public/clean-room/frames/set-17-2.jpg,video/render frame sequence,,680,621,
/workspace/shadowveil/reference/grok_build/public/clean-room/frames/set-17-3.jpg,video/render frame sequence,,526,621,
/workspace/shadowveil/reference/grok_build/public/clean-room/frames/set-17-4.jpg,video/render frame sequence,,505,622,
/workspace/shadowveil/reference/grok_build/public/clean-room/frames/set-17-5.jpg,video/render frame sequence,,680,622,
/workspace/shadowveil/reference/grok_build/public/clean-room/frames/set-17-6.jpg,video/render frame sequence,,526,622,
/workspace/shadowveil/reference/grok_build/public/clean-room/frames/set-17-7.jpg,video/render frame sequence,,505,617,
/workspace/shadowveil/reference/grok_build/public/clean-room/frames/set-17-8.jpg,video/render frame sequence,,680,617,
/workspace/shadowveil/reference/grok_build/public/clean-room/frames/set-17-9.jpg,video/render frame sequence,,526,617,
/workspace/shadowveil/reference/grok_build/public/clean-room/frames/set-18-1p1.jpg,video/render frame sequence,,376,620,
/workspace/shadowveil/reference/grok_build/public/clean-room/frames/set-18-1p2.jpg,video/render frame sequence,,376,620,
/workspace/shadowveil/reference/grok_build/public/clean-room/frames/set-18-2p1.jpg,video/render frame sequence,,597,620,
/workspace/shadowveil/reference/grok_build/public/clean-room/frames/set-18-2p2.jpg,video/render frame sequence,,597,620,
/workspace/shadowveil/reference/grok_build/public/clean-room/frames/set-18-3p1.jpg,video/render frame sequence,,399,620,
/workspace/shadowveil/reference/grok_build/public/clean-room/frames/set-18-3p2.jpg,video/render frame sequence,,399,620,
/workspace/shadowveil/reference/grok_build/public/clean-room/frames/set-18-4p1.jpg,video/render frame sequence,,475,621,
/workspace/shadowveil/reference/grok_build/public/clean-room/frames/set-18-4p2.jpg,video/render frame sequence,,475,619,
/workspace/shadowveil/reference/grok_build/public/clean-room/frames/sheet-1947-1.jpg,video/render frame sequence,,340,924,
/workspace/shadowveil/reference/grok_build/public/clean-room/frames/sheet-1947-2.jpg,video/render frame sequence,,633,924,
/workspace/shadowveil/reference/grok_build/public/clean-room/frames/sheet-1947-3.jpg,video/render frame sequence,,241,924,
/workspace/shadowveil/reference/grok_build/public/clean-room/frames/sheet-1947-4.jpg,video/render frame sequence,,299,924,
/workspace/shadowveil/reference/grok_build/public/clean-room/frames/sheet-1947-5.jpg,video/render frame sequence,,242,924,
/workspace/shadowveil/reference/grok_build/public/clean-room/frames/sheet-1db5-1.jpg,video/render frame sequence,,299,462,
/workspace/shadowveil/reference/grok_build/public/clean-room/frames/sheet-1db5-10.jpg,video/render frame sequence,,288,487,
/workspace/shadowveil/reference/grok_build/public/clean-room/frames/sheet-1db5-11.jpg,video/render frame sequence,,293,487,
/workspace/shadowveil/reference/grok_build/public/clean-room/frames/sheet-1db5-12.jpg,video/render frame sequence,,297,487,
/workspace/shadowveil/reference/grok_build/public/clean-room/frames/sheet-1db5-2.jpg,video/render frame sequence,,288,462,
/workspace/shadowveil/reference/grok_build/public/clean-room/frames/sheet-1db5-3.jpg,video/render frame sequence,,287,462,
/workspace/shadowveil/reference/grok_build/public/clean-room/frames/sheet-1db5-4.jpg,video/render frame sequence,,288,462,
/workspace/shadowveil/reference/grok_build/public/clean-room/frames/sheet-1db5-5.jpg,video/render frame sequence,,293,462,
/workspace/shadowveil/reference/grok_build/public/clean-room/frames/sheet-1db5-6.jpg,video/render frame sequence,,297,462,
/workspace/shadowveil/reference/grok_build/public/clean-room/frames/sheet-1db5-7.jpg,video/render frame sequence,,299,487,
/workspace/shadowveil/reference/grok_build/public/clean-room/frames/sheet-1db5-8.jpg,video/render frame sequence,,288,487,
/workspace/shadowveil/reference/grok_build/public/clean-room/frames/sheet-1db5-9.jpg,video/render frame sequence,,287,487,
/workspace/shadowveil/reference/grok_build/public/clean-room/frames/sheet-9f8e-1.jpg,video/render frame sequence,,429,465,
/workspace/shadowveil/reference/grok_build/public/clean-room/frames/sheet-9f8e-2.jpg,video/render frame sequence,,421,465,
/workspace/shadowveil/reference/grok_build/public/clean-room/frames/sheet-9f8e-3.jpg,video/render frame sequence,,439,465,
/workspace/shadowveil/reference/grok_build/public/clean-room/frames/sheet-9f8e-4.jpg,video/render frame sequence,,437,465,
/workspace/shadowveil/reference/grok_build/public/clean-room/frames/sheet-9f8e-5.jpg,video/render frame sequence,,429,499,
/workspace/shadowveil/reference/grok_build/public/clean-room/frames/sheet-9f8e-6.jpg,video/render frame sequence,,421,499,
/workspace/shadowveil/reference/grok_build/public/clean-room/frames/sheet-9f8e-7.jpg,video/render frame sequence,,439,499,
/workspace/shadowveil/reference/grok_build/public/clean-room/frames/sheet-9f8e-8.jpg,video/render frame sequence,,437,499,
/workspace/shadowveil/reference/grok_build/public/clean-room/frames/sheet-aab0-1.jpg,video/render frame sequence,,286,971,
/workspace/shadowveil/reference/grok_build/public/clean-room/frames/sheet-aab0-2.jpg,video/render frame sequence,,316,971,
/workspace/shadowveil/reference/grok_build/public/clean-room/frames/sheet-aab0-3.jpg,video/render frame sequence,,251,971,
/workspace/shadowveil/reference/grok_build/public/clean-room/frames/sheet-aab0-4.jpg,video/render frame sequence,,600,971,
/workspace/shadowveil/reference/grok_build/public/clean-room/frames/sheet-aab0-5.jpg,video/render frame sequence,,254,971,
/workspace/shadowveil/reference/grok_build/public/clean-room/frames/sit-more-1.jpg,video/render frame sequence,,307,407,
/workspace/shadowveil/reference/grok_build/public/clean-room/frames/sit-more-2.jpg,video/render frame sequence,,289,407,
/workspace/shadowveil/reference/grok_build/public/clean-room/frames/sit-more-3.jpg,video/render frame sequence,,267,407,
/workspace/shadowveil/reference/grok_build/public/clean-room/frames/turnaround-1.jpg,video/render frame sequence,,424,990,
/workspace/shadowveil/reference/grok_build/public/clean-room/frames/turnaround-2.jpg,video/render frame sequence,,406,990,
/workspace/shadowveil/reference/grok_build/public/clean-room/frames/turnaround-3.jpg,video/render frame sequence,,364,990,
/workspace/shadowveil/reference/grok_build/public/clean-room/frames/turnaround-4.jpg,video/render frame sequence,,431,990,
/workspace/shadowveil/reference/grok_build/public/clean-room/frames/walk-play-1.jpg,video/render frame sequence,,228,536,
/workspace/shadowveil/reference/grok_build/public/clean-room/frames/walk-play-2.jpg,video/render frame sequence,,185,536,
/workspace/shadowveil/reference/grok_build/public/clean-room/frames/walk-play-3.jpg,video/render frame sequence,,237,536,
/workspace/shadowveil/reference/grok_build/public/clean-room/frames/walk-play-4.jpg,video/render frame sequence,,174,536,
/workspace/shadowveil/reference/grok_build/public/clean-room/front.jpg,turnaround/rotation still,0 (front),263,992,yes
/workspace/shadowveil/reference/grok_build/public/clean-room/front.png,turnaround/rotation still,0 (front),263,992,yes
/workspace/shadowveil/reference/grok_build/public/clean-room/hires/acts-2-1.jpg,other pose still (action/expression/hand/eye),,1152,1728,unknown
/workspace/shadowveil/reference/grok_build/public/clean-room/hires/acts-2-2.jpg,other pose still (action/expression/hand/eye),,1152,1728,unknown
/workspace/shadowveil/reference/grok_build/public/clean-room/hires/acts-2-3.jpg,other pose still (action/expression/hand/eye),,1152,1728,unknown
/workspace/shadowveil/reference/grok_build/public/clean-room/hires/acts-2-4.jpg,other pose still (action/expression/hand/eye),,1152,1728,unknown
/workspace/shadowveil/reference/grok_build/public/clean-room/hires/adjust-1.jpg,other pose still (action/expression/hand/eye),,1152,1728,unknown
/workspace/shadowveil/reference/grok_build/public/clean-room/hires/adjust-2.jpg,other pose still (action/expression/hand/eye),,1152,1728,unknown
/workspace/shadowveil/reference/grok_build/public/clean-room/hires/adjust-3.jpg,other pose still (action/expression/hand/eye),,1152,1728,unknown
/workspace/shadowveil/reference/grok_build/public/clean-room/hires/adjust-4.jpg,other pose still (action/expression/hand/eye),,1152,1728,unknown
/workspace/shadowveil/reference/grok_build/public/clean-room/hires/adjust-back-1.jpg,other pose still (action/expression/hand/eye),180 (back),1152,1728,no
/workspace/shadowveil/reference/grok_build/public/clean-room/hires/adjust-back-2.jpg,other pose still (action/expression/hand/eye),180 (back),1152,1728,no
/workspace/shadowveil/reference/grok_build/public/clean-room/hires/angles-1.jpg,turnaround/rotation still,,1152,1728,unknown
/workspace/shadowveil/reference/grok_build/public/clean-room/hires/angles-2.jpg,turnaround/rotation still,,1152,1728,unknown
/workspace/shadowveil/reference/grok_build/public/clean-room/hires/angles-3.jpg,turnaround/rotation still,,1152,1728,unknown
/workspace/shadowveil/reference/grok_build/public/clean-room/hires/angles-4.jpg,turnaround/rotation still,,1152,1728,unknown
/workspace/shadowveil/reference/grok_build/public/clean-room/hires/blink-shut.jpg,other pose still (action/expression/hand/eye),,1152,1728,unknown
/workspace/shadowveil/reference/grok_build/public/clean-room/hires/emo-2-1.jpg,other pose still (action/expression/hand/eye),,1152,1728,unknown
/workspace/shadowveil/reference/grok_build/public/clean-room/hires/emo-2-2.jpg,other pose still (action/expression/hand/eye),,1152,1728,unknown
/workspace/shadowveil/reference/grok_build/public/clean-room/hires/emo-2-3.jpg,other pose still (action/expression/hand/eye),,1152,1728,unknown
/workspace/shadowveil/reference/grok_build/public/clean-room/hires/emotions-1.jpg,other pose still (action/expression/hand/eye),,1152,1728,unknown
/workspace/shadowveil/reference/grok_build/public/clean-room/hires/emotions-2.jpg,other pose still (action/expression/hand/eye),,1152,1728,unknown
/workspace/shadowveil/reference/grok_build/public/clean-room/hires/emotions-3.jpg,other pose still (action/expression/hand/eye),,1152,1728,unknown
/workspace/shadowveil/reference/grok_build/public/clean-room/hires/emotions-4.jpg,other pose still (action/expression/hand/eye),,1152,1728,unknown
/workspace/shadowveil/reference/grok_build/public/clean-room/hires/emotions-5.jpg,other pose still (action/expression/hand/eye),,1152,1728,unknown
/workspace/shadowveil/reference/grok_build/public/clean-room/hires/emotions-6.jpg,other pose still (action/expression/hand/eye),,1152,1728,unknown
/workspace/shadowveil/reference/grok_build/public/clean-room/hires/emotions-7.jpg,other pose still (action/expression/hand/eye),,1152,1728,unknown
/workspace/shadowveil/reference/grok_build/public/clean-room/hires/emotions-8.jpg,other pose still (action/expression/hand/eye),,1152,1728,unknown
/workspace/shadowveil/reference/grok_build/public/clean-room/hires/faces-locked-1.jpg,other pose still (action/expression/hand/eye),,1152,1728,unknown
/workspace/shadowveil/reference/grok_build/public/clean-room/hires/faces-locked-2.jpg,other pose still (action/expression/hand/eye),,1152,1728,unknown
/workspace/shadowveil/reference/grok_build/public/clean-room/hires/faces-locked-3.jpg,other pose still (action/expression/hand/eye),,1152,1728,unknown
/workspace/shadowveil/reference/grok_build/public/clean-room/hires/faces-locked-4.jpg,other pose still (action/expression/hand/eye),,1152,1728,unknown
/workspace/shadowveil/reference/grok_build/public/clean-room/hires/faces-locked-5.jpg,other pose still (action/expression/hand/eye),,1152,1728,unknown
/workspace/shadowveil/reference/grok_build/public/clean-room/hires/faces-locked-6.jpg,other pose still (action/expression/hand/eye),,1152,1728,unknown
/workspace/shadowveil/reference/grok_build/public/clean-room/hires/faces-locked-7.jpg,other pose still (action/expression/hand/eye),,1152,1728,unknown
/workspace/shadowveil/reference/grok_build/public/clean-room/hires/faces-locked-8.jpg,other pose still (action/expression/hand/eye),,1152,1728,unknown
/workspace/shadowveil/reference/grok_build/public/clean-room/hires/getup-rise-1.jpg,other pose still (action/expression/hand/eye),,1152,1728,unknown
/workspace/shadowveil/reference/grok_build/public/clean-room/hires/getup-rise-2.jpg,other pose still (action/expression/hand/eye),,1152,1728,unknown
/workspace/shadowveil/reference/grok_build/public/clean-room/hires/getup-rise-3.jpg,other pose still (action/expression/hand/eye),,1152,1728,unknown
/workspace/shadowveil/reference/grok_build/public/clean-room/hires/getup-rise-4.jpg,other pose still (action/expression/hand/eye),,1152,1728,unknown
/workspace/shadowveil/reference/grok_build/public/clean-room/hires/hygiene-1.jpg,other pose still (action/expression/hand/eye),,1152,1728,unknown
/workspace/shadowveil/reference/grok_build/public/clean-room/hires/hygiene-2.jpg,other pose still (action/expression/hand/eye),,1152,1728,unknown
/workspace/shadowveil/reference/grok_build/public/clean-room/hires/hygiene-3.jpg,other pose still (action/expression/hand/eye),,1152,1728,unknown
/workspace/shadowveil/reference/grok_build/public/clean-room/hires/idle-34-1.jpg,other pose still (action/expression/hand/eye),,1152,1728,unknown
/workspace/shadowveil/reference/grok_build/public/clean-room/hires/idle-34-2.jpg,other pose still (action/expression/hand/eye),,1152,1728,unknown
/workspace/shadowveil/reference/grok_build/public/clean-room/hires/idle-34-3.jpg,other pose still (action/expression/hand/eye),,1152,1728,unknown
/workspace/shadowveil/reference/grok_build/public/clean-room/hires/idle-back-1.jpg,other pose still (action/expression/hand/eye),180 (back),1152,1728,no
/workspace/shadowveil/reference/grok_build/public/clean-room/hires/idle-back-2.jpg,other pose still (action/expression/hand/eye),180 (back),1152,1728,no
/workspace/shadowveil/reference/grok_build/public/clean-room/hires/idle-back-3.jpg,other pose still (action/expression/hand/eye),180 (back),1152,1728,no
/workspace/shadowveil/reference/grok_build/public/clean-room/hires/idle-back-4.jpg,other pose still (action/expression/hand/eye),180 (back),1152,1728,no
/workspace/shadowveil/reference/grok_build/public/clean-room/hires/idle-front-1.jpg,other pose still (action/expression/hand/eye),0 (front),1152,1728,yes
/workspace/shadowveil/reference/grok_build/public/clean-room/hires/idle-front-2.jpg,other pose still (action/expression/hand/eye),0 (front),1152,1728,yes
/workspace/shadowveil/reference/grok_build/public/clean-room/hires/idle-front-3.jpg,other pose still (action/expression/hand/eye),0 (front),1152,1728,yes
/workspace/shadowveil/reference/grok_build/public/clean-room/hires/idle-front-4.jpg,other pose still (action/expression/hand/eye),0 (front),1152,1728,yes
/workspace/shadowveil/reference/grok_build/public/clean-room/hires/idle-front-5.jpg,other pose still (action/expression/hand/eye),0 (front),1152,1728,yes
/workspace/shadowveil/reference/grok_build/public/clean-room/hires/idle-front-6.jpg,other pose still (action/expression/hand/eye),0 (front),1152,1728,yes
/workspace/shadowveil/reference/grok_build/public/clean-room/hires/idle-front-7.jpg,other pose still (action/expression/hand/eye),0 (front),1152,1728,yes
/workspace/shadowveil/reference/grok_build/public/clean-room/hires/idle-front-8.jpg,other pose still (action/expression/hand/eye),0 (front),1152,1728,yes
/workspace/shadowveil/reference/grok_build/public/clean-room/hires/idle-side-1.jpg,other pose still (action/expression/hand/eye),side profile,1152,1728,unknown
/workspace/shadowveil/reference/grok_build/public/clean-room/hires/idle-side-2.jpg,other pose still (action/expression/hand/eye),side profile,1152,1728,unknown
/workspace/shadowveil/reference/grok_build/public/clean-room/hires/idle-side-3.jpg,other pose still (action/expression/hand/eye),side profile,1152,1728,unknown
/workspace/shadowveil/reference/grok_build/public/clean-room/hires/idle-side-4.jpg,other pose still (action/expression/hand/eye),side profile,1152,1728,unknown
/workspace/shadowveil/reference/grok_build/public/clean-room/hires/idle-sway-1.jpg,other pose still (action/expression/hand/eye),,1152,1728,unknown
/workspace/shadowveil/reference/grok_build/public/clean-room/hires/idle-sway-2.jpg,other pose still (action/expression/hand/eye),,1152,1728,unknown
/workspace/shadowveil/reference/grok_build/public/clean-room/hires/idle-sway-3.jpg,other pose still (action/expression/hand/eye),,1152,1728,unknown
/workspace/shadowveil/reference/grok_build/public/clean-room/hires/idle-sway-4.jpg,other pose still (action/expression/hand/eye),,1152,1728,unknown
/workspace/shadowveil/reference/grok_build/public/clean-room/hires/inspect-1.jpg,other pose still (action/expression/hand/eye),,1152,1728,unknown
/workspace/shadowveil/reference/grok_build/public/clean-room/hires/inspect-2.jpg,other pose still (action/expression/hand/eye),,1152,1728,unknown
/workspace/shadowveil/reference/grok_build/public/clean-room/hires/inspect-3.jpg,other pose still (action/expression/hand/eye),,1152,1728,unknown
/workspace/shadowveil/reference/grok_build/public/clean-room/hires/interact-1.jpg,other pose still (action/expression/hand/eye),,1152,1728,unknown
/workspace/shadowveil/reference/grok_build/public/clean-room/hires/interact-2.jpg,other pose still (action/expression/hand/eye),,1152,1728,unknown
/workspace/shadowveil/reference/grok_build/public/clean-room/hires/interact-3.jpg,other pose still (action/expression/hand/eye),,1152,1728,unknown
/workspace/shadowveil/reference/grok_build/public/clean-room/hires/lie-1.jpg,other pose still (action/expression/hand/eye),,1152,1728,unknown
/workspace/shadowveil/reference/grok_build/public/clean-room/hires/lie-2-1.jpg,other pose still (action/expression/hand/eye),,1152,1728,unknown
/workspace/shadowveil/reference/grok_build/public/clean-room/hires/lie-2.jpg,other pose still (action/expression/hand/eye),,1152,1728,unknown
/workspace/shadowveil/reference/grok_build/public/clean-room/hires/lie-3.jpg,other pose still (action/expression/hand/eye),,1152,1728,unknown
/workspace/shadowveil/reference/grok_build/public/clean-room/hires/lie-4.jpg,other pose still (action/expression/hand/eye),,1152,1728,unknown
/workspace/shadowveil/reference/grok_build/public/clean-room/hires/lie-back-1.jpg,other pose still (action/expression/hand/eye),180 (back),1152,1728,no
/workspace/shadowveil/reference/grok_build/public/clean-room/hires/lie-front-1.jpg,other pose still (action/expression/hand/eye),0 (front),1152,1728,yes
/workspace/shadowveil/reference/grok_build/public/clean-room/hires/life-1.jpg,other pose still (action/expression/hand/eye),,1152,1728,unknown
/workspace/shadowveil/reference/grok_build/public/clean-room/hires/life-2.jpg,other pose still (action/expression/hand/eye),,1152,1728,unknown
/workspace/shadowveil/reference/grok_build/public/clean-room/hires/life-3.jpg,other pose still (action/expression/hand/eye),,1152,1728,unknown
/workspace/shadowveil/reference/grok_build/public/clean-room/hires/loop-blink-1.jpg,other pose still (action/expression/hand/eye),,1152,1728,unknown
/workspace/shadowveil/reference/grok_build/public/clean-room/hires/loop-blink-2.jpg,other pose still (action/expression/hand/eye),,1152,1728,unknown
/workspace/shadowveil/reference/grok_build/public/clean-room/hires/loop-blink-3.jpg,other pose still (action/expression/hand/eye),,1152,1728,unknown
/workspace/shadowveil/reference/grok_build/public/clean-room/hires/loop-blink-4.jpg,other pose still (action/expression/hand/eye),,1152,1728,unknown
/workspace/shadowveil/reference/grok_build/public/clean-room/hires/loop-look-1.jpg,other pose still (action/expression/hand/eye),,1152,1728,unknown
/workspace/shadowveil/reference/grok_build/public/clean-room/hires/loop-look-2.jpg,other pose still (action/expression/hand/eye),,1152,1728,unknown
/workspace/shadowveil/reference/grok_build/public/clean-room/hires/loop-look-3.jpg,other pose still (action/expression/hand/eye),,1152,1728,unknown
/workspace/shadowveil/reference/grok_build/public/clean-room/hires/loop-look-4.jpg,other pose still (action/expression/hand/eye),,1152,1728,unknown
/workspace/shadowveil/reference/grok_build/public/clean-room/hires/loop-nod-1.jpg,other pose still (action/expression/hand/eye),,1152,1728,unknown
/workspace/shadowveil/reference/grok_build/public/clean-room/hires/loop-nod-2.jpg,other pose still (action/expression/hand/eye),,1152,1728,unknown
/workspace/shadowveil/reference/grok_build/public/clean-room/hires/loop-nod-3.jpg,other pose still (action/expression/hand/eye),,1152,1728,unknown
/workspace/shadowveil/reference/grok_build/public/clean-room/hires/loop-nod-4.jpg,other pose still (action/expression/hand/eye),,1152,1728,unknown
/workspace/shadowveil/reference/grok_build/public/clean-room/hires/loop-talk-1.jpg,other pose still (action/expression/hand/eye),,1152,1728,unknown
/workspace/shadowveil/reference/grok_build/public/clean-room/hires/loop-talk-2.jpg,other pose still (action/expression/hand/eye),,1152,1728,unknown
/workspace/shadowveil/reference/grok_build/public/clean-room/hires/loop-talk-3.jpg,other pose still (action/expression/hand/eye),,1152,1728,unknown
/workspace/shadowveil/reference/grok_build/public/clean-room/hires/loop-talk-4.jpg,other pose still (action/expression/hand/eye),,1152,1728,unknown
/workspace/shadowveil/reference/grok_build/public/clean-room/hires/motion-1.jpg,other pose still (action/expression/hand/eye),,1152,1728,unknown
/workspace/shadowveil/reference/grok_build/public/clean-room/hires/motion-2.jpg,other pose still (action/expression/hand/eye),,1152,1728,unknown
/workspace/shadowveil/reference/grok_build/public/clean-room/hires/motion-3.jpg,other pose still (action/expression/hand/eye),,1152,1728,unknown
/workspace/shadowveil/reference/grok_build/public/clean-room/hires/motion-4.jpg,other pose still (action/expression/hand/eye),,1152,1728,unknown
/workspace/shadowveil/reference/grok_build/public/clean-room/hires/reactions-1.jpg,other pose still (action/expression/hand/eye),,1152,1728,unknown
/workspace/shadowveil/reference/grok_build/public/clean-room/hires/reactions-2-1.jpg,other pose still (action/expression/hand/eye),,1152,1728,unknown
/workspace/shadowveil/reference/grok_build/public/clean-room/hires/reactions-2-2.jpg,other pose still (action/expression/hand/eye),,1152,1728,unknown
/workspace/shadowveil/reference/grok_build/public/clean-room/hires/reactions-2-3.jpg,other pose still (action/expression/hand/eye),,1152,1728,unknown
/workspace/shadowveil/reference/grok_build/public/clean-room/hires/reactions-2.jpg,other pose still (action/expression/hand/eye),,1152,1728,unknown
/workspace/shadowveil/reference/grok_build/public/clean-room/hires/reactions-3.jpg,other pose still (action/expression/hand/eye),,1152,1728,unknown
/workspace/shadowveil/reference/grok_build/public/clean-room/hires/reactions-4.jpg,other pose still (action/expression/hand/eye),,1152,1728,unknown
/workspace/shadowveil/reference/grok_build/public/clean-room/hires/set-16-1.jpg,other pose still (action/expression/hand/eye),,1152,1728,unknown
/workspace/shadowveil/reference/grok_build/public/clean-room/hires/set-16-10p1.jpg,other pose still (action/expression/hand/eye),,1152,1728,unknown
/workspace/shadowveil/reference/grok_build/public/clean-room/hires/set-16-10p2.jpg,other pose still (action/expression/hand/eye),,1152,1728,unknown
/workspace/shadowveil/reference/grok_build/public/clean-room/hires/set-16-11p1.jpg,other pose still (action/expression/hand/eye),,1152,1728,unknown
/workspace/shadowveil/reference/grok_build/public/clean-room/hires/set-16-11p2.jpg,other pose still (action/expression/hand/eye),,1152,1728,unknown
/workspace/shadowveil/reference/grok_build/public/clean-room/hires/set-16-12.jpg,other pose still (action/expression/hand/eye),,1152,1728,unknown
/workspace/shadowveil/reference/grok_build/public/clean-room/hires/set-16-2.jpg,other pose still (action/expression/hand/eye),,1152,1728,unknown
/workspace/shadowveil/reference/grok_build/public/clean-room/hires/set-16-3.jpg,other pose still (action/expression/hand/eye),,1152,1728,unknown
/workspace/shadowveil/reference/grok_build/public/clean-room/hires/set-16-4.jpg,other pose still (action/expression/hand/eye),,1152,1728,unknown
/workspace/shadowveil/reference/grok_build/public/clean-room/hires/set-16-5.jpg,other pose still (action/expression/hand/eye),,1152,1728,unknown
/workspace/shadowveil/reference/grok_build/public/clean-room/hires/set-16-6.jpg,other pose still (action/expression/hand/eye),,1152,1728,unknown
/workspace/shadowveil/reference/grok_build/public/clean-room/hires/set-16-7.jpg,other pose still (action/expression/hand/eye),,1152,1728,unknown
/workspace/shadowveil/reference/grok_build/public/clean-room/hires/set-16-8.jpg,other pose still (action/expression/hand/eye),,1152,1728,unknown
/workspace/shadowveil/reference/grok_build/public/clean-room/hires/set-16-9p1.jpg,other pose still (action/expression/hand/eye),,1152,1728,unknown
/workspace/shadowveil/reference/grok_build/public/clean-room/hires/set-16-9p2.jpg,other pose still (action/expression/hand/eye),,1152,1728,unknown
/workspace/shadowveil/reference/grok_build/public/clean-room/hires/set-17-1.jpg,other pose still (action/expression/hand/eye),,1152,1728,unknown
/workspace/shadowveil/reference/grok_build/public/clean-room/hires/set-17-2.jpg,other pose still (action/expression/hand/eye),,1152,1728,unknown
/workspace/shadowveil/reference/grok_build/public/clean-room/hires/set-17-3.jpg,other pose still (action/expression/hand/eye),,1152,1728,unknown
/workspace/shadowveil/reference/grok_build/public/clean-room/hires/set-17-4.jpg,other pose still (action/expression/hand/eye),,1152,1728,unknown
/workspace/shadowveil/reference/grok_build/public/clean-room/hires/set-17-5.jpg,other pose still (action/expression/hand/eye),,1152,1728,unknown
/workspace/shadowveil/reference/grok_build/public/clean-room/hires/set-17-6.jpg,other pose still (action/expression/hand/eye),,1152,1728,unknown
/workspace/shadowveil/reference/grok_build/public/clean-room/hires/set-17-7.jpg,other pose still (action/expression/hand/eye),,1152,1728,unknown
/workspace/shadowveil/reference/grok_build/public/clean-room/hires/set-17-8.jpg,other pose still (action/expression/hand/eye),,1152,1728,unknown
/workspace/shadowveil/reference/grok_build/public/clean-room/hires/set-17-9.jpg,other pose still (action/expression/hand/eye),,1152,1728,unknown
/workspace/shadowveil/reference/grok_build/public/clean-room/hires/set-18-1p1.jpg,other pose still (action/expression/hand/eye),,1152,1728,unknown
/workspace/shadowveil/reference/grok_build/public/clean-room/hires/set-18-1p2.jpg,other pose still (action/expression/hand/eye),,1152,1728,unknown
/workspace/shadowveil/reference/grok_build/public/clean-room/hires/set-18-2p1.jpg,other pose still (action/expression/hand/eye),,1152,1728,unknown
/workspace/shadowveil/reference/grok_build/public/clean-room/hires/set-18-2p2.jpg,other pose still (action/expression/hand/eye),,1152,1728,unknown
/workspace/shadowveil/reference/grok_build/public/clean-room/hires/set-18-3p1.jpg,other pose still (action/expression/hand/eye),,1152,1728,unknown
/workspace/shadowveil/reference/grok_build/public/clean-room/hires/set-18-3p2.jpg,other pose still (action/expression/hand/eye),,1152,1728,unknown
/workspace/shadowveil/reference/grok_build/public/clean-room/hires/set-18-4p1.jpg,other pose still (action/expression/hand/eye),,1152,1728,unknown
/workspace/shadowveil/reference/grok_build/public/clean-room/hires/set-18-4p2.jpg,other pose still (action/expression/hand/eye),,1152,1728,unknown
/workspace/shadowveil/reference/grok_build/public/clean-room/hires/sheet-1947-1.jpg,other pose still (action/expression/hand/eye),,1152,1728,unknown
/workspace/shadowveil/reference/grok_build/public/clean-room/hires/sheet-1947-2.jpg,other pose still (action/expression/hand/eye),,1152,1728,unknown
/workspace/shadowveil/reference/grok_build/public/clean-room/hires/sheet-1947-2b.jpg,other pose still (action/expression/hand/eye),,1152,1728,unknown
/workspace/shadowveil/reference/grok_build/public/clean-room/hires/sheet-1947-3.jpg,other pose still (action/expression/hand/eye),,1152,1728,unknown
/workspace/shadowveil/reference/grok_build/public/clean-room/hires/sheet-1947-4.jpg,other pose still (action/expression/hand/eye),,1152,1728,unknown
/workspace/shadowveil/reference/grok_build/public/clean-room/hires/sheet-1947-5.jpg,other pose still (action/expression/hand/eye),,1152,1728,unknown
/workspace/shadowveil/reference/grok_build/public/clean-room/hires/sheet-1db5-1.jpg,other pose still (action/expression/hand/eye),,1152,1728,unknown
/workspace/shadowveil/reference/grok_build/public/clean-room/hires/sheet-1db5-10.jpg,other pose still (action/expression/hand/eye),,1152,1728,unknown
/workspace/shadowveil/reference/grok_build/public/clean-room/hires/sheet-1db5-11.jpg,other pose still (action/expression/hand/eye),,1152,1728,unknown
/workspace/shadowveil/reference/grok_build/public/clean-room/hires/sheet-1db5-12.jpg,other pose still (action/expression/hand/eye),,1152,1728,unknown
/workspace/shadowveil/reference/grok_build/public/clean-room/hires/sheet-1db5-2.jpg,other pose still (action/expression/hand/eye),,1152,1728,unknown
/workspace/shadowveil/reference/grok_build/public/clean-room/hires/sheet-1db5-3.jpg,other pose still (action/expression/hand/eye),,1152,1728,unknown
/workspace/shadowveil/reference/grok_build/public/clean-room/hires/sheet-1db5-4.jpg,other pose still (action/expression/hand/eye),,1152,1728,unknown
/workspace/shadowveil/reference/grok_build/public/clean-room/hires/sheet-1db5-5.jpg,other pose still (action/expression/hand/eye),,1152,1728,unknown
/workspace/shadowveil/reference/grok_build/public/clean-room/hires/sheet-1db5-6.jpg,other pose still (action/expression/hand/eye),,1152,1728,unknown
/workspace/shadowveil/reference/grok_build/public/clean-room/hires/sheet-1db5-7.jpg,other pose still (action/expression/hand/eye),,1152,1728,unknown
/workspace/shadowveil/reference/grok_build/public/clean-room/hires/sheet-1db5-8.jpg,other pose still (action/expression/hand/eye),,1152,1728,unknown
/workspace/shadowveil/reference/grok_build/public/clean-room/hires/sheet-1db5-9.jpg,other pose still (action/expression/hand/eye),,1152,1728,unknown
/workspace/shadowveil/reference/grok_build/public/clean-room/hires/sheet-9f8e-1.jpg,other pose still (action/expression/hand/eye),,1152,1728,unknown
/workspace/shadowveil/reference/grok_build/public/clean-room/hires/sheet-9f8e-2.jpg,other pose still (action/expression/hand/eye),,1152,1728,unknown
/workspace/shadowveil/reference/grok_build/public/clean-room/hires/sheet-9f8e-3.jpg,other pose still (action/expression/hand/eye),,1152,1728,unknown
/workspace/shadowveil/reference/grok_build/public/clean-room/hires/sheet-9f8e-4.jpg,other pose still (action/expression/hand/eye),,1152,1728,unknown
/workspace/shadowveil/reference/grok_build/public/clean-room/hires/sheet-9f8e-5.jpg,other pose still (action/expression/hand/eye),,1152,1728,unknown
/workspace/shadowveil/reference/grok_build/public/clean-room/hires/sheet-9f8e-6.jpg,other pose still (action/expression/hand/eye),,1152,1728,unknown
/workspace/shadowveil/reference/grok_build/public/clean-room/hires/sheet-9f8e-7.jpg,other pose still (action/expression/hand/eye),,1152,1728,unknown
/workspace/shadowveil/reference/grok_build/public/clean-room/hires/sheet-9f8e-8.jpg,other pose still (action/expression/hand/eye),,1152,1728,unknown
/workspace/shadowveil/reference/grok_build/public/clean-room/hires/sheet-aab0-1.jpg,other pose still (action/expression/hand/eye),,1152,1728,unknown
/workspace/shadowveil/reference/grok_build/public/clean-room/hires/sheet-aab0-2.jpg,other pose still (action/expression/hand/eye),,1152,1728,unknown
/workspace/shadowveil/reference/grok_build/public/clean-room/hires/sheet-aab0-3.jpg,other pose still (action/expression/hand/eye),,1152,1728,unknown
/workspace/shadowveil/reference/grok_build/public/clean-room/hires/sheet-aab0-4.jpg,other pose still (action/expression/hand/eye),,1152,1728,unknown
/workspace/shadowveil/reference/grok_build/public/clean-room/hires/sheet-aab0-5.jpg,other pose still (action/expression/hand/eye),,1152,1728,unknown
/workspace/shadowveil/reference/grok_build/public/clean-room/hires/sit-more-1.jpg,other pose still (action/expression/hand/eye),,1152,1728,unknown
/workspace/shadowveil/reference/grok_build/public/clean-room/hires/sit-more-2.jpg,other pose still (action/expression/hand/eye),,1152,1728,unknown
/workspace/shadowveil/reference/grok_build/public/clean-room/hires/sit-more-3.jpg,other pose still (action/expression/hand/eye),,1152,1728,unknown
/workspace/shadowveil/reference/grok_build/public/clean-room/hires/talk-ah.jpg,other pose still (action/expression/hand/eye),,1152,1728,unknown
/workspace/shadowveil/reference/grok_build/public/clean-room/hires/talk-eh.jpg,other pose still (action/expression/hand/eye),,1152,1728,unknown
/workspace/shadowveil/reference/grok_build/public/clean-room/hires/turnaround-1.jpg,turnaround/rotation still,,1152,1728,unknown
/workspace/shadowveil/reference/grok_build/public/clean-room/hires/turnaround-2.jpg,turnaround/rotation still,,1152,1728,unknown
/workspace/shadowveil/reference/grok_build/public/clean-room/hires/turnaround-3.jpg,turnaround/rotation still,,1152,1728,unknown
/workspace/shadowveil/reference/grok_build/public/clean-room/hires/turnaround-4.jpg,turnaround/rotation still,,1152,1728,unknown
/workspace/shadowveil/reference/grok_build/public/clean-room/hires/walk-play-1.jpg,other pose still (action/expression/hand/eye),,1152,1728,unknown
/workspace/shadowveil/reference/grok_build/public/clean-room/hires/walk-play-2.jpg,other pose still (action/expression/hand/eye),,1152,1728,unknown
/workspace/shadowveil/reference/grok_build/public/clean-room/hires/walk-play-3.jpg,other pose still (action/expression/hand/eye),,1152,1728,unknown
/workspace/shadowveil/reference/grok_build/public/clean-room/hires/walk-play-4.jpg,other pose still (action/expression/hand/eye),,1152,1728,unknown
/workspace/shadowveil/reference/grok_build/public/clean-room/left.png,turnaround/rotation still,left profile,1365,1739,unknown
/workspace/shadowveil/reference/grok_build/public/clean-room/right.png,turnaround/rotation still,right profile,1365,1739,unknown
/workspace/shadowveil/reference/grok_build/public/clean-room/sheets/acts-2.jpg,other pose still (action/expression/hand/eye),,1140,567,unknown
/workspace/shadowveil/reference/grok_build/public/clean-room/sheets/adjust-back.jpg,other pose still (action/expression/hand/eye),180 (back),430,592,no
/workspace/shadowveil/reference/grok_build/public/clean-room/sheets/adjust.jpg,other pose still (action/expression/hand/eye),,666,588,unknown
/workspace/shadowveil/reference/grok_build/public/clean-room/sheets/angles.jpg,turnaround/rotation still,,1792,1008,unknown
/workspace/shadowveil/reference/grok_build/public/clean-room/sheets/angles.png,turnaround/rotation still,,1792,1008,unknown
/workspace/shadowveil/reference/grok_build/public/clean-room/sheets/emo-2.jpg,other pose still (action/expression/hand/eye),,1367,544,unknown
/workspace/shadowveil/reference/grok_build/public/clean-room/sheets/emotions.jpg,other pose still (action/expression/hand/eye),,1224,1440,unknown
/workspace/shadowveil/reference/grok_build/public/clean-room/sheets/extreme-back-dodge.jpg,other pose still (action/expression/hand/eye),180 (back),719,1349,no
/workspace/shadowveil/reference/grok_build/public/clean-room/sheets/extreme-back-fall.jpg,other pose still (action/expression/hand/eye),180 (back),886,1023,no
/workspace/shadowveil/reference/grok_build/public/clean-room/sheets/extreme-back-kick-2.jpg,other pose still (action/expression/hand/eye),180 (back),1105,1398,no
/workspace/shadowveil/reference/grok_build/public/clean-room/sheets/extreme-back-kick.jpg,other pose still (action/expression/hand/eye),180 (back),920,1513,no
/workspace/shadowveil/reference/grok_build/public/clean-room/sheets/extreme-back-run.jpg,other pose still (action/expression/hand/eye),180 (back),882,1522,no
/workspace/shadowveil/reference/grok_build/public/clean-room/sheets/extreme-back-squat.jpg,other pose still (action/expression/hand/eye),180 (back),761,1375,no
/workspace/shadowveil/reference/grok_build/public/clean-room/sheets/extreme-back-up.jpg,other pose still (action/expression/hand/eye),180 (back),682,1579,no
/workspace/shadowveil/reference/grok_build/public/clean-room/sheets/extreme-brace.jpg,other pose still (action/expression/hand/eye),,882,1531,unknown
/workspace/shadowveil/reference/grok_build/public/clean-room/sheets/extreme-dodge.jpg,other pose still (action/expression/hand/eye),,923,1391,unknown
/workspace/shadowveil/reference/grok_build/public/clean-room/sheets/extreme-drive.jpg,other pose still (action/expression/hand/eye),,712,1567,unknown
/workspace/shadowveil/reference/grok_build/public/clean-room/sheets/extreme-fall.jpg,other pose still (action/expression/hand/eye),,1086,1356,unknown
/workspace/shadowveil/reference/grok_build/public/clean-room/sheets/extreme-front-kick-2.jpg,other pose still (action/expression/hand/eye),0 (front),1148,1533,yes
/workspace/shadowveil/reference/grok_build/public/clean-room/sheets/extreme-front-kick.jpg,other pose still (action/expression/hand/eye),0 (front),1047,1531,yes
/workspace/shadowveil/reference/grok_build/public/clean-room/sheets/extreme-front-run.jpg,other pose still (action/expression/hand/eye),0 (front),521,1538,yes
/workspace/shadowveil/reference/grok_build/public/clean-room/sheets/extreme-hop.jpg,other pose still (action/expression/hand/eye),,695,1236,unknown
/workspace/shadowveil/reference/grok_build/public/clean-room/sheets/extreme-kick.jpg,other pose still (action/expression/hand/eye),,1036,1355,unknown
/workspace/shadowveil/reference/grok_build/public/clean-room/sheets/extreme-left-sprint.jpg,other pose still (action/expression/hand/eye),left profile,1074,1179,unknown
/workspace/shadowveil/reference/grok_build/public/clean-room/sheets/extreme-lunge.jpg,other pose still (action/expression/hand/eye),,1085,1008,unknown
/workspace/shadowveil/reference/grok_build/public/clean-room/sheets/extreme-right-kick.jpg,other pose still (action/expression/hand/eye),right profile,1095,1264,unknown
/workspace/shadowveil/reference/grok_build/public/clean-room/sheets/extreme-right-stumble.jpg,other pose still (action/expression/hand/eye),right profile,1086,1067,unknown
/workspace/shadowveil/reference/grok_build/public/clean-room/sheets/extreme-side-dodge.jpg,other pose still (action/expression/hand/eye),side profile,961,1396,unknown
/workspace/shadowveil/reference/grok_build/public/clean-room/sheets/extreme-side-fall.jpg,other pose still (action/expression/hand/eye),side profile,985,1234,unknown
/workspace/shadowveil/reference/grok_build/public/clean-room/sheets/extreme-spin.jpg,other pose still (action/expression/hand/eye),,1007,1519,unknown
/workspace/shadowveil/reference/grok_build/public/clean-room/sheets/extreme-sprint-2.jpg,other pose still (action/expression/hand/eye),,1052,1235,unknown
/workspace/shadowveil/reference/grok_build/public/clean-room/sheets/extreme-sprint.jpg,other pose still (action/expression/hand/eye),,1081,1222,unknown
/workspace/shadowveil/reference/grok_build/public/clean-room/sheets/extreme-squat.jpg,other pose still (action/expression/hand/eye),,584,1245,unknown
/workspace/shadowveil/reference/grok_build/public/clean-room/sheets/extreme-stumble.jpg,other pose still (action/expression/hand/eye),,925,1149,unknown
/workspace/shadowveil/reference/grok_build/public/clean-room/sheets/extreme-turn.jpg,other pose still (action/expression/hand/eye),,1060,1455,unknown
/workspace/shadowveil/reference/grok_build/public/clean-room/sheets/extreme-twist.jpg,other pose still (action/expression/hand/eye),,940,1456,unknown
/workspace/shadowveil/reference/grok_build/public/clean-room/sheets/faces-locked.jpg,other pose still (action/expression/hand/eye),,1792,1008,unknown
/workspace/shadowveil/reference/grok_build/public/clean-room/sheets/faces-locked.png,other pose still (action/expression/hand/eye),,1792,1008,unknown
/workspace/shadowveil/reference/grok_build/public/clean-room/sheets/getup-rise.jpg,other pose still (action/expression/hand/eye),,1088,554,unknown
/workspace/shadowveil/reference/grok_build/public/clean-room/sheets/getup-rise.png,other pose still (action/expression/hand/eye),,1792,1008,unknown
/workspace/shadowveil/reference/grok_build/public/clean-room/sheets/getup.jpg,other pose still (action/expression/hand/eye),,1792,1008,unknown
/workspace/shadowveil/reference/grok_build/public/clean-room/sheets/getup.png,other pose still (action/expression/hand/eye),,1792,1008,unknown
/workspace/shadowveil/reference/grok_build/public/clean-room/sheets/hygiene.jpg,other pose still (action/expression/hand/eye),,544,592,unknown
/workspace/shadowveil/reference/grok_build/public/clean-room/sheets/idle-34.jpg,other pose still (action/expression/hand/eye),,703,698,unknown
/workspace/shadowveil/reference/grok_build/public/clean-room/sheets/idle-back.jpg,other pose still (action/expression/hand/eye),180 (back),1516,693,no
/workspace/shadowveil/reference/grok_build/public/clean-room/sheets/idle-front.jpg,other pose still (action/expression/hand/eye),0 (front),1116,1372,yes
/workspace/shadowveil/reference/grok_build/public/clean-room/sheets/idle-side.jpg,other pose still (action/expression/hand/eye),side profile,676,524,unknown
/workspace/shadowveil/reference/grok_build/public/clean-room/sheets/idle-sway.jpg,other pose still (action/expression/hand/eye),,1728,1649,unknown
/workspace/shadowveil/reference/grok_build/public/clean-room/sheets/idle.jpg,other pose still (action/expression/hand/eye),,302,477,unknown
/workspace/shadowveil/reference/grok_build/public/clean-room/sheets/inspect.jpg,other pose still (action/expression/hand/eye),,479,586,unknown
/workspace/shadowveil/reference/grok_build/public/clean-room/sheets/interact.jpg,other pose still (action/expression/hand/eye),,499,609,unknown
/workspace/shadowveil/reference/grok_build/public/clean-room/sheets/jump-1.jpg,other pose still (action/expression/hand/eye),,1152,1728,unknown
/workspace/shadowveil/reference/grok_build/public/clean-room/sheets/jump-2.jpg,other pose still (action/expression/hand/eye),,1152,1728,unknown
/workspace/shadowveil/reference/grok_build/public/clean-room/sheets/jump-3.jpg,other pose still (action/expression/hand/eye),,1152,1728,unknown
/workspace/shadowveil/reference/grok_build/public/clean-room/sheets/jump-4.jpg,other pose still (action/expression/hand/eye),,1152,1728,unknown
/workspace/shadowveil/reference/grok_build/public/clean-room/sheets/jump-5.jpg,other pose still (action/expression/hand/eye),,1152,1728,unknown
/workspace/shadowveil/reference/grok_build/public/clean-room/sheets/jump-6.jpg,other pose still (action/expression/hand/eye),,1152,1728,unknown
/workspace/shadowveil/reference/grok_build/public/clean-room/sheets/jump-action.jpg,other pose still (action/expression/hand/eye),,1596,1400,unknown
/workspace/shadowveil/reference/grok_build/public/clean-room/sheets/lie-2.jpg,other pose still (action/expression/hand/eye),,1040,312,unknown
/workspace/shadowveil/reference/grok_build/public/clean-room/sheets/lie-back.jpg,other pose still (action/expression/hand/eye),180 (back),1554,555,no
/workspace/shadowveil/reference/grok_build/public/clean-room/sheets/lie-front.jpg,other pose still (action/expression/hand/eye),0 (front),1461,761,yes
/workspace/shadowveil/reference/grok_build/public/clean-room/sheets/lie.jpg,other pose still (action/expression/hand/eye),,1024,628,unknown
/workspace/shadowveil/reference/grok_build/public/clean-room/sheets/life.jpg,other pose still (action/expression/hand/eye),,1256,443,unknown
/workspace/shadowveil/reference/grok_build/public/clean-room/sheets/loop-blink.jpg,other pose still (action/expression/hand/eye),,1444,1588,unknown
/workspace/shadowveil/reference/grok_build/public/clean-room/sheets/loop-look.jpg,other pose still (action/expression/hand/eye),,1452,1591,unknown
/workspace/shadowveil/reference/grok_build/public/clean-room/sheets/loop-nod.jpg,other pose still (action/expression/hand/eye),,1444,1581,unknown
/workspace/shadowveil/reference/grok_build/public/clean-room/sheets/loop-talk.jpg,other pose still (action/expression/hand/eye),,1444,1588,unknown
/workspace/shadowveil/reference/grok_build/public/clean-room/sheets/motion.jpg,other pose still (action/expression/hand/eye),,1440,422,unknown
/workspace/shadowveil/reference/grok_build/public/clean-room/sheets/play-point.jpg,other pose still (action/expression/hand/eye),,1152,1728,unknown
/workspace/shadowveil/reference/grok_build/public/clean-room/sheets/play-smirk.jpg,other pose still (action/expression/hand/eye),,1152,1728,unknown
/workspace/shadowveil/reference/grok_build/public/clean-room/sheets/play-tongue.jpg,other pose still (action/expression/hand/eye),,1152,1728,unknown
/workspace/shadowveil/reference/grok_build/public/clean-room/sheets/play-wave.jpg,other pose still (action/expression/hand/eye),,1152,1728,unknown
/workspace/shadowveil/reference/grok_build/public/clean-room/sheets/play.jpg,other pose still (action/expression/hand/eye),,900,12911,unknown
/workspace/shadowveil/reference/grok_build/public/clean-room/sheets/reactions-2.jpg,other pose still (action/expression/hand/eye),,1084,420,unknown
/workspace/shadowveil/reference/grok_build/public/clean-room/sheets/reactions.jpg,other pose still (action/expression/hand/eye),,1440,423,unknown
/workspace/shadowveil/reference/grok_build/public/clean-room/sheets/run-1.jpg,other pose still (action/expression/hand/eye),,1152,1728,unknown
/workspace/shadowveil/reference/grok_build/public/clean-room/sheets/run-2.jpg,other pose still (action/expression/hand/eye),,1152,1728,unknown
/workspace/shadowveil/reference/grok_build/public/clean-room/sheets/run-3.jpg,other pose still (action/expression/hand/eye),,1152,1728,unknown
/workspace/shadowveil/reference/grok_build/public/clean-room/sheets/run-4.jpg,other pose still (action/expression/hand/eye),,1152,1728,unknown
/workspace/shadowveil/reference/grok_build/public/clean-room/sheets/run-action.jpg,other pose still (action/expression/hand/eye),,2148,700,unknown
/workspace/shadowveil/reference/grok_build/public/clean-room/sheets/set-16.jpg,other pose still (action/expression/hand/eye),,1956,2560,unknown
/workspace/shadowveil/reference/grok_build/public/clean-room/sheets/set-17.jpg,other pose still (action/expression/hand/eye),,1800,1860,unknown
/workspace/shadowveil/reference/grok_build/public/clean-room/sheets/set-18.jpg,other pose still (action/expression/hand/eye),,1940,1240,unknown
/workspace/shadowveil/reference/grok_build/public/clean-room/sheets/sheet-1947.jpg,other pose still (action/expression/hand/eye),,1792,1008,unknown
/workspace/shadowveil/reference/grok_build/public/clean-room/sheets/sheet-1db5.jpg,other pose still (action/expression/hand/eye),,1792,1008,unknown
/workspace/shadowveil/reference/grok_build/public/clean-room/sheets/sheet-9f8e.jpg,other pose still (action/expression/hand/eye),,1792,1008,unknown
/workspace/shadowveil/reference/grok_build/public/clean-room/sheets/sheet-aab0.jpg,other pose still (action/expression/hand/eye),,1792,1008,unknown
/workspace/shadowveil/reference/grok_build/public/clean-room/sheets/sit-more.jpg,other pose still (action/expression/hand/eye),,901,425,unknown
/workspace/shadowveil/reference/grok_build/public/clean-room/sheets/turnaround.jpg,turnaround/rotation still,,1792,1008,unknown
/workspace/shadowveil/reference/grok_build/public/clean-room/sheets/walk-cycle.jpg,other pose still (action/expression/hand/eye),,1014,567,unknown
/workspace/shadowveil/reference/grok_build/public/clean-room/sheets/walk-cycle.png,other pose still (action/expression/hand/eye),,1792,1008,unknown
/workspace/shadowveil/reference/grok_build/public/clean-room/sheets/walk-play.jpg,other pose still (action/expression/hand/eye),,848,536,unknown
/workspace/shadowveil/reference/grok_build/public/clean-room/sheets/walk.jpg,other pose still (action/expression/hand/eye),,1792,1008,unknown
/workspace/shadowveil/reference/grok_build/public/clean-room/side.jpg,turnaround/rotation still,side profile,171,992,unknown
/workspace/shadowveil/reference/grok_build/public/clean-room/side.png,turnaround/rotation still,side profile,171,992,unknown
/workspace/shadowveil/reference/grok_build/public/clean-room/three.jpg,turnaround/rotation still,3/4,227,992,yes
/workspace/shadowveil/reference/grok_build/public/clean-room/three.png,turnaround/rotation still,3/4,227,992,yes
/workspace/shadowveil/reference/grok_build/public/clean-room/tpose.png,turnaround/rotation still,0 (T-pose front),1365,1739,yes
/workspace/shadowveil/reference/grok_build/public/clean-room/tpose.src.png,turnaround/rotation still,0 (T-pose front),1152,1728,yes
/workspace/shadowveil/reference/grok_build/public/og.jpg,other/unclassified,,1200,630,
/workspace/shadowveil/reference/grok_build/public/puppet/blink/closed.png,other pose still (action/expression/hand/eye),,704,704,unknown
/workspace/shadowveil/reference/grok_build/public/puppet/blink/half.png,other pose still (action/expression/hand/eye),,704,704,unknown
/workspace/shadowveil/reference/grok_build/public/puppet/blink/half2.png,other pose still (action/expression/hand/eye),,704,704,unknown
/workspace/shadowveil/reference/grok_build/public/puppet/blink/open.png,other pose still (action/expression/hand/eye),,704,704,unknown
/workspace/shadowveil/reference/grok_build/public/puppet/body-front.png,turnaround/rotation still,0 (front),675,1677,yes
/workspace/shadowveil/reference/grok_build/public/puppet/body-threequarter.png,turnaround/rotation still,3/4,312,1672,yes
/workspace/shadowveil/reference/grok_build/public/puppet/emotions/anger.png,other pose still (action/expression/hand/eye),,704,704,unknown
/workspace/shadowveil/reference/grok_build/public/puppet/emotions/focus.png,other pose still (action/expression/hand/eye),,704,704,unknown
/workspace/shadowveil/reference/grok_build/public/puppet/emotions/joy.png,other pose still (action/expression/hand/eye),,704,704,unknown
/workspace/shadowveil/reference/grok_build/public/puppet/emotions/neutral.png,other pose still (action/expression/hand/eye),,704,704,unknown
/workspace/shadowveil/reference/grok_build/public/puppet/emotions/shock.png,other pose still (action/expression/hand/eye),,704,704,unknown
/workspace/shadowveil/reference/grok_build/public/puppet/emotions/smirk.png,other pose still (action/expression/hand/eye),,704,704,unknown
/workspace/shadowveil/reference/grok_build/public/puppet/emotions/soft.png,other pose still (action/expression/hand/eye),,704,704,unknown
/workspace/shadowveil/reference/grok_build/public/puppet/emotions/sorrow.png,other pose still (action/expression/hand/eye),,704,704,unknown
/workspace/shadowveil/reference/grok_build/public/puppet/head.png,other/unclassified,,740,1149,
/workspace/shadowveil/reference/grok_build/public/puppet/idle/0.png,other pose still (action/expression/hand/eye),,704,704,unknown
/workspace/shadowveil/reference/grok_build/public/puppet/idle/1.png,other pose still (action/expression/hand/eye),,704,704,unknown
/workspace/shadowveil/reference/grok_build/public/puppet/idle/2.png,other pose still (action/expression/hand/eye),,704,704,unknown
/workspace/shadowveil/reference/grok_build/public/puppet/idle/3.png,other pose still (action/expression/hand/eye),,704,704,unknown
/workspace/shadowveil/reference/grok_build/public/puppet/parts/pelvis.png,QA crop / contact sheet,,418,628,
/workspace/shadowveil/reference/grok_build/public/puppet/ref-back.png,other/unclassified,180 (back),196,1045,
/workspace/shadowveil/reference/grok_build/public/puppet/ref-face.png,other pose still (action/expression/hand/eye),,350,460,unknown
/workspace/shadowveil/reference/grok_build/public/puppet/ref-front.png,other/unclassified,0 (front),220,1045,
/workspace/shadowveil/reference/grok_build/public/puppet/ref-hinge.png,other/unclassified,,254,837,
/workspace/shadowveil/reference/grok_build/public/puppet/ref-threequarter.png,other/unclassified,3/4,183,1045,
/workspace/shadowveil/reference/grok_build/public/puppet/repo/crouch/00.png,video/render frame sequence,,512,1100,
/workspace/shadowveil/reference/grok_build/public/puppet/repo/crouch/01.png,video/render frame sequence,,512,1100,
/workspace/shadowveil/reference/grok_build/public/puppet/repo/crouch/02.png,video/render frame sequence,,512,1100,
/workspace/shadowveil/reference/grok_build/public/puppet/repo/crouch/03.png,video/render frame sequence,,512,1100,
/workspace/shadowveil/reference/grok_build/public/puppet/repo/crouch/04.png,video/render frame sequence,,512,1100,
/workspace/shadowveil/reference/grok_build/public/puppet/repo/crouch/05.png,video/render frame sequence,,512,1100,
/workspace/shadowveil/reference/grok_build/public/puppet/repo/crouch/06.png,video/render frame sequence,,512,1100,
/workspace/shadowveil/reference/grok_build/public/puppet/repo/crouch/07.png,video/render frame sequence,,512,1100,
/workspace/shadowveil/reference/grok_build/public/puppet/repo/crouch/08.png,video/render frame sequence,,512,1100,
/workspace/shadowveil/reference/grok_build/public/puppet/repo/crouch/09.png,video/render frame sequence,,512,1100,
/workspace/shadowveil/reference/grok_build/public/puppet/repo/crouch/10.png,video/render frame sequence,,512,1100,
/workspace/shadowveil/reference/grok_build/public/puppet/repo/crouch/11.png,video/render frame sequence,,512,1100,
/workspace/shadowveil/reference/grok_build/public/puppet/repo/extra/blink.png,other pose still (action/expression/hand/eye),,512,1100,unknown
/workspace/shadowveil/reference/grok_build/public/puppet/repo/extra/breath.png,other/unclassified,,512,1100,
/workspace/shadowveil/reference/grok_build/public/puppet/repo/extra/joy.png,other/unclassified,,512,1100,
/workspace/shadowveil/reference/grok_build/public/puppet/repo/extra/shift.png,other/unclassified,,512,1100,
/workspace/shadowveil/reference/grok_build/public/puppet/repo/hinge/00.png,video/render frame sequence,,512,1100,
/workspace/shadowveil/reference/grok_build/public/puppet/repo/hinge/01.png,video/render frame sequence,,512,1100,
/workspace/shadowveil/reference/grok_build/public/puppet/repo/hinge/02.png,video/render frame sequence,,512,1100,
/workspace/shadowveil/reference/grok_build/public/puppet/repo/hinge/03.png,video/render frame sequence,,512,1100,
/workspace/shadowveil/reference/grok_build/public/puppet/repo/hinge/04.png,video/render frame sequence,,512,1100,
/workspace/shadowveil/reference/grok_build/public/puppet/repo/hinge/05.png,video/render frame sequence,,512,1100,
/workspace/shadowveil/reference/grok_build/public/puppet/repo/hinge/06.png,video/render frame sequence,,512,1100,
/workspace/shadowveil/reference/grok_build/public/puppet/repo/hinge/07.png,video/render frame sequence,,512,1100,
/workspace/shadowveil/reference/grok_build/public/puppet/repo/hinge/08.png,video/render frame sequence,,512,1100,
/workspace/shadowveil/reference/grok_build/public/puppet/repo/hinge/09.png,video/render frame sequence,,512,1100,
/workspace/shadowveil/reference/grok_build/public/puppet/repo/hinge/10.png,video/render frame sequence,,512,1100,
/workspace/shadowveil/reference/grok_build/public/puppet/repo/hinge/11.png,video/render frame sequence,,512,1100,
/workspace/shadowveil/reference/grok_build/public/puppet/repo/idle/00.png,video/render frame sequence,,512,1100,
/workspace/shadowveil/reference/grok_build/public/puppet/repo/idle/01.png,video/render frame sequence,,512,1100,
/workspace/shadowveil/reference/grok_build/public/puppet/repo/idle/02.png,video/render frame sequence,,512,1100,
/workspace/shadowveil/reference/grok_build/public/puppet/repo/idle/03.png,video/render frame sequence,,512,1100,
/workspace/shadowveil/reference/grok_build/public/puppet/repo/idle/04.png,video/render frame sequence,,512,1100,
/workspace/shadowveil/reference/grok_build/public/puppet/repo/idle/05.png,video/render frame sequence,,512,1100,
/workspace/shadowveil/reference/grok_build/public/puppet/repo/idle/06.png,video/render frame sequence,,512,1100,
/workspace/shadowveil/reference/grok_build/public/puppet/repo/idle/07.png,video/render frame sequence,,512,1100,
/workspace/shadowveil/reference/grok_build/public/puppet/repo/idle/08.png,video/render frame sequence,,512,1100,
/workspace/shadowveil/reference/grok_build/public/puppet/repo/idle/09.png,video/render frame sequence,,512,1100,
/workspace/shadowveil/reference/grok_build/public/puppet/repo/idle/10.png,video/render frame sequence,,512,1100,
/workspace/shadowveil/reference/grok_build/public/puppet/repo/idle/11.png,video/render frame sequence,,512,1100,
/workspace/shadowveil/reference/grok_build/public/puppet/repo/look/00.png,video/render frame sequence,,512,1100,
/workspace/shadowveil/reference/grok_build/public/puppet/repo/look/01.png,video/render frame sequence,,512,1100,
/workspace/shadowveil/reference/grok_build/public/puppet/repo/look/02.png,video/render frame sequence,,512,1100,
/workspace/shadowveil/reference/grok_build/public/puppet/repo/look/03.png,video/render frame sequence,,512,1100,
/workspace/shadowveil/reference/grok_build/public/puppet/repo/look/04.png,video/render frame sequence,,512,1100,
/workspace/shadowveil/reference/grok_build/public/puppet/repo/look/05.png,video/render frame sequence,,512,1100,
/workspace/shadowveil/reference/grok_build/public/puppet/repo/look/06.png,video/render frame sequence,,512,1100,
/workspace/shadowveil/reference/grok_build/public/puppet/repo/look/07.png,video/render frame sequence,,512,1100,
/workspace/shadowveil/reference/grok_build/public/puppet/repo/look/08.png,video/render frame sequence,,512,1100,
/workspace/shadowveil/reference/grok_build/public/puppet/repo/look/09.png,video/render frame sequence,,512,1100,
/workspace/shadowveil/reference/grok_build/public/puppet/repo/look/10.png,video/render frame sequence,,512,1100,
/workspace/shadowveil/reference/grok_build/public/puppet/repo/look/11.png,video/render frame sequence,,512,1100,
/workspace/shadowveil/reference/grok_build/public/puppet/repo/reach/00.png,video/render frame sequence,,512,1100,
/workspace/shadowveil/reference/grok_build/public/puppet/repo/reach/01.png,video/render frame sequence,,512,1100,
/workspace/shadowveil/reference/grok_build/public/puppet/repo/reach/02.png,video/render frame sequence,,512,1100,
/workspace/shadowveil/reference/grok_build/public/puppet/repo/reach/03.png,video/render frame sequence,,512,1100,
/workspace/shadowveil/reference/grok_build/public/puppet/repo/reach/04.png,video/render frame sequence,,512,1100,
/workspace/shadowveil/reference/grok_build/public/puppet/repo/reach/05.png,video/render frame sequence,,512,1100,
/workspace/shadowveil/reference/grok_build/public/puppet/repo/reach/06.png,video/render frame sequence,,512,1100,
/workspace/shadowveil/reference/grok_build/public/puppet/repo/reach/07.png,video/render frame sequence,,512,1100,
/workspace/shadowveil/reference/grok_build/public/puppet/repo/reach/08.png,video/render frame sequence,,512,1100,
/workspace/shadowveil/reference/grok_build/public/puppet/repo/reach/09.png,video/render frame sequence,,512,1100,
/workspace/shadowveil/reference/grok_build/public/puppet/repo/reach/10.png,video/render frame sequence,,512,1100,
/workspace/shadowveil/reference/grok_build/public/puppet/repo/reach/11.png,video/render frame sequence,,512,1100,
/workspace/shadowveil/reference/grok_build/public/puppet/repo/stand/00.png,video/render frame sequence,,512,1100,
/workspace/shadowveil/reference/grok_build/public/puppet/repo/stand/01.png,video/render frame sequence,,512,1100,
/workspace/shadowveil/reference/grok_build/public/puppet/repo/stand/02.png,video/render frame sequence,,512,1100,
/workspace/shadowveil/reference/grok_build/public/puppet/repo/stand/03.png,video/render frame sequence,,512,1100,
/workspace/shadowveil/reference/grok_build/public/puppet/repo/stand/04.png,video/render frame sequence,,512,1100,
/workspace/shadowveil/reference/grok_build/public/puppet/repo/stand/05.png,video/render frame sequence,,512,1100,
/workspace/shadowveil/reference/grok_build/public/puppet/repo/stand/06.png,video/render frame sequence,,512,1100,
/workspace/shadowveil/reference/grok_build/public/puppet/repo/stand/07.png,video/render frame sequence,,512,1100,
/workspace/shadowveil/reference/grok_build/public/puppet/repo/stand/08.png,video/render frame sequence,,512,1100,
/workspace/shadowveil/reference/grok_build/public/puppet/repo/stand/09.png,video/render frame sequence,,512,1100,
/workspace/shadowveil/reference/grok_build/public/puppet/repo/stand/10.png,video/render frame sequence,,512,1100,
/workspace/shadowveil/reference/grok_build/public/puppet/repo/stand/11.png,video/render frame sequence,,512,1100,
/workspace/shadowveil/reference/grok_build/public/puppet/repo/walk/00.png,video/render frame sequence,,512,1100,
/workspace/shadowveil/reference/grok_build/public/puppet/repo/walk/01.png,video/render frame sequence,,512,1100,
/workspace/shadowveil/reference/grok_build/public/puppet/repo/walk/02.png,video/render frame sequence,,512,1100,
/workspace/shadowveil/reference/grok_build/public/puppet/repo/walk/03.png,video/render frame sequence,,512,1100,
/workspace/shadowveil/reference/grok_build/public/puppet/repo/walk/04.png,video/render frame sequence,,512,1100,
/workspace/shadowveil/reference/grok_build/public/puppet/repo/walk/05.png,video/render frame sequence,,512,1100,
/workspace/shadowveil/reference/grok_build/public/puppet/repo/walk/06.png,video/render frame sequence,,512,1100,
/workspace/shadowveil/reference/grok_build/public/puppet/repo/walk/07.png,video/render frame sequence,,512,1100,
/workspace/shadowveil/reference/grok_build/public/puppet/repo/walk/08.png,video/render frame sequence,,512,1100,
/workspace/shadowveil/reference/grok_build/public/puppet/repo/walk/09.png,video/render frame sequence,,512,1100,
/workspace/shadowveil/reference/grok_build/public/puppet/repo/walk/10.png,video/render frame sequence,,512,1100,
/workspace/shadowveil/reference/grok_build/public/puppet/repo/walk/11.png,video/render frame sequence,,512,1100,
/workspace/shadowveil/reference/grok_build/public/puppet/repo/wave/00.png,video/render frame sequence,,512,1100,
/workspace/shadowveil/reference/grok_build/public/puppet/repo/wave/01.png,video/render frame sequence,,512,1100,
/workspace/shadowveil/reference/grok_build/public/puppet/repo/wave/02.png,video/render frame sequence,,512,1100,
/workspace/shadowveil/reference/grok_build/public/puppet/repo/wave/03.png,video/render frame sequence,,512,1100,
/workspace/shadowveil/reference/grok_build/public/puppet/repo/wave/04.png,video/render frame sequence,,512,1100,
/workspace/shadowveil/reference/grok_build/public/puppet/repo/wave/05.png,video/render frame sequence,,512,1100,
/workspace/shadowveil/reference/grok_build/public/puppet/repo/wave/06.png,video/render frame sequence,,512,1100,
/workspace/shadowveil/reference/grok_build/public/puppet/repo/wave/07.png,video/render frame sequence,,512,1100,
/workspace/shadowveil/reference/grok_build/public/puppet/repo/wave/08.png,video/render frame sequence,,512,1100,
/workspace/shadowveil/reference/grok_build/public/puppet/repo/wave/09.png,video/render frame sequence,,512,1100,
/workspace/shadowveil/reference/grok_build/public/puppet/repo/wave/10.png,video/render frame sequence,,512,1100,
/workspace/shadowveil/reference/grok_build/public/puppet/repo/wave/11.png,video/render frame sequence,,512,1100,
/workspace/shadowveil/reference/grok_build/public/puppet/sheet/back-raw.png,other/unclassified,180 (back),202,1500,
/workspace/shadowveil/reference/grok_build/public/puppet/sheet/front-raw.png,other/unclassified,0 (front),218,1500,
/workspace/shadowveil/reference/grok_build/public/puppet/sheet/hinge-raw.png,other/unclassified,,251,1500,
/workspace/shadowveil/reference/grok_build/public/puppet/sheet/qtr-raw.png,other/unclassified,,188,1500,
/workspace/shadowveil/reference/grok_build/public/puppet/views/back.png,turnaround/rotation still,180 (back),360,640,no
/workspace/shadowveil/reference/grok_build/public/puppet/views/front.png,turnaround/rotation still,0 (front),360,640,yes
/workspace/shadowveil/reference/grok_build/public/puppet/views/hinge-ref.png,other/unclassified,,360,640,
/workspace/shadowveil/reference/grok_build/public/puppet/views/side.png,turnaround/rotation still,side profile,360,640,unknown
/workspace/shadowveil/reference/grok_build/public/puppet/views/threequarter.png,turnaround/rotation still,3/4,360,640,yes
/workspace/shadowveil/reference/grok_build/public/puppet/wave/0.png,other pose still (action/expression/hand/eye),,704,704,unknown
/workspace/shadowveil/reference/grok_build/public/puppet/wave/1.png,other pose still (action/expression/hand/eye),,704,704,unknown
/workspace/shadowveil/reference/grok_build/public/puppet/wave/2.png,other pose still (action/expression/hand/eye),,704,704,unknown
/workspace/shadowveil/reference/grok_build/public/puppet/wave/3.png,other pose still (action/expression/hand/eye),,704,704,unknown
/workspace/shadowveil/reference/grok_build/public/puppet/wave9/0.png,other pose still (action/expression/hand/eye),,469,469,unknown
/workspace/shadowveil/reference/grok_build/public/puppet/wave9/1.png,other pose still (action/expression/hand/eye),,469,469,unknown
/workspace/shadowveil/reference/grok_build/public/puppet/wave9/2.png,other pose still (action/expression/hand/eye),,469,469,unknown
/workspace/shadowveil/reference/grok_build/public/puppet/wave9/3.png,other pose still (action/expression/hand/eye),,469,469,unknown
/workspace/shadowveil/reference/grok_build/public/puppet/wave9/4.png,other pose still (action/expression/hand/eye),,469,469,unknown
/workspace/shadowveil/reference/grok_build/public/puppet/wave9/5.png,other pose still (action/expression/hand/eye),,469,469,unknown
/workspace/shadowveil/reference/grok_build/public/puppet/wave9/6.png,other pose still (action/expression/hand/eye),,469,469,unknown
/workspace/shadowveil/reference/grok_build/public/puppet/wave9/7.png,other pose still (action/expression/hand/eye),,469,469,unknown
/workspace/shadowveil/reference/grok_build/public/puppet/wave9/8.png,other pose still (action/expression/hand/eye),,469,469,unknown
/workspace/shadowveil/reference/grok_build/screenshots/app-builder-built-mobile.png,QA crop / contact sheet,,390,844,
/workspace/shadowveil/reference/grok_build/screenshots/app-builder-built.png,QA crop / contact sheet,,1280,800,
/workspace/shadowveil/reference/grok_build/screenshots/app-builder-preview-mobile.png,QA crop / contact sheet,,390,844,
/workspace/shadowveil/reference/grok_build/screenshots/app-builder-preview.png,QA crop / contact sheet,,1280,800,
/workspace/shadowveil/reference/grok_build/screenshots/back-driver.png,QA crop / contact sheet,180 (back),1280,900,
/workspace/shadowveil/reference/grok_build/screenshots/back.png,QA crop / contact sheet,180 (back),1280,720,
/workspace/shadowveil/reference/grok_build/screenshots/clean-crouch.png,QA crop / contact sheet,,390,844,
/workspace/shadowveil/reference/grok_build/screenshots/clean-front.png,QA crop / contact sheet,0 (front),390,844,
/workspace/shadowveil/reference/grok_build/screenshots/clean-hinge.png,QA crop / contact sheet,,390,844,
/workspace/shadowveil/reference/grok_build/screenshots/clean-qtr.png,QA crop / contact sheet,,390,844,
/workspace/shadowveil/reference/grok_build/screenshots/clean-side.png,QA crop / contact sheet,side profile,390,844,
/workspace/shadowveil/reference/grok_build/screenshots/clean-wave.png,QA crop / contact sheet,,390,844,
/workspace/shadowveil/reference/grok_build/screenshots/crouch.png,QA crop / contact sheet,,390,844,
/workspace/shadowveil/reference/grok_build/screenshots/cutout-pose.png,QA crop / contact sheet,,390,844,
/workspace/shadowveil/reference/grok_build/screenshots/cutout-rest.png,QA crop / contact sheet,,390,844,
/workspace/shadowveil/reference/grok_build/screenshots/expr-anger.png,QA crop / contact sheet,,390,844,
/workspace/shadowveil/reference/grok_build/screenshots/expr-joy.png,QA crop / contact sheet,,390,844,
/workspace/shadowveil/reference/grok_build/screenshots/expr-neutral.png,QA crop / contact sheet,,390,844,
/workspace/shadowveil/reference/grok_build/screenshots/face-anger.png,QA crop / contact sheet,,390,844,
/workspace/shadowveil/reference/grok_build/screenshots/face-joy.png,QA crop / contact sheet,,390,844,
/workspace/shadowveil/reference/grok_build/screenshots/face-sorrow.png,QA crop / contact sheet,,390,844,
/workspace/shadowveil/reference/grok_build/screenshots/front-bent-off.png,QA crop / contact sheet,0 (front),1280,900,
/workspace/shadowveil/reference/grok_build/screenshots/front-bent-on.png,QA crop / contact sheet,0 (front),1280,900,
/workspace/shadowveil/reference/grok_build/screenshots/front-crop.png,QA crop / contact sheet,0 (front),400,540,
/workspace/shadowveil/reference/grok_build/screenshots/front-idle.png,QA crop / contact sheet,0 (front),1280,720,
/workspace/shadowveil/reference/grok_build/screenshots/front-rest.png,QA crop / contact sheet,0 (front),1280,900,
/workspace/shadowveil/reference/grok_build/screenshots/front.png,QA crop / contact sheet,0 (front),1280,720,
/workspace/shadowveil/reference/grok_build/screenshots/hinge-front.png,QA crop / contact sheet,0 (front),390,844,
/workspace/shadowveil/reference/grok_build/screenshots/hinge-qtr.png,QA crop / contact sheet,,390,844,
/workspace/shadowveil/reference/grok_build/screenshots/hinge-side.png,QA crop / contact sheet,side profile,390,844,
/workspace/shadowveil/reference/grok_build/screenshots/idle.png,QA crop / contact sheet,,390,844,
/workspace/shadowveil/reference/grok_build/screenshots/keyed-tq.png,QA crop / contact sheet,,1152,1728,
/workspace/shadowveil/reference/grok_build/screenshots/lift-crop.png,QA crop / contact sheet,,400,540,
/workspace/shadowveil/reference/grok_build/screenshots/lift.png,QA crop / contact sheet,,1280,720,
/workspace/shadowveil/reference/grok_build/screenshots/mesh-pose.png,QA crop / contact sheet,,390,844,
/workspace/shadowveil/reference/grok_build/screenshots/mesh-rest.png,QA crop / contact sheet,,390,844,
/workspace/shadowveil/reference/grok_build/screenshots/orbit-0.png,QA crop / contact sheet,,390,844,
/workspace/shadowveil/reference/grok_build/screenshots/orbit-180.png,QA crop / contact sheet,,390,844,
/workspace/shadowveil/reference/grok_build/screenshots/orbit-90.png,QA crop / contact sheet,,390,844,
/workspace/shadowveil/reference/grok_build/screenshots/orbit-right.png,QA crop / contact sheet,right profile,390,844,
/workspace/shadowveil/reference/grok_build/screenshots/orbit-side.png,QA crop / contact sheet,side profile,390,844,
/workspace/shadowveil/reference/grok_build/screenshots/phone-lift.png,QA crop / contact sheet,,390,844,
/workspace/shadowveil/reference/grok_build/screenshots/phone-light.png,QA crop / contact sheet,,390,844,
/workspace/shadowveil/reference/grok_build/screenshots/phone.png,QA crop / contact sheet,,390,844,
/workspace/shadowveil/reference/grok_build/screenshots/preview-now.png,QA crop / contact sheet,,1280,720,
/workspace/shadowveil/reference/grok_build/screenshots/preview-real.png,QA crop / contact sheet,,1280,720,
/workspace/shadowveil/reference/grok_build/screenshots/profile-bent.png,QA crop / contact sheet,profile,1280,900,
/workspace/shadowveil/reference/grok_build/screenshots/qa-canon.png,QA crop / contact sheet,,1280,720,
/workspace/shadowveil/reference/grok_build/screenshots/qa-hinge.png,QA crop / contact sheet,,1280,720,
/workspace/shadowveil/reference/grok_build/screenshots/qa-home.png,QA crop / contact sheet,,1280,720,
/workspace/shadowveil/reference/grok_build/screenshots/qa-joy.png,QA crop / contact sheet,,1280,720,
/workspace/shadowveil/reference/grok_build/screenshots/qtr-bent.png,QA crop / contact sheet,,1280,900,
/workspace/shadowveil/reference/grok_build/screenshots/reach.png,QA crop / contact sheet,,390,844,
/workspace/shadowveil/reference/grok_build/screenshots/repo-wave.png,QA crop / contact sheet,,390,844,
/workspace/shadowveil/reference/grok_build/screenshots/rig-front.png,QA crop / contact sheet,0 (front),390,844,
/workspace/shadowveil/reference/grok_build/screenshots/side.png,QA crop / contact sheet,side profile,1280,720,
/workspace/shadowveil/reference/grok_build/screenshots/threeq-crop.png,QA crop / contact sheet,,400,540,
/workspace/shadowveil/reference/grok_build/screenshots/threeq.png,QA crop / contact sheet,,1280,720,
/workspace/shadowveil/reference/grok_build/screenshots/turn-back.png,QA crop / contact sheet,180 (back),390,844,
/workspace/shadowveil/reference/grok_build/screenshots/turn-front.png,QA crop / contact sheet,0 (front),390,844,
/workspace/shadowveil/reference/grok_build/screenshots/turn-front2.png,QA crop / contact sheet,0 (front),390,844,
/workspace/shadowveil/reference/grok_build/screenshots/turn-qtr.png,QA crop / contact sheet,,390,844,
/workspace/shadowveil/reference/grok_build/screenshots/turn-qtrL.png,QA crop / contact sheet,,390,844,
/workspace/shadowveil/reference/grok_build/screenshots/turn-qtrback.png,QA crop / contact sheet,,390,844,
/workspace/shadowveil/reference/grok_build/screenshots/turn-side.png,QA crop / contact sheet,side profile,390,844,
/workspace/shadowveil/reference/grok_build/screenshots/v-back.png,QA crop / contact sheet,180 (back),390,844,
/workspace/shadowveil/reference/grok_build/screenshots/v-front.png,QA crop / contact sheet,0 (front),390,844,
/workspace/shadowveil/reference/grok_build/screenshots/v-hinge.png,QA crop / contact sheet,,390,844,
/workspace/shadowveil/reference/grok_build/screenshots/v-qtr.png,QA crop / contact sheet,,390,844,
/workspace/shadowveil/reference/grok_build/screenshots/v-side.png,QA crop / contact sheet,side profile,390,844,
/workspace/shadowveil/reference/grok_build/screenshots/wave-qtr.png,QA crop / contact sheet,,390,844,
/workspace/shadowveil/reference/grok_build/screenshots/wave.png,QA crop / contact sheet,,390,844,
/workspace/shadowveil/reference/grok_build/screenshots/weights.png,QA crop / contact sheet,,390,844,
/workspace/shadowveil/reference/grok_build/split-preview.jpg,QA crop / contact sheet,,1140,1648,
/workspace/shadowveil/reference/grok_build/split-preview2.jpg,QA crop / contact sheet,,1200,654,
/workspace/shadowveil/reference/grok_build_captures/page_cleanroom.png,QA crop / contact sheet,,600,1000,
/workspace/shadowveil/reference/grok_build_captures/page_root.png,QA crop / contact sheet,,600,1000,
/workspace/shadowveil/reference/grok_build_captures/stills/angry_t0.5s.png,other pose still (action/expression/hand/eye),,600,913,unknown
/workspace/shadowveil/reference/grok_build_captures/stills/angry_t3.0s.png,other pose still (action/expression/hand/eye),,600,913,unknown
/workspace/shadowveil/reference/grok_build_captures/stills/angry_t5.3s.png,other pose still (action/expression/hand/eye),,600,913,unknown
/workspace/shadowveil/reference/grok_build_captures/stills/back_t0.5s.png,other pose still (action/expression/hand/eye),180 (back),600,913,no
/workspace/shadowveil/reference/grok_build_captures/stills/back_t3.0s.png,other pose still (action/expression/hand/eye),180 (back),600,913,no
/workspace/shadowveil/reference/grok_build_captures/stills/back_t5.3s.png,other pose still (action/expression/hand/eye),180 (back),600,913,no
/workspace/shadowveil/reference/grok_build_captures/stills/brace_t0.5s.png,other pose still (action/expression/hand/eye),,600,1054,unknown
/workspace/shadowveil/reference/grok_build_captures/stills/brace_t3.0s.png,other pose still (action/expression/hand/eye),,600,1054,unknown
/workspace/shadowveil/reference/grok_build_captures/stills/brace_t5.3s.png,other pose still (action/expression/hand/eye),,600,1054,unknown
/workspace/shadowveil/reference/grok_build_captures/stills/cheeks_t0.5s.png,other pose still (action/expression/hand/eye),,600,913,unknown
/workspace/shadowveil/reference/grok_build_captures/stills/cheeks_t3.0s.png,other pose still (action/expression/hand/eye),,600,913,unknown
/workspace/shadowveil/reference/grok_build_captures/stills/cheeks_t5.3s.png,other pose still (action/expression/hand/eye),,600,913,unknown
/workspace/shadowveil/reference/grok_build_captures/stills/clasp_t0.5s.png,other pose still (action/expression/hand/eye),,600,913,unknown
/workspace/shadowveil/reference/grok_build_captures/stills/clasp_t3.0s.png,other pose still (action/expression/hand/eye),,600,913,unknown
/workspace/shadowveil/reference/grok_build_captures/stills/clasp_t5.3s.png,other pose still (action/expression/hand/eye),,600,913,unknown
/workspace/shadowveil/reference/grok_build_captures/stills/dodge_t0.5s.png,other pose still (action/expression/hand/eye),,600,913,unknown
/workspace/shadowveil/reference/grok_build_captures/stills/dodge_t3.0s.png,other pose still (action/expression/hand/eye),,600,913,unknown
/workspace/shadowveil/reference/grok_build_captures/stills/dodge_t5.3s.png,other pose still (action/expression/hand/eye),,600,913,unknown
/workspace/shadowveil/reference/grok_build_captures/stills/gasp_t0.5s.png,other pose still (action/expression/hand/eye),,600,913,unknown
/workspace/shadowveil/reference/grok_build_captures/stills/gasp_t3.0s.png,other pose still (action/expression/hand/eye),,600,913,unknown
/workspace/shadowveil/reference/grok_build_captures/stills/gasp_t5.3s.png,other pose still (action/expression/hand/eye),,600,913,unknown
/workspace/shadowveil/reference/grok_build_captures/stills/getup_t0.5s.png,other pose still (action/expression/hand/eye),,600,913,unknown
/workspace/shadowveil/reference/grok_build_captures/stills/getup_t3.0s.png,other pose still (action/expression/hand/eye),,600,913,unknown
/workspace/shadowveil/reference/grok_build_captures/stills/getup_t5.3s.png,other pose still (action/expression/hand/eye),,600,913,unknown
/workspace/shadowveil/reference/grok_build_captures/stills/glare_t0.5s.png,other pose still (action/expression/hand/eye),,600,913,unknown
/workspace/shadowveil/reference/grok_build_captures/stills/glare_t3.0s.png,other pose still (action/expression/hand/eye),,600,913,unknown
/workspace/shadowveil/reference/grok_build_captures/stills/glare_t5.3s.png,other pose still (action/expression/hand/eye),,600,913,unknown
/workspace/shadowveil/reference/grok_build_captures/stills/hem_t0.5s.png,other pose still (action/expression/hand/eye),,600,913,unknown
/workspace/shadowveil/reference/grok_build_captures/stills/hem_t3.0s.png,other pose still (action/expression/hand/eye),,600,913,unknown
/workspace/shadowveil/reference/grok_build_captures/stills/hem_t5.3s.png,other pose still (action/expression/hand/eye),,600,913,unknown
/workspace/shadowveil/reference/grok_build_captures/stills/hip_t0.5s.png,other pose still (action/expression/hand/eye),,600,913,unknown
/workspace/shadowveil/reference/grok_build_captures/stills/hip_t3.0s.png,other pose still (action/expression/hand/eye),,600,913,unknown
/workspace/shadowveil/reference/grok_build_captures/stills/hip_t5.3s.png,other pose still (action/expression/hand/eye),,600,913,unknown
/workspace/shadowveil/reference/grok_build_captures/stills/idle-long_t0.5s.png,other pose still (action/expression/hand/eye),,600,913,unknown
/workspace/shadowveil/reference/grok_build_captures/stills/idle-long_t5.0s.png,other pose still (action/expression/hand/eye),,600,913,unknown
/workspace/shadowveil/reference/grok_build_captures/stills/idle-long_t9.3s.png,other pose still (action/expression/hand/eye),,600,913,unknown
/workspace/shadowveil/reference/grok_build_captures/stills/idle_t0.5s.png,other pose still (action/expression/hand/eye),,600,913,unknown
/workspace/shadowveil/reference/grok_build_captures/stills/idle_t3.0s.png,other pose still (action/expression/hand/eye),,600,913,unknown
/workspace/shadowveil/reference/grok_build_captures/stills/idle_t5.3s.png,other pose still (action/expression/hand/eye),,600,913,unknown
/workspace/shadowveil/reference/grok_build_captures/stills/inspect_t0.5s.png,other pose still (action/expression/hand/eye),,600,913,unknown
/workspace/shadowveil/reference/grok_build_captures/stills/inspect_t3.0s.png,other pose still (action/expression/hand/eye),,600,913,unknown
/workspace/shadowveil/reference/grok_build_captures/stills/inspect_t5.3s.png,other pose still (action/expression/hand/eye),,600,913,unknown
/workspace/shadowveil/reference/grok_build_captures/stills/jump_t0.5s.png,other pose still (action/expression/hand/eye),,600,913,unknown
/workspace/shadowveil/reference/grok_build_captures/stills/jump_t3.0s.png,other pose still (action/expression/hand/eye),,600,913,unknown
/workspace/shadowveil/reference/grok_build_captures/stills/jump_t5.3s.png,other pose still (action/expression/hand/eye),,600,913,unknown
/workspace/shadowveil/reference/grok_build_captures/stills/kick_t0.5s.png,other pose still (action/expression/hand/eye),,600,913,unknown
/workspace/shadowveil/reference/grok_build_captures/stills/kick_t3.0s.png,other pose still (action/expression/hand/eye),,600,913,unknown
/workspace/shadowveil/reference/grok_build_captures/stills/kick_t5.3s.png,other pose still (action/expression/hand/eye),,600,913,unknown
/workspace/shadowveil/reference/grok_build_captures/stills/look_t0.5s.png,other pose still (action/expression/hand/eye),,600,913,unknown
/workspace/shadowveil/reference/grok_build_captures/stills/look_t3.0s.png,other pose still (action/expression/hand/eye),,600,913,unknown
/workspace/shadowveil/reference/grok_build_captures/stills/look_t5.3s.png,other pose still (action/expression/hand/eye),,600,913,unknown
/workspace/shadowveil/reference/grok_build_captures/stills/nod_t0.5s.png,other pose still (action/expression/hand/eye),,600,913,unknown
/workspace/shadowveil/reference/grok_build_captures/stills/nod_t3.0s.png,other pose still (action/expression/hand/eye),,600,913,unknown
/workspace/shadowveil/reference/grok_build_captures/stills/nod_t5.3s.png,other pose still (action/expression/hand/eye),,600,913,unknown
/workspace/shadowveil/reference/grok_build_captures/stills/point_t0.5s.png,other pose still (action/expression/hand/eye),,600,913,unknown
/workspace/shadowveil/reference/grok_build_captures/stills/point_t3.0s.png,other pose still (action/expression/hand/eye),,600,913,unknown
/workspace/shadowveil/reference/grok_build_captures/stills/point_t5.3s.png,other pose still (action/expression/hand/eye),,600,913,unknown
/workspace/shadowveil/reference/grok_build_captures/stills/ready_t0.5s.png,other pose still (action/expression/hand/eye),,600,913,unknown
/workspace/shadowveil/reference/grok_build_captures/stills/ready_t3.0s.png,other pose still (action/expression/hand/eye),,600,913,unknown
/workspace/shadowveil/reference/grok_build_captures/stills/ready_t5.3s.png,other pose still (action/expression/hand/eye),,600,913,unknown
/workspace/shadowveil/reference/grok_build_captures/stills/run_t0.5s.png,other pose still (action/expression/hand/eye),,600,913,unknown
/workspace/shadowveil/reference/grok_build_captures/stills/run_t3.0s.png,other pose still (action/expression/hand/eye),,600,913,unknown
/workspace/shadowveil/reference/grok_build_captures/stills/run_t5.3s.png,other pose still (action/expression/hand/eye),,600,913,unknown
/workspace/shadowveil/reference/grok_build_captures/stills/sad_t0.5s.png,other pose still (action/expression/hand/eye),,600,913,unknown
/workspace/shadowveil/reference/grok_build_captures/stills/sad_t3.0s.png,other pose still (action/expression/hand/eye),,600,913,unknown
/workspace/shadowveil/reference/grok_build_captures/stills/sad_t5.3s.png,other pose still (action/expression/hand/eye),,600,913,unknown
/workspace/shadowveil/reference/grok_build_captures/stills/shrug_t0.5s.png,other pose still (action/expression/hand/eye),,600,913,unknown
/workspace/shadowveil/reference/grok_build_captures/stills/shrug_t3.0s.png,other pose still (action/expression/hand/eye),,600,913,unknown
/workspace/shadowveil/reference/grok_build_captures/stills/shrug_t5.3s.png,other pose still (action/expression/hand/eye),,600,913,unknown
/workspace/shadowveil/reference/grok_build_captures/stills/side_t0.5s.png,other pose still (action/expression/hand/eye),side profile,600,913,unknown
/workspace/shadowveil/reference/grok_build_captures/stills/side_t3.0s.png,other pose still (action/expression/hand/eye),side profile,600,913,unknown
/workspace/shadowveil/reference/grok_build_captures/stills/side_t5.3s.png,other pose still (action/expression/hand/eye),side profile,600,913,unknown
/workspace/shadowveil/reference/grok_build_captures/stills/sit_t0.5s.png,other pose still (action/expression/hand/eye),,600,913,unknown
/workspace/shadowveil/reference/grok_build_captures/stills/sit_t3.0s.png,other pose still (action/expression/hand/eye),,600,913,unknown
/workspace/shadowveil/reference/grok_build_captures/stills/sit_t5.3s.png,other pose still (action/expression/hand/eye),,600,913,unknown
/workspace/shadowveil/reference/grok_build_captures/stills/smirk_t0.5s.png,other pose still (action/expression/hand/eye),,600,913,unknown
/workspace/shadowveil/reference/grok_build_captures/stills/smirk_t3.0s.png,other pose still (action/expression/hand/eye),,600,913,unknown
/workspace/shadowveil/reference/grok_build_captures/stills/smirk_t5.3s.png,other pose still (action/expression/hand/eye),,600,913,unknown
/workspace/shadowveil/reference/grok_build_captures/stills/squat_t0.5s.png,other pose still (action/expression/hand/eye),,600,913,unknown
/workspace/shadowveil/reference/grok_build_captures/stills/squat_t3.0s.png,other pose still (action/expression/hand/eye),,600,913,unknown
/workspace/shadowveil/reference/grok_build_captures/stills/squat_t5.3s.png,other pose still (action/expression/hand/eye),,600,913,unknown
/workspace/shadowveil/reference/grok_build_captures/stills/startle_t0.5s.png,other pose still (action/expression/hand/eye),,600,913,unknown
/workspace/shadowveil/reference/grok_build_captures/stills/startle_t3.0s.png,other pose still (action/expression/hand/eye),,600,913,unknown
/workspace/shadowveil/reference/grok_build_captures/stills/startle_t5.3s.png,other pose still (action/expression/hand/eye),,600,913,unknown
/workspace/shadowveil/reference/grok_build_captures/stills/stop_t0.5s.png,other pose still (action/expression/hand/eye),,600,913,unknown
/workspace/shadowveil/reference/grok_build_captures/stills/stop_t3.0s.png,other pose still (action/expression/hand/eye),,600,913,unknown
/workspace/shadowveil/reference/grok_build_captures/stills/stop_t5.3s.png,other pose still (action/expression/hand/eye),,600,913,unknown
/workspace/shadowveil/reference/grok_build_captures/stills/strap_t0.5s.png,other pose still (action/expression/hand/eye),,600,913,unknown
/workspace/shadowveil/reference/grok_build_captures/stills/strap_t3.0s.png,other pose still (action/expression/hand/eye),,600,913,unknown
/workspace/shadowveil/reference/grok_build_captures/stills/strap_t5.3s.png,other pose still (action/expression/hand/eye),,600,913,unknown
/workspace/shadowveil/reference/grok_build_captures/stills/stumble_t0.5s.png,other pose still (action/expression/hand/eye),,600,748,unknown
/workspace/shadowveil/reference/grok_build_captures/stills/stumble_t3.0s.png,other pose still (action/expression/hand/eye),,600,748,unknown
/workspace/shadowveil/reference/grok_build_captures/stills/stumble_t5.3s.png,other pose still (action/expression/hand/eye),,600,748,unknown
/workspace/shadowveil/reference/grok_build_captures/stills/sway_t0.5s.png,other pose still (action/expression/hand/eye),,600,913,unknown
/workspace/shadowveil/reference/grok_build_captures/stills/sway_t3.0s.png,other pose still (action/expression/hand/eye),,600,913,unknown
/workspace/shadowveil/reference/grok_build_captures/stills/sway_t5.3s.png,other pose still (action/expression/hand/eye),,600,913,unknown
/workspace/shadowveil/reference/grok_build_captures/stills/talk_t0.5s.png,other pose still (action/expression/hand/eye),,600,913,unknown
/workspace/shadowveil/reference/grok_build_captures/stills/talk_t3.0s.png,other pose still (action/expression/hand/eye),,600,913,unknown
/workspace/shadowveil/reference/grok_build_captures/stills/talk_t5.3s.png,other pose still (action/expression/hand/eye),,600,913,unknown
/workspace/shadowveil/reference/grok_build_captures/stills/walk_t0.5s.png,other pose still (action/expression/hand/eye),,600,913,unknown
/workspace/shadowveil/reference/grok_build_captures/stills/walk_t5.0s.png,other pose still (action/expression/hand/eye),,600,913,unknown
/workspace/shadowveil/reference/grok_build_captures/stills/walk_t9.3s.png,other pose still (action/expression/hand/eye),,600,913,unknown
/workspace/shadowveil/reference/grok_build_captures/stills/wave_t0.5s.png,other pose still (action/expression/hand/eye),,600,913,unknown
/workspace/shadowveil/reference/grok_build_captures/stills/wave_t3.0s.png,other pose still (action/expression/hand/eye),,600,913,unknown
/workspace/shadowveil/reference/grok_build_captures/stills/wave_t5.3s.png,other pose still (action/expression/hand/eye),,600,913,unknown
/workspace/shadowveil/reference/grok_build_captures/stills/worry_t0.5s.png,other pose still (action/expression/hand/eye),,600,913,unknown
/workspace/shadowveil/reference/grok_build_captures/stills/worry_t3.0s.png,other pose still (action/expression/hand/eye),,600,913,unknown
/workspace/shadowveil/reference/grok_build_captures/stills/worry_t5.3s.png,other pose still (action/expression/hand/eye),,600,913,unknown
/workspace/shadowveil/reference/grok_build_captures/stills/yawn_t0.5s.png,other pose still (action/expression/hand/eye),,600,913,unknown
/workspace/shadowveil/reference/grok_build_captures/stills/yawn_t3.0s.png,other pose still (action/expression/hand/eye),,600,913,unknown
/workspace/shadowveil/reference/grok_build_captures/stills/yawn_t5.3s.png,other pose still (action/expression/hand/eye),,600,913,unknown
/workspace/shadowveil/reference/grok_build_captures/tabs/stills_Base.png,other pose still (action/expression/hand/eye),,600,1400,unknown
/workspace/shadowveil/reference/grok_build_captures/tabs/stills_Extreme.png,other pose still (action/expression/hand/eye),,600,1400,unknown
/workspace/shadowveil/reference/grok_build_captures/tabs/stills_Face.png,other pose still (action/expression/hand/eye),,600,1400,unknown
/workspace/shadowveil/reference/grok_build_captures/tabs/stills_Ground.png,other pose still (action/expression/hand/eye),,600,1400,unknown
/workspace/shadowveil/reference/grok_build_captures/tabs/stills_Idle.png,other pose still (action/expression/hand/eye),,600,1400,unknown
/workspace/shadowveil/reference/grok_build_captures/tabs/stills_Loops.png,other pose still (action/expression/hand/eye),,600,1400,unknown
/workspace/shadowveil/reference/grok_build_captures/tabs/stills_Move.png,other pose still (action/expression/hand/eye),,600,1400,unknown
/workspace/shadowveil/reference/grok_build_captures/tabs/stills_Older.png,other pose still (action/expression/hand/eye),,600,1400,unknown
/workspace/shadowveil/reference/grok_build_captures/tabs/stills_Playful.png,other pose still (action/expression/hand/eye),,600,1400,unknown
/workspace/shadowveil/reference/left.png,turnaround/rotation still,left profile,1365,1739,unknown
/workspace/shadowveil/reference/right.png,turnaround/rotation still,right profile,1365,1739,unknown
/workspace/shadowveil/reference/test_sheet_expressions.jpg,QA crop / contact sheet,,1792,1008,
/workspace/shadowveil/reference/test_sheet_face_shapes.jpg,QA crop / contact sheet,,1792,1008,
/workspace/shadowveil/reference/test_sheet_gestures.jpg,QA crop / contact sheet,,1792,1008,
/workspace/shadowveil/reference/test_sheet_poses.jpg,QA crop / contact sheet,,1792,1008,
/workspace/shadowveil/reference/tpose.png,turnaround/rotation still,0 (T-pose front),1365,1739,yes
/workspace/shadowveil/views/apose/base.png,turnaround/rotation still,0 (A-pose front),1365,1739,yes
/workspace/shadowveil/views/left/base.png,turnaround/rotation still,left profile,1365,1739,unknown
/workspace/shadowveil/views/right/base.png,turnaround/rotation still,right profile,1365,1739,unknown
/workspace/shadowveil/views/tpose/base.png,turnaround/rotation still,0 (T-pose front),1365,1739,yes
/workspace/shadowveil/reference/grok_build_captures/tabs/stills_Hair.png,added by own find,,600,1400,
/workspace/shadowveil/reference/grok_build_captures/stills/kneel_t0.5s.png,added by own find,,600,675,
/workspace/shadowveil/reference/grok_build_captures/stills/tongue_t5.3s.png,added by own find,,600,913,
/workspace/shadowveil/reference/grok_build_captures/stills/kneel_t5.3s.png,added by own find,,600,675,
/workspace/shadowveil/reference/grok_build_captures/stills/tongue_t3.0s.png,added by own find,,600,913,
/workspace/shadowveil/reference/grok_build_captures/stills/kneel_t3.0s.png,added by own find,,600,675,
/workspace/shadowveil/reference/grok_build_captures/stills/tongue_t0.5s.png,added by own find,,600,913,
/workspace/shadowveil/reference/grok_build/artifacts/side-far-knee.png,added by own find,,420,900,
/workspace/shadowveil/reference/grok_build/artifacts/apose-head.png,added by own find,,180,173,
/workspace/shadowveil/reference/grok_build/artifacts/keyed-3q.jpg,added by own find,,800,500,
/workspace/shadowveil/reference/grok_build/artifacts/eyes/angle-face-zoom.jpg,added by own find,,160,190,
/workspace/shadowveil/reference/grok_build/artifacts/turn/bangs-back.jpg,added by own find,,690,303,
/workspace/shadowveil/reference/grok_build/artifacts/turn/mask-walk.jpg,added by own find,,720,240,
/workspace/shadowveil/reference/grok_build/artifacts/turn/knee315c.png,added by own find,,600,639,
/workspace/shadowveil/reference/grok_build/artifacts/turn/knee315e.png,added by own find,,500,730,
/workspace/shadowveil/reference/grok_build/artifacts/turn/bangs-front.jpg,added by own find,,690,302,
/workspace/shadowveil/reference/grok_build/artifacts/turn/mask-talk.jpg,added by own find,,720,240,
/workspace/shadowveil/reference/grok_build/artifacts/turn/kneel.png,added by own find,,896,1008,
/workspace/shadowveil/reference/grok_build/artifacts/turn/kneel-fixed.png,added by own find,,768,1168,
/workspace/shadowveil/reference/grok_build/artifacts/turn/kneel-plate.jpg,added by own find,,237,360,
/workspace/shadowveil/reference/grok_build/artifacts/turn/hand-r.png,added by own find,,340,360,
/workspace/shadowveil/reference/grok_build/artifacts/turn/hair-bangs.jpg,added by own find,,950,272,
/workspace/shadowveil/reference/grok_build/artifacts/turn/knee045b.png,added by own find,,500,400,
/workspace/shadowveil/reference/grok_build/artifacts/turn/kneel-0.4.jpg,added by own find,,768,1168,
/workspace/shadowveil/reference/grok_build/artifacts/turn/masks.jpg,added by own find,,880,340,
/workspace/shadowveil/reference/grok_build/artifacts/turn/wave-iris.png,added by own find,,326,276,
/workspace/shadowveil/reference/grok_build/artifacts/turn/knee315d.png,added by own find,,560,839,
/workspace/shadowveil/reference/grok_build/artifacts/turn/hand-l.png,added by own find,,340,360,
/workspace/shadowveil/reference/grok_build/artifacts/turn/knee315b.png,added by own find,,600,539,
/workspace/shadowveil/reference/grok_build/artifacts/turn/kneel-1.6.jpg,added by own find,,768,1168,
/workspace/shadowveil/reference/grok_build/artifacts/turn/rig-parts.jpg,added by own find,,360,460,
/workspace/shadowveil/reference/grok_build/artifacts/turn/heads/head-090.jpg,added by own find,,176,280,
/workspace/shadowveil/reference/grok_build/artifacts/turn/heads/head-000.jpg,added by own find,,261,283,
/workspace/shadowveil/reference/grok_build/artifacts/turn/heads/head-045.jpg,added by own find,,224,284,
/workspace/shadowveil/reference/grok_build/artifacts/turn/heads/head-270.jpg,added by own find,,312,479,
/workspace/shadowveil/reference/grok_build/artifacts/turn/heads/head-180.jpg,added by own find,,266,282,
/workspace/shadowveil/reference/grok_build/artifacts/turn/lock/hand-315R.jpg,added by own find,,340,360,
/workspace/shadowveil/reference/grok_build/artifacts/turn/lock/hand-315L.jpg,added by own find,,340,380,
/workspace/shadowveil/reference/grok_build/artifacts/turn/lock/hand-000L.jpg,added by own find,,310,280,
/workspace/shadowveil/reference/grok_build/artifacts/turn/lock/hand-045R.jpg,added by own find,,300,340,
/workspace/shadowveil/reference/grok_build/artifacts/turn/lock/hand-000R.jpg,added by own find,,320,280,
/workspace/shadowveil/reference/grok_build/artifacts/turn/lock/hand-045L.jpg,added by own find,,300,320,
/workspace/shadowveil/reference/grok_build/driver-work/public/pose-v5/torso.png,added by own find,,207,364,
/workspace/shadowveil/reference/grok_build/freebuff/Shadowveil_Freebuff_Handoff/driver-source/public/pose-v5/torso.png,added by own find,,207,364,
/workspace/shadowveil/reference/grok_build/public/clean-room/layers/hair/hair-135.png,added by own find,,1344,1472,
/workspace/shadowveil/reference/grok_build/public/clean-room/layers/hair/hair-225.jpg,added by own find,,1136,1744,
/workspace/shadowveil/reference/grok_build/public/clean-room/layers/hair/hair-180.jpg,added by own find,,266,1008,
/workspace/shadowveil/reference/grok_build/public/clean-room/layers/hair/hair-180.png,added by own find,,1344,1472,
/workspace/shadowveil/reference/grok_build/public/clean-room/layers/hair/hair-045.png,added by own find,,1344,1472,
/workspace/shadowveil/reference/grok_build/public/clean-room/layers/hair/hair-315.jpg,added by own find,,224,1008,
/workspace/shadowveil/reference/grok_build/public/clean-room/layers/hair/hair-000.png,added by own find,,1344,1472,
/workspace/shadowveil/reference/grok_build/public/clean-room/layers/hair/hair-135.jpg,added by own find,,1136,1744,
/workspace/shadowveil/reference/grok_build/public/clean-room/layers/hair/hair-225.png,added by own find,,1344,1472,
/workspace/shadowveil/reference/grok_build/public/clean-room/layers/hair/hair-045.jpg,added by own find,,224,1008,
/workspace/shadowveil/reference/grok_build/public/clean-room/layers/hair/hair-000.jpg,added by own find,,261,1008,
/workspace/shadowveil/reference/grok_build/public/clean-room/layers/hair/hair-270.png,added by own find,,1344,1472,
/workspace/shadowveil/reference/grok_build/public/clean-room/layers/hair/hair-090.png,added by own find,,1344,1472,
/workspace/shadowveil/reference/grok_build/public/clean-room/layers/hair/hair-315.png,added by own find,,1344,1472,
/workspace/shadowveil/reference/grok_build/public/clean-room/layers/hair/hair-090.jpg,added by own find,,176,1008,
/workspace/shadowveil/reference/grok_build/public/clean-room/layers/hair/hair-270.jpg,added by own find,,1365,1739,
/workspace/shadowveil/reference/grok_build/public/clean-room/layers/anim/getup.png,added by own find,,768,1168,
/workspace/shadowveil/reference/grok_build/public/clean-room/layers/anim/sway.png,added by own find,,768,1168,
/workspace/shadowveil/reference/grok_build/public/clean-room/layers/anim/clasp.png,added by own find,,768,1168,
/workspace/shadowveil/reference/grok_build/public/clean-room/layers/anim/talk.png,added by own find,,768,1168,
/workspace/shadowveil/reference/grok_build/public/clean-room/layers/anim/cheeks.png,added by own find,,768,1168,
/workspace/shadowveil/reference/grok_build/public/clean-room/layers/anim/nod.png,added by own find,,768,1168,
/workspace/shadowveil/reference/grok_build/public/clean-room/layers/anim/gasp.png,added by own find,,768,1168,
/workspace/shadowveil/reference/grok_build/public/clean-room/layers/anim/side.png,added by own find,,768,1168,
/workspace/shadowveil/reference/grok_build/public/clean-room/layers/anim/ready.png,added by own find,,768,1168,
/workspace/shadowveil/reference/grok_build/public/clean-room/layers/anim/point.png,added by own find,,768,1168,
/workspace/shadowveil/reference/grok_build/public/clean-room/layers/anim/smirk.png,added by own find,,768,1168,
/workspace/shadowveil/reference/grok_build/public/clean-room/layers/anim/hem.png,added by own find,,768,1168,
/workspace/shadowveil/reference/grok_build/public/clean-room/layers/anim/yawn.png,added by own find,,768,1168,
/workspace/shadowveil/reference/grok_build/public/clean-room/layers/anim/idle-long.png,added by own find,,768,1168,
/workspace/shadowveil/reference/grok_build/public/clean-room/layers/anim/kneel.png,added by own find,,768,1168,
/workspace/shadowveil/reference/grok_build/public/clean-room/layers/anim/run.png,added by own find,,768,1168,
/workspace/shadowveil/reference/grok_build/public/clean-room/layers/anim/brace.png,added by own find,,720,1264,
/workspace/shadowveil/reference/grok_build/public/clean-room/layers/anim/inspect.png,added by own find,,768,1168,
/workspace/shadowveil/reference/grok_build/public/clean-room/layers/anim/hip.png,added by own find,,768,1168,
/workspace/shadowveil/reference/grok_build/public/clean-room/layers/anim/tongue.png,added by own find,,768,1168,
/workspace/shadowveil/reference/grok_build/public/clean-room/layers/anim/sit.png,added by own find,,768,1168,
/workspace/shadowveil/reference/grok_build/public/clean-room/layers/anim/kick.png,added by own find,,768,1168,
/workspace/shadowveil/reference/grok_build/public/clean-room/layers/anim/shrug.png,added by own find,,768,1168,
/workspace/shadowveil/reference/grok_build/public/clean-room/layers/anim/walk.png,added by own find,,768,1168,
/workspace/shadowveil/reference/grok_build/public/clean-room/layers/anim/glare.png,added by own find,,768,1168,
/workspace/shadowveil/reference/grok_build/public/clean-room/layers/anim/angry.png,added by own find,,768,1168,
/workspace/shadowveil/reference/grok_build/public/clean-room/layers/anim/strap.png,added by own find,,768,1168,
/workspace/shadowveil/reference/grok_build/public/clean-room/layers/anim/wave.png,added by own find,,768,1168,
/workspace/shadowveil/reference/grok_build/public/clean-room/layers/anim/dodge.png,added by own find,,768,1168,
/workspace/shadowveil/reference/grok_build/public/clean-room/layers/anim/worry.png,added by own find,,768,1168,
/workspace/shadowveil/reference/grok_build/public/clean-room/layers/anim/idle.png,added by own find,,768,1168,
/workspace/shadowveil/reference/grok_build/public/clean-room/layers/anim/squat.png,added by own find,,768,1168,
/workspace/shadowveil/reference/grok_build/public/clean-room/layers/anim/sad.png,added by own find,,768,1168,
/workspace/shadowveil/reference/grok_build/public/clean-room/layers/anim/look.png,added by own find,,768,1168,
/workspace/shadowveil/reference/grok_build/public/clean-room/layers/anim/jump.png,added by own find,,768,1168,
/workspace/shadowveil/reference/grok_build/public/clean-room/layers/anim/stumble.png,added by own find,,848,1056,
/workspace/shadowveil/reference/grok_build/public/clean-room/layers/anim/back.png,added by own find,,768,1168,
/workspace/shadowveil/reference/grok_build/public/clean-room/layers/anim/apose-turn.png,added by own find,,768,1168,
/workspace/shadowveil/reference/grok_build/public/clean-room/layers/anim/startle.png,added by own find,,768,1168,
/workspace/shadowveil/reference/grok_build/public/clean-room/layers/anim/stop.png,added by own find,,768,1168,
/workspace/shadowveil/reference/grok_build/public/clean-room/layers/rotation/turn-180.png,added by own find,,1365,1739,
/workspace/shadowveil/reference/grok_build/public/clean-room/layers/rotation/turn-315.png,added by own find,,1365,1739,
/workspace/shadowveil/reference/grok_build/public/clean-room/layers/rotation/turn-000.png,added by own find,,1365,1739,
/workspace/shadowveil/reference/grok_build/public/clean-room/layers/rotation/turn-270.png,added by own find,,1365,1739,
/workspace/shadowveil/reference/grok_build/public/clean-room/layers/rotation/turn-045.png,added by own find,,1365,1739,
/workspace/shadowveil/reference/grok_build/public/clean-room/layers/rotation/turn-135.png,added by own find,,1365,1739,
/workspace/shadowveil/reference/grok_build/public/clean-room/layers/rotation/turn-090.png,added by own find,,1365,1739,
/workspace/shadowveil/reference/grok_build/public/clean-room/layers/rotation/turn-225.png,added by own find,,1365,1739,
/workspace/shadowveil/reference/grok_build/public/clean-room/sheets/extreme-slide.jpg,added by own find,,1312,781,
/workspace/shadowveil/reference/grok_build/public/clean-room/sheets/extreme-knee.jpg,added by own find,,828,941,
/workspace/shadowveil/reference/grok_build/public/__grok/icon-180.png,added by own find,,180,180,
/workspace/shadowveil/reference/grok_build/public/puppet/head-blink.png,added by own find,,1408,1408,
/workspace/shadowveil/reference/grok_build/public/puppet/rig/reach.png,added by own find,,512,1100,
/workspace/shadowveil/reference/grok_build/public/puppet/rig/front.png,added by own find,,512,1100,
/workspace/shadowveil/reference/grok_build/public/puppet/rig/side.png,added by own find,,512,1100,
/workspace/shadowveil/reference/grok_build/public/puppet/rig/reach-qtr.png,added by own find,,512,1100,
/workspace/shadowveil/reference/grok_build/public/puppet/rig/qtr.png,added by own find,,512,1100,
/workspace/shadowveil/reference/grok_build/public/puppet/rig/hinge-back.png,added by own find,,512,1100,
/workspace/shadowveil/reference/grok_build/public/puppet/rig/qtr-back.png,added by own find,,512,1100,
/workspace/shadowveil/reference/grok_build/public/puppet/rig/shift.png,added by own find,,512,1100,
/workspace/shadowveil/reference/grok_build/public/puppet/rig/hinge.png,added by own find,,512,1100,
/workspace/shadowveil/reference/grok_build/public/puppet/rig/hinge-qtr.png,added by own find,,512,1100,
/workspace/shadowveil/reference/grok_build/public/puppet/rig/wave.png,added by own find,,512,1100,
/workspace/shadowveil/reference/grok_build/public/puppet/rig/hinge-side.png,added by own find,,512,1100,
/workspace/shadowveil/reference/grok_build/public/puppet/rig/reach-side.png,added by own find,,512,1100,
/workspace/shadowveil/reference/grok_build/public/puppet/rig/back.png,added by own find,,512,1100,
/workspace/shadowveil/reference/grok_build/public/puppet/rig/wave-side.png,added by own find,,512,1100,
/workspace/shadowveil/reference/grok_build/public/puppet/rig/crouch.png,added by own find,,512,1100,
/workspace/shadowveil/reference/grok_build/public/puppet/rig/wave-qtr.png,added by own find,,512,1100,
/workspace/shadowveil/reference/grok_build/public/puppet/rig/breath.png,added by own find,,512,1100,
/workspace/shadowveil/reference/grok_build/public/puppet/rig/expr/sorrow.png,added by own find,,512,1100,
/workspace/shadowveil/reference/grok_build/public/puppet/rig/expr/anger.png,added by own find,,512,1100,
/workspace/shadowveil/reference/grok_build/public/puppet/rig/expr/smirk.png,added by own find,,512,1100,
/workspace/shadowveil/reference/grok_build/public/puppet/rig/expr/blink.png,added by own find,,512,1100,
/workspace/shadowveil/reference/grok_build/public/puppet/rig/expr/joy.png,added by own find,,512,1100,
/workspace/shadowveil/reference/grok_build/public/puppet/rig/expr/neutral.png,added by own find,,512,1100,
/workspace/shadowveil/reference/grok_build/public/puppet/rig/expr/soft.png,added by own find,,512,1100,
/workspace/shadowveil/reference/grok_build/public/puppet/rig/expr/focus.png,added by own find,,512,1100,
/workspace/shadowveil/reference/grok_build/public/puppet/rig/expr/shock.png,added by own find,,512,1100,
/workspace/shadowveil/reference/grok_build/public/puppet/parts/upper.png,added by own find,,1152,737,
/workspace/shadowveil/reference/grok_build/public/puppet/parts/torso.png,added by own find,,639,669,
/workspace/shadowveil/reference/grok_build/public/puppet/parts/head.png,added by own find,,352,634,
/workspace/shadowveil/reference/grok_build/public/puppet/parts/lower.png,added by own find,,1152,1015,
/workspace/shadowveil/reference/grok_build/public/puppet/hinge/4.png,added by own find,,576,576,
/workspace/shadowveil/reference/grok_build/public/puppet/hinge/0.png,added by own find,,576,576,
/workspace/shadowveil/reference/grok_build/public/puppet/hinge/3.png,added by own find,,576,576,
/workspace/shadowveil/reference/grok_build/public/puppet/hinge/5.png,added by own find,,576,576,
/workspace/shadowveil/reference/grok_build/public/puppet/hinge/1.png,added by own find,,576,576,
/workspace/shadowveil/reference/grok_build/public/puppet/hinge/2.png,added by own find,,576,576,
/workspace/shadowveil/reference/grok_build/public/puppet/hinge12/9.png,added by own find,,432,384,
/workspace/shadowveil/reference/grok_build/public/puppet/hinge12/8.png,added by own find,,432,384,
/workspace/shadowveil/reference/grok_build/public/puppet/hinge12/10.png,added by own find,,432,384,
/workspace/shadowveil/reference/grok_build/public/puppet/hinge12/11.png,added by own find,,432,384,
/workspace/shadowveil/reference/grok_build/public/puppet/hinge12/7.png,added by own find,,432,384,
/workspace/shadowveil/reference/grok_build/public/puppet/hinge12/4.png,added by own find,,432,384,
/workspace/shadowveil/reference/grok_build/public/puppet/hinge12/0.png,added by own find,,432,384,
/workspace/shadowveil/reference/grok_build/public/puppet/hinge12/3.png,added by own find,,432,384,
/workspace/shadowveil/reference/grok_build/public/puppet/hinge12/5.png,added by own find,,432,384,
/workspace/shadowveil/reference/grok_build/public/puppet/hinge12/1.png,added by own find,,432,384,
/workspace/shadowveil/reference/grok_build/public/puppet/hinge12/2.png,added by own find,,432,384,
/workspace/shadowveil/reference/grok_build/public/puppet/hinge12/6.png,added by own find,,432,384,
